﻿<?xml version="1.0" encoding="utf-8"?>
<Page id="hufex1_l06_d02">
  <p>
    <a href="http://www.langmaster.cz/comcz/French1/l06/d/hufex1_l06_d02.htm">/French1/l06/d/hufex1_l06_d02.htm</a>
    <br />
    <a href="http://www.langmaster.cz/comcz/French1/l06/d/home.htm">
                            cvičení 2</a>
  </p>
  <DragSource />
  <div class="row">
    <div class="col-md-5 ">
      <img src="/schools/eaimgmp3/french1/img/coursebook/lesson06/page54/5_pictures.gif" />
    </div>
    <div class="col-md-7 ">
      <table class="table table-bordered c-table">
        <tr>
          <td class=" middle">
              au Québec<br />Tu veux un chien chaud?<br /><DragTarget id="g240" CorrectValue="un hot dog" /></td>
        </tr>
        <tr>
          <td class=" middle">
              en Belgique et en Suisse<br />… soixante-huit, soixante-neuf, septante<br /><DragTarget id="g338" CorrectValue="soixante-dix" /></td>
        </tr>
        <tr>
          <td class=" middle">
              au Québec<br />Regarde mon nouveau char!<br /><DragTarget id="g436" CorrectValue="ma nouvelle voiture" /></td>
        </tr>
        <tr>
          <td class=" middle">
              au Sénégal<br />Mangez du poulet bicyclette!<br /><DragTarget id="g534" CorrectValue="poulet bio" /></td>
        </tr>
        <tr>
          <td class=" middle">
              en Suisse<br />Il faut poutser la maison!<br /><DragTarget id="g632" CorrectValue="nettoyer" /></td>
        </tr>
      </table>
    </div>
  </div>
  <info title="Le français dans le monde" instrTitle="{{Ahtmltitle}}" instrs="FILLING_IN_FROM_A_LIST" />
</Page>