﻿<?xml version="1.0" encoding="utf-8"?>
<Page id="hufex1_l06_d04">
  <p>
    <a href="http://www.langmaster.cz/comcz/French1/l06/d/hufex1_l06_d04.htm">/French1/l06/d/hufex1_l06_d04.htm</a>
    <br />
    <a href="http://www.langmaster.cz/comcz/French1/l06/d/home.htm">
                            cvičení 4</a>
  </p>
  <div>
    <img src="/schools/eaimgmp3/french1/img/homestudy/lesson06/page124/france_langue.gif" />
  </div>
  <div class="row">
    <div class="col-md-3 ">
      <img src="/schools/eaimgmp3/french1/img/homestudy/lesson06/page125/0275h0095.jpg" />
    </div>
    <div class="col-md-9 ">
      <table class="table table-bordered c-table">
        <tr>
          <td class=" middle">
              Où se trouvent les écoles France Langue?<br /><GapFill id="g200" Width="200" CorrectValue="à Paris et à Nice" InitValue="" /></td>
        </tr>
        <tr>
          <td class=" middle">
              Qu’est-ce qu’on peut faire comme cours?<br /><GapFill id="g298" Width="200" CorrectValue="des cours intensifs et extensifs" InitValue="" /></td>
        </tr>
        <tr>
          <td class=" middle">
              Combien d’étudiants est-ce qu’il y a dans les cours?<br /><GapFill id="g396" Width="200" CorrectValue="entre 12 et 18 étudiants maximum|entre 12 et 18 étudiants" InitValue="" /></td>
        </tr>
        <tr>
          <td class=" middle">
              Quand est-ce que les cours intensifs commencent?<br /><GapFill id="g501" Width="200" CorrectValue="tous les lundis" InitValue="" /></td>
        </tr>
        <tr>
          <td class=" middle">
              Où peut-on habiter pendant le cours?<br /><GapFill id="g599" Width="200" CorrectValue="dans une famille, en résidence ou à l’hôtel" InitValue="" /></td>
        </tr>
        <tr>
          <td class=" middle">
              Où est située l’école de Paris?<br /><GapFill id="g697" Width="200" CorrectValue="près de la place Victor Hugo" InitValue="" /></td>
        </tr>
        <tr>
          <td class=" middle">
              Où est située l’école de Nice?<br /><GapFill id="g795" Width="200" CorrectValue="au centre de la ville|au centre" InitValue="" /></td>
        </tr>
        <tr>
          <td class=" middle">
              Comment peut-on aller à l’école France Langue de Paris?<br /><GapFill id="g900" Width="200" CorrectValue="en bus ou en métro" InitValue="" /></td>
        </tr>
      </table>
    </div>
  </div>
  <info title="Informations importantes" instrTitle="{{Ahtmltitle}}" instrs="FILLING_IN" />
</Page>