﻿<?xml version="1.0" encoding="utf-8"?>
<Page id="hufex1_l08_d03">
  <p>
    <a href="http://www.langmaster.cz/comcz/French1/l08/d/hufex1_l08_d03.htm">/French1/l08/d/hufex1_l08_d03.htm</a>
    <br />
    <a href="http://www.langmaster.cz/comcz/French1/l08/d/home.htm">
                            cvičení 3</a>
  </p>
  <div class="row">
    <div class="col-md-2 ">
      <img src="/schools/eaimgmp3/french1/img/homestudy/lesson08/page138/1633h0003.jpg" />
    </div>
    <div class="col-md-10 ">
      <b>Alsace</b>
      <br />
        Week-end en montgolfière pour survoler la plaine d'Alsace et les grands vignobles.  2 jours avec visite de Strasbourg, balade sur l'Ill et hébergement: 820 euros pour 2 personnes.<br /><b>
          Provence - Alpes - Côte d’Azur
        </b><br />
        Une rando-parapente qui survole les alpages de Saint-Véran et fait le tour des sites du massif.  6 jours:  430 euros.<br /><b>
          Bretagne
        </b><br />
        Le cheval et la mer,  un très beau thème pour cette randonnée  par les plages et des chemins côtiers.  Du 12 juillet au 14 septembre.  7 jours:  455 euros en pension complète.<br /><b>Corse</b><br />
        Randonnée à vélo facile et sans portage  sur 280 kilomètres de calanques,  corniches et bords de mer.  Etapes journalières  de 40 kilomètres environ  à organiser au gré de l'itinéraire.  8 jours  395 euros.  Location de vélo:  60 euros.<br /><b>
          Languedoc - Roussillon
        </b><br />
        Croisières sur le canal du Midi.  D'Agde à Carcassonne.  A partir de 445 euros la semaine  pour un bateau de 2 personnes.<br /><b>Midi - Pyrenées</b><br />
        Au départ d'un petit hôtel de montagne,  des randonnées photographiques sont organisées en étoile.  Un guide de montagne vous accompagne.  1 semaine:  510 euros.<br /></div>
  </div>
  <div>
    <table class="table table-bordered c-table">
      <tr>
        <td class="c-table-default middle" />
        <td class="c-table-default middle">Région</td>
        <td class="c-table-default middle">Activité(s) proposée(s)</td>
        <td class="c-table-default middle">Prix du stage</td>
        <td class="c-table-default middle">Durée du stage</td>
      </tr>
      <tr>
        <td class=" middle">1.</td>
        <td class=" middle">Alsace</td>
        <td class=" middle">voyage en montgolfière</td>
        <td class=" middle">820 euros pour 2 personnes</td>
        <td class=" middle">un week-end</td>
      </tr>
      <tr>
        <td class=" middle">2.</td>
        <td class=" middle">
          <GapFill id="g453" Width="200" CorrectValue="Provence - Alpes - Côte d’Azur|Provence-Alpes-Côte d’Azur" InitValue="" />
        </td>
        <td class=" middle">
          <GapFill id="g455" Width="200" CorrectValue="randonnée parapente" InitValue="" />
        </td>
        <td class=" middle">
          <GapFill id="g457" Width="200" CorrectValue="430" InitValue="" /> euros
          </td>
        <td class=" middle">
          <GapFill id="g459" Width="200" CorrectValue="6 jours|six jours" InitValue="" />
        </td>
      </tr>
      <tr>
        <td class=" middle">3.</td>
        <td class=" middle">
          <GapFill id="g465" Width="200" CorrectValue="Bretagne" InitValue="" />
        </td>
        <td class=" middle">
          <GapFill id="g467" Width="200" CorrectValue="randonnée à cheval" InitValue="" />
        </td>
        <td class=" middle">
          <GapFill id="g469" Width="200" CorrectValue="455" InitValue="" /> euros en pension <GapFill id="g470" Width="200" CorrectValue="complète" InitValue="" /></td>
        <td class=" middle">
          <GapFill id="g472" Width="200" CorrectValue="7 jours|sept jours" InitValue="" />
        </td>
      </tr>
      <tr>
        <td class=" middle">4.</td>
        <td class=" middle">
          <GapFill id="g478" Width="200" CorrectValue="Corse" InitValue="" />
        </td>
        <td class=" middle">
          <GapFill id="g480" Width="200" CorrectValue="randonnée à vélo" InitValue="" />
        </td>
        <td class=" middle">
          <GapFill id="g482" Width="200" CorrectValue="395 euros" InitValue="" />
        </td>
        <td class=" middle">
          <GapFill id="g484" Width="200" CorrectValue="8 jours|huit jours" InitValue="" />
        </td>
      </tr>
      <tr>
        <td class=" middle">5.</td>
        <td class=" middle">
          <GapFill id="g490" Width="200" CorrectValue="Languedoc - Roussillon|Languedoc-Roussillon" InitValue="" />
        </td>
        <td class=" middle">
          <GapFill id="g492" Width="200" CorrectValue="croisière sur le canal du Midi" InitValue="" />
        </td>
        <td class=" middle">
          <GapFill id="g494" Width="200" CorrectValue="445 euros pour 2 personnes" InitValue="" />
        </td>
        <td class=" middle">
          <GapFill id="g496" Width="200" CorrectValue="une semaine|1 semaine" InitValue="" />
        </td>
      </tr>
      <tr>
        <td class=" middle">6.</td>
        <td class=" middle">
          <GapFill id="g502" Width="200" CorrectValue="Midi - Pyrenées|Midi-Pyrenées" InitValue="" />
        </td>
        <td class=" middle">
          <GapFill id="g504" Width="200" CorrectValue="randonnée photographique" InitValue="" />
        </td>
        <td class=" middle">
          <GapFill id="g506" Width="200" CorrectValue="510 euros" InitValue="" />
        </td>
        <td class=" middle">
          <GapFill id="g508" Width="200" CorrectValue="une semaine|1 semaine" InitValue="" />
        </td>
      </tr>
    </table>
  </div>
  <info title="Informations de voyage" instrTitle="{{Ahtmltitle}}" instrs="FILLING_IN" />
</Page>