﻿<?xml version="1.0" encoding="utf-8"?>
<Module title="Chapitre D">
   <Ex id="hufex1_l08_d01"
       title="Origine des Parisiens"
       instr="{{Ahtmltitle}}"
       tech_instr="PAIRING SOUND_PLAYBACK">
      <p>
         <a target="_blank"
            href="http://www.langmaster.cz/comcz/French1/l08/d/hufex1_l08_d01.htm">/French1/l08/d/hufex1_l08_d01.htm</a>
         <br/>
         <a target="_blank"
            href="http://www.langmaster.cz/comcz/French1/l08/d/home.htm">
                            cvičení 1</a>
      </p>
      <div>
         <img src="/schools/eaimgmp3/french1/img/coursebook/lesson08/page74/france_kopie.gif"/>
      </div>
      <div class="row">
         <div class="col-md-1 ">
            <MediaBigMark Url="/schools/eaimgmp3/french1wma/lesson08/hufex1_l08_d01.mp3"
                          Sequence=""/>
         </div>
         <div class="col-md-11 ">
            <Pairing id="E283">
               <PairingItem>Anne<Right>Bretagne</Right>
               </PairingItem>
               <PairingItem>Jacques<Right>Corse</Right>
               </PairingItem>
               <PairingItem>Pierre<Right>Ile de France</Right>
               </PairingItem>
               <PairingItem>Dominique<Right>Alsace</Right>
               </PairingItem>
               <PairingItem>Manuel<Right>Pays Basque</Right>
               </PairingItem>
               <PairingItem>Mireille<Right>Provence</Right>
               </PairingItem>
            </Pairing>
         </div>
      </div>
      <div class="col-md-6">
         <div class="panel panel-info">
            <div class="panel-heading">
               <h3>Attention!</h3>
            </div>
            <div class="panel-body">
               <table class="table c-table">
                  <tr>
                     <td>
                        <b>2,7%</b>
                     </td>
                     <td>
              des Français parlent occitan
            </td>
                  </tr>
                  <tr>
                     <td>
                        <b>2,3%</b>
                     </td>
                     <td>
              parlent alsacien
            </td>
                  </tr>
                  <tr>
                     <td>
                        <b>1%</b>
                     </td>
                     <td>
              parlent breton
            </td>
                  </tr>
                  <tr>
                     <td>
                        <b>0,4%</b>
                     </td>
                     <td>
              parlent catalan
            </td>
                  </tr>
               </table>
               <p>
          {{Ttrans}}:<br/>{{Ttrans1}}.
        </p>
            </div>
         </div>
      </div>
   </Ex>
   <Ex id="hufex1_l08_d02"
       title="On voyage en France."
       instr="{{Ahtmltitle}}"
       tech_instr="SOUND_PLAYBACK">
      <p>
         <a target="_blank"
            href="http://www.langmaster.cz/comcz/French1/l08/d/hufex1_l08_d02.htm">/French1/l08/d/hufex1_l08_d02.htm</a>
         <br/>
         <a target="_blank"
            href="http://www.langmaster.cz/comcz/French1/l08/d/home.htm">
                            cvičení 2</a>
      </p>
      <div>
         <img src="/schools/eaimgmp3/french1/img/coursebook/lesson08/page72/picture72.gif"/>
      </div>
      <div class="row">
         <div class="col-md-12 ">
            <MediaText id="snd0"
                       Url="/schools/eaimgmp3/french1wma/lesson08/hufex1_l08_d02.mp3"
                       Sequence="0">
               <SndSent ReplacePtr="0">
                  <b>Alsace</b>
               </SndSent>
            </MediaText>
            <br/>
            <MediaText id="snd1-5" Sequence="1-5" ContinueOf="snd0"/>
            <br/>
            <MediaText id="snd6" Sequence="6" ContinueOf="snd1-5">
               <SndSent ReplacePtr="6">
                  <b>Provence - Alpes - Côte d’Azur</b>
               </SndSent>
            </MediaText>
            <br/>
            <MediaText id="snd7-11" Sequence="7-11" ContinueOf="snd6"/>
            <br/>
            <MediaText id="snd12" Sequence="12" ContinueOf="snd7-11">
               <SndSent ReplacePtr="12">
                  <b>
              Bretagne
            </b>
               </SndSent>
            </MediaText>
            <br/>
            <MediaText id="snd13-18" Sequence="13-18" ContinueOf="snd12"/>
            <br/>
            <MediaText id="snd19" Sequence="19" ContinueOf="snd13-18">
               <SndSent ReplacePtr="19">
                  <b>Corse</b>
               </SndSent>
            </MediaText>
            <br/>
            <MediaText id="snd20-29" Sequence="20-29" ContinueOf="snd19"/>
            <br/>
            <MediaText id="snd30" Sequence="30" ContinueOf="snd20-29">
               <SndSent ReplacePtr="30">
                  <b>Languedoc - Roussillon</b>
               </SndSent>
            </MediaText>
            <br/>
            <MediaText id="snd31-34" Sequence="31-34" ContinueOf="snd30"/>
            <br/>
            <MediaText id="snd35" Sequence="35" ContinueOf="snd31-34">
               <SndSent ReplacePtr="35">
                  <b>Midi - Pyrenées</b>
               </SndSent>
            </MediaText>
            <br/>
            <MediaText id="snd36-*" Sequence="36-" ContinueOf="snd35"/>
         </div>
      </div>
   </Ex>
   <Ex id="hufex1_l08_d03"
       title="Informations de voyage"
       instr="{{Ahtmltitle}}"
       tech_instr="FILLING_IN">
      <p>
         <a target="_blank"
            href="http://www.langmaster.cz/comcz/French1/l08/d/hufex1_l08_d03.htm">/French1/l08/d/hufex1_l08_d03.htm</a>
         <br/>
         <a target="_blank"
            href="http://www.langmaster.cz/comcz/French1/l08/d/home.htm">
                            cvičení 3</a>
      </p>
      <div class="row">
         <div class="col-md-2 ">
            <img src="/schools/eaimgmp3/french1/img/homestudy/lesson08/page138/1633h0003.jpg"/>
         </div>
         <div class="col-md-10 ">
            <b>Alsace</b>
            <br/>
        Week-end en montgolfière pour survoler la plaine d'Alsace et les grands vignobles.  2 jours avec visite de Strasbourg, balade sur l'Ill et hébergement: 820 euros pour 2 personnes.<br/>
            <b>
          Provence - Alpes - Côte d’Azur
        </b>
            <br/>
        Une rando-parapente qui survole les alpages de Saint-Véran et fait le tour des sites du massif.  6 jours:  430 euros.<br/>
            <b>
          Bretagne
        </b>
            <br/>
        Le cheval et la mer,  un très beau thème pour cette randonnée  par les plages et des chemins côtiers.  Du 12 juillet au 14 septembre.  7 jours:  455 euros en pension complète.<br/>
            <b>Corse</b>
            <br/>
        Randonnée à vélo facile et sans portage  sur 280 kilomètres de calanques,  corniches et bords de mer.  Etapes journalières  de 40 kilomètres environ  à organiser au gré de l'itinéraire.  8 jours  395 euros.  Location de vélo:  60 euros.<br/>
            <b>
          Languedoc - Roussillon
        </b>
            <br/>
        Croisières sur le canal du Midi.  D'Agde à Carcassonne.  A partir de 445 euros la semaine  pour un bateau de 2 personnes.<br/>
            <b>Midi - Pyrenées</b>
            <br/>
        Au départ d'un petit hôtel de montagne,  des randonnées photographiques sont organisées en étoile.  Un guide de montagne vous accompagne.  1 semaine:  510 euros.<br/>
         </div>
      </div>
      <div>
         <table class="table table-bordered c-table">
            <tr>
               <td class="c-table-default middle"/>
               <td class="c-table-default middle">Région</td>
               <td class="c-table-default middle">Activité(s) proposée(s)</td>
               <td class="c-table-default middle">Prix du stage</td>
               <td class="c-table-default middle">Durée du stage</td>
            </tr>
            <tr>
               <td class=" middle">1.</td>
               <td class=" middle">Alsace</td>
               <td class=" middle">voyage en montgolfière</td>
               <td class=" middle">820 euros pour 2 personnes</td>
               <td class=" middle">un week-end</td>
            </tr>
            <tr>
               <td class=" middle">2.</td>
               <td class=" middle">
                  <GapFill id="g453"
                           CorrectValue="Provence - Alpes - Côte d’Azur|Provence-Alpes-Côte d’Azur"
                           Width="200"/>
               </td>
               <td class=" middle">
                  <GapFill id="g455" CorrectValue="randonnée parapente" Width="200"/>
               </td>
               <td class=" middle">
                  <GapFill id="g457" CorrectValue="430" Width="200"/> euros
          </td>
               <td class=" middle">
                  <GapFill id="g459" CorrectValue="6 jours|six jours" Width="200"/>
               </td>
            </tr>
            <tr>
               <td class=" middle">3.</td>
               <td class=" middle">
                  <GapFill id="g465" CorrectValue="Bretagne" Width="200"/>
               </td>
               <td class=" middle">
                  <GapFill id="g467" CorrectValue="randonnée à cheval" Width="200"/>
               </td>
               <td class=" middle">
                  <GapFill id="g469" CorrectValue="455" Width="200"/> euros en pension <GapFill id="g470" CorrectValue="complète" Width="200"/>
               </td>
               <td class=" middle">
                  <GapFill id="g472" CorrectValue="7 jours|sept jours" Width="200"/>
               </td>
            </tr>
            <tr>
               <td class=" middle">4.</td>
               <td class=" middle">
                  <GapFill id="g478" CorrectValue="Corse" Width="200"/>
               </td>
               <td class=" middle">
                  <GapFill id="g480" CorrectValue="randonnée à vélo" Width="200"/>
               </td>
               <td class=" middle">
                  <GapFill id="g482" CorrectValue="395 euros" Width="200"/>
               </td>
               <td class=" middle">
                  <GapFill id="g484" CorrectValue="8 jours|huit jours" Width="200"/>
               </td>
            </tr>
            <tr>
               <td class=" middle">5.</td>
               <td class=" middle">
                  <GapFill id="g490"
                           CorrectValue="Languedoc - Roussillon|Languedoc-Roussillon"
                           Width="200"/>
               </td>
               <td class=" middle">
                  <GapFill id="g492" CorrectValue="croisière sur le canal du Midi" Width="200"/>
               </td>
               <td class=" middle">
                  <GapFill id="g494" CorrectValue="445 euros pour 2 personnes" Width="200"/>
               </td>
               <td class=" middle">
                  <GapFill id="g496" CorrectValue="une semaine|1 semaine" Width="200"/>
               </td>
            </tr>
            <tr>
               <td class=" middle">6.</td>
               <td class=" middle">
                  <GapFill id="g502" CorrectValue="Midi - Pyrenées|Midi-Pyrenées" Width="200"/>
               </td>
               <td class=" middle">
                  <GapFill id="g504" CorrectValue="randonnée photographique" Width="200"/>
               </td>
               <td class=" middle">
                  <GapFill id="g506" CorrectValue="510 euros" Width="200"/>
               </td>
               <td class=" middle">
                  <GapFill id="g508" CorrectValue="une semaine|1 semaine" Width="200"/>
               </td>
            </tr>
         </table>
      </div>
   </Ex>
   <Ex id="hufex1_l08_d05"
       title="Vrai ou faux?"
       instr="{{Ahtmltitle}}"
       tech_instr="MULTIPLE_CHOICE_TWO_STATES SOUND_PLAYBACK">
      <p>
         <a target="_blank"
            href="http://www.langmaster.cz/comcz/French1/l08/d/hufex1_l08_d05.htm">/French1/l08/d/hufex1_l08_d05.htm</a>
         <br/>
         <a target="_blank"
            href="http://www.langmaster.cz/comcz/French1/l08/d/home.htm">
                            cvičení 4</a>
      </p>
      <div>
         <img src="/schools/eaimgmp3/french1/img/homestudy/lesson08/page138/1081h5069.jpg"/>
      </div>
      <div class="row">
         <div class="col-md-1 ">
            <MediaBigMark Url="/schools/eaimgmp3/french1wma/lesson08/hufex1_l08_d02.mp3"
                          Sequence=""/>
         </div>
         <div class="col-md-11 ">
            <CheckItem id="o152" TextId="TrueFalse" CorrectValue="false"/>En Bretagne, la randonnée est dans les montagnes.<br/>
            <CheckItem id="o159" TextId="TrueFalse" CorrectValue="true"/>En Corse, vous faites environ 40 km par jour en vélo.<br/>
            <CheckItem id="o166" TextId="TrueFalse" CorrectValue="false"/>Dans la région Midi-Pyrénées, vous faites du camping.<br/>
            <CheckItem id="o173" TextId="TrueFalse" CorrectValue="true"/>En Alsace, le prix comprend aussi la visite de Strasbourg.<br/>
            <CheckItem id="o180" TextId="TrueFalse" CorrectValue="true"/>En Languedoc-Roussillon, vous pouvez aller d’Agde à Carcassonne en bateau.<br/>
            <CheckItem id="o187" TextId="TrueFalse" CorrectValue="false"/>Dans la région Midi-Pyrénées, un guide de montagne et un photographe viennent avec vous pendant la randonnée.</div>
      </div>
   </Ex>
</Module>
