﻿<?xml version="1.0" encoding="utf-8"?>
<Page id="hufex1_l05_b03">
  <p>
    <a href="http://www.langmaster.cz/comcz/French1/l05/b/hufex1_l05_b03.htm">/French1/l05/b/hufex1_l05_b03.htm</a>
    <br />
    <a href="http://www.langmaster.cz/comcz/French1/l05/b/home.htm">
                            cvičení 4</a>
  </p>
  <div class="row">
    <div class="col-md-1 ">
      <MediaBigMark Url="/schools/eaimgmp3/french1wma/lesson05/hufex1_l05_b03.mp3" Sequence="" IsPassive="false" />
    </div>
    <div class="col-md-11 ">
      <table class="table table-bordered c-table">
        <tr>
          <td class="c-table-default middle">le cadeau</td>
          <td class="c-table-default middle">le prix</td>
        </tr>
        <tr>
          <td class=" middle">un vélo</td>
          <td class=" middle">
              € <GapFill id="g223" Width="200" CorrectValue="198,20" InitValue="" /></td>
        </tr>
        <tr>
          <td class=" middle">un ordinateur</td>
          <td class=" middle">
              € <GapFill id="g227" Width="200" CorrectValue="1100" InitValue="" /></td>
        </tr>
        <tr>
          <td class=" middle">une poupée Barbie</td>
          <td class=" middle">
              € <GapFill id="g231" Width="200" CorrectValue="21,50" InitValue="" /></td>
        </tr>
        <tr>
          <td class=" middle">des rollers</td>
          <td class=" middle">
              € <GapFill id="g235" Width="200" CorrectValue="43,80" InitValue="" /></td>
        </tr>
        <tr>
          <td class=" middle">Total</td>
          <td class=" middle">
              € <GapFill id="g239" Width="200" CorrectValue="1363,50" InitValue="" /></td>
        </tr>
      </table>
    </div>
  </div>
  <div>
    <img src="/schools/eaimgmp3/french1/img/coursebook/lesson05/page41/wunschzettel_nikolaus.gif" />
  </div>
  <div class="col-md-7">
    <div class="panel panel-info">
      <div class="panel-body">
        <table class="table c-table">
          <tr>
            <td>
              <b>70</b> soixante-dix<br /><b>71</b> soixante et onze<br /><b>72</b> soixante-douze
              <br /><b>73</b> soixante-treize<br /><b>74</b> soixante-quatorze
              <br /><b>75</b> soixante-quinze
              <br /><b>76 </b>soixante-seize
              <br /><b>77 </b>soixante-dix-sept
              <br /><b>78</b> soixante-dix-huit
              <br /><b>79</b> soixante-dix-neuf<br /><b>80</b> quatre-vingts<br /><b>81</b> quatre-vingt-un
              <br /><b>82 </b>quatre-vingt-deux
            </td>
            <td>
              <b>90</b> quatre-vingt-dix<br /><b>91</b> quatre-vingt-onze<br /><b>92 </b>quatre-vingt-douze
              <br /><b>100</b> cent<br /><b>101</b> cent un<br /><b>200</b> deux cents
              <br /><b>220</b> deux cent vingt
              <br /><b>600</b> six cents
              <br /><b>800</b> huit cents<br /><b>1000</b> mille<br /><b>2000</b> deux mille
              <br /><b>3333 </b>trois mille trois cent trente-trois<br /><b>1000000 </b>un million
            </td>
          </tr>
          <tr>
            <td colspan="2">
              <b>2345235 </b>deux millions trois cent quarante-cinq mille deux cent trente-cinq
            </td>
          </tr>
        </table>
      </div>
    </div>
  </div>
  <info title="Les nombres" instrTitle="{{Ahtmltitle}}" instrs="FILLING_IN SOUND_PLAYBACK" />
</Page>