﻿<?xml version="1.0" encoding="utf-8"?>
<Page id="hufex1_l05_b04">
  <p>
    <a href="http://www.langmaster.cz/comcz/French1/l05/b/hufex1_l05_b04.htm">/French1/l05/b/hufex1_l05_b04.htm</a>
    <br />
    <a href="http://www.langmaster.cz/comcz/French1/l05/b/home.htm">
                            cvičení 5</a>
  </p>
  <div>
    <img src="/schools/eaimgmp3/french1/img/vocabulary/lesson05/page39/0703h0170.gif" />
  </div>
  <div>
    <table class="table c-table">
      <tr>
        <td class=" middle">
          <div class="panel panel-default c-panel" Width="400-800">
            <div class="panel-heading">75</div>
            <div class="panel-body">
              <SingleChoice id="t165" CorrectValue="0">
                <Data>
                  <string>#soixante-quinze</string>
                  <string>soixante-seize</string>
                  <string>soixante-six</string>
                </Data>
              </SingleChoice>
            </div>
          </div>
        </td>
        <td class=" middle">
          <div class="panel panel-default c-panel" Width="400-800">
            <div class="panel-heading">777</div>
            <div class="panel-body">
              <SingleChoice id="t355" CorrectValue="0">
                <Data>
                  <string>sept cent soixante-sept</string>
                  <string>#sept cent soixante-dix-sept</string>
                  <string>sept cent soixante-seize</string>
                </Data>
              </SingleChoice>
            </div>
          </div>
        </td>
      </tr>
      <tr>
        <td class=" middle">
          <div class="panel panel-default c-panel" Width="400-800">
            <div class="panel-heading">6796</div>
            <div class="panel-body">
              <SingleChoice id="t545" CorrectValue="0">
                <Data>
                  <string>six mille sept cent quatre-vingt-six</string>
                  <string>six mille sept cent quatre-vingt-quinze</string>
                  <string>#six mille sept cent quatre-vingt-seize</string>
                </Data>
              </SingleChoice>
            </div>
          </div>
        </td>
        <td class=" middle">
          <div class="panel panel-default c-panel" Width="400-800">
            <div class="panel-heading">5484</div>
            <div class="panel-body">
              <SingleChoice id="t735" CorrectValue="0">
                <Data>
                  <string>cinq mille trois cent quatre-vingt-quatre</string>
                  <string>cinq mille quatre cent quarante-quatre</string>
                  <string>#cinq mille quatre cent quatre-vingt-quatre</string>
                </Data>
              </SingleChoice>
            </div>
          </div>
        </td>
      </tr>
      <tr>
        <td class=" middle">
          <div class="panel panel-default c-panel" Width="400-800">
            <div class="panel-heading">86</div>
            <div class="panel-body">
              <SingleChoice id="t925" CorrectValue="0">
                <Data>
                  <string>quarante-six</string>
                  <string>#quatre-vingt-six</string>
                  <string>quatre-vingt-cinq</string>
                </Data>
              </SingleChoice>
            </div>
          </div>
        </td>
        <td class=" middle">
          <div class="panel panel-default c-panel" Width="400-800">
            <div class="panel-heading">93</div>
            <div class="panel-body">
              <SingleChoice id="t1115" CorrectValue="0">
                <Data>
                  <string>#quatre-vingt-treize</string>
                  <string>quatre-vingt-douze</string>
                  <string>quatre-vingt-trois</string>
                </Data>
              </SingleChoice>
            </div>
          </div>
        </td>
      </tr>
      <tr>
        <td class=" middle">
          <div class="panel panel-default c-panel" Width="400-800">
            <div class="panel-heading">1195</div>
            <div class="panel-body">
              <SingleChoice id="t1305" CorrectValue="0">
                <Data>
                  <string>un mille cent quatre-vingt-quinze</string>
                  <string>#mille cent quatre-vingt-quinze</string>
                  <string>mille cent quatre-vingt-cinq</string>
                </Data>
              </SingleChoice>
            </div>
          </div>
        </td>
        <td class=" middle" />
      </tr>
    </table>
  </div>
  <info title="A vous maintenant!" instrTitle="{{Ahtmltitle}}" instrs="SINGLE_CHOICE" />
</Page>