﻿<?xml version="1.0" encoding="utf-8"?>
<Page id="hufex1_l05_b05">
  <p>
    <a href="http://www.langmaster.cz/comcz/French1/l05/b/hufex1_l05_b05.htm">/French1/l05/b/hufex1_l05_b05.htm</a>
    <br />
    <a href="http://www.langmaster.cz/comcz/French1/l05/b/home.htm">
                            cvičení 6</a>
  </p>
  <div>
    <table class="table table-bordered c-table">
      <tr>
        <td class=" middle">mille trois cent quatre-vingt-six PF trente-trois</td>
        <td class=" middle">1386 PF 33</td>
      </tr>
      <tr>
        <td class=" middle">deux mille cinq cent soixante-dix-huit RT soixante-quinze</td>
        <td class=" middle">
          <GapFill id="g160" Width="200" CorrectValue="2578 RT 75" InitValue="" />
        </td>
      </tr>
      <tr>
        <td class=" middle">huit mille deux cent quatre-vingt-seize PM quatre-vingt-cinq</td>
        <td class=" middle">
          <GapFill id="g164" Width="200" CorrectValue="8296 PM 85" InitValue="" />
        </td>
      </tr>
      <tr>
        <td class=" middle">six mille six cent soixante-six DM quatre-vingt-treize</td>
        <td class=" middle">
          <GapFill id="g168" Width="200" CorrectValue="6666 DM 93" InitValue="" />
        </td>
      </tr>
      <tr>
        <td class=" middle">quatre mille neuf cent quarante-neuf RF soixante-dix-sept</td>
        <td class=" middle">
          <GapFill id="g172" Width="200" CorrectValue="4949 RF 77" InitValue="" />
        </td>
      </tr>
    </table>
  </div>
  <div>
    <img src="/schools/eaimgmp3/french1/img/vocabulary/lesson05/page42/0199h0092.jpg" />
  </div>
  <info title="Comment s’appellent ces chiffres?" instrTitle="{{Ahtmltitle}}" instrs="FILLING_IN" />
</Page>