﻿<?xml version="1.0" encoding="utf-8"?>
<Module title="Chapitre B">
   <Ex id="hufex1_l05_b01"
       title="Les verbes en «-re»"
       instr="{{Ahtmltitle}}"
       tech_instr="FILLING_IN">
      <p>
         <a target="_blank"
            href="http://www.langmaster.cz/comcz/French1/l05/b/hufex1_l05_b01.htm">/French1/l05/b/hufex1_l05_b01.htm</a>
         <br/>
         <a target="_blank"
            href="http://www.langmaster.cz/comcz/French1/l05/b/home.htm">
                            cvičení 1</a>
      </p>
      <div>
         <table class="table table-bordered c-table">
            <tr>
               <td class=" middle">
            Madame Martin <GapFill id="g157" CorrectValue="fait" Width="200"/> les courses.
          </td>
            </tr>
            <tr>
               <td class=" middle">
            D’abord, elle <GapFill id="g206" CorrectValue="va" Width="200"/> au marché.
          </td>
            </tr>
            <tr>
               <td class=" middle">
            Elle <GapFill id="g255" CorrectValue="prend|achète" Width="200"/> un kilo de bananes et deux courgettes.
          </td>
            </tr>
            <tr>
               <td class=" middle">
            Elle <GapFill id="g306" CorrectValue="prend|achète" Width="200"/> aussi du fromage.
          </td>
            </tr>
            <tr>
               <td class=" middle">
            Aujourd’hui, le vendeur <GapFill id="g357" CorrectValue="a|vend" Width="200"/> du camembert.
          </td>
            </tr>
            <tr>
               <td class=" middle">
            Mais Madame Martin <GapFill id="g408" CorrectValue="préfère" Width="200"/> le roquefort.
          </td>
            </tr>
            <tr>
               <td class=" middle">
            Au bar-tabac, Gérard <GapFill id="g457" CorrectValue="achète|prend" Width="200"/> un paquet de cigarettes et des cartes postales.
          </td>
            </tr>
            <tr>
               <td class=" middle">
            La vendeuse <GapFill id="g508" CorrectValue="a|vend" Width="200"/> aussi des télécartes.
          </td>
            </tr>
            <tr>
               <td class=" middle">
            Elle est désolée, mais elle n’<GapFill id="g559" CorrectValue="a" Width="200"/> plus de timbres.
          </td>
            </tr>
            <tr>
               <td class=" middle">
            On <GapFill id="g608" CorrectValue="prend|achète" Width="200"/> du pain? Regarde, il <GapFill id="g611" CorrectValue="est" Width="200"/> tout frais!
          </td>
            </tr>
         </table>
      </div>
      <div class="row">
         <div class="col-md-8 ">
            <table class="table c-table">
               <tr>
                  <td class=" middle">
                     <img src="/schools/eaimgmp3/french1/img/general/mann_schreiber_frei.gif"/>acheter
            </td>
                  <td class=" middle">
                     <img src="/schools/eaimgmp3/french1/img/general/mann_schreiber_frei.gif"/>préférer
            </td>
               </tr>
               <tr>
                  <td class=" middle">j’achète</td>
                  <td class=" middle">je préfère</td>
               </tr>
               <tr>
                  <td class=" middle">tu achètes</td>
                  <td class=" middle">tu préfères</td>
               </tr>
               <tr>
                  <td class=" middle">il/elle/on achète</td>
                  <td class=" middle">il/elle/on préfère</td>
               </tr>
               <tr>
                  <td class=" middle">nous achetons</td>
                  <td class=" middle">nous préférons</td>
               </tr>
               <tr>
                  <td class=" middle">vous achetez</td>
                  <td class=" middle">vous préférez</td>
               </tr>
               <tr>
                  <td class=" middle">ils/elles achètent</td>
                  <td class=" middle">ils/elles préfèrent</td>
               </tr>
               <tr>
                  <td class=" middle">
                     <img src="/schools/eaimgmp3/french1/img/general/mann_mit_trichter_frei.gif"/>achète = achètes = achètent
            </td>
                  <td class=" middle">
                     <img src="/schools/eaimgmp3/french1/img/general/mann_mit_trichter_frei.gif"/>préfère = préfères = préfèrent
            </td>
               </tr>
            </table>
         </div>
         <div class="col-md-4 ">
            <div class="panel panel-info">
               <div class="panel-body">
                  <p>
            
              {{Ttrans}}
          </p>
               </div>
            </div>
         </div>
      </div>
      <div class="row">
         <div class="col-md-3 ">
            <img src="/schools/eaimgmp3/french1/img/vocabulary/lesson05/page39/2494_7_4e.jpg"/>
         </div>
         <div class="col-md-9 ">
            <table class="table c-table">
               <tr>
                  <td class=" middle">
                     <img src="/schools/eaimgmp3/french1/img/general/mann_schreiber_frei.gif"/>
                     <b>faire</b>
                  </td>
                  <td class=" middle">
                     <img src="/schools/eaimgmp3/french1/img/general/mann_schreiber_frei.gif"/>
                     <b>vendre</b>
                  </td>
               </tr>
               <tr>
                  <td class=" middle">je fais</td>
                  <td class=" middle">je vends</td>
               </tr>
               <tr>
                  <td class=" middle">tu fais</td>
                  <td class=" middle">tu vends</td>
               </tr>
               <tr>
                  <td class=" middle">il/elle/on fait</td>
                  <td class=" middle">il/elle/on vend</td>
               </tr>
               <tr>
                  <td class=" middle">nous faisons</td>
                  <td class=" middle">nous vendons</td>
               </tr>
               <tr>
                  <td class=" middle">vous faites</td>
                  <td class=" middle">vous vendez</td>
               </tr>
               <tr>
                  <td class=" middle">ils/elles font</td>
                  <td class=" middle">ils/elles vendent</td>
               </tr>
               <tr>
                  <td class=" middle">
                     <img src="/schools/eaimgmp3/french1/img/general/mann_mit_trichter_frei.gif"/>fais = fait
            </td>
                  <td class=" middle">
                     <img src="/schools/eaimgmp3/french1/img/general/mann_mit_trichter_frei.gif"/>vends = vend
            </td>
               </tr>
            </table>
         </div>
      </div>
   </Ex>
   <Ex id="hufex1_l05_b02"
       title="Le vendeur et la cliente"
       instr="{{Ahtmltitle}}"
       tech_instr="SENTENCE_SEQUENCING SOUND_PLAYBACK">
      <p>
         <a target="_blank"
            href="http://www.langmaster.cz/comcz/French1/l05/b/hufex1_l05_b02.htm">/French1/l05/b/hufex1_l05_b02.htm</a>
         <br/>
         <a target="_blank"
            href="http://www.langmaster.cz/comcz/French1/l05/b/home.htm">
                            cvičení 2</a>
      </p>
      <div class="row">
         <div class="col-md-4 ">
            <MediaBigMark Url="/schools/eaimgmp3/french1wma/lesson05/hufex1_l05_b02.mp3"
                          Sequence=""/>
            <br/>
            <img src="/schools/eaimgmp3/french1/img/coursebook/lesson05/page40/l05_b02.gif"/>
         </div>
         <div class="col-md-8 ">TODO ručně upravit řazení s elementy zsearch<MacroTable Width="600-800" InlineType="GapFill"><![CDATA[
{8}\la cliente: Voilà, au revoir, Monsieur.
{2}\la cliente: Je voudrais un kilo de tomates, s’il vous plaît.
{7}\le vendeur: Ça fait 6,43 euros.
{3}\le vendeur: Voilà, et avec ça?
{6}\la cliente: Oui, c’est tout.
{1}\le vendeur: Bonjour, Madame! Vous désirez?
{4}\la cliente: Donnez-moi aussi une livre de clémentines et une salade.
{5}\le vendeur: C’est tout?
]]></MacroTable>
         </div>
      </div>
   </Ex>
   <Ex id="hufex1_l05_b06"
       title="Comment faire des achats"
       instr="{{Ahtmltitle}}"
       tech_instr="SOUND_PLAYBACK">
      <p>
         <a target="_blank"
            href="http://www.langmaster.cz/comcz/French1/l05/b/hufex1_l05_b06.htm">/French1/l05/b/hufex1_l05_b06.htm</a>
         <br/>
         <a target="_blank"
            href="http://www.langmaster.cz/comcz/French1/l05/b/home.htm">
                            cvičení 3</a>
      </p>
      <div class="row">
         <div class="col-md-12 ">
            <MediaDialog Url="/schools/eaimgmp3/french1wma/lesson05/hufex1_l05_b02.mp3" id="E65">
               <SndReplica Name="A" Sequence="0-1"/>
               <SndReplica Name="B" Sequence="2-3"/>
               <SndReplica Name="A" Sequence="4-5"/>
               <SndReplica Name="B" Sequence="6-7"/>
               <SndReplica Name="A" Sequence="8"/>
               <SndReplica Name="B" Sequence="9-10"/>
               <SndReplica Name="A" Sequence="11-12"/>
               <SndReplica Name="B" Sequence="13-14"/>
            </MediaDialog>
         </div>
      </div>
   </Ex>
   <Ex id="hufex1_l05_b03"
       title="Les nombres"
       instr="{{Ahtmltitle}}"
       tech_instr="FILLING_IN SOUND_PLAYBACK">
      <p>
         <a target="_blank"
            href="http://www.langmaster.cz/comcz/French1/l05/b/hufex1_l05_b03.htm">/French1/l05/b/hufex1_l05_b03.htm</a>
         <br/>
         <a target="_blank"
            href="http://www.langmaster.cz/comcz/French1/l05/b/home.htm">
                            cvičení 4</a>
      </p>
      <div class="row">
         <div class="col-md-1 ">
            <MediaBigMark Url="/schools/eaimgmp3/french1wma/lesson05/hufex1_l05_b03.mp3"
                          Sequence=""/>
         </div>
         <div class="col-md-11 ">
            <table class="table table-bordered c-table">
               <tr>
                  <td class="c-table-default middle">le cadeau</td>
                  <td class="c-table-default middle">le prix</td>
               </tr>
               <tr>
                  <td class=" middle">un vélo</td>
                  <td class=" middle">
              € <GapFill id="g223" CorrectValue="198,20" Width="200"/>
                  </td>
               </tr>
               <tr>
                  <td class=" middle">un ordinateur</td>
                  <td class=" middle">
              € <GapFill id="g227" CorrectValue="1100" Width="200"/>
                  </td>
               </tr>
               <tr>
                  <td class=" middle">une poupée Barbie</td>
                  <td class=" middle">
              € <GapFill id="g231" CorrectValue="21,50" Width="200"/>
                  </td>
               </tr>
               <tr>
                  <td class=" middle">des rollers</td>
                  <td class=" middle">
              € <GapFill id="g235" CorrectValue="43,80" Width="200"/>
                  </td>
               </tr>
               <tr>
                  <td class=" middle">Total</td>
                  <td class=" middle">
              € <GapFill id="g239" CorrectValue="1363,50" Width="200"/>
                  </td>
               </tr>
            </table>
         </div>
      </div>
      <div>
         <img src="/schools/eaimgmp3/french1/img/coursebook/lesson05/page41/wunschzettel_nikolaus.gif"/>
      </div>
      <div class="col-md-7">
         <div class="panel panel-info">
            <div class="panel-body">
               <table class="table c-table">
                  <tr>
                     <td>
                        <b>70</b> soixante-dix<br/>
                        <b>71</b> soixante et onze<br/>
                        <b>72</b> soixante-douze
              <br/>
                        <b>73</b> soixante-treize<br/>
                        <b>74</b> soixante-quatorze
              <br/>
                        <b>75</b> soixante-quinze
              <br/>
                        <b>76 </b>soixante-seize
              <br/>
                        <b>77 </b>soixante-dix-sept
              <br/>
                        <b>78</b> soixante-dix-huit
              <br/>
                        <b>79</b> soixante-dix-neuf<br/>
                        <b>80</b> quatre-vingts<br/>
                        <b>81</b> quatre-vingt-un
              <br/>
                        <b>82 </b>quatre-vingt-deux
            </td>
                     <td>
                        <b>90</b> quatre-vingt-dix<br/>
                        <b>91</b> quatre-vingt-onze<br/>
                        <b>92 </b>quatre-vingt-douze
              <br/>
                        <b>100</b> cent<br/>
                        <b>101</b> cent un<br/>
                        <b>200</b> deux cents
              <br/>
                        <b>220</b> deux cent vingt
              <br/>
                        <b>600</b> six cents
              <br/>
                        <b>800</b> huit cents<br/>
                        <b>1000</b> mille<br/>
                        <b>2000</b> deux mille
              <br/>
                        <b>3333 </b>trois mille trois cent trente-trois<br/>
                        <b>1000000 </b>un million
            </td>
                  </tr>
                  <tr>
                     <td colspan="2">
                        <b>2345235 </b>deux millions trois cent quarante-cinq mille deux cent trente-cinq
            </td>
                  </tr>
               </table>
            </div>
         </div>
      </div>
   </Ex>
   <Ex id="hufex1_l05_b04"
       title="A vous maintenant!"
       instr="{{Ahtmltitle}}"
       tech_instr="SINGLE_CHOICE">
      <p>
         <a target="_blank"
            href="http://www.langmaster.cz/comcz/French1/l05/b/hufex1_l05_b04.htm">/French1/l05/b/hufex1_l05_b04.htm</a>
         <br/>
         <a target="_blank"
            href="http://www.langmaster.cz/comcz/French1/l05/b/home.htm">
                            cvičení 5</a>
      </p>
      <div>
         <img src="/schools/eaimgmp3/french1/img/vocabulary/lesson05/page39/0703h0170.gif"/>
      </div>
      <div>
         <table class="table c-table">
            <tr>
               <td class=" middle">
                  <div class="panel panel-default c-panel" Width="400-800">
                     <div class="panel-heading">75</div>
                     <div class="panel-body">
                        <SingleChoice id="t165">
                           <Data>
                              <string>#soixante-quinze</string>
                              <string>soixante-seize</string>
                              <string>soixante-six</string>
                           </Data>
                        </SingleChoice>
                     </div>
                  </div>
               </td>
               <td class=" middle">
                  <div class="panel panel-default c-panel" Width="400-800">
                     <div class="panel-heading">777</div>
                     <div class="panel-body">
                        <SingleChoice id="t355">
                           <Data>
                              <string>sept cent soixante-sept</string>
                              <string>#sept cent soixante-dix-sept</string>
                              <string>sept cent soixante-seize</string>
                           </Data>
                        </SingleChoice>
                     </div>
                  </div>
               </td>
            </tr>
            <tr>
               <td class=" middle">
                  <div class="panel panel-default c-panel" Width="400-800">
                     <div class="panel-heading">6796</div>
                     <div class="panel-body">
                        <SingleChoice id="t545">
                           <Data>
                              <string>six mille sept cent quatre-vingt-six</string>
                              <string>six mille sept cent quatre-vingt-quinze</string>
                              <string>#six mille sept cent quatre-vingt-seize</string>
                           </Data>
                        </SingleChoice>
                     </div>
                  </div>
               </td>
               <td class=" middle">
                  <div class="panel panel-default c-panel" Width="400-800">
                     <div class="panel-heading">5484</div>
                     <div class="panel-body">
                        <SingleChoice id="t735">
                           <Data>
                              <string>cinq mille trois cent quatre-vingt-quatre</string>
                              <string>cinq mille quatre cent quarante-quatre</string>
                              <string>#cinq mille quatre cent quatre-vingt-quatre</string>
                           </Data>
                        </SingleChoice>
                     </div>
                  </div>
               </td>
            </tr>
            <tr>
               <td class=" middle">
                  <div class="panel panel-default c-panel" Width="400-800">
                     <div class="panel-heading">86</div>
                     <div class="panel-body">
                        <SingleChoice id="t925">
                           <Data>
                              <string>quarante-six</string>
                              <string>#quatre-vingt-six</string>
                              <string>quatre-vingt-cinq</string>
                           </Data>
                        </SingleChoice>
                     </div>
                  </div>
               </td>
               <td class=" middle">
                  <div class="panel panel-default c-panel" Width="400-800">
                     <div class="panel-heading">93</div>
                     <div class="panel-body">
                        <SingleChoice id="t1115">
                           <Data>
                              <string>#quatre-vingt-treize</string>
                              <string>quatre-vingt-douze</string>
                              <string>quatre-vingt-trois</string>
                           </Data>
                        </SingleChoice>
                     </div>
                  </div>
               </td>
            </tr>
            <tr>
               <td class=" middle">
                  <div class="panel panel-default c-panel" Width="400-800">
                     <div class="panel-heading">1195</div>
                     <div class="panel-body">
                        <SingleChoice id="t1305">
                           <Data>
                              <string>un mille cent quatre-vingt-quinze</string>
                              <string>#mille cent quatre-vingt-quinze</string>
                              <string>mille cent quatre-vingt-cinq</string>
                           </Data>
                        </SingleChoice>
                     </div>
                  </div>
               </td>
               <td class=" middle"/>
            </tr>
         </table>
      </div>
   </Ex>
   <Ex id="hufex1_l05_b05"
       title="Comment s’appellent ces chiffres?"
       instr="{{Ahtmltitle}}"
       tech_instr="FILLING_IN">
      <p>
         <a target="_blank"
            href="http://www.langmaster.cz/comcz/French1/l05/b/hufex1_l05_b05.htm">/French1/l05/b/hufex1_l05_b05.htm</a>
         <br/>
         <a target="_blank"
            href="http://www.langmaster.cz/comcz/French1/l05/b/home.htm">
                            cvičení 6</a>
      </p>
      <div>
         <table class="table table-bordered c-table">
            <tr>
               <td class=" middle">mille trois cent quatre-vingt-six PF trente-trois</td>
               <td class=" middle">1386 PF 33</td>
            </tr>
            <tr>
               <td class=" middle">deux mille cinq cent soixante-dix-huit RT soixante-quinze</td>
               <td class=" middle">
                  <GapFill id="g160" CorrectValue="2578 RT 75" Width="200"/>
               </td>
            </tr>
            <tr>
               <td class=" middle">huit mille deux cent quatre-vingt-seize PM quatre-vingt-cinq</td>
               <td class=" middle">
                  <GapFill id="g164" CorrectValue="8296 PM 85" Width="200"/>
               </td>
            </tr>
            <tr>
               <td class=" middle">six mille six cent soixante-six DM quatre-vingt-treize</td>
               <td class=" middle">
                  <GapFill id="g168" CorrectValue="6666 DM 93" Width="200"/>
               </td>
            </tr>
            <tr>
               <td class=" middle">quatre mille neuf cent quarante-neuf RF soixante-dix-sept</td>
               <td class=" middle">
                  <GapFill id="g172" CorrectValue="4949 RF 77" Width="200"/>
               </td>
            </tr>
         </table>
      </div>
      <div>
         <img src="/schools/eaimgmp3/french1/img/vocabulary/lesson05/page42/0199h0092.jpg"/>
      </div>
   </Ex>
</Module>
