﻿<?xml version="1.0" encoding="utf-8"?>
<Module title="Systems, Unemployment, Immigration">
   <Ex id="ex2"
       title="Catch phrases"
       instr="{{:~CSLocalize(null,'The phrases on the left were used in the previous listening exercises. Arrange the phrases on the right with similar meanings to match them.')}}"
       tech_instr="PAIRING">
      <div>
         <Pairing id="pairing1">
            <PairingItem>to blame<Right>to say somebody is responsible for a bad situation</Right>
            </PairingItem>
            <PairingItem>to make up one’s mind<Right>to decide</Right>
            </PairingItem>
            <PairingItem>to take something seriously<Right>to see something as a real problem</Right>
            </PairingItem>
            <PairingItem>to impoverish someone<Right>to make someone poor</Right>
            </PairingItem>
            <PairingItem>divisive topic<Right>something people will strongly disagree about</Right>
            </PairingItem>
            <PairingItem>to absorb refugees<Right>to make them part of the new society</Right>
            </PairingItem>
            <PairingItem>to look at the proposal<Right>to study a suggestion</Right>
            </PairingItem>
         </Pairing>
      </div>
   </Ex>
   <Ex id="ex3"
       title="Using phrases"
       instr="{{:~CSLocalize(null,'The phrases on the left were used in the previous exercises. Arrange the second halves of the sentences on the right so that they complete the first halves on the left.')}}"
       tech_instr="PAIRING">
      <div>
         <Pairing id="pairing1">
            <PairingItem>
            We shouldn’t simply <b>blame</b>
               <Right>the minister; he thought it was a good idea.</Right>
            </PairingItem>
            <PairingItem>
            I can’t <b>make up my mind</b>
               <Right>whether to give a presentation or not.</Right>
            </PairingItem>
            <PairingItem>
            They're not <b>taking it seriously</b>,
          <Right>they think the problems will just disappear.</Right>
            </PairingItem>
            <PairingItem>
            This new law would only <b>impoverish</b>
               <Right>people who are already quite poor.</Right>
            </PairingItem>
            <PairingItem>
            It will be a very <b>divisive topic</b>;
          <Right>I hope they will agree on something.</Right>
            </PairingItem>
            <PairingItem>
            Better <b>absorption of refugees</b>
               <Right>into our society is the main aim of this project.</Right>
            </PairingItem>
            <PairingItem>
            The delegates <b>looked at the proposal</b>
               <Right>for introducing a visa system.</Right>
            </PairingItem>
         </Pairing>
      </div>
   </Ex>
   <Ex id="ex6"
       title="Don’t be mistaken"
       instr="{{:~CSLocalize(null,'Correct the grammatical errors in each sentence.')}}"
       tech_instr="FILLING_IN">
      <div>
         <table class="table table-bordered c-table">
            <tr>
               <td class="c-table-default middle center">
                  <b>1. </b>
               </td>
               <td class=" middle">
            The <GapFill id="d1e26a"
                           CorrectValue="number of refugees"
                           InitValue="number refugees"
                           Example=""/> in most EU countries is increasing.
          </td>
            </tr>
            <tr>
               <td class="c-table-default middle center">
                  <b>2. </b>
               </td>
               <td class=" middle">
            This issue should be <GapFill id="d1e26s"
                           CorrectValue="on the agenda"
                           InitValue="in the agenda"
                           Example=""/> for the meeting tomorrow.
          </td>
            </tr>
            <tr>
               <td class="c-table-default middle center">
                  <b>3. </b>
               </td>
               <td class=" middle">
            Spain has <GapFill id="d1e26d"
                           CorrectValue="failed to introduce"
                           InitValue="failed introducing"
                           Example=""/> the new immigration law.
          </td>
            </tr>
            <tr>
               <td class="c-table-default middle center">
                  <b>4. </b>
               </td>
               <td class=" middle">
            The unemployment rate has been declining; <GapFill id="d1e26f"
                           CorrectValue="it is now at 5 %."
                           InitValue="it is now on 5 %."
                           Example=""/>
               </td>
            </tr>
            <tr>
               <td class="c-table-default middle center">
                  <b>5. </b>
               </td>
               <td class=" middle">
            The public need to <GapFill id="d1e26g"
                           CorrectValue="be presented with correct facts"
                           InitValue="be presented to correct facts"
                           Example=""/> about this issue.
          </td>
            </tr>
         </table>
      </div>
   </Ex>
   <Ex id="ex7"
       title="Hidden words"
       instr="{{:~CSLocalize(null,'See if you can find the 8 words from this lesson.')}}"
       tech_instr="TEXT_SECTION_SELECTING_ONE_OR_MORE_CORRECT_ANSWERS FILLING_IN">
      <div class="row">
         <div class="col-md-6">
        TODO osmisměrka/křížovka, co s ní? ysearch
    </div>
         <div class="col-md-6">
            <table class="table table-bordered c-table">
               <tr>
                  <td class=" middle">1.  </td>
                  <td class=" middle">
                     <GapFill id="d1e49"
                              CorrectValue="ILLEGAL"
                              InitValue=""
                              Example=""
                              Width="200"/>
                  </td>
               </tr>
               <tr>
                  <td class=" middle">2.  </td>
                  <td class=" middle">
                     <GapFill id="d1e59"
                              CorrectValue="INCREASE"
                              InitValue=""
                              Example=""
                              Width="200"/>
                  </td>
               </tr>
               <tr>
                  <td class=" middle">3.  </td>
                  <td class=" middle">
                     <GapFill id="d1e593"
                              CorrectValue="BLAME"
                              InitValue=""
                              Example=""
                              Width="200"/>
                  </td>
               </tr>
               <tr>
                  <td class=" middle">4.  </td>
                  <td class=" middle">
                     <GapFill id="d1e594"
                              CorrectValue="UNFOUNDED"
                              InitValue=""
                              Example=""
                              Width="200"/>
                  </td>
               </tr>
               <tr>
                  <td class=" middle">5.  </td>
                  <td class=" middle">
                     <GapFill id="d1e595"
                              CorrectValue="ISSUE"
                              InitValue=""
                              Example=""
                              Width="200"/>
                  </td>
               </tr>
               <tr>
                  <td class=" middle">6.  </td>
                  <td class=" middle">
                     <GapFill id="d1e596"
                              CorrectValue="SEEK"
                              InitValue=""
                              Example=""
                              Width="200"/>
                  </td>
               </tr>
               <tr>
                  <td class=" middle">7.  </td>
                  <td class=" middle">
                     <GapFill id="d1e597"
                              CorrectValue="AGENDA"
                              InitValue=""
                              Example=""
                              Width="200"/>
                  </td>
               </tr>
               <tr>
                  <td class=" middle">8.  </td>
                  <td class=" middle">
                     <GapFill id="d1e598"
                              CorrectValue="MEASURE"
                              InitValue=""
                              Example=""
                              Width="200"/>
                  </td>
               </tr>
            </table>
         </div>
      </div>
   </Ex>
</Module>
