﻿<?xml version="1.0" encoding="utf-8"?>
<Page id="hufex1_l04_c01">
  <p>
    <a href="http://www.langmaster.cz/comcz/French1/l04/c/hufex1_l04_c01.htm">/French1/l04/c/hufex1_l04_c01.htm</a>
    <br />
    <a href="http://www.langmaster.cz/comcz/French1/l04/c/home.htm">
                            cvičení 1</a>
  </p>
  <div class="row">
    <div class="col-md-12 ">
      <b>1.</b> Pardon Madame, pour aller au Centre Pompidou? Attendez…
        Tournez à droite, continuez tout droit jusqu’au feu, c’est là!
        <br /><b>2.</b> Pardon Madame, pour aller à l’Hôtel de Ville?
        Continuez tout droit et prenez la deuxième rue à gauche, c’est là!
        <br /><b>3.</b> Pardon Monsieur, pour aller au Jardin des Plantes, s’il vous plaît?
        Continuez tout droit et prenez la rue Picasso!
        <br /><b>4.</b> Pardon Mademoiselle, pour aller aux Invalides? Vous allez jusqu’au feu.
        Là, vous tournez à droite. Après, vous prenez la première rue à gauche et vous continuez tout droit.
        <br /><b>5.</b> Pardon Madame, pour aller à l’Opéra Bastille?
        Vous prenez la première rue à droite. Après, vous tournez à gauche, puis à droite. C’est là!
      </div>
  </div>
  <div>
    <table class="table table-bordered c-table">
      <tr>
        <td>
          <img src="/schools/eaimgmp3/french1/img/homestudy/lesson04/page109/13_d.gif" />
        </td>
        <td>
          <img src="/schools/eaimgmp3/french1/img/homestudy/lesson04/page109/13_a.gif" />
        </td>
        <td>
          <img src="/schools/eaimgmp3/french1/img/homestudy/lesson04/page109/13_c.gif" />
        </td>
        <td>
          <img src="/schools/eaimgmp3/french1/img/homestudy/lesson04/page109/13_e.gif" />
        </td>
        <td>
          <img src="/schools/eaimgmp3/french1/img/homestudy/lesson04/page109/13_b.gif" />
        </td>
      </tr>
      <tr>
        <td>
          <GapFill id="gf01" CorrectValue="4" InitValue="" />
        </td>
        <td>
          <GapFill id="gf02" CorrectValue="1" InitValue="" />
        </td>
        <td>
          <GapFill id="gf03" CorrectValue="3" InitValue="" />
        </td>
        <td>
          <GapFill id="gf04" CorrectValue="5" InitValue="" />
        </td>
        <td>
          <GapFill id="gf05" CorrectValue="2" InitValue="" />
        </td>
      </tr>
    </table>
  </div>
  <info title="C’est là!" instrTitle="{{Ahtmltitle}}" instrs="FILLING_IN" />
</Page>