﻿<?xml version="1.0" encoding="utf-8"?>
<Page id="hufex1_l04_c04">
  <p>
    <a href="http://www.langmaster.cz/comcz/French1/l04/c/hufex1_l04_c04.htm">/French1/l04/c/hufex1_l04_c04.htm</a>
    <br />
    <a href="http://www.langmaster.cz/comcz/French1/l04/c/home.htm">
                            cvičení 4</a>
  </p>
  <div class="row">
    <div class="col-md-2 ">
      <img src="/schools/eaimgmp3/french1/img/vocabulary/lesson04/page32/elefant.gif" />
    </div>
    <div class="col-md-10 ">
      <table>
        <tr>
          <td class=" middle">oui<br /><GapFill id="g200" Width="200" CorrectValue="non" InitValue="" /></td>
          <td class=" middle">noir<br /><GapFill id="g298" Width="200" CorrectValue="blanc" InitValue="" /></td>
        </tr>
        <tr>
          <td class=" middle">optimiste<br /><GapFill id="g396" Width="200" CorrectValue="pessimiste" InitValue="" /></td>
          <td class=" middle">sur<br /><GapFill id="g494" Width="200" CorrectValue="sous" InitValue="" /></td>
        </tr>
        <tr>
          <td class=" middle">détester<br /><GapFill id="g592" Width="200" CorrectValue="adorer" InitValue="" /></td>
          <td class=" middle">à droite<br /><GapFill id="g690" Width="200" CorrectValue="à gauche" InitValue="" /></td>
        </tr>
        <tr>
          <td class=" middle">je sais<br /><GapFill id="g788" Width="200" CorrectValue="je ne sais pas" InitValue="" /></td>
          <td class=" middle" />
        </tr>
      </table>
    </div>
  </div>
  <info title="Oppositions" instrTitle="{{Ahtmltitle}}" instrs="FILLING_IN" />
</Page>