﻿<?xml version="1.0" encoding="utf-8"?>
<Page id="hufex1_l04_c06">
  <p>
    <a href="http://www.langmaster.cz/comcz/French1/l04/c/hufex1_l04_c06.htm">/French1/l04/c/hufex1_l04_c06.htm</a>
    <br />
    <a href="http://www.langmaster.cz/comcz/French1/l04/c/home.htm">
                            cvičení 6</a>
  </p>
  <div>
    <img src="/schools/eaimgmp3/french1/img/coursebook/lesson04/page34/znacky.gif" />
  </div>
  <div>
    <table>
      <tr>
        <td class=" middle">
          <GapFill id="g156" Width="200" CorrectValue="8" InitValue="" />
        </td>
        <td class=" middle">
            {{Ttrans}}
          </td>
      </tr>
      <tr>
        <td class=" middle">
          <GapFill id="g160" Width="200" CorrectValue="6" InitValue="" />
        </td>
        <td class=" middle">
            {{Ttrans1}}
          </td>
      </tr>
      <tr>
        <td class=" middle">
          <GapFill id="g164" Width="200" CorrectValue="9" InitValue="" />
        </td>
        <td class=" middle">
            {{Ttrans2}}
          </td>
      </tr>
      <tr>
        <td class=" middle">
          <GapFill id="g168" Width="200" CorrectValue="2" InitValue="" />
        </td>
        <td class=" middle">
            {{Ttrans3}}
          </td>
      </tr>
      <tr>
        <td class=" middle">
          <GapFill id="g172" Width="200" CorrectValue="7" InitValue="" />
        </td>
        <td class=" middle">
            {{Ttrans4}}
          </td>
      </tr>
      <tr>
        <td class=" middle">
          <GapFill id="g176" Width="200" CorrectValue="1" InitValue="" />
        </td>
        <td class=" middle">
            {{Ttrans5}}
          </td>
      </tr>
      <tr>
        <td class=" middle">
          <GapFill id="g180" Width="200" CorrectValue="3" InitValue="" />
        </td>
        <td class=" middle">
            {{Ttrans6}}
          </td>
      </tr>
      <tr>
        <td class=" middle">
          <GapFill id="g184" Width="200" CorrectValue="5" InitValue="" />
        </td>
        <td class=" middle">
            {{Ttrans7}}
          </td>
      </tr>
      <tr>
        <td class=" middle">
          <GapFill id="g188" Width="200" CorrectValue="10" InitValue="" />
        </td>
        <td class=" middle">
            {{Ttrans8}}
          </td>
      </tr>
      <tr>
        <td class=" middle">
          <GapFill id="g192" Width="200" CorrectValue="4" InitValue="" />
        </td>
        <td class=" middle">
            {{Ttrans9}}
          </td>
      </tr>
    </table>
  </div>
  <info title="Signalisation routière française" instrTitle="{{Ahtmltitle}}" instrs="FILLING_IN" />
</Page>