﻿<?xml version="1.0" encoding="utf-8"?>
<Module title="Chapitre C">
   <Ex id="hufex1_l04_c01"
       title="C’est là!"
       instr="{{Ahtmltitle}}"
       tech_instr="FILLING_IN">
      <p>
         <a target="_blank"
            href="http://www.langmaster.cz/comcz/French1/l04/c/hufex1_l04_c01.htm">/French1/l04/c/hufex1_l04_c01.htm</a>
         <br/>
         <a target="_blank"
            href="http://www.langmaster.cz/comcz/French1/l04/c/home.htm">
                            cvičení 1</a>
      </p>
      <div class="row">
         <div class="col-md-12 ">
            <b>1.</b> Pardon Madame, pour aller au Centre Pompidou? Attendez…
        Tournez à droite, continuez tout droit jusqu’au feu, c’est là!
        <br/>
            <b>2.</b> Pardon Madame, pour aller à l’Hôtel de Ville?
        Continuez tout droit et prenez la deuxième rue à gauche, c’est là!
        <br/>
            <b>3.</b> Pardon Monsieur, pour aller au Jardin des Plantes, s’il vous plaît?
        Continuez tout droit et prenez la rue Picasso!
        <br/>
            <b>4.</b> Pardon Mademoiselle, pour aller aux Invalides? Vous allez jusqu’au feu.
        Là, vous tournez à droite. Après, vous prenez la première rue à gauche et vous continuez tout droit.
        <br/>
            <b>5.</b> Pardon Madame, pour aller à l’Opéra Bastille?
        Vous prenez la première rue à droite. Après, vous tournez à gauche, puis à droite. C’est là!
      </div>
      </div>
      <div>
         <table class="table table-bordered c-table">
            <tr>
               <td>
                  <img src="/schools/eaimgmp3/french1/img/homestudy/lesson04/page109/13_d.gif"/>
               </td>
               <td>
                  <img src="/schools/eaimgmp3/french1/img/homestudy/lesson04/page109/13_a.gif"/>
               </td>
               <td>
                  <img src="/schools/eaimgmp3/french1/img/homestudy/lesson04/page109/13_c.gif"/>
               </td>
               <td>
                  <img src="/schools/eaimgmp3/french1/img/homestudy/lesson04/page109/13_e.gif"/>
               </td>
               <td>
                  <img src="/schools/eaimgmp3/french1/img/homestudy/lesson04/page109/13_b.gif"/>
               </td>
            </tr>
            <tr>
               <td>
                  <GapFill id="gf01" CorrectValue="4"/>
               </td>
               <td>
                  <GapFill id="gf02" CorrectValue="1"/>
               </td>
               <td>
                  <GapFill id="gf03" CorrectValue="3"/>
               </td>
               <td>
                  <GapFill id="gf04" CorrectValue="5"/>
               </td>
               <td>
                  <GapFill id="gf05" CorrectValue="2"/>
               </td>
            </tr>
         </table>
      </div>
   </Ex>
   <Ex id="hufex1_l04_c02"
       title="Formation des phrases"
       instr="{{Ahtmltitle}}"
       tech_instr="FILLING_IN">
      <p>
         <a target="_blank"
            href="http://www.langmaster.cz/comcz/French1/l04/c/hufex1_l04_c02.htm">/French1/l04/c/hufex1_l04_c02.htm</a>
         <br/>
         <a target="_blank"
            href="http://www.langmaster.cz/comcz/French1/l04/c/home.htm">
                            cvičení 2</a>
      </p>
      <div class="row">
         <div class="col-md-2 ">
            <img src="/schools/eaimgmp3/french1/img/homestudy/lesson04/page112/1757h0007.jpg"/>
         </div>
         <div class="col-md-10 ">
            <table class="table c-table">
               <tr>
                  <td class=" middle">1. Il y a une expo-photo</td>
                  <td class=" middle"/>
                  <td class=" middle">université.</td>
               </tr>
               <tr>
                  <td class=" middle">2. Nous avons rendez-vous</td>
                  <td class=" middle">au</td>
                  <td class=" middle">opéra.</td>
               </tr>
               <tr>
                  <td class=" middle">3. Les boutiques de mode sont</td>
                  <td class=" middle">à la</td>
                  <td class=" middle">salon de thé.</td>
               </tr>
               <tr>
                  <td class=" middle">4. Elle apprend le français</td>
                  <td class=" middle">à l’</td>
                  <td class=" middle">Galeries Lafayette.</td>
               </tr>
               <tr>
                  <td class=" middle">5. Je vais</td>
                  <td class=" middle">aux</td>
                  <td class=" middle">centre Pompidou.</td>
               </tr>
               <tr>
                  <td class=" middle">6. Vous aimez aller</td>
                  <td class=" middle"/>
                  <td class=" middle">banque.</td>
               </tr>
            </table>
         </div>
      </div>
      <div>
         <table class="table c-table">
            <tr>
               <td>
                  <b>
              {{Ttrans}}
            </b>
                  <br/>
            1.<br/>
                  <GapFill id="g199"
                           CorrectValue="Il y a une expo-photo au Centre Pompidou."
                           InitValue="Il y a une expo-photo au Centre Pompidou."
                           Example="true"/>
               </td>
            </tr>
         </table>
      </div>
      <div>
         <table class="table table-bordered c-table">
            <tr>
               <td class=" middle">
            2.<br/>
                  <GapFill id="g297"
                           CorrectValue="Nous avons rendez-vous au salon de thé."
                           Width="200"/>
               </td>
            </tr>
            <tr>
               <td class=" middle">
            3.<br/>
                  <GapFill id="g395"
                           CorrectValue="Les boutiques de mode sont aux Galeries Lafayette."
                           Width="200"/>
               </td>
            </tr>
            <tr>
               <td class=" middle">
            4.<br/>
                  <GapFill id="g493"
                           CorrectValue="Elle apprend le français à l’université."
                           Width="200"/>
               </td>
            </tr>
            <tr>
               <td class=" middle">
            5.<br/>
                  <GapFill id="g591" CorrectValue="Je vais à la banque." Width="200"/>
               </td>
            </tr>
            <tr>
               <td class=" middle">
            6.<br/>
                  <GapFill id="g689" CorrectValue="Vous aimez aller à l’opéra." Width="200"/>
               </td>
            </tr>
         </table>
      </div>
   </Ex>
   <Ex id="hufex1_l04_c03"
       title="Une photo de famille"
       instr="{{Ahtmltitle}}"
       tech_instr="SINGLE_CHOICE">
      <p>
         <a target="_blank"
            href="http://www.langmaster.cz/comcz/French1/l04/c/hufex1_l04_c03.htm">/French1/l04/c/hufex1_l04_c03.htm</a>
         <br/>
         <a target="_blank"
            href="http://www.langmaster.cz/comcz/French1/l04/c/home.htm">
                            cvičení 3</a>
      </p>
      <div class="row">
         <div class="col-md-5 ">
            <img src="/schools/eaimgmp3/french1/img/vocabulary/lesson04/page31/familie.gif"/>
         </div>
         <div class="col-md-7 ">
            <p>
          Nicole est derrière, à droite.<br/>
          Alexandre est à côté de Nicole.<br/>
          Toto est entre Julie et Alexandre.<br/>
          Devant Toto, c’est Valérie.<br/>
          Reiner est devant Nicole et à côté de Valérie.<br/>
          Pipo, le chat, n’est pas là. Il cherche la souris.
        </p>
         </div>
      </div>
      <div>
         <table class="table table-bordered c-table">
            <tr>
               <td>
                  <div class="panel panel-default c-panel" Width="400-800">
                     <div class="panel-heading">Où est Gérard?</div>
                     <div class="panel-body">
                        <SingleChoice id="t108">
                           <Data>
                              <string>#à gauche, devant Julie</string>
                              <string>devant Valérie</string>
                              <string>entre Nicole et Toto</string>
                           </Data>
                        </SingleChoice>
                     </div>
                  </div>
               </td>
            </tr>
         </table>
      </div>
   </Ex>
   <Ex id="hufex1_l04_c04"
       title="Oppositions"
       instr="{{Ahtmltitle}}"
       tech_instr="FILLING_IN">
      <p>
         <a target="_blank"
            href="http://www.langmaster.cz/comcz/French1/l04/c/hufex1_l04_c04.htm">/French1/l04/c/hufex1_l04_c04.htm</a>
         <br/>
         <a target="_blank"
            href="http://www.langmaster.cz/comcz/French1/l04/c/home.htm">
                            cvičení 4</a>
      </p>
      <div class="row">
         <div class="col-md-2 ">
            <img src="/schools/eaimgmp3/french1/img/vocabulary/lesson04/page32/elefant.gif"/>
         </div>
         <div class="col-md-10 ">
            <table class="table c-table">
               <tr>
                  <td class=" middle">oui<br/>
                     <GapFill id="g200" CorrectValue="non" Width="200"/>
                  </td>
                  <td class=" middle">noir<br/>
                     <GapFill id="g298" CorrectValue="blanc" Width="200"/>
                  </td>
               </tr>
               <tr>
                  <td class=" middle">optimiste<br/>
                     <GapFill id="g396" CorrectValue="pessimiste" Width="200"/>
                  </td>
                  <td class=" middle">sur<br/>
                     <GapFill id="g494" CorrectValue="sous" Width="200"/>
                  </td>
               </tr>
               <tr>
                  <td class=" middle">détester<br/>
                     <GapFill id="g592" CorrectValue="adorer" Width="200"/>
                  </td>
                  <td class=" middle">à droite<br/>
                     <GapFill id="g690" CorrectValue="à gauche" Width="200"/>
                  </td>
               </tr>
               <tr>
                  <td class=" middle">je sais<br/>
                     <GapFill id="g788" CorrectValue="je ne sais pas" Width="200"/>
                  </td>
                  <td class=" middle"/>
               </tr>
            </table>
         </div>
      </div>
   </Ex>
   <Ex id="hufex1_l04_c05"
       title="C’est à vous!"
       instr="{{Ahtmltitle}}"
       tech_instr="FILLING_IN">
      <p>
         <a target="_blank"
            href="http://www.langmaster.cz/comcz/French1/l04/c/hufex1_l04_c05.htm">/French1/l04/c/hufex1_l04_c05.htm</a>
         <br/>
         <a target="_blank"
            href="http://www.langmaster.cz/comcz/French1/l04/c/home.htm">
                            cvičení 5</a>
      </p>
      <div class="row">
         <div class="col-md-2 ">
            <img src="/schools/eaimgmp3/french1/img/coursebook/lesson04/page28/olympus_32_015.jpg"/>
         </div>
         <div class="col-md-10 ">
            <table class="table table-bordered c-table">
               <tr>
                  <td class=" middle">
              {{Ttrans}}
              <br/>
                     <GapFill id="g202"
                              CorrectValue="Corinne va toujours tout droit."
                              Width="200"/>
                  </td>
               </tr>
               <tr>
                  <td class=" middle">
              {{Ttrans1}}
              <br/>
                     <GapFill id="g302" CorrectValue="Là tournez à gauche." Width="200"/>
                  </td>
               </tr>
               <tr>
                  <td class=" middle">
              {{Ttrans2}}
              <br/>
                     <GapFill id="g402"
                              CorrectValue="Le Musée Picasso se trouve à droite."
                              Width="200"/>
                  </td>
               </tr>
               <tr>
                  <td class=" middle">
              {{Ttrans3}}
              <br/>
                     <GapFill id="g502" CorrectValue="Allez tout droit jusqu’au feu." Width="200"/>
                  </td>
               </tr>
               <tr>
                  <td class=" middle">
              {{Ttrans4}}
              <br/>
                     <GapFill id="g602"
                              CorrectValue="Après prenez la deuxième rue à gauche."
                              Width="200"/>
                  </td>
               </tr>
               <tr>
                  <td class=" middle">
              {{Ttrans5}}
              <br/>
                     <GapFill id="g702" CorrectValue="Pour aller à la gare?" Width="200"/>
                  </td>
               </tr>
               <tr>
                  <td class=" middle">
              {{Ttrans6}}
              <br/>
                     <GapFill id="g802" CorrectValue="Vous prenez la rue Thorigny." Width="200"/>
                  </td>
               </tr>
            </table>
         </div>
      </div>
   </Ex>
   <Ex id="hufex1_l04_c06"
       title="Signalisation routière française"
       instr="{{Ahtmltitle}}"
       tech_instr="FILLING_IN">
      <p>
         <a target="_blank"
            href="http://www.langmaster.cz/comcz/French1/l04/c/hufex1_l04_c06.htm">/French1/l04/c/hufex1_l04_c06.htm</a>
         <br/>
         <a target="_blank"
            href="http://www.langmaster.cz/comcz/French1/l04/c/home.htm">
                            cvičení 6</a>
      </p>
      <div>
         <img src="/schools/eaimgmp3/french1/img/coursebook/lesson04/page34/znacky.gif"/>
      </div>
      <div>
         <table class="table c-table">
            <tr>
               <td class=" middle">
                  <GapFill id="g156" CorrectValue="8" Width="200"/>
               </td>
               <td class=" middle">
            {{Ttrans}}
          </td>
            </tr>
            <tr>
               <td class=" middle">
                  <GapFill id="g160" CorrectValue="6" Width="200"/>
               </td>
               <td class=" middle">
            {{Ttrans1}}
          </td>
            </tr>
            <tr>
               <td class=" middle">
                  <GapFill id="g164" CorrectValue="9" Width="200"/>
               </td>
               <td class=" middle">
            {{Ttrans2}}
          </td>
            </tr>
            <tr>
               <td class=" middle">
                  <GapFill id="g168" CorrectValue="2" Width="200"/>
               </td>
               <td class=" middle">
            {{Ttrans3}}
          </td>
            </tr>
            <tr>
               <td class=" middle">
                  <GapFill id="g172" CorrectValue="7" Width="200"/>
               </td>
               <td class=" middle">
            {{Ttrans4}}
          </td>
            </tr>
            <tr>
               <td class=" middle">
                  <GapFill id="g176" CorrectValue="1" Width="200"/>
               </td>
               <td class=" middle">
            {{Ttrans5}}
          </td>
            </tr>
            <tr>
               <td class=" middle">
                  <GapFill id="g180" CorrectValue="3" Width="200"/>
               </td>
               <td class=" middle">
            {{Ttrans6}}
          </td>
            </tr>
            <tr>
               <td class=" middle">
                  <GapFill id="g184" CorrectValue="5" Width="200"/>
               </td>
               <td class=" middle">
            {{Ttrans7}}
          </td>
            </tr>
            <tr>
               <td class=" middle">
                  <GapFill id="g188" CorrectValue="10" Width="200"/>
               </td>
               <td class=" middle">
            {{Ttrans8}}
          </td>
            </tr>
            <tr>
               <td class=" middle">
                  <GapFill id="g192" CorrectValue="4" Width="200"/>
               </td>
               <td class=" middle">
            {{Ttrans9}}
          </td>
            </tr>
         </table>
      </div>
   </Ex>
</Module>
