﻿<?xml version="1.0" encoding="utf-8"?>
<Module title="Information Technology in the EU">
   <Ex id="ex0"
       title="Dialogue at Dinner"
       instr="{{:~CSLocalize(null,'Listen carefully to the recording and number the parts of the dialogue as you hear them.')}}"
       tech_instr="FILLING_IN SOUND_PLAYBACK">
      <div class="row">
         <div class="col-md-1">
            <img src="/jslib/ea/img/sdmarkbig.gif" alt="Play"/>
        TODO Sound
        <!--~/EuroEnglishWma/Chapter12/dialogue.wma-->
        TODO Sound
        </div>
         <div class="col-md-11">
            <table class="table table-bordered c-table">
               <tr>
                  <td class=" middle">
                     <GapFill id="d1e49713" CorrectValue="14" InitValue="" Example=""/>
                  </td>
                  <td class=" middle">Anthony</td>
                  <td class=" middle">There must be a number of different content providers.</td>
               </tr>
               <tr>
                  <td class=" middle">
                     <GapFill id="d1e49714" CorrectValue="15" InitValue="" Example=""/>
                  </td>
                  <td class=" middle">Peter</td>
                  <td class=" middle">Yes. Currently around 30 content providers publish on this site; more than 130,000 visitors visit the site per month. The various topics and policy areas are arranged thematically to facilitate a comprehensive overview of European Union activities…. Look, our food’s coming!</td>
               </tr>
               <tr>
                  <td class=" middle">
                     <GapFill id="d1e49715" CorrectValue="16" InitValue="" Example=""/>
                  </td>
                  <td class=" middle">Anthony</td>
                  <td class=" middle">Oh, yes, let’s talk a bit more later. </td>
               </tr>
               <tr>
                  <td class=" middle">
                     <GapFill id="d1e4973" CorrectValue="4" InitValue="" Example=""/>
                  </td>
                  <td class=" middle">Anthony</td>
                  <td class=" middle">So, Peter, let’s get down to business, before they bring the food. I would like to hear some basic information about the conference on eGovernment applications that you went to in 2001. It was in Brussels, right? </td>
               </tr>
               <tr>
                  <td class=" middle">
                     <GapFill id="d1e4975" CorrectValue="6" InitValue="" Example=""/>
                  </td>
                  <td class=" middle">Anthony</td>
                  <td class=" middle">Ok, I understand the overall concept. What about some specific examples?</td>
               </tr>
               <tr>
                  <td class=" middle">
                     <GapFill id="d1e497" CorrectValue="1" InitValue="" Example=""/>
                  </td>
                  <td class=" middle">Waitress</td>
                  <td class=" middle">So, what can I get you?</td>
               </tr>
               <tr>
                  <td class=" middle">
                     <GapFill id="d1e4978" CorrectValue="9" InitValue="" Example=""/>
                  </td>
                  <td class=" middle">Peter</td>
                  <td class=" middle">Well, basically, it’s the best source of resources for the digital-content industry. It’s essential reading for mid- to senior-level executives. It’s got product and company profiles, regular columns analysing the latest industry trends and so on. </td>
               </tr>
               <tr>
                  <td class=" middle">
                     <GapFill id="d1e4976" CorrectValue="7" InitValue="" Example=""/>
                  </td>
                  <td class=" middle">Peter</td>
                  <td class=" middle">There are many! For example, the EContent magazine. Have you heard of it?</td>
               </tr>
               <tr>
                  <td class=" middle">
                     <GapFill id="d1e4971" CorrectValue="2" InitValue="" Example=""/>
                  </td>
                  <td class=" middle">Peter</td>
                  <td class=" middle">We’ll have one seafood pizza and a tuna salad, please, and two mineral waters.</td>
               </tr>
               <tr>
                  <td class=" middle">
                     <GapFill id="d1e4979" CorrectValue="10" InitValue="" Example=""/>
                  </td>
                  <td class=" middle">Anthony</td>
                  <td class=" middle">Perhaps I should have a read myself - it sounds good.</td>
               </tr>
               <tr>
                  <td class=" middle">
                     <GapFill id="d1e4977" CorrectValue="8" InitValue="" Example=""/>
                  </td>
                  <td class=" middle">Anthony</td>
                  <td class=" middle">No, I haven’t... </td>
               </tr>
               <tr>
                  <td class=" middle">
                     <GapFill id="d1e4972" CorrectValue="3" InitValue="" Example=""/>
                  </td>
                  <td class=" middle">Waitress</td>
                  <td class=" middle">Ok. </td>
               </tr>
               <tr>
                  <td class=" middle">
                     <GapFill id="d1e49711" CorrectValue="12" InitValue="" Example=""/>
                  </td>
                  <td class=" middle">Anthony</td>
                  <td class=" middle">Oh, I think I’ve come across it before.</td>
               </tr>
               <tr>
                  <td class=" middle">
                     <GapFill id="d1e4974" CorrectValue="5" InitValue="" Example=""/>
                  </td>
                  <td class=" middle">Peter</td>
                  <td class=" middle">	Yeah, that’s right. It was all about showing how citizens and businesses can reap concrete benefits from on-line public services. That’s the role of eGovernment: to bring administrations closer to citizens and businesses. The idea is for people to be on-line, not in line. </td>
               </tr>
               <tr>
                  <td class=" middle">
                     <GapFill id="d1e49710" CorrectValue="11" InitValue="" Example=""/>
                  </td>
                  <td class=" middle">Peter</td>
                  <td class=" middle">Yeah, it is! And, as we’re talking about information sources, perhaps I should mention the DG Information Society and their website.</td>
               </tr>
               <tr>
                  <td class=" middle">
                     <GapFill id="d1e49712" CorrectValue="13" InitValue="" Example=""/>
                  </td>
                  <td class=" middle">Peter</td>
                  <td class=" middle">	Yeah, it’s a huge website. It contains loads of thematic information produced by the European Commission and other European Union institutions. </td>
               </tr>
            </table>
         </div>
      </div>
   </Ex>
   <Ex id="ex1"
       title="Useful Phrases"
       instr="{{:~CSLocalize(null,'Listen to the dialogue and answer the questions.')}}"
       tech_instr="FILLING_IN SOUND_PLAYBACK">
      <div>
         <table class="table table-bordered c-table">
            <tr>
               <td class="c-table-default middle center">
                  <b>1. </b>
               </td>
               <td class=" middle">
                  <img src="/jslib/ea/img/sdmarkbig.gif" alt="Play"/>
               </td>
               <td class="c-table-default middle center">
                  <b>1. </b>
               </td>
               <td class=" middle">
                  <p>Fill in an expression from the dialogue that means ‘services people can use through the Internet’.</p>
                  <p>
                     <GapFill id="d1e34"
                              CorrectValue="on-line services|online public services"
                              InitValue=""
                              Example=""/>
                  </p>
               </td>
            </tr>
            <tr>
               <td class="c-table-default middle center">
                  <b>2. </b>
               </td>
               <td class=" middle">
                  <img src="/jslib/ea/img/sdmarkbig.gif" alt="Play"/>
               </td>
               <td class="c-table-default middle center">
                  <b>2. </b>
               </td>
               <td class=" middle">
                  <p>Fill in an expression from the dialogue that means ‘all companies specialising in IT’</p>
                  <p>
                     <GapFill id="d1e50"
                              CorrectValue="digital-content industry"
                              InitValue=""
                              Example=""/>
                  </p>
                  <p>Fill in an expression from the dialogue that means ‘people working in business in a high position’.</p>
                  <p>
                     <GapFill id="d1e5h0"
                              CorrectValue="mid- to senior-level executives"
                              InitValue=""
                              Example=""/>
                  </p>
               </td>
            </tr>
            <tr>
               <td class="c-table-default middle center">
                  <b>3. </b>
               </td>
               <td class=" middle">
                  <img src="/jslib/ea/img/sdmarkbig.gif" alt="Play"/>
               </td>
               <td class="c-table-default middle center">
                  <b>3. </b>
               </td>
               <td class=" middle">
                  <p>Fill in an expression from the dialogue that means ‘information organised by topic’.</p>
                  <p>
                     <GapFill id="d1fge50"
                              CorrectValue="thematic information"
                              InitValue=""
                              Example=""/>
                  </p>
               </td>
            </tr>
            <tr>
               <td class="c-table-default middle center">
                  <b>4. </b>
               </td>
               <td class=" middle">
                  <img src="/jslib/ea/img/sdmarkbig.gif" alt="Play"/>
               </td>
               <td class="c-table-default middle center">
                  <b>4. </b>
               </td>
               <td class=" middle">
                  <p>Fill in an expression from the dialogue that means ‘people or organisations who give material to the website’. </p>
                  <p>
                     <GapFill id="d1ge50"
                              CorrectValue="content providers"
                              InitValue=""
                              Example=""/>
                  </p>
               </td>
            </tr>
         </table>
        TODO Sound
        <!--~/EuroEnglishWma/Chapter12/dialogue.wma-->
        TODO Sound
        
        TODO Sound
        <!--~/EuroEnglishWma/Chapter12/dialogue.wma-->
        TODO Sound
        
        TODO Sound
        <!--~/EuroEnglishWma/Chapter12/dialogue.wma-->
        TODO Sound
        
        TODO Sound
        <!--~/EuroEnglishWma/Chapter12/dialogue.wma-->
        TODO Sound
        </div>
   </Ex>
   <Ex id="ex2"
       title="Valuable Collocations"
       instr="{{:~CSLocalize(null,'Match the second parts with the first parts of the phrases.')}}"
       tech_instr="PAIRING">
      <div>
         <Pairing id="pairing1">
            <PairingItem>Let’s get down<Right>to business</Right>
            </PairingItem>
            <PairingItem>Reap<Right>concrete benefits</Right>
            </PairingItem>
            <PairingItem>Bring administration<Right>closer to citizens</Right>
            </PairingItem>
            <PairingItem>analysing<Right>the latest industry trends</Right>
            </PairingItem>
            <PairingItem>contain<Right>mountains of thematic information</Right>
            </PairingItem>
            <PairingItem>arranged<Right>thematically</Right>
            </PairingItem>
         </Pairing>
      </div>
   </Ex>
   <Ex id="ex3"
       title="Phrases in Context"
       instr="{{:~CSLocalize(null,'Fill in the missing words.')}}"
       tech_instr="FILLING_IN_FROM_A_LIST">
      <div>
         <DragSource/>
      </div>
      <div class="row">
         <div class="col-md-12">
        We would like all <DragTarget id="d1e23"
                        CorrectValue="mid- to senior level executives"
                        InitValue=""
                        Example=""/>
        from the whole <DragTarget id="d1e232"
                        CorrectValue="digital-content industry"
                        InitValue=""
                        Example=""/> to come to the conference. It is important for every major computer firm to be represented.
        <br/>
        We will present the results of a survey on the popularity of different <DragTarget id="d1e233"
                        CorrectValue="online public services"
                        InitValue=""
                        Example=""/>. It will be interesting to see what people really like and how often they visit our websites.
        <br/>
        This should give us a chance to see if we have really been useful, we need to see how many <DragTarget id="d1e234"
                        CorrectValue="concrete benefits"
                        InitValue=""
                        Example=""/>
        we have <DragTarget id="d1e235" CorrectValue="reaped" InitValue="" Example=""/> after all our hard work last year.
        <br/>
        A <DragTarget id="d1e236"
                        CorrectValue="comprehensive overview"
                        InitValue=""
                        Example=""/> of all the discussed issues will be published on-line and also in the daily press.
      </div>
      </div>
   </Ex>
   <Ex id="ex4"
       title="Dialogue"
       instr="{{:~CSLocalize(null,'Listen carefully to the recording and number the parts of the dialogue as you hear them.')}}"
       tech_instr="FILLING_IN SOUND_PLAYBACK">
      <div class="row">
         <div class="col-md-1">
            <img src="/jslib/ea/img/sdmarkbig.gif" alt="Play"/>
        TODO Sound
        <!--~/EuroEnglishWma/Chapter12/dialogue2.wma-->
        TODO Sound
        </div>
         <div class="col-md-11">
            <table class="table table-bordered c-table">
               <tr>
                  <td class=" middle">
                     <GapFill id="d1e497135" CorrectValue="6" InitValue="" Example=""/>
                  </td>
                  <td class=" middle">Peter</td>
                  <td class=" middle">	Yes, I think you can guess what they’re about. Digital literacy is becoming essential for almost every job. The activities that eEurope promotes are for example, life-long learning, establishing a European diploma for basic IT skills and setting up public Internet access points. Obviously, this should start at schools. The European Commission's eEurope Action Plan proposed connecting all schools to the Internet and adapting school curricula as well as training teachers to use digital technologies.</td>
               </tr>
               <tr>
                  <td class=" middle">
                     <GapFill id="d1e497133" CorrectValue="4" InitValue="" Example=""/>
                  </td>
                  <td class=" middle">Peter</td>
                  <td class=" middle">	Well, let's look at a specific example. For instance, it’s about the development of health related websites to boost patient confidence in using such sites. I mean all those websites to do with disease prevention and health education.</td>
               </tr>
               <tr>
                  <td class=" middle">
                     <GapFill id="d1e49713" CorrectValue="1" InitValue="" Example=""/>
                  </td>
                  <td class=" middle">Anthony</td>
                  <td class=" middle">That was a lovely salad - nice fresh tuna. So, where did we stop? I was going to ask you if you knew anything about eHealth.</td>
               </tr>
               <tr>
                  <td class=" middle">
                     <GapFill id="d1e497132" CorrectValue="3" InitValue="" Example=""/>
                  </td>
                  <td class=" middle">Anthony</td>
                  <td class=" middle">It sounds good, but I still don’t quite know what it’s all about.</td>
               </tr>
               <tr>
                  <td class=" middle">
                     <GapFill id="d1e4971538" CorrectValue="11" InitValue="" Example=""/>
                  </td>
                  <td class=" middle">Anthony</td>
                  <td class=" middle">Ok, I don’t know how to thank you for all your help. Well, I know what, let me pay for lunch ...</td>
               </tr>
               <tr>
                  <td class=" middle">
                     <GapFill id="d1e497136" CorrectValue="7" InitValue="" Example=""/>
                  </td>
                  <td class=" middle">Anthony</td>
                  <td class=" middle">Right, I wonder what percentage of schools in the EU actually have access to the Internet. Must be more than 50%.</td>
               </tr>
               <tr>
                  <td class=" middle">
                     <GapFill id="d1e4971136" CorrectValue="9" InitValue="" Example=""/>
                  </td>
                  <td class=" middle">Anthony</td>
                  <td class=" middle">Wow, that’s impressive! And what about Internet security, is that an issue?</td>
               </tr>
               <tr>
                  <td class=" middle">
                     <GapFill id="d1e497134" CorrectValue="5" InitValue="" Example=""/>
                  </td>
                  <td class=" middle">Anthony</td>
                  <td class=" middle">Oh ok. Now two more of the e-terms I’ve come across are e-working and e-education.</td>
               </tr>
               <tr>
                  <td class=" middle">
                     <GapFill id="d1e497131" CorrectValue="2" InitValue="" Example=""/>
                  </td>
                  <td class=" middle">Peter</td>
                  <td class=" middle">	I know some basic information, sure. The member state administration is the key actor. However, a European dimension is also part of it, mainly to disseminate best medical practices.</td>
               </tr>
               <tr>
                  <td class=" middle">
                     <GapFill id="d1e4497135" CorrectValue="8" InitValue="" Example=""/>
                  </td>
                  <td class=" middle">Peter</td>
                  <td class=" middle">Wait, I should have a table here…yes…look.</td>
               </tr>
               <tr>
                  <td class=" middle">
                     <GapFill id="d1e497138" CorrectValue="10" InitValue="" Example=""/>
                  </td>
                  <td class=" middle">Peter</td>
                  <td class=" middle">Oh, yes! Users often feel insecure when using the Internet due to fear of viruses, hacking attacks, a lack of confidentiality and so on. eEurope proposes to improve the security of on-line transactions by supporting the development of certification services and encouraging the development of common specifications for smart cards.</td>
               </tr>
            </table>
         </div>
      </div>
   </Ex>
   <Ex id="ex5"
       title="Hot Topics"
       instr="{{:~CSLocalize(null,'Put the words into the right groups.')}}"
       tech_instr="SORTING_INTO_GROUPS_DRAG_AND_DROP">
      <table class="table table-bordered c-table">
         <tr>
            <td class="c-table-default middle">to disseminate best medical practices</td>
            <td>
               <WordSelection id="d1e25" Words="#e-Health|e-Education / e-Working|Internet Security"/>
            </td>
         </tr>
         <tr>
            <td class="c-table-default middle">certification services</td>
            <td>
               <WordSelection id="d1e465" Words="e-Health|e-Education / e-Working|#Internet Security"/>
            </td>
         </tr>
         <tr>
            <td class="c-table-default middle">disease prevention</td>
            <td>
               <WordSelection id="d1e29" Words="#e-Health|e-Education / e-Working|Internet Security"/>
            </td>
         </tr>
         <tr>
            <td class="c-table-default middle">public Internet access points</td>
            <td>
               <WordSelection id="d1e44" Words="e-Health|#e-Education / e-Working|Internet Security"/>
            </td>
         </tr>
         <tr>
            <td class="c-table-default middle">European diploma for basic IT skills</td>
            <td>
               <WordSelection id="d1e42" Words="e-Health|#e-Education / e-Working|Internet Security"/>
            </td>
         </tr>
         <tr>
            <td class="c-table-default middle">hacking attacks</td>
            <td>
               <WordSelection id="d1e402" Words="e-Health|e-Education / e-Working|#Internet Security"/>
            </td>
         </tr>
         <tr>
            <td class="c-table-default middle">to adapt school curricula</td>
            <td>
               <WordSelection id="d1e46" Words="e-Health|#e-Education / e-Working|Internet Security"/>
            </td>
         </tr>
         <tr>
            <td class="c-table-default middle">on-line transactions</td>
            <td>
               <WordSelection id="d1e444" Words="e-Health|e-Education / e-Working|#Internet Security"/>
            </td>
         </tr>
         <tr>
            <td class="c-table-default middle">lack of confidentiality</td>
            <td>
               <WordSelection id="d1e423" Words="e-Health|e-Education / e-Working|#Internet Security"/>
            </td>
         </tr>
         <tr>
            <td class="c-table-default middle">digital literacy</td>
            <td>
               <WordSelection id="d1e38" Words="e-Health|#e-Education / e-Working|Internet Security"/>
            </td>
         </tr>
         <tr>
            <td class="c-table-default middle">specifications for smart cards</td>
            <td>
               <WordSelection id="d1e466" Words="e-Health|e-Education / e-Working|#Internet Security"/>
            </td>
         </tr>
         <tr>
            <td class="c-table-default middle">to boost patient confidence</td>
            <td>
               <WordSelection id="d1e27" Words="#e-Health|e-Education / e-Working|Internet Security"/>
            </td>
         </tr>
         <tr>
            <td class="c-table-default middle">life-long learning</td>
            <td>
               <WordSelection id="d1e40" Words="e-Health|#e-Education / e-Working|Internet Security"/>
            </td>
         </tr>
         <tr>
            <td class="c-table-default middle">fear of viruses</td>
            <td>
               <WordSelection id="d1e381" Words="e-Health|e-Education / e-Working|#Internet Security"/>
            </td>
         </tr>
      </table>
   </Ex>
   <Ex id="ex6"
       title="Phrase Comprehension"
       instr="{{:~CSLocalize(null,'Fill in the missing words.')}}"
       tech_instr="FILLING_IN_FROM_A_LIST">
      <div>
         <DragSource/>
      </div>
      <div>
         <table class="table table-bordered c-table">
            <tr>
               <td class="c-table-default middle center">
                  <b>1. </b>
               </td>
               <td class=" middle">
            to <DragTarget id="d1e25"
                              CorrectValue="disseminate best medical practices"
                              InitValue=""
                              Example=""/> by improving communication between hospitals.
          </td>
            </tr>
            <tr>
               <td class="c-table-default middle center">
                  <b>2. </b>
               </td>
               <td class=" middle">
            to inform people about the danger of <DragTarget id="d1e32"
                              CorrectValue="on-line transactions"
                              InitValue=""
                              Example=""/> . Of course, we do not want people to stop shopping through the Internet.
          </td>
            </tr>
            <tr>
               <td class="c-table-default middle center">
                  <b>3. </b>
               </td>
               <td class=" middle">
            to <DragTarget id="d1e37"
                              CorrectValue="adapt school curricula"
                              InitValue=""
                              Example=""/> by ensuring that
            <DragTarget id="d1e38"
                              CorrectValue="digital literacy"
                              InitValue=""
                              Example=""/> is just as important as reading and mathematics
          </td>
            </tr>
            <tr>
               <td class="c-table-default middle center">
                  <b>4. </b>
               </td>
               <td class=" middle">
            to increase the number of sites dealing with <DragTarget id="d1e39"
                              CorrectValue="disease prevention"
                              InitValue=""
                              Example=""/> , we want to reduce the number of ill people. Many sites already exist, so we also need to 
            <DragTarget id="d1e30"
                              CorrectValue="boost patient confidence"
                              InitValue=""
                              Example=""/> in those.
          </td>
            </tr>
            <tr>
               <td class="c-table-default middle center">
                  <b>5. </b>
               </td>
               <td class=" middle">
            to take measures such as <DragTarget id="d1e31"
                              CorrectValue="specifications for smart cards"
                              InitValue=""
                              Example=""/> to deal with the issue of
            <DragTarget id="d1e3e2"
                              CorrectValue="lack of confidentiality"
                              InitValue=""
                              Example=""/>. The public need to feel safe when sharing personal data on the Internet.
          </td>
            </tr>
         </table>
      </div>
   </Ex>
</Module>
