﻿<?xml version="1.0" encoding="utf-8"?>
<Module title="Education in the EU">
   <Ex id="ex1"
       title="Education Terms from the Text"
       instr="{{:~CSLocalize(null,'Find words in the text that match the definitions.')}}"
       tech_instr="FILLING_IN">
      <div class="row">
         <div class="col-md-12">
            <PassiveDialog file="" id="silentDlg">
               <Replica Name="Journalist">
            With the free movement of people especially those who are economically active, it’s necessary to agree on the mutual recognition of professional qualifications, isn’t it?
          </Replica>
               <Replica Name="Official">
            Yes, you're right. For example, basic training for health workers such as doctors, nurses and dentists has already been harmonized. The initial strategy was to work on each profession in turn, to reach an agreement on the requirements and to propose a new law.
          </Replica>
               <Replica Name="Journalist">
            But such a procedure must be extremely time consuming ….
          </Replica>
               <Replica Name="Official">
            I agree, it is. Progress was made in 1988 with agreement on a general systems directive, under which the member states agreed to trust the adequacy of qualifications that require at least three years of professional training in other member states. The list of mutually recognized professions is growing, and includes accountants, librarians, engineers and – since 1998 – lawyers…
          </Replica>
               <Replica Name="Journalist">
            I’ve been informed that the Commission has meanwhile published a comparative guide to national qualifications for more than 200 occupations, helping employers work out equivalencies across the member states….
          </Replica>
               <Replica Name="Official">
            Yes, but with regard to the future, we have to adopt new strategies, because an important element in worker mobility is education and youth training. Since Maastricht, the EU has encouraged educational exchanges.
          </Replica>
               <Replica Name="Journalist">
            Yes, we’ve already profited a lot from programmes such as: ERASMUS, LINGUA, TEMPUS, COMETT, and PETRA.
          </Replica>
               <Replica Name="Official">
            Yes and now that the EU has 11 official languages, almost all secondary school pupils in the EU learn at least one foreign language, but the record varies from one state to another. According to Eurostat figures more than 90% of pupils in Germany, Spain and Denmark learn English, while 33 % of Italian pupils and 23% of German pupils learn French.
          </Replica>
               <Replica Name="Journalist">
            Well, I think the issue of language touches the issue of national pride, doesn’t it? And that’s a whole different issue ...
          </Replica>
            </PassiveDialog>
         </div>
      </div>
      <div class="row">
         <div class="col-md-12">
            <table class="table table-bordered c-table">
               <tr>
                  <td class=" middle">
                     <GapFill id="d1e49" CorrectValue="requirement" InitValue="" Example=""/>
                  </td>
                  <td class=" middle">is expected and necessary to meet the qualification standard</td>
               </tr>
               <tr>
                  <td class=" middle">
                     <GapFill id="d1e492" CorrectValue="harmonized" InitValue="" Example=""/>
                  </td>
                  <td class=" middle">is balanced, without disagreement</td>
               </tr>
               <tr>
                  <td class=" middle">
                     <GapFill id="d1e493"
                              CorrectValue="educational exchanges"
                              InitValue=""
                              Example=""/>
                  </td>
                  <td class=" middle">special occasions enabling students to study abroad for a certain period of time </td>
               </tr>
               <tr>
                  <td class=" middle">
                     <GapFill id="d1e494"
                              CorrectValue="economically active"
                              InitValue=""
                              Example=""/>
                  </td>
                  <td class=" middle">people who work or do business in order to make money</td>
               </tr>
            </table>
         </div>
      </div>
   </Ex>
   <Ex id="ex2"
       title="Education Vocabulary"
       instr="{{:~CSLocalize(null,'Choose words from the table below to fill the gaps in the sentences.')}}"
       tech_instr="FILLING_IN_FROM_A_LIST">
      <div>
         <DragSource/>
      </div>
      <div>
         <table class="table table-bordered c-table">
            <tr>
               <td class="c-table-default middle center">
                  <b>1. </b>
               </td>
               <td class=" middle">
            The <DragTarget id="d1e25"
                              CorrectValue="comparative guide"
                              InitValue=""
                              Example=""/> to 
            <DragTarget id="d1e2f5"
                              CorrectValue="national qualifications"
                              InitValue=""
                              Example=""/> has been very helpful, especially for employers.
          </td>
            </tr>
            <tr>
               <td class="c-table-default middle center">
                  <b>2. </b>
               </td>
               <td class=" middle">
            For potential employers it is necessary to know <DragTarget id="d1e30"
                              CorrectValue="the equivalencies"
                              InitValue=""
                              Example=""/> in education, training and education.
          </td>
            </tr>
            <tr>
               <td class="c-table-default middle center">
                  <b>3. </b>
               </td>
               <td class=" middle">
                  <DragTarget id="d1ezh30"
                              CorrectValue="Adequacy of qualifications"
                              InitValue=""
                              Example=""/> is a crucial aspect for those who are selecting new workers for certain positions.
          </td>
            </tr>
            <tr>
               <td class="c-table-default middle center">
                  <b>4. </b>
               </td>
               <td class=" middle">
                  <DragTarget id="d1e3g0"
                              CorrectValue="Secondary school pupils"
                              InitValue=""
                              Example=""/> learn foreign languages, one of which should be an official language of the EU.
          </td>
            </tr>
         </table>
      </div>
   </Ex>
   <Ex id="ex3"
       title="Educational Exchange Program"
       instr="{{:~CSLocalize(null,'The following is an excerpt from an information brochure on EU education programmes. Read the brochure and answer the questions.')}}"
       tech_instr="FILLING_IN">
      <div class="row">
         <div class="col-md-12">
        ERASMUS is a programme to encourage student and faculty exchanges among colleges and universities, and to make it easier for students to transfer credits. About 60, 000 students currently attend non-home state universities with the help of ERASMUS, and the goal is eventually to push this figures to 150, 000.
        <br/>
        LINGUA encourages training in second and third languages.
        <br/>
        TEMPUS links universities in the United States and western and Eastern Europe by promoting joint research projects.
        <br/>
        COMETT encourages universities and industry to work together on training projects.
        <br/>
        PETRA is aimed at modernising vocational training.
      </div>
      </div>
      <div class="row">
         <div class="col-md-12">
            <table class="table table-bordered c-table">
               <tr>
                  <td class="c-table-default middle center">
                     <b>1. </b>
                  </td>
                  <td class=" middle">
                     <p>Which programme caters for student exchanges?</p>
                     <p>
                        <GapFill id="d1e30" CorrectValue="ERASMUS" InitValue="" Example=""/>
                     </p>
                  </td>
               </tr>
               <tr>
                  <td class="c-table-default middle center">
                     <b>2. </b>
                  </td>
                  <td class=" middle">
                     <p>Which programme would you apply to if you wanted to improve your foreign language skills?</p>
                     <p>
                        <GapFill id="d1e41" CorrectValue="LINGUA" InitValue="" Example=""/>
                     </p>
                  </td>
               </tr>
               <tr>
                  <td class="c-table-default middle center">
                     <b>3. </b>
                  </td>
                  <td class=" middle">
                     <p>Which programme develops relations between the continents of Europe and North America, the USA in particular?</p>
                     <p>
                        <GapFill id="d1e421" CorrectValue="TEMPUS" InitValue="" Example=""/>
                     </p>
                  </td>
               </tr>
               <tr>
                  <td class="c-table-default middle center">
                     <b>4. </b>
                  </td>
                  <td class=" middle">
                     <p>If you were involved in vocational training, which programme would you choose? </p>
                     <p>
                        <GapFill id="d1e413" CorrectValue="PETRA" InitValue="" Example=""/>
                     </p>
                  </td>
               </tr>
            </table>
         </div>
      </div>
   </Ex>
   <Ex id="ex4"
       title="Education Expressions"
       instr="{{:~CSLocalize(null,'Fill in the blanks from the expressions provided.')}}"
       tech_instr="FILLING_IN_FROM_A_LIST">
      <div>
         <DragSource/>
      </div>
      <div>
         <table class="table table-bordered c-table">
            <tr>
               <td class="c-table-default middle center">
                  <b>1. </b>
               </td>
               <td class=" middle">
            As a teacher of French, he is interested in <DragTarget id="d1e25" CorrectValue="training" InitValue="" Example=""/> in second and third languages.
          </td>
            </tr>
            <tr>
               <td class="c-table-default middle center">
                  <b>2. </b>
               </td>
               <td class=" middle">
            I appreciate the experience I obtained when involved in a <DragTarget id="d1e32"
                              CorrectValue="joint research project"
                              InitValue=""
                              Example=""/> at a university in America.
          </td>
            </tr>
            <tr>
               <td class="c-table-default middle center">
                  <b>3. </b>
               </td>
               <td class=" middle">
            The subjects studied at our university are closely linked to industrial development, so we try to co-operate on <DragTarget id="d1e37"
                              CorrectValue="training projects"
                              InitValue=""
                              Example=""/>
               </td>
            </tr>
            <tr>
               <td class="c-table-default middle center">
                  <b>4. </b>
               </td>
               <td class=" middle">
            Tertiary education is provided by <DragTarget id="d1he37"
                              CorrectValue="universities and colleges"
                              InitValue=""
                              Example=""/>.
          </td>
            </tr>
         </table>
      </div>
   </Ex>
   <Ex id="ex5"
       title="Transparency and Recognition for Academic Purposes"
       instr="{{:~CSLocalize(null,'Read the text below and drag the appropriate answers into the table.')}}"
       tech_instr="FILLING_IN_FROM_A_LIST">
      <div class="row">
         <div class="col-md-12">
            <h4>
               <b>Transparency and recognition for academic purposes.</b>
            </h4>
            <br/>
        The network of National Academic Recognition Information Centres <b>(NARICs)</b>,
        created at the Commission's initiative in 1984, covers all EU and European Economic Area Member States 
        and all the associated countries in Central and Eastern Europe, as well as Cyprus and Malta. These 
        centres provide authoritative advice and information on the <b>
        academic recognition of diplomas and
        periods of study undertaken abroad</b>.
        <br/>
        Other instruments aiming at <b>
          transparency of qualifications</b> consist of the <b>European Credit Transfer System</b>, introduced
          as a common basis for recognising students' study periods abroad. The Commission, the Council of 
          Europe and UNESCO have jointly developed a <b>Diploma Supplement</b>, which includes both
      <b>a graduate's personal achievements</b> and a description of his or her national higher <b>education system</b>.
      <br/>
            <h4>
               <b>Transparency and recognition for professional purposes</b>
            </h4>
            <br/>
      The Commission and the member states have developed a number of tools supporting <b>the transfer</b> and 
      <b>transparency of qualifications and competences</b>. A network of <b>National Reference Points</b> for
      vocational qualifications is currently being set up in the member states and will be the first point 
      of contact for questions relating to <b>vocational qualifications</b>.
      <br/>
      A <b>Certificate Supplement</b> for <b>vocational qualifications</b>, has been developed and is being 
      tested in member states. Furthermore, a common <b>European format for Curriculum Vitae (CV)</b> has been
      recommended by the Commission, aiming at a simple and efficient presentation of individual qualifications
      and competences. A further instrument, <b>the Europass</b> assists and promotes <b>
        mobility</b> within work-linked training by providing a voluntary Europe-wide means of recording periods 
        of training outside the ‘home’ member state.

      </div>
      </div>
      <div>
         <DragSource/>
      </div>
      <div>
         <table class="table table-bordered c-table">
            <tr>
               <td class="c-table-default middle center">
                  <b>1. </b>
               </td>
               <td class=" middle">
                  <p>What are the two networks supporting the recognition and transparency of the transfer of academic and professional qualifications?</p>
                  <p>
                     <DragTarget id="d1ed41" CorrectValue="NARICs" InitValue="" Example=""/>,  
              <DragTarget id="d1edg41"
                                 CorrectValue="National Reference Points"
                                 InitValue=""
                                 Example=""/>
                  </p>
               </td>
            </tr>
            <tr>
               <td class="c-table-default middle center">
                  <b>2. </b>
               </td>
               <td class=" middle">
                  <p>What do we call the document containing the graduate’s personal achievements? And the equivalent in the vocational/professional sector?</p>
                  <p>
                     <DragTarget id="d1ej41"
                                 CorrectValue="Diploma Supplement (for academic purposes)"
                                 InitValue=""
                                 Example=""/>
                     <DragTarget id="d1ejl41"
                                 CorrectValue="Certificate Supplement (for vocational purposes)."
                                 InitValue=""
                                 Example=""/>
                  </p>
               </td>
            </tr>
            <tr>
               <td class="c-table-default middle center">
                  <b>3. </b>
               </td>
               <td class=" middle">
                  <p>What exactly is the Europass?</p>
                  <p>
                     <DragTarget id="d1e30"
                                 CorrectValue="A means of recording periods of training outside the home member state."
                                 InitValue=""
                                 Example=""/>
                  </p>
               </td>
            </tr>
            <tr>
               <td class="c-table-default middle center">
                  <b>4. </b>
               </td>
               <td class=" middle">
                  <p>What is recommended as an instrument for easy and simple personal presentations?</p>
                  <p>
                     <DragTarget id="d1e41"
                                 CorrectValue="A common European CV format"
                                 InitValue=""
                                 Example=""/>
                  </p>
               </td>
            </tr>
         </table>
      </div>
   </Ex>
   <Ex id="ex6"
       title="Further Training"
       instr="{{:~CSLocalize(null,'Complete the text using the words below.')}}"
       tech_instr="FILLING_IN_FROM_A_LIST">
      <div>
         <DragSource/>
      </div>
      <div>
      As part of the ‘Bruges process’ of increased cooperation in <DragTarget id="d1e23" CorrectValue="vocational" InitValue="" Example=""/>
      education and <DragTarget id="d1e232" CorrectValue="training" InitValue="" Example=""/> , the intention is to develop an integrated strategy, bringing together into a single, user-friendly tool, the various instruments for
      <DragTarget id="d1e233" CorrectValue="transparency" InitValue="" Example=""/> of 
      <DragTarget id="d1e234" CorrectValue="certificates" InitValue="" Example=""/> and diplomas. The Bruges process responds to the Barcelona mandate to make European education and training a world reference by 2010. It supports the development of transparency and mutual trust as the principles underpinning improved
      <DragTarget id="d1e235" CorrectValue="recognition" InitValue="" Example=""/> of qualifications and
      <DragTarget id="d1e236" CorrectValue="competences" InitValue="" Example=""/>, as well as the quality of European vocational
      <DragTarget id="d1e237" CorrectValue="education" InitValue="" Example=""/> and training, in terms of standing and reputation. This process is being developed ‘bottom up’ with the full involvement of the social partners, and will support the development of qualifications and competences at sectoral level.
    </div>
   </Ex>
</Module>
