﻿<?xml version="1.0" encoding="utf-8"?>
<Page id="hufex2_l06_a03">
  <p>
    <a href="http://www.langmaster.cz/comcz/French2/l06/a/hufex2_l06_a03.htm">/French2/l06/a/hufex2_l06_a03.htm</a>
    <br />
    <a href="http://www.langmaster.cz/comcz/French2/l06/a/home.htm">
                            cvičení 3</a>
  </p>
  <div>
    <img src="/schools/eaimgmp3/french2/img/homestudy/lesson06/page139/0100h0003.jpg" />
  </div>
  <div>
    <Pairing id="E64">
      <PairingItem>J’ai lu un livre très intéressant<Right>qui raconte l’histoire d’un Allemand en Provence.</Right></PairingItem>
      <PairingItem>Il a fait la connaissance d’une jeune femme<Right>qui habite en Guyane française.</Right></PairingItem>
      <PairingItem>Ils ont loué une petite maison<Right>qui se trouve au bord d’un lac.</Right></PairingItem>
      <PairingItem>Mon mari m’a offert des boucles d’oreilles<Right>qui me plaisent beaucoup.</Right></PairingItem>
      <PairingItem>J’adore les chaussures noires<Right>qui sont dans la vitrine.</Right></PairingItem>
      <PairingItem>Je crois que c’est un coureur cycliste allemand<Right>qui a gagné le Tour de France en 1997.</Right></PairingItem>
      <PairingItem>Le Louvre est un musée<Right>qui attire des touristes du monde entier.</Right></PairingItem>
      <PairingItem>Elle a acheté un nouveau parfum<Right>qui sent très bon.</Right></PairingItem>
    </Pairing>
  </div>
  <info title="Pronoms relatifs" instrTitle="Révisez vos connaissances et reliez les phrases!" instrs="PAIRING" />
</Page>