﻿<?xml version="1.0" encoding="utf-8"?>
<Page id="hufex2_l06_a06">
  <p>
    <a href="http://www.langmaster.cz/comcz/French2/l06/a/hufex2_l06_a06.htm">/French2/l06/a/hufex2_l06_a06.htm</a>
    <br />
    <a href="http://www.langmaster.cz/comcz/French2/l06/a/home.htm">
                            cvičení 6</a>
  </p>
  <div>
    <img src="/schools/eaimgmp3/french2/img/coursebook/lesson06/page54/p223_london_victoriastation.jpg" />
  </div>
  <div>
    <Pairing id="E64">
      <PairingItem>un écrivain<Right>c’est une personne qui écrit des livres</Right></PairingItem>
      <PairingItem>une gare<Right>c’est un endroit où on peut prendre le train</Right></PairingItem>
      <PairingItem>un cybercafé<Right>c’est un endroit où l’on peut prendre une verre et surfer sur Internet</Right></PairingItem>
      <PairingItem>des lunettes<Right>c’est un objet qui permet de mieux voir</Right></PairingItem>
      <PairingItem>1789<Right>c’est l’année où a commencé la Révolution Française</Right></PairingItem>
      <PairingItem>un clown<Right>c’est une personne qui a pour profession de faire rire les autres</Right></PairingItem>
      <PairingItem>un boulanger<Right>c’est une personne qui fait et vend du pain</Right></PairingItem>
      <PairingItem>un pourboire<Right>c’est une somme d’argent que l’on laisse au serveur dans un restaurant pour le remercier de vous avoir servi</Right></PairingItem>
    </Pairing>
  </div>
  <info title="Jeu des définitions!" instrTitle="Donnez une définition des mots suivants en reliant les mots avec les définitions correctes." instrs="PAIRING" />
</Page>