﻿<?xml version="1.0" encoding="utf-8"?>
<Page id="hufex2_l06_a07">
  <p>
    <a href="http://www.langmaster.cz/comcz/French2/l06/a/hufex2_l06_a07.htm">/French2/l06/a/hufex2_l06_a07.htm</a>
    <br />
    <a href="http://www.langmaster.cz/comcz/French2/l06/a/home.htm">
                            cvičení 7</a>
  </p>
  <table class="table table-bordered c-table">
    <tr>
      <td class="c-table-default middle">Tu ne t’offres jamais de bijoux!</td>
      <td>
        <WordSelection id="ce306" CorrectValue="0" Words="Reproches de la fourmi à la cigale|#Reproches de la cigale à la fourmi" />
      </td>
    </tr>
    <tr>
      <td class="c-table-default middle">Tu n’as pas le droit de toujours t’offrir des bijoux!</td>
      <td>
        <WordSelection id="ce197" CorrectValue="0" Words="#Reproches de la fourmi à la cigale|Reproches de la cigale à la fourmi" />
      </td>
    </tr>
    <tr>
      <td class="c-table-default middle">Tu ne possèdes rien!</td>
      <td>
        <WordSelection id="ce213" CorrectValue="0" Words="#Reproches de la fourmi à la cigale|Reproches de la cigale à la fourmi" />
      </td>
    </tr>
    <tr>
      <td class="c-table-default middle">Tu ne marchandes jamais!</td>
      <td>
        <WordSelection id="ce221" CorrectValue="0" Words="#Reproches de la fourmi à la cigale|Reproches de la cigale à la fourmi" />
      </td>
    </tr>
    <tr>
      <td class="c-table-default middle">Tu n’es jamais à découvert.</td>
      <td>
        <WordSelection id="ce298" CorrectValue="0" Words="Reproches de la fourmi à la cigale|#Reproches de la cigale à la fourmi" />
      </td>
    </tr>
    <tr>
      <td class="c-table-default middle">Tu craques toujours!</td>
      <td>
        <WordSelection id="ce205" CorrectValue="0" Words="#Reproches de la fourmi à la cigale|Reproches de la cigale à la fourmi" />
      </td>
    </tr>
    <tr>
      <td class="c-table-default middle">Tu es trop raisonnable!</td>
      <td>
        <WordSelection id="ce290" CorrectValue="0" Words="Reproches de la fourmi à la cigale|#Reproches de la cigale à la fourmi" />
      </td>
    </tr>
    <tr>
      <td class="c-table-default middle">Tu es toujours en train de compter ton argent!</td>
      <td>
        <WordSelection id="ce314" CorrectValue="0" Words="Reproches de la fourmi à la cigale|#Reproches de la cigale à la fourmi" />
      </td>
    </tr>
  </table>
  <img src="/schools/eaimgmp3/french2/img/vocabulary/lesson06/page64/1779h0100.gif" />
  <info title="La cigale et la fourmi" instrTitle="La cigale et la fourmi se reprochent plusieurs choses. Classez ces reproches en deux groupes." instrs="SORTING_INTO_GROUPS_DRAG_AND_DROP" />
</Page>