﻿<?xml version="1.0" encoding="utf-8"?>
<Module title="Chapitre A">
   <Ex id="hufex2_l06_a01"
       title="Test"
       instr="Savez-vous qui vous êtes? Vérifiez-le en lisant ce test et marquant la réponse qui vous correspond. Puis faites le total de vos réponses et découvrez votre profil."
       tech_instr="MULTIPLE_CHOICE_TWO_STATES">
      <p>
         <a target="_blank"
            href="http://www.langmaster.cz/comcz/French2/l06/a/hufex2_l06_a01.htm">/French2/l06/a/hufex2_l06_a01.htm</a>
         <br/>
         <a target="_blank"
            href="http://www.langmaster.cz/comcz/French2/l06/a/home.htm">
                            cvičení 1</a>
      </p>
      <div>
         <img src="/schools/eaimgmp3/french2/img/coursebook/lesson06/page51/49_oben.gif"/>
      </div>
      <div class="row">
         <div class="col-md-2 ">
            <img src="/schools/eaimgmp3/french2/img/coursebook/lesson06/page51/49_o.gif"/>
         </div>
         <div class="col-md-10 ">
            <ListGroup Width="400-800" IsStriped="false">
               <CheckItem id="o325" TextId="TrueFalse" CorrectValue="false">* Je les dépense pour moi et les gens que j’aime.</CheckItem>
               <CheckItem id="o368" TextId="TrueFalse" CorrectValue="false">0 J’achète des actions.</CheckItem>
               <CheckItem id="o411" TextId="TrueFalse" CorrectValue="false"># Je les place sur un compte d’épargne.</CheckItem>
            </ListGroup>
            <ListGroup Width="400-800" IsStriped="false">
               <CheckItem id="o506" TextId="TrueFalse" CorrectValue="false">* Non merci! Je réussis toujours à me faire inviter par des amis.</CheckItem>
               <CheckItem id="o549" TextId="TrueFalse" CorrectValue="false">0 C’est bizarre, ça cache quelque chose...</CheckItem>
               <CheckItem id="o592" TextId="TrueFalse" CorrectValue="false"># Je pars immédiatement: j’adore le soleil!</CheckItem>
            </ListGroup>
            <ListGroup Width="400-800" IsStriped="false">
               <CheckItem id="o687" TextId="TrueFalse" CorrectValue="false">* Je fais 200 kilomètres pour l’acheter moins cher au Club des Marques à Troyes.</CheckItem>
               <CheckItem id="o730" TextId="TrueFalse" CorrectValue="false">0 Je craque, je l’achète... et je mange des spaghettis jusqu‘à la fin du mois.</CheckItem>
               <CheckItem id="o773" TextId="TrueFalse" CorrectValue="false"># J’attends d’avoir mon treizième mois.</CheckItem>
            </ListGroup>
            <ListGroup Width="400-800" IsStriped="false">
               <CheckItem id="o868" TextId="TrueFalse" CorrectValue="false">* Je prends un taxi.</CheckItem>
               <CheckItem id="o911" TextId="TrueFalse" CorrectValue="false">0 J’y vais à pied: j’adore marcher!</CheckItem>
               <CheckItem id="o954" TextId="TrueFalse" CorrectValue="false"># Je prends le bus... comme d’habitude.</CheckItem>
            </ListGroup>
            <ListGroup Width="400-800" IsStriped="false">
               <CheckItem id="o1049" TextId="TrueFalse" CorrectValue="false">* Je me douche Nivea et je me parfume Chanel.</CheckItem>
               <CheckItem id="o1092" TextId="TrueFalse" CorrectValue="false">0 Je n’achète jamais de produits de beauté.</CheckItem>
               <CheckItem id="o1135" TextId="TrueFalse" CorrectValue="false"># La qualité n’a pas de prix.</CheckItem>
            </ListGroup>
            <ListGroup Width="400-800" IsStriped="false">
               <CheckItem id="o1230" TextId="TrueFalse" CorrectValue="false">* Le guide Michelin.</CheckItem>
               <CheckItem id="o1273" TextId="TrueFalse" CorrectValue="false">0 Le guide «Paris pas cher».</CheckItem>
               <CheckItem id="o1316" TextId="TrueFalse" CorrectValue="false"># Un guide gastronomique.</CheckItem>
            </ListGroup>
            <ListGroup Width="400-800" IsStriped="false">
               <CheckItem id="o1411" TextId="TrueFalse" CorrectValue="false">* Je mange à la carte.</CheckItem>
               <CheckItem id="o1454" TextId="TrueFalse" CorrectValue="false">0 Je prends un menu à 23 €, boisson comprise.</CheckItem>
               <CheckItem id="o1497" TextId="TrueFalse" CorrectValue="false"># Je prends une salade: de toute façon je suis au régime.</CheckItem>
            </ListGroup>
            <ListGroup Width="400-800" IsStriped="false">
               <CheckItem id="o1592" TextId="TrueFalse" CorrectValue="false">* Le temps, c’est de l’argent.</CheckItem>
               <CheckItem id="o1635" TextId="TrueFalse" CorrectValue="false">0 L’argent n’a pas d’odeur.</CheckItem>
               <CheckItem id="o1678" TextId="TrueFalse" CorrectValue="false"># L’argent ne fait pas le bonheur.</CheckItem>
            </ListGroup>
         </div>
      </div>
      <div class="row">
         <div class="col-md-2 ">
            <img src="/schools/eaimgmp3/french2/img/coursebook/lesson06/page51/tabulka.gif"/>
         </div>
         <div class="col-md-2 ">
            <img src="/schools/eaimgmp3/french2/img/coursebook/lesson06/page51/tabulka1.gif"/>
         </div>
      </div>
      <div class="col-md-7">
         <div class="panel panel-info">
            <div class="panel-body">
               <p>
                  <b>Jean de la Fontaine</b> (1621- 1695)<br/>
          - {{Ttrans}}</p>
               <p>
                  <i>«La cigale et la fourmi»</i>
               </p>
               <p>
          La cigale, ayant chanté<br/>
          Tout l’été,<br/>
          Se trouva fort dépourvue<br/>
          Quand la bise fut venue.<br/>
          Pas un seul petit morceau<br/>
          De mouche ou de vermisseau.<br/>
          Elle alla crier famine<br/>
          Chez la fourmi sa voisine,<br/>
          La priant de lui prêter<br/>
          Quelque grain pour subsister<br/>
          Jusqu’a la saison nouvelle.<br/>
          «Je vous paierai, lui dit-elle,<br/>
          Avant l’août, foi d’animal,<br/>
          Intérêt et principal.»<br/>
          La fourmi n’est pas preteuse;<br/>
          C’est la son moindre défaut.<br/>
          «Que faisiez-vous au temps chaud<br/>
          Dit-elle a cette emprunteuse.<br/>
          - Nuit et jour a tout venant<br/>
          Je chantais, ne vous déplaise.<br/>
          - Vous chantiez? J’en suis fort aise.<br/>
          Et bien! Dansez maintenant.»
        </p>
            </div>
         </div>
      </div>
   </Ex>
   <Ex id="hufex2_l06_a02"
       title="Reprocher et se justifier"
       instr="Vous allez écouter quatre dialogues. Avez-vous compris de quoi on a parlé? Complétez donc le tableau suivant avec les expressions données."
       tech_instr="FILLING_IN_FROM_A_LIST SOUND_PLAYBACK">
      <p>
         <a target="_blank"
            href="http://www.langmaster.cz/comcz/French2/l06/a/hufex2_l06_a02.htm">/French2/l06/a/hufex2_l06_a02.htm</a>
         <br/>
         <a target="_blank"
            href="http://www.langmaster.cz/comcz/French2/l06/a/home.htm">
                            cvičení 2</a>
      </p>
      <DragSource/>
      <div>
         <img src="/schools/eaimgmp3/french2/img/homestudy/lesson06/page139/1796h0024.jpg"/>
      </div>
      <table class="table table-bordered c-table">
         <tr>
            <td class="c-table-default middle"/>
            <td class="c-table-default middle">Qui parle?</td>
            <td class="c-table-default middle">Que reproche A à B?</td>
            <td class="c-table-default middle">B se justifie. Comment?</td>
         </tr>
         <tr>
            <td class=" middle">
               <MediaBigMark Url="/schools/eaimgmp3/french2wma/lesson06/hufex2_l06_a02.mp3"
                             Sequence="0-10"/>
            </td>
            <td class=" middle">
          A: <DragTarget id="g205" CorrectValue="un homme" Width="200"/> B: <DragTarget id="g206" CorrectValue="sa femme" Width="200"/>
            </td>
            <td class=" middle">
          Elle <DragTarget id="g208" CorrectValue="n’est pas prête" Width="200"/>, elle a besoin de 2 heures pour se préparer.
        </td>
            <td class=" middle">
          Elle <DragTarget id="g210" CorrectValue="a travaillé" Width="200"/> toute la journée, sa belle-mère est venue <DragTarget id="g211" CorrectValue="chercher les enfants" Width="200"/>.
        </td>
         </tr>
         <tr>
            <td class=" middle">
               <MediaBigMark Url="/schools/eaimgmp3/french2wma/lesson06/hufex2_l06_a02.mp3"
                             Sequence="11-21"/>
            </td>
            <td class=" middle">
          A: <DragTarget id="g215" CorrectValue="une mère" Width="200"/> B: <DragTarget id="g216" CorrectValue="sa fille" Width="200"/>
            </td>
            <td class=" middle">
          Elle lui reproche de<DragTarget id="g218" CorrectValue="rentrer trop tard" Width="200"/>.
        </td>
            <td class=" middle">
               <DragTarget id="g220" CorrectValue="Il n’est que minuit" Width="200"/>et <DragTarget id="g221" CorrectValue="elle a 18 ans" Width="200"/>.
        </td>
         </tr>
         <tr>
            <td class=" middle">
               <MediaBigMark Url="/schools/eaimgmp3/french2wma/lesson06/hufex2_l06_a02.mp3"
                             Sequence="22-35"/>
            </td>
            <td class=" middle">
          A: <DragTarget id="g225" CorrectValue="un directeur" Width="200"/> B: <DragTarget id="g226" CorrectValue="un employé" Width="200"/>
            </td>
            <td class=" middle">
          Il lui reproche de ne pas <DragTarget id="g228" CorrectValue="faire son travail" Width="200"/>.
        </td>
            <td class=" middle">
          Il n’avait pas tous les <DragTarget id="g230" CorrectValue="documents nécessaires" Width="200"/>.
        </td>
         </tr>
         <tr>
            <td class=" middle">
               <MediaBigMark Url="/schools/eaimgmp3/french2wma/lesson06/hufex2_l06_a02.mp3"
                             Sequence="36-50"/>
            </td>
            <td class=" middle">
          A: <DragTarget id="g234" CorrectValue="une jeune femme" Width="200"/> B: <DragTarget id="g235" CorrectValue="son ami" Width="200"/>
            </td>
            <td class=" middle">
          Elle lui reproche de ne jamais <DragTarget id="g237" CorrectValue="arriver à l’heure" Width="200"/>.
        </td>
            <td class=" middle">
          Il y avait <DragTarget id="g239" CorrectValue="un embouteillage" Width="200"/>.
        </td>
         </tr>
      </table>
   </Ex>
   <Ex id="hufex2_l06_a03"
       title="Pronoms relatifs"
       instr="Révisez vos connaissances et reliez les phrases!"
       tech_instr="PAIRING">
      <p>
         <a target="_blank"
            href="http://www.langmaster.cz/comcz/French2/l06/a/hufex2_l06_a03.htm">/French2/l06/a/hufex2_l06_a03.htm</a>
         <br/>
         <a target="_blank"
            href="http://www.langmaster.cz/comcz/French2/l06/a/home.htm">
                            cvičení 3</a>
      </p>
      <div>
         <img src="/schools/eaimgmp3/french2/img/homestudy/lesson06/page139/0100h0003.jpg"/>
      </div>
      <div>
         <Pairing id="E64">
            <PairingItem>J’ai lu un livre très intéressant<Right>qui raconte l’histoire d’un Allemand en Provence.</Right>
            </PairingItem>
            <PairingItem>Il a fait la connaissance d’une jeune femme<Right>qui habite en Guyane française.</Right>
            </PairingItem>
            <PairingItem>Ils ont loué une petite maison<Right>qui se trouve au bord d’un lac.</Right>
            </PairingItem>
            <PairingItem>Mon mari m’a offert des boucles d’oreilles<Right>qui me plaisent beaucoup.</Right>
            </PairingItem>
            <PairingItem>J’adore les chaussures noires<Right>qui sont dans la vitrine.</Right>
            </PairingItem>
            <PairingItem>Je crois que c’est un coureur cycliste allemand<Right>qui a gagné le Tour de France en 1997.</Right>
            </PairingItem>
            <PairingItem>Le Louvre est un musée<Right>qui attire des touristes du monde entier.</Right>
            </PairingItem>
            <PairingItem>Elle a acheté un nouveau parfum<Right>qui sent très bon.</Right>
            </PairingItem>
         </Pairing>
      </div>
   </Ex>
   <Ex id="hufex2_l06_a04"
       title="Qui, que, où ..."
       instr="Complétez les phrases suivantes avec qui, que et où."
       tech_instr="FILLING_IN">
      <p>
         <a target="_blank"
            href="http://www.langmaster.cz/comcz/French2/l06/a/hufex2_l06_a04.htm">/French2/l06/a/hufex2_l06_a04.htm</a>
         <br/>
         <a target="_blank"
            href="http://www.langmaster.cz/comcz/French2/l06/a/home.htm">
                            cvičení 4</a>
      </p>
      <div class="row">
         <div class="col-md-2 ">
            <img src="/schools/eaimgmp3/french2/img/homestudy/lesson06/page140/1846h0014.jpg"/>
         </div>
         <div class="col-md-10 ">- Vous connaissez le Pays basque?<br/>- Oui, c’est une région <GapFill id="g204" CorrectValue="où"/> nous sommes déjà allés. Nous avons passé des vacances dans un petit village <GapFill id="g205" CorrectValue="qui"/> se trouve près de Biarritz et <GapFill id="g206" CorrectValue="que"/> nous adorons.<br/>
            <br/>- <GapFill id="g255" CorrectValue="Où"/> est-ce que tu as acheté la robe <GapFill id="g256" CorrectValue="que"/> tu portais hier?<br/>- Dans une boutique <GapFill id="g305" CorrectValue="qui"/> est à côté de chez Tati.<br/>- Là <GapFill id="g354" CorrectValue="où"/> on trouve des soldes à des prix intéressants?<br/>- Oui, c’est ça.<br/>
            <br/>- Tu te souviens de la salle des ventes <GapFill id="g451" CorrectValue="où"/> on a acheté nos colliers? Eh bien, on a cambriolé tous les objets <GapFill id="g452" CorrectValue="qui"/> s’y trouvaient.<br/>- C’est pas vrai!<br/>- Si! Au fait, tu peux me rendre l’argent <GapFill id="g549" CorrectValue="que"/> je t’ai prêté la semaine dernière?<br/>
            <br/>- Je trouve que le travail <GapFill id="g598" CorrectValue="que"/> je fais est mal payé.<br/>- N’exagère pas ! Il y a des gens <GapFill id="g647" CorrectValue="qui"/> n’en ont pas et <GapFill id="g648" CorrectValue="qui"/> sont plus malheureux que toi.<br/>
            <br/>- Qui est cet homme <GapFill id="g697" CorrectValue="qui"/> nous salue?<br/>- Tu n’as vraiment pas de mémoire. C’est l’homme <GapFill id="g746" CorrectValue="que"/> nous avons rencontré hier au musée. Tu te souviens? Dans la salle <GapFill id="g747" CorrectValue="où"/> tu es restée si longtemps.<br/>
         </div>
      </div>
   </Ex>
   <Ex id="hufex2_l06_a05"
       title="Devinettes"
       instr="Qu’est-ce que c’est? Devinez!"
       tech_instr="FILLING_IN">
      <p>
         <a target="_blank"
            href="http://www.langmaster.cz/comcz/French2/l06/a/hufex2_l06_a05.htm">/French2/l06/a/hufex2_l06_a05.htm</a>
         <br/>
         <a target="_blank"
            href="http://www.langmaster.cz/comcz/French2/l06/a/home.htm">
                            cvičení 5</a>
      </p>
      <div class="row">
         <div class="col-md-2 ">
            <img src="/schools/eaimgmp3/french2/img/homestudy/lesson06/page141/0655h0379.gif"/>
         </div>
         <div class="col-md-10 ">
            <div>
               <table class="table c-table">
                  <tr>
                     <td>
                        <b>{{Ttrans}}</b>
                        <br/>
                C’est quelque chose qui n’a pas d’odeur et que certaines personnes jettent par les fenêtres:<br/>
                        <GapFill id="g331"
                                 CorrectValue="l’argent"
                                 InitValue="l’argent"
                                 Example="true"/>
                     </td>
                  </tr>
               </table>
            </div>
            <table class="table c-table">
               <tr>
                  <td class=" middle"/>
                  <td class=" middle">
              C’est un endroit que les enfants aiment beaucoup et où on peut voir des clowns et des acrobates:<br/>
                     <GapFill id="g431" CorrectValue="le cirque" Width="200"/>
                  </td>
               </tr>
               <tr>
                  <td class=" middle"/>
                  <td class=" middle">
              C’est quelqu’un qui passe rarement par la porte et que la police recherche:<br/>
                     <GapFill id="g529" CorrectValue="le cambrioleur" Width="200"/>
                  </td>
               </tr>
               <tr>
                  <td class=" middle"/>
                  <td class=" middle">
              C’est un objet que la personne de la phrase précédente n’a pas et qui sert à ouvrir les portes:<br/>
                     <GapFill id="g627" CorrectValue="la clé" Width="200"/>
                  </td>
               </tr>
               <tr>
                  <td class=" middle"/>
                  <td class=" middle">
              C’est une ville de France où l’on mange très bien, de la choucroute par exemple. C’est la ville où se trouve le Parlement Européen:<br/>
                     <GapFill id="g725" CorrectValue="Strasbourg" Width="200"/>
                  </td>
               </tr>
            </table>
         </div>
      </div>
   </Ex>
   <Ex id="hufex2_l06_a06"
       title="Jeu des définitions!"
       instr="Donnez une définition des mots suivants en reliant les mots avec les définitions correctes."
       tech_instr="PAIRING">
      <p>
         <a target="_blank"
            href="http://www.langmaster.cz/comcz/French2/l06/a/hufex2_l06_a06.htm">/French2/l06/a/hufex2_l06_a06.htm</a>
         <br/>
         <a target="_blank"
            href="http://www.langmaster.cz/comcz/French2/l06/a/home.htm">
                            cvičení 6</a>
      </p>
      <div>
         <img src="/schools/eaimgmp3/french2/img/coursebook/lesson06/page54/p223_london_victoriastation.jpg"/>
      </div>
      <div>
         <Pairing id="E64">
            <PairingItem>un écrivain<Right>c’est une personne qui écrit des livres</Right>
            </PairingItem>
            <PairingItem>une gare<Right>c’est un endroit où on peut prendre le train</Right>
            </PairingItem>
            <PairingItem>un cybercafé<Right>c’est un endroit où l’on peut prendre une verre et surfer sur Internet</Right>
            </PairingItem>
            <PairingItem>des lunettes<Right>c’est un objet qui permet de mieux voir</Right>
            </PairingItem>
            <PairingItem>1789<Right>c’est l’année où a commencé la Révolution Française</Right>
            </PairingItem>
            <PairingItem>un clown<Right>c’est une personne qui a pour profession de faire rire les autres</Right>
            </PairingItem>
            <PairingItem>un boulanger<Right>c’est une personne qui fait et vend du pain</Right>
            </PairingItem>
            <PairingItem>un pourboire<Right>c’est une somme d’argent que l’on laisse au serveur dans un restaurant pour le remercier de vous avoir servi</Right>
            </PairingItem>
         </Pairing>
      </div>
   </Ex>
   <Ex id="hufex2_l06_a07"
       title="La cigale et la fourmi"
       instr="La cigale et la fourmi se reprochent plusieurs choses. Classez ces reproches en deux groupes."
       tech_instr="SORTING_INTO_GROUPS_DRAG_AND_DROP">
      <p>
         <a target="_blank"
            href="http://www.langmaster.cz/comcz/French2/l06/a/hufex2_l06_a07.htm">/French2/l06/a/hufex2_l06_a07.htm</a>
         <br/>
         <a target="_blank"
            href="http://www.langmaster.cz/comcz/French2/l06/a/home.htm">
                            cvičení 7</a>
      </p>
      <table class="table table-bordered c-table">
         <tr>
            <td class="c-table-default middle">Tu n’es jamais à découvert.</td>
            <td>
               <WordSelection id="ce298"
                              Words="Reproches de la fourmi à la cigale|#Reproches de la cigale à la fourmi"/>
            </td>
         </tr>
         <tr>
            <td class="c-table-default middle">Tu es trop raisonnable!</td>
            <td>
               <WordSelection id="ce290"
                              Words="Reproches de la fourmi à la cigale|#Reproches de la cigale à la fourmi"/>
            </td>
         </tr>
         <tr>
            <td class="c-table-default middle">Tu n’as pas le droit de toujours t’offrir des bijoux!</td>
            <td>
               <WordSelection id="ce197"
                              Words="#Reproches de la fourmi à la cigale|Reproches de la cigale à la fourmi"/>
            </td>
         </tr>
         <tr>
            <td class="c-table-default middle">Tu es toujours en train de compter ton argent!</td>
            <td>
               <WordSelection id="ce314"
                              Words="Reproches de la fourmi à la cigale|#Reproches de la cigale à la fourmi"/>
            </td>
         </tr>
         <tr>
            <td class="c-table-default middle">Tu ne t’offres jamais de bijoux!</td>
            <td>
               <WordSelection id="ce306"
                              Words="Reproches de la fourmi à la cigale|#Reproches de la cigale à la fourmi"/>
            </td>
         </tr>
         <tr>
            <td class="c-table-default middle">Tu craques toujours!</td>
            <td>
               <WordSelection id="ce205"
                              Words="#Reproches de la fourmi à la cigale|Reproches de la cigale à la fourmi"/>
            </td>
         </tr>
         <tr>
            <td class="c-table-default middle">Tu ne marchandes jamais!</td>
            <td>
               <WordSelection id="ce221"
                              Words="#Reproches de la fourmi à la cigale|Reproches de la cigale à la fourmi"/>
            </td>
         </tr>
         <tr>
            <td class="c-table-default middle">Tu ne possèdes rien!</td>
            <td>
               <WordSelection id="ce213"
                              Words="#Reproches de la fourmi à la cigale|Reproches de la cigale à la fourmi"/>
            </td>
         </tr>
      </table>
      <img src="/schools/eaimgmp3/french2/img/vocabulary/lesson06/page64/1779h0100.gif"/>
   </Ex>
</Module>
