﻿<?xml version="1.0" encoding="utf-8"?>
<Page id="hufex1_l07_a04">
  <p>
    <a href="http://www.langmaster.cz/comcz/French1/l07/a/hufex1_l07_a04.htm">/French1/l07/a/hufex1_l07_a04.htm</a>
    <br />
    <a href="http://www.langmaster.cz/comcz/French1/l07/a/home.htm">
                            cvičení 4</a>
  </p>
  <table class="table table-bordered c-table">
    <tr>
      <td class="c-table-default middle">Canaries</td>
      <td>
        <WordSelection id="ce364" CorrectValue="0" Words="le|#les|la/l’" />
      </td>
    </tr>
    <tr>
      <td class="c-table-default middle">France</td>
      <td>
        <WordSelection id="ce441" CorrectValue="0" Words="le|les|#la/l’" />
      </td>
    </tr>
    <tr>
      <td class="c-table-default middle">Etats-Unis</td>
      <td>
        <WordSelection id="ce356" CorrectValue="0" Words="le|#les|la/l’" />
      </td>
    </tr>
    <tr>
      <td class="c-table-default middle">Belgique</td>
      <td>
        <WordSelection id="ce449" CorrectValue="0" Words="le|les|#la/l’" />
      </td>
    </tr>
    <tr>
      <td class="c-table-default middle">Italie</td>
      <td>
        <WordSelection id="ce433" CorrectValue="0" Words="le|les|#la/l’" />
      </td>
    </tr>
    <tr>
      <td class="c-table-default middle">Canada</td>
      <td>
        <WordSelection id="ce279" CorrectValue="0" Words="#le|les|la/l’" />
      </td>
    </tr>
    <tr>
      <td class="c-table-default middle">Sénégal</td>
      <td>
        <WordSelection id="ce287" CorrectValue="0" Words="#le|les|la/l’" />
      </td>
    </tr>
  </table>
  <img src="/schools/eaimgmp3/french1/img/coursebook/lesson07/page60/05_flaggen.gif" />
  <div class="panel panel-info">
    <div class="panel-heading">
      <h3>{{Aboxtitle}}</h3>
    </div>
    <div class="panel-body">
      <p>
          {{Ttrans}}
          <br />
          
          {{Ttrans1}}
        <br />
        
          {{Ttrans2}}
        </p>
      <p>
        <b>En</b> France<br /><b>Au</b> Maroc
          <br /><b>Aux</b> Antilles
        </p>
    </div>
  </div>
  <info title="Noms de pays" instrTitle="{{Ahtmltitle}}" instrs="SORTING_INTO_GROUPS_DRAG_AND_DROP" />
</Page>