﻿<?xml version="1.0" encoding="utf-8"?>
<Page id="hufex1_l07_a05">
  <p>
    <a href="http://www.langmaster.cz/comcz/French1/l07/a/hufex1_l07_a05.htm">/French1/l07/a/hufex1_l07_a05.htm</a>
    <br />
    <a href="http://www.langmaster.cz/comcz/French1/l07/a/home.htm">
                            cvičení 5</a>
  </p>
  <div>
    <img src="/schools/eaimgmp3/french1/img/coursebook/lesson07/page60/anglie2002007.jpg" />
  </div>
  <div>
    <table class="table table-bordered c-table">
      <tr>
        <td class=" middle">
            L’année dernière, ils sont allés <GapFill id="g156" Width="200" CorrectValue="en" InitValue="" /> Tunisie pour les vacances.
          </td>
      </tr>
      <tr>
        <td class=" middle">
            Cette année, ils ont envie de passer l’été <GapFill id="g205" Width="200" CorrectValue="aux" InitValue="" /> Antilles.
          </td>
      </tr>
      <tr>
        <td class=" middle">
            Nous, nous faisons un safari <GapFill id="g254" Width="200" CorrectValue="au" InitValue="" /> Kenya.
          </td>
      </tr>
      <tr>
        <td class=" middle">
            Je voudrais vraiment aller <GapFill id="g303" Width="200" CorrectValue="en" InitValue="" /> Guadeloupe, et toi?
          </td>
      </tr>
      <tr>
        <td class=" middle">
            Je connais déjà. Cette année, je pars <GapFill id="g352" Width="200" CorrectValue="au" InitValue="" /> Maroc.
          </td>
      </tr>
    </table>
  </div>
  <info title="En France et au Maroc" instrTitle="{{Ahtmltitle}}" instrs="FILLING_IN" />
</Page>