﻿<?xml version="1.0" encoding="utf-8"?>
<Page id="hufex1_l07_a06">
  <p>
    <a href="http://www.langmaster.cz/comcz/French1/l07/a/hufex1_l07_a06.htm">/French1/l07/a/hufex1_l07_a06.htm</a>
    <br />
    <a href="http://www.langmaster.cz/comcz/French1/l07/a/home.htm">
                            cvičení 6</a>
  </p>
  <Possibilities Words="en Finlande|aux Etats-Unis|En Grèce|au Portugal|en Egypte|au Maroc|aux Antilles|en Iran" />
  <div>
    <img src="/schools/eaimgmp3/french1/img/homestudy/lesson07/page127/0552h0071.jpg" />
  </div>
  <div>
    <table class="table table-bordered c-table">
      <tr>
        <td class=" middle">
            Ils habitent <GapFill id="g156" Width="200" CorrectValue="au Portugal" InitValue="" />, près de Lisbonne.
          </td>
      </tr>
      <tr>
        <td class=" middle">
            Si tu vas <GapFill id="g205" Width="200" CorrectValue="aux Antilles" InitValue="" />, rapporte-moi une bouteille de rhum blanc.
          </td>
      </tr>
      <tr>
        <td class=" middle">
          <GapFill id="g254" Width="200" CorrectValue="En Grèce" InitValue="" />, nous voulons visiter le Parthénon et la ville de Delphes.
          </td>
      </tr>
      <tr>
        <td class=" middle">
            Elle est née à Téhéran, <GapFill id="g303" Width="200" CorrectValue="en Iran" InitValue="" />.
          </td>
      </tr>
      <tr>
        <td class=" middle">
            Je suis resté un mois <GapFill id="g352" Width="200" CorrectValue="aux Etats-Unis" InitValue="" />, dans le Colorado.
          </td>
      </tr>
      <tr>
        <td class=" middle">
            Les montagnes du Haut-Atlas <GapFill id="g401" Width="200" CorrectValue="au Maroc" InitValue="" /> sont vraiment idéales pour faire de la randonnée.
          </td>
      </tr>
      <tr>
        <td class=" middle">
            Ils font une croisière sur le Nil, <GapFill id="g450" Width="200" CorrectValue="en Egypte" InitValue="" />.
          </td>
      </tr>
      <tr>
        <td class=" middle">
            Tu veux faire du ski de fond <GapFill id="g499" Width="200" CorrectValue="en Finlande" InitValue="" />! Il fait vraiment trop froid!
          </td>
      </tr>
    </table>
  </div>
  <info title="Et Lisbonne est où?" instrTitle="{{Ahtmltitle}}" instrs="FILLING_IN" />
</Page>