﻿<?xml version="1.0" encoding="utf-8"?>
<Page id="hufex1_l07_a08">
  <p>
    <a href="http://www.langmaster.cz/comcz/French1/l07/a/hufex1_l07_a08.htm">/French1/l07/a/hufex1_l07_a08.htm</a>
    <br />
    <a href="http://www.langmaster.cz/comcz/French1/l07/a/home.htm">
                            cvičení 8</a>
  </p>
  <div class="row">
    <div class="col-md-2 ">
      <img src="/schools/eaimgmp3/french1/img/vocabulary/lesson07/page57/0800h3279.jpg" />
    </div>
    <div class="col-md-10 ">
      <Pairing id="E64">
        <PairingItem>la culture<Right>
              {{Ttrans}}
            </Right></PairingItem>
        <PairingItem>la sculpture<Right>
              {{Ttrans1}}
            </Right></PairingItem>
        <PairingItem>la qualité<Right>
              {{Ttrans2}}
            </Right></PairingItem>
        <PairingItem>le confort<Right>
              {{Ttrans3}}
            </Right></PairingItem>
        <PairingItem>le charme<Right>
              {{Ttrans4}}
            </Right></PairingItem>
        <PairingItem>la famille<Right>
              {{Ttrans5}}
            </Right></PairingItem>
        <PairingItem>le chocolat<Right>
              {{Ttrans6}}
            </Right></PairingItem>
        <PairingItem>exotique<Right>
              {{Ttrans7}}
            </Right></PairingItem>
        <PairingItem>typique<Right>
              {{Ttrans8}}
            </Right></PairingItem>
        <PairingItem>discret, discrète<Right>
              {{Ttrans9}}
            </Right></PairingItem>
        <PairingItem>idéal, e<Right>
              {{Ttrans10}}
            </Right></PairingItem>
        <PairingItem>combiner<Right>
              {{Ttrans11}}
            </Right></PairingItem>
      </Pairing>
    </div>
  </div>
  <info title="En tchèque et en français" instrTitle="{{Ahtmltitle}}" instrs="PAIRING" />
</Page>