﻿<?xml version="1.0" encoding="utf-8"?>
<Module title="Chapitre A">
   <Ex id="hufex1_l07_a01"
       title="Les vacances"
       instr="{{Ahtmltitle}}"
       tech_instr="FILLING_IN">
      <p>
         <a target="_blank"
            href="http://www.langmaster.cz/comcz/French1/l07/a/hufex1_l07_a01.htm">/French1/l07/a/hufex1_l07_a01.htm</a>
         <br/>
         <a target="_blank"
            href="http://www.langmaster.cz/comcz/French1/l07/a/home.htm">
                            cvičení 1</a>
      </p>
      <div class="row">
         <div class="col-md-12 ">
            <b>1.</b> Soyez acteur de vos vacances! Offrez-vous une croisière en France! Canal du Midi – Au fil de l’eau
        <br/>
            <b>2.</b> Visitez les châteaux de la Loire à VTT!
        <br/>
            <b>3.</b> Embarquez-vous pour une croisière aux Antilles!
        <br/>
            <b>4.</b> Passez vos vacances en Dordogne! Confort et qualité de l’hôtellerie familiale
      </div>
      </div>
      <div>
         <table class="table table-bordered c-table">
            <tr>
               <td>
                  <img src="/schools/eaimgmp3/french1/img/coursebook/lesson07/page57/schiff.jpg"/>
               </td>
               <td>
                  <img src="/schools/eaimgmp3/french1/img/coursebook/lesson07/page57/canal_de_midi.jpg"/>
               </td>
               <td>
                  <img src="/schools/eaimgmp3/french1/img/coursebook/lesson07/page57/relais_de_la_poste.jpg"/>
               </td>
               <td>
                  <img src="/schools/eaimgmp3/french1/img/coursebook/lesson07/page57/dia01c.jpg"/>
               </td>
            </tr>
            <tr>
               <td>
                  <GapFill id="gf01" CorrectValue="3"/>
               </td>
               <td>
                  <GapFill id="gf02" CorrectValue="1"/>
               </td>
               <td>
                  <GapFill id="gf03" CorrectValue="4"/>
               </td>
               <td>
                  <GapFill id="gf04" CorrectValue="2"/>
               </td>
            </tr>
         </table>
      </div>
   </Ex>
   <Ex id="hufex1_l07_a02"
       title="Les vacances pour un monsieur"
       instr="{{Ahtmltitle}}"
       tech_instr="MULTIPLE_CHOICE_TWO_STATES SOUND_PLAYBACK">
      <p>
         <a target="_blank"
            href="http://www.langmaster.cz/comcz/French1/l07/a/hufex1_l07_a02.htm">/French1/l07/a/hufex1_l07_a02.htm</a>
         <br/>
         <a target="_blank"
            href="http://www.langmaster.cz/comcz/French1/l07/a/home.htm">
                            cvičení 2</a>
      </p>
      <div>
         <img src="/schools/eaimgmp3/french1/img/coursebook/lesson07/page57/am_sofa.gif"/>
      </div>
      <div class="row">
         <div class="col-md-1 ">
            <MediaBigMark Url="/schools/eaimgmp3/french1wma/lesson07/hufex1_l07_a02.mp3"
                          Sequence=""/>
         </div>
         <div class="col-md-11 ">
            <CheckItem id="o277" TextId="TrueFalse" CorrectValue="false"/>Il préfère les vacances au bord de la mer.<br/>
            <CheckItem id="o284" TextId="TrueFalse" CorrectValue="true"/>Il n’aime pas des touristes.<br/>
            <CheckItem id="o291" TextId="TrueFalse" CorrectValue="false"/>Il aime la cuisine italienne.<br/>
            <CheckItem id="o298" TextId="TrueFalse" CorrectValue="true"/>Il aime la cuisine française.<br/>
            <CheckItem id="o305" TextId="TrueFalse" CorrectValue="false"/>Il aime la cuisine française moderne.</div>
      </div>
   </Ex>
   <Ex id="hufex1_l07_a03"
       title="Qu’est ce qu’ils font pendant les vacances?"
       instr="{{Ahtmltitle}}"
       tech_instr="FILLING_IN SOUND_PLAYBACK">
      <p>
         <a target="_blank"
            href="http://www.langmaster.cz/comcz/French1/l07/a/hufex1_l07_a03.htm">/French1/l07/a/hufex1_l07_a03.htm</a>
         <br/>
         <a target="_blank"
            href="http://www.langmaster.cz/comcz/French1/l07/a/home.htm">
                            cvičení 3</a>
      </p>
      <div>
         <img src="/schools/eaimgmp3/french1/img/homestudy/lesson07/page126/14__1234.gif"/>
      </div>
      <div>
         <table class="table table-bordered c-table">
            <tr>
               <td class="c-table-default middle"/>
               <td class="c-table-default middle">
                  <MediaBigMark Url="/schools/eaimgmp3/french1wma/lesson07/hufex1_l07_a03.mp3"
                                Sequence="0-4"/>
               </td>
               <td class="c-table-default middle">
                  <MediaBigMark Url="/schools/eaimgmp3/french1wma/lesson07/hufex1_l07_a03.mp3"
                                Sequence="5-15"/>
               </td>
            </tr>
            <tr>
               <td class=" middle">Où vont-ils?</td>
               <td class=" middle">
            dans <GapFill id="g330"
                           CorrectValue="les"
                           InitValue="les"
                           Example="true"
                           Width="200"/>
                  <GapFill id="g331"
                           CorrectValue="Alpes"
                           InitValue="Alpes"
                           Example="true"
                           Width="200"/>, <GapFill id="g332"
                           CorrectValue="près"
                           InitValue="près"
                           Example="true"
                           Width="200"/>
                  <GapFill id="g333"
                           CorrectValue="de"
                           InitValue="de"
                           Example="true"
                           Width="200"/> Chamonix
          </td>
               <td class=" middle">
            en Corse, <GapFill id="g335" CorrectValue="à" Width="200"/> Bastia
          </td>
            </tr>
            <tr>
               <td class=" middle">Pourquoi?</td>
               <td class=" middle">
            Ils aiment <GapFill id="g339" CorrectValue="la" Width="200"/>
                  <GapFill id="g340" CorrectValue="randonnée" Width="200"/>, <GapFill id="g341" CorrectValue="le" Width="200"/>
                  <GapFill id="g342" CorrectValue="calme" Width="200"/>.
          </td>
               <td class=" middle">
            Sa <GapFill id="g344" CorrectValue="famille" Width="200"/> habite en Corse. Ils adorent <GapFill id="g345" CorrectValue="la" Width="200"/>
                  <GapFill id="g346" CorrectValue="mer" Width="200"/>.
          </td>
            </tr>
            <tr>
               <td class=" middle">Quand?</td>
               <td class=" middle">
            au mois d’<GapFill id="g350" CorrectValue="août" Width="200"/>
               </td>
               <td class=" middle">
                  <GapFill id="g352" CorrectValue="en" Width="200"/> <GapFill id="g353" CorrectValue="juillet" Width="200"/>
               </td>
            </tr>
            <tr>
               <td class=" middle">Où logent-ils?</td>
               <td class=" middle">
            Ils louent un <GapFill id="g357" CorrectValue="chalet" Width="200"/>.
          </td>
               <td class=" middle">
            dans sa <GapFill id="g359" CorrectValue="famille" Width="200"/>
               </td>
            </tr>
         </table>
      </div>
      <div>
         <table class="table table-bordered c-table">
            <tr>
               <td class="c-table-default middle"/>
               <td class="c-table-default middle">
                  <MediaBigMark Url="/schools/eaimgmp3/french1wma/lesson07/hufex1_l07_a03.mp3"
                                Sequence="16-23"/>
               </td>
               <td class="c-table-default middle">
                  <MediaBigMark Url="/schools/eaimgmp3/french1wma/lesson07/hufex1_l07_a03.mp3"
                                Sequence="24-"/>
               </td>
            </tr>
            <tr>
               <td class=" middle">Où vont-ils?</td>
               <td class=" middle">
                  <GapFill id="g602" CorrectValue="dans" Width="200"/>
                  <GapFill id="g902" CorrectValue="les" Width="200"/>Cévennes
            </td>
               <td class=" middle">
                  <GapFill id="g604" CorrectValue="au" Width="200"/>
                  <GapFill id="g904" CorrectValue="Maroc" Width="200"/>
               </td>
            </tr>
            <tr>
               <td class=" middle">Pourquoi?</td>
               <td class=" middle">
              Elle a <GapFill id="g608" CorrectValue="une" Width="200"/>
                  <GapFill id="g609" CorrectValue="maison" Width="200"/> dans les Cévennes. Elle aime <GapFill id="g610" CorrectValue="la" Width="200"/>
                  <GapFill id="g611" CorrectValue="nature" Width="200"/>.
            </td>
               <td class=" middle">
              Il est <GapFill id="g613" CorrectValue="marocain" Width="200"/>. Au <GapFill id="g615" CorrectValue="Maroc" Width="200"/>, il fait <GapFill id="g616" CorrectValue="beau" Width="200"/>. Ses <GapFill id="g617" CorrectValue="amis" Width="200"/> habitent au <GapFill id="g618" CorrectValue="Maroc" Width="200"/>.
            </td>
            </tr>
            <tr>
               <td class=" middle">Quand?</td>
               <td class=" middle">
                  <GapFill id="g622" CorrectValue="à" Width="200"/> <GapFill id="g623" CorrectValue="Pâques" Width="200"/>, <GapFill id="g624" CorrectValue="en" Width="200"/> <GapFill id="g625" CorrectValue="été" Width="200"/>
               </td>
               <td class=" middle">-</td>
            </tr>
            <tr>
               <td class=" middle">Où logent-ils?</td>
               <td class=" middle">
                  <GapFill id="g630" CorrectValue="dans" Width="200"/> sa <GapFill id="g631" CorrectValue="résidence" Width="200"/> secondaire
            </td>
               <td class=" middle">
              chez ses <GapFill id="g633" CorrectValue="amis" Width="200"/>, dans sa <GapFill id="g634" CorrectValue="famille" Width="200"/>
               </td>
            </tr>
         </table>
      </div>
   </Ex>
   <Ex id="hufex1_l07_a04"
       title="Noms de pays"
       instr="{{Ahtmltitle}}"
       tech_instr="SORTING_INTO_GROUPS_DRAG_AND_DROP">
      <p>
         <a target="_blank"
            href="http://www.langmaster.cz/comcz/French1/l07/a/hufex1_l07_a04.htm">/French1/l07/a/hufex1_l07_a04.htm</a>
         <br/>
         <a target="_blank"
            href="http://www.langmaster.cz/comcz/French1/l07/a/home.htm">
                            cvičení 4</a>
      </p>
      <table class="table table-bordered c-table">
         <tr>
            <td class="c-table-default middle">Italie</td>
            <td>
               <WordSelection id="ce433" Words="le|les|#la/l’"/>
            </td>
         </tr>
         <tr>
            <td class="c-table-default middle">France</td>
            <td>
               <WordSelection id="ce441" Words="le|les|#la/l’"/>
            </td>
         </tr>
         <tr>
            <td class="c-table-default middle">Belgique</td>
            <td>
               <WordSelection id="ce449" Words="le|les|#la/l’"/>
            </td>
         </tr>
         <tr>
            <td class="c-table-default middle">Canada</td>
            <td>
               <WordSelection id="ce279" Words="#le|les|la/l’"/>
            </td>
         </tr>
         <tr>
            <td class="c-table-default middle">Canaries</td>
            <td>
               <WordSelection id="ce364" Words="le|#les|la/l’"/>
            </td>
         </tr>
         <tr>
            <td class="c-table-default middle">Sénégal</td>
            <td>
               <WordSelection id="ce287" Words="#le|les|la/l’"/>
            </td>
         </tr>
         <tr>
            <td class="c-table-default middle">Etats-Unis</td>
            <td>
               <WordSelection id="ce356" Words="le|#les|la/l’"/>
            </td>
         </tr>
      </table>
      <img src="/schools/eaimgmp3/french1/img/coursebook/lesson07/page60/05_flaggen.gif"/>
      <div class="col-md-6">
         <div class="panel panel-info">
            <div class="panel-heading">
               <h3>{{Aboxtitle}}</h3>
            </div>
            <div class="panel-body">
               <p>
          {{Ttrans}}
          <br/>
          
          {{Ttrans1}}
        <br/>
        
          {{Ttrans2}}
        </p>
               <p>
                  <b>En</b> France<br/>
                  <b>Au</b> Maroc
          <br/>
                  <b>Aux</b> Antilles
        </p>
            </div>
         </div>
      </div>
   </Ex>
   <Ex id="hufex1_l07_a05"
       title="En France et au Maroc"
       instr="{{Ahtmltitle}}"
       tech_instr="FILLING_IN">
      <p>
         <a target="_blank"
            href="http://www.langmaster.cz/comcz/French1/l07/a/hufex1_l07_a05.htm">/French1/l07/a/hufex1_l07_a05.htm</a>
         <br/>
         <a target="_blank"
            href="http://www.langmaster.cz/comcz/French1/l07/a/home.htm">
                            cvičení 5</a>
      </p>
      <div>
         <img src="/schools/eaimgmp3/french1/img/coursebook/lesson07/page60/anglie2002007.jpg"/>
      </div>
      <div>
         <table class="table table-bordered c-table">
            <tr>
               <td class=" middle">
            L’année dernière, ils sont allés <GapFill id="g156" CorrectValue="en" Width="200"/> Tunisie pour les vacances.
          </td>
            </tr>
            <tr>
               <td class=" middle">
            Cette année, ils ont envie de passer l’été <GapFill id="g205" CorrectValue="aux" Width="200"/> Antilles.
          </td>
            </tr>
            <tr>
               <td class=" middle">
            Nous, nous faisons un safari <GapFill id="g254" CorrectValue="au" Width="200"/> Kenya.
          </td>
            </tr>
            <tr>
               <td class=" middle">
            Je voudrais vraiment aller <GapFill id="g303" CorrectValue="en" Width="200"/> Guadeloupe, et toi?
          </td>
            </tr>
            <tr>
               <td class=" middle">
            Je connais déjà. Cette année, je pars <GapFill id="g352" CorrectValue="au" Width="200"/> Maroc.
          </td>
            </tr>
         </table>
      </div>
   </Ex>
   <Ex id="hufex1_l07_a06"
       title="Et Lisbonne est où?"
       instr="{{Ahtmltitle}}"
       tech_instr="FILLING_IN">
      <p>
         <a target="_blank"
            href="http://www.langmaster.cz/comcz/French1/l07/a/hufex1_l07_a06.htm">/French1/l07/a/hufex1_l07_a06.htm</a>
         <br/>
         <a target="_blank"
            href="http://www.langmaster.cz/comcz/French1/l07/a/home.htm">
                            cvičení 6</a>
      </p>
      <Possibilities Words="en Iran|en Egypte|au Portugal|en Finlande|En Grèce|aux Etats-Unis|au Maroc|aux Antilles"/>
      <div>
         <img src="/schools/eaimgmp3/french1/img/homestudy/lesson07/page127/0552h0071.jpg"/>
      </div>
      <div>
         <table class="table table-bordered c-table">
            <tr>
               <td class=" middle">
            Ils habitent <GapFill id="g156" CorrectValue="au Portugal" Width="200"/>, près de Lisbonne.
          </td>
            </tr>
            <tr>
               <td class=" middle">
            Si tu vas <GapFill id="g205" CorrectValue="aux Antilles" Width="200"/>, rapporte-moi une bouteille de rhum blanc.
          </td>
            </tr>
            <tr>
               <td class=" middle">
                  <GapFill id="g254" CorrectValue="En Grèce" Width="200"/>, nous voulons visiter le Parthénon et la ville de Delphes.
          </td>
            </tr>
            <tr>
               <td class=" middle">
            Elle est née à Téhéran, <GapFill id="g303" CorrectValue="en Iran" Width="200"/>.
          </td>
            </tr>
            <tr>
               <td class=" middle">
            Je suis resté un mois <GapFill id="g352" CorrectValue="aux Etats-Unis" Width="200"/>, dans le Colorado.
          </td>
            </tr>
            <tr>
               <td class=" middle">
            Les montagnes du Haut-Atlas <GapFill id="g401" CorrectValue="au Maroc" Width="200"/> sont vraiment idéales pour faire de la randonnée.
          </td>
            </tr>
            <tr>
               <td class=" middle">
            Ils font une croisière sur le Nil, <GapFill id="g450" CorrectValue="en Egypte" Width="200"/>.
          </td>
            </tr>
            <tr>
               <td class=" middle">
            Tu veux faire du ski de fond <GapFill id="g499" CorrectValue="en Finlande" Width="200"/>! Il fait vraiment trop froid!
          </td>
            </tr>
         </table>
      </div>
   </Ex>
   <Ex id="hufex1_l07_a07"
       title="A vous!"
       instr="{{Ahtmltitle}}"
       tech_instr="FILLING_IN">
      <p>
         <a target="_blank"
            href="http://www.langmaster.cz/comcz/French1/l07/a/hufex1_l07_a07.htm">/French1/l07/a/hufex1_l07_a07.htm</a>
         <br/>
         <a target="_blank"
            href="http://www.langmaster.cz/comcz/French1/l07/a/home.htm">
                            cvičení 7</a>
      </p>
      <div class="row">
         <div class="col-md-3 ">
            <img src="/schools/eaimgmp3/french1/img/vocabulary/lesson07/page56/p280thaxted13.jpg"/>
         </div>
         <div class="col-md-9 ">
            <table class="table table-bordered c-table">
               <tr>
                  <td class=" middle">
              {{Ttrans}}
            </td>
                  <td class=" middle">
                     <GapFill id="g234" CorrectValue="le stage|un stage" Width="200"/>
                  </td>
               </tr>
               <tr>
                  <td class=" middle">
              {{Ttrans1}}
            </td>
                  <td class=" middle">
                     <GapFill id="g236" CorrectValue="le voyage|un voyage" Width="200"/>
                  </td>
               </tr>
               <tr>
                  <td class=" middle">
              {{Ttrans2}}
            </td>
                  <td class=" middle">
                     <GapFill id="g238" CorrectValue="le village|un village" Width="200"/>
                  </td>
               </tr>
               <tr>
                  <td class=" middle">
              {{Ttrans3}}
            </td>
                  <td class=" middle">
                     <GapFill id="g240" CorrectValue="le fromage|un fromage" Width="200"/>
                  </td>
               </tr>
            </table>
         </div>
      </div>
   </Ex>
   <Ex id="hufex1_l07_a08"
       title="En tchèque et en français"
       instr="{{Ahtmltitle}}"
       tech_instr="PAIRING">
      <p>
         <a target="_blank"
            href="http://www.langmaster.cz/comcz/French1/l07/a/hufex1_l07_a08.htm">/French1/l07/a/hufex1_l07_a08.htm</a>
         <br/>
         <a target="_blank"
            href="http://www.langmaster.cz/comcz/French1/l07/a/home.htm">
                            cvičení 8</a>
      </p>
      <div class="row">
         <div class="col-md-2 ">
            <img src="/schools/eaimgmp3/french1/img/vocabulary/lesson07/page57/0800h3279.jpg"/>
         </div>
         <div class="col-md-10 ">
            <Pairing id="E64">
               <PairingItem>la culture<Right>
              {{Ttrans}}
            </Right>
               </PairingItem>
               <PairingItem>la sculpture<Right>
              {{Ttrans1}}
            </Right>
               </PairingItem>
               <PairingItem>la qualité<Right>
              {{Ttrans2}}
            </Right>
               </PairingItem>
               <PairingItem>le confort<Right>
              {{Ttrans3}}
            </Right>
               </PairingItem>
               <PairingItem>le charme<Right>
              {{Ttrans4}}
            </Right>
               </PairingItem>
               <PairingItem>la famille<Right>
              {{Ttrans5}}
            </Right>
               </PairingItem>
               <PairingItem>le chocolat<Right>
              {{Ttrans6}}
            </Right>
               </PairingItem>
               <PairingItem>exotique<Right>
              {{Ttrans7}}
            </Right>
               </PairingItem>
               <PairingItem>typique<Right>
              {{Ttrans8}}
            </Right>
               </PairingItem>
               <PairingItem>discret, discrète<Right>
              {{Ttrans9}}
            </Right>
               </PairingItem>
               <PairingItem>idéal, e<Right>
              {{Ttrans10}}
            </Right>
               </PairingItem>
               <PairingItem>combiner<Right>
              {{Ttrans11}}
            </Right>
               </PairingItem>
            </Pairing>
         </div>
      </div>
   </Ex>
</Module>
