﻿<?xml version="1.0" encoding="utf-8"?>
<Page id="hufex1_l05_d01">
  <p>
    <a href="http://www.langmaster.cz/comcz/French1/l05/d/hufex1_l05_d01.htm">/French1/l05/d/hufex1_l05_d01.htm</a>
    <br />
    <a href="http://www.langmaster.cz/comcz/French1/l05/d/home.htm">
                            cvičení 1</a>
  </p>
  <div>
    <img src="/schools/eaimgmp3/french1/img/coursebook/lesson05/page43/bankovky.gif" />
  </div>
  <div>
    <Pairing id="E64">
      <PairingItem>15,75 Eur<Right>quinze euros soixante-quinze</Right></PairingItem>
      <PairingItem>53,25 Eur<Right>cinquante-trois euros vingt-cinq</Right></PairingItem>
      <PairingItem>77,35 Eur<Right>soixante dix-sept euros trente-cinq</Right></PairingItem>
      <PairingItem>199,95 Eur<Right>cent quatre-vingt-dix-neuf euros quatre-vingt-quinze</Right></PairingItem>
      <PairingItem>733,50 Eur<Right>sept cent trente-trois euros cinquante</Right></PairingItem>
      <PairingItem>1250 Eur<Right>mille deux cent cinquante euros</Right></PairingItem>
    </Pairing>
  </div>
  <info title="En liquide" instrTitle="{{Ahtmltitle}}" instrs="PAIRING" />
</Page>