﻿<?xml version="1.0" encoding="utf-8"?>
<Page id="hufex1_l05_d02">
  <p>
    <a href="http://www.langmaster.cz/comcz/French1/l05/d/hufex1_l05_d02.htm">/French1/l05/d/hufex1_l05_d02.htm</a>
    <br />
    <a href="http://www.langmaster.cz/comcz/French1/l05/d/home.htm">
                            cvičení 2</a>
  </p>
  <div>
    <img src="/schools/eaimgmp3/french1/img/coursebook/lesson05/page43/chegue.jpg" />
  </div>
  <div>
    <table>
      <tr>
        <td class=" middle">
          <h3>La Redoute</h3>
        </td>
        <td class=" middle">
          <h4>Bon de commande</h4>La Redoute, 59081 Roubaix Cedex 2
          </td>
        <td class=" middle" />
        <td class=" middle" />
        <td class=" middle" />
        <td class=" middle" />
      </tr>
      <tr>
        <td class=" middle">
            Nom: <GapFill id="g202" CorrectValue="Mugnier" InitValue="" /> Prénom: <GapFill id="g203" CorrectValue="Marie-Odile" InitValue="" /><br />Adresse: <GapFill id="g204" CorrectValue="3, rue Maréchal Leclerc" InitValue="" /><br />Ville: <GapFill id="g205" CorrectValue="Châtillon sur Seine" InitValue="" /><br />Code Postal: <GapFill id="g206" CorrectValue="21400" InitValue="" /></td>
        <td class=" middle" />
        <td class=" middle" />
        <td class=" middle" />
        <td class=" middle" />
        <td class=" middle" />
      </tr>
      <tr>
        <td class=" middle" />
        <td class=" middle" />
        <td class=" middle" />
        <td class=" middle" />
        <td class=" middle" />
        <td class=" middle" />
      </tr>
      <tr>
        <td class=" middle">
          <b>Articles</b>
        </td>
        <td class=" middle">
          <b>Références</b>
        </td>
        <td class=" middle">
          <b>Taille/Pointure</b>
        </td>
        <td class=" middle">
          <b>Quantité</b>
        </td>
        <td class=" middle">
          <b>Prix unitaire</b>
        </td>
        <td class=" middle">
          <b>Montant</b>
        </td>
      </tr>
      <tr>
        <td class=" middle">
          <i>pantalon</i>
        </td>
        <td class=" middle">600.4237</td>
        <td class=" middle">126</td>
        <td class=" middle">1</td>
        <td class=" middle">16,50 €</td>
        <td class=" middle">16,50 €</td>
      </tr>
      <tr>
        <td class=" middle">
          <i>pull</i>
        </td>
        <td class=" middle">672.3420</td>
        <td class=" middle">126</td>
        <td class=" middle">1</td>
        <td class=" middle">12,50 €</td>
        <td class=" middle">12,50 €</td>
      </tr>
      <tr>
        <td class=" middle">
          <i>chaussures</i>
        </td>
        <td class=" middle">650.7794</td>
        <td class=" middle">30</td>
        <td class=" middle">1</td>
        <td class=" middle">31,50 €</td>
        <td class=" middle">31,50 €</td>
      </tr>
      <tr>
        <td class=" middle" />
        <td class=" middle" />
        <td class=" middle" />
        <td class=" middle" />
        <td class=" middle" />
        <td class=" middle" />
      </tr>
      <tr>
        <td class=" middle" />
        <td class=" middle" />
        <td class=" middle" />
        <td class=" middle" />
        <td class=" middle" />
        <td class=" middle" />
      </tr>
      <tr>
        <td class=" middle" />
        <td class=" middle" />
        <td class=" middle" />
        <td class=" middle" />
        <td class=" middle" />
        <td class=" middle" />
      </tr>
      <tr>
        <td class=" middle" />
        <td class=" middle" />
        <td class=" middle">
          <b>
              Montant de la commande <GapFill id="g330" CorrectValue="60,50" InitValue="" /> €<br />Frais d’envoi 6,50 €<br />Total <GapFill id="g331" CorrectValue="67" InitValue="" /> €
            </b>
        </td>
        <td class=" middle" />
        <td class=" middle" />
        <td class=" middle" />
      </tr>
      <tr>
        <td class=" middle" />
        <td class=" middle" />
        <td class=" middle" />
        <td class=" middle" />
        <td class=" middle" />
        <td class=" middle" />
      </tr>
      <tr>
        <td class=" middle">
            Votre mode de paimentà la livraison<br /><b>chèque bancaire</b><br />par carte bancaire n° ______________
          </td>
        <td class=" middle" />
        <td class=" middle" />
        <td class=" middle" />
        <td class=" middle" />
        <td class=" middle" />
      </tr>
      <tr>
        <td class=" middle" />
        <td class=" middle" />
        <td class=" middle" />
        <td class=" middle" />
        <td class=" middle" />
        <td class=" middle" />
      </tr>
      <tr>
        <td class=" middle" />
        <td class=" middle" />
        <td class=" middle" />
        <td class=" middle">Signature ________________</td>
        <td class=" middle" />
        <td class=" middle" />
      </tr>
      <tr>
        <td class=" middle" />
        <td class=" middle" />
        <td class=" middle" />
        <td class=" middle" />
        <td class=" middle" />
        <td class=" middle" />
      </tr>
    </table>
  </div>
  <info title="Par chèque ou carte de crédit?" instrTitle="{{Ahtmltitle}}" instrs="FILLING_IN" />
</Page>