﻿<?xml version="1.0" encoding="utf-8"?>
<Module title="EU Institutions">
   <Ex id="ex0"
       title="EU Institutions"
       instr="{{:~CSLocalize(null,'A government official, Mr Parker, is discussing EU institutions with a university student, who is writing a thesis. Listen carefully to the recording and number the parts of the dialogue as you hear them.')}}"
       tech_instr="FILLING_IN SOUND_PLAYBACK">
      <div class="row">
         <div class="col-md-1">
            <img src="/jslib/ea/img/sdmarkbig.gif" alt="Play"/>
        TODO Sound
        <!--~/EuroEnglishWma/Chapter1/euinstituions.wma-->
        TODO Sound
        </div>
         <div class="col-md-11">
            <table class="table table-bordered c-table">
               <tr>
                  <td class=" middle">
                     <GapFill id="d1e497" CorrectValue="7" InitValue="" Example=""/>
                  </td>
                  <td class=" middle">Mr. Parker:</td>
                  <td class=" middle">Exactly. It has jurisdiction in disputes involving member states, EU institutions, businesses and individuals… We should also speak about another very important EU institution – the European Parliament. </td>
               </tr>
               <tr>
                  <td class=" middle">
                     <GapFill id="d1e4911" CorrectValue="11" InitValue="" Example=""/>
                  </td>
                  <td class=" middle">Mr. Parker:</td>
                  <td class=" middle">Then you should find out about the Committee of the Regions. It has to be consulted on matters concerning regional policy, education and the environment. </td>
               </tr>
               <tr>
                  <td class=" middle">
                     <GapFill id="d1e49" CorrectValue="1" InitValue="" Example=""/>
                  </td>
                  <td class=" middle">Mr. Parker:</td>
                  <td class=" middle">I’m sure you know that the European Union is built on an institutional system. Do you know for instance which institution is the executive body and is responsible for implementing European legislation? </td>
               </tr>
               <tr>
                  <td class=" middle">
                     <GapFill id="d1e498" CorrectValue="8" InitValue="" Example=""/>
                  </td>
                  <td class=" middle">Student:</td>
                  <td class=" middle">	I don't think we need to discuss it. I already have quite a bit of information about it. Parliament is responsible for adopting European laws and it shares budgetary authority. </td>
               </tr>
               <tr>
                  <td class=" middle">
                     <GapFill id="d1e492" CorrectValue="2" InitValue="" Example=""/>
                  </td>
                  <td class=" middle">Student:</td>
                  <td class=" middle">I think it’s the European Commission that presents legislative proposals to Parliament and the Council, isn’t it? I'm not certain about the precise responsibilities of the Council though.</td>
               </tr>
               <tr>
                  <td class=" middle">
                     <GapFill id="d1e494" CorrectValue="4" InitValue="" Example=""/>
                  </td>
                  <td class=" middle">Student:</td>
                  <td class=" middle">And what about taking decisions for framing and implementing common foreign and security policy? </td>
               </tr>
               <tr>
                  <td class=" middle">
                     <GapFill id="d1e4910" CorrectValue="10" InitValue="" Example=""/>
                  </td>
                  <td class=" middle">Student:</td>
                  <td class=" middle">Yes, in fact I need detailed material about the activities of the Committee. I only know that the Committee must be consulted on matters relating to social and economic policy. But ...my thesis is also about educational and environmental matters. </td>
               </tr>
               <tr>
                  <td class=" middle">
                     <GapFill id="d1e496" CorrectValue="6" InitValue="" Example=""/>
                  </td>
                  <td class=" middle">Student:</td>
                  <td class=" middle">And then it’s the European Court of Justice which makes sure that Community law is uniformly interpreted and effectively applied, right?</td>
               </tr>
               <tr>
                  <td class=" middle">
                     <GapFill id="d1e499" CorrectValue="9" InitValue="" Example=""/>
                  </td>
                  <td class=" middle">Mr. Parker:</td>
                  <td class=" middle">Right. And do you need some facts about the European Economic and Social Committee for your thesis?</td>
               </tr>
               <tr>
                  <td class=" middle">
                     <GapFill id="d1e493" CorrectValue="3" InitValue="" Example=""/>
                  </td>
                  <td class=" middle">Mr. Parker:</td>
                  <td class=" middle">Basically, it’s the EU's main decision-making or legislative body. The Council coordinates the broad economic policies of member states.</td>
               </tr>
               <tr>
                  <td class=" middle">
                     <GapFill id="d1e495" CorrectValue="5" InitValue="" Example=""/>
                  </td>
                  <td class=" middle">Mr. Parker:</td>
                  <td class=" middle">Yes, that's another responsibility.</td>
               </tr>
               <tr>
                  <td class=" middle">
                     <GapFill id="d1e4913" CorrectValue="13" InitValue="" Example=""/>
                  </td>
                  <td class=" middle">Mr. Parker:</td>
                  <td class=" middle">You're right. Unfortunately I have a meeting in 5 minutes. You'll have to study the rest at home. Here's an information brochure.</td>
               </tr>
               <tr>
                  <td class=" middle">
                     <GapFill id="d1e4912" CorrectValue="12" InitValue="" Example=""/>
                  </td>
                  <td class=" middle">Student:</td>
                  <td class=" middle">What are the names of the other institutions? I've read there's a bank, some funds and also the institution of Ombudsman.</td>
               </tr>
            </table>
         </div>
      </div>
   </Ex>
   <Ex id="ex1"
       title="Functions of the institutions"
       instr="{{:~CSLocalize(null,'Arrange the phrases opposite the institutions they relate to.')}}"
       tech_instr="PAIRING">
      <div class="row">
         <div class="col-md-3">
            <img src="img/wrd_8013.wmf"/>
         </div>
         <div class="col-md-9">
            <Pairing id="pairing1">
               <PairingItem>European Union<Right>Institutional system</Right>
               </PairingItem>
               <PairingItem>Commission<Right>executive body</Right>
               </PairingItem>
               <PairingItem>Council<Right>main legislative body</Right>
               </PairingItem>
               <PairingItem>Parliament<Right>adopting laws</Right>
               </PairingItem>
            </Pairing>
         </div>
      </div>
   </Ex>
   <Ex id="ex2"
       title="Institutions in context"
       instr="{{:~CSLocalize(null,'Complete the sentences with the appropriate institutions.')}}"
       tech_instr="FILLING_IN_FROM_A_LIST">
      <div>
         <DragSource/>
      </div>
      <div>
         <table class="table table-bordered c-table">
            <tr>
               <td class="c-table-default middle center">
                  <b>1. </b>
               </td>
               <td class=" middle">
            The <DragTarget id="d1e25" CorrectValue="Council" InitValue="" Example=""/> and <DragTarget id="d1e253" CorrectValue="Parliament" InitValue="" Example=""/> are directly elected by voters.
          </td>
            </tr>
            <tr>
               <td class="c-table-default middle center">
                  <b>2. </b>
               </td>
               <td class=" middle">
            The major political parties of the member states are represented in <DragTarget id="d1e32" CorrectValue="Parliament" InitValue="" Example=""/>.
          </td>
            </tr>
            <tr>
               <td class="c-table-default middle center">
                  <b>3. </b>
               </td>
               <td class=" middle">
            The independent institutions represent the interests of the <DragTarget id="d1e37"
                              CorrectValue="European Union"
                              InitValue=""
                              Example=""/> as a whole.
          </td>
            </tr>
            <tr>
               <td class="c-table-default middle center">
                  <b>4. </b>
               </td>
               <td class=" middle">
            The <DragTarget id="d1e372" CorrectValue="Commission" InitValue="" Example=""/> ensures that Community law is properly applied.
          </td>
            </tr>
            <tr>
               <td class="c-table-default middle center">
                  <b>5. </b>
               </td>
               <td class=" middle">
            The <DragTarget id="d1e373" CorrectValue="Council" InitValue="" Example=""/> regularly brings the representatives of the member states together on a ministerial level.
          </td>
            </tr>
         </table>
      </div>
   </Ex>
   <Ex id="ex3"
       title="Abbreviations and functions 1"
       instr="{{:~CSLocalize(null,'Complete the table.')}}"
       tech_instr="FILLING_IN_FROM_A_LIST">
      <div>
         <DragSource/>
      </div>
      <div class="row">
         <div class="col-md-12">
            <table class="table table-bordered c-table">
               <tr>
                  <td class="c-table-default middle">
                     <b>Institution/Fund/Organisation/Agency</b>
                  </td>
                  <td class="c-table-default middle">
                     <b>Abbreviation</b>
                  </td>
                  <td class="c-table-default middle">
                     <b>Function</b>
                  </td>
               </tr>
               <tr>
                  <td class=" middle">
                     <DragTarget id="d1e36"
                                 CorrectValue="European Investment Bank"
                                 InitValue=""
                                 Example=""/>
                  </td>
                  <td class=" middle">
                     <DragTarget id="d1e41" CorrectValue="EIB" InitValue="" Example=""/>
                  </td>
                  <td class=" middle">
              Finances investment projects that contribute to balanced development.
            </td>
               </tr>
               <tr>
                  <td class=" middle">
                     <DragTarget id="d1e361"
                                 CorrectValue="European Investment Fund"
                                 InitValue=""
                                 Example=""/>
                  </td>
                  <td class=" middle">
                     <DragTarget id="d1e365" CorrectValue="EIF" InitValue="" Example=""/>
                  </td>
                  <td class=" middle">
              The European Union's specialised financial institution that provides venture capital and guarantee instruments for the creation, growth and development of small and medium–sized enterprises [SMEs].
            </td>
               </tr>
               <tr>
                  <td class=" middle">
                     <DragTarget id="d1ed365"
                                 CorrectValue="European Central Bank"
                                 InitValue=""
                                 Example=""/>
                  </td>
                  <td class=" middle">
                     <DragTarget id="d1e414" CorrectValue="ECB" InitValue="" Example=""/>
                  </td>
                  <td class=" middle">
              Conducts foreign exchange operations and ensures the smooth operation of the payment system.
            </td>
               </tr>
               <tr>
                  <td class=" middle">
                     <DragTarget id="d1e3s65"
                                 CorrectValue="European Ombudsman"
                                 InitValue=""
                                 Example=""/>
                  </td>
                  <td class=" middle">
               
            </td>
                  <td class=" middle">
              Deals with complaints from those who feel they have been victims of maladministration by European Community bodies.
            </td>
               </tr>
               <tr>
                  <td class=" middle">
                     <DragTarget id="d1e367"
                                 CorrectValue="European Regional Development Fund"
                                 InitValue=""
                                 Example=""/>
                  </td>
                  <td class=" middle">
                     <DragTarget id="d1we365" CorrectValue="ERDF" InitValue="" Example=""/>
                  </td>
                  <td class=" middle">
              Helps reduce the gap between the levels of development and living standards of the various regions.
            </td>
               </tr>
               <tr>
                  <td class=" middle">
                     <DragTarget id="d1e369"
                                 CorrectValue="European Social Fund"
                                 InitValue=""
                                 Example=""/>
                  </td>
                  <td class=" middle">
                     <DragTarget id="d1e4110" CorrectValue="ESF" InitValue="" Example=""/>
                  </td>
                  <td class=" middle">
              Helps develop employment by promoting employability, the business spirit and equal opportunities through investing in human resources.
            </td>
               </tr>
            </table>
         </div>
      </div>
   </Ex>
   <Ex id="ex4"
       title="Abbreviations and functions 2"
       instr="{{:~CSLocalize(null,'Complete the table.')}}"
       tech_instr="FILLING_IN_FROM_A_LIST">
      <div>
         <DragSource/>
      </div>
      <div class="row">
         <div class="col-md-12">
            <table class="table table-bordered c-table">
               <tr>
                  <td class=" middle">
                     <b>Institution/Fund/Organisation/Agency</b>
                  </td>
                  <td class=" middle">
                     <b>Abbreviation</b>
                  </td>
                  <td class=" middle">
                     <b>Function</b>
                  </td>
               </tr>
               <tr>
                  <td class=" middle">
                     <DragTarget id="d1e361"
                                 CorrectValue="European Agricultural Guidance and Guarantee Fund"
                                 InitValue=""
                                 Example=""
                                 Width="200"/>
                  </td>
                  <td class=" middle">
                     <DragTarget id="d1e41"
                                 CorrectValue="EAGGF"
                                 InitValue=""
                                 Example=""
                                 Width="200"/>
                  </td>
                  <td class=" middle">
              Supports the competitiveness of agriculture as a key activity in rural areas.
            </td>
               </tr>
               <tr>
                  <td class=" middle">
                     <DragTarget id="d1e36"
                                 CorrectValue="Financial Instrument for Fisheries Guidance"
                                 InitValue=""
                                 Example=""
                                 Width="200"/>
                  </td>
                  <td class=" middle">
                     <DragTarget id="d1e415"
                                 CorrectValue="FIFG"
                                 InitValue=""
                                 Example=""
                                 Width="200"/>
                  </td>
                  <td class=" middle">
              Supports measures for adjusting structures in the fisheries sector.
            </td>
               </tr>
               <tr>
                  <td class=" middle">
                     <DragTarget id="d1e364"
                                 CorrectValue="European Law Enforcement Organization"
                                 InitValue=""
                                 Example=""
                                 Width="200"/>
                  </td>
                  <td class=" middle">
                     <DragTarget id="d1e3d61"
                                 CorrectValue="Europol"
                                 InitValue=""
                                 Example=""
                                 Width="200"/>
                  </td>
                  <td class=" middle">
              Aims at improving the effectiveness and co-operation of the competent authorities in the Member States in preventing and combating international crime.
            </td>
               </tr>
               <tr>
                  <td class=" middle">
                     <DragTarget id="d1e363"
                                 CorrectValue="European Environmental Agency"
                                 InitValue=""
                                 Example=""
                                 Width="200"/>
                  </td>
                  <td class=" middle">
                     <DragTarget id="d1e412"
                                 CorrectValue="EEA"
                                 InitValue=""
                                 Example=""
                                 Width="200"/>
                  </td>
                  <td class=" middle">
              Aims to support sustainable development and to help achieve significant improvement in Europe's environment.
            </td>
               </tr>
               <tr>
                  <td class=" middle">
                     <DragTarget id="d1se361"
                                 CorrectValue="European Agency for Reconstruction"
                                 InitValue=""
                                 Example=""
                                 Width="200"/>
                  </td>
                  <td class=" middle">
                     <DragTarget id="d1ef361"
                                 CorrectValue="EAR"
                                 InitValue=""
                                 Example=""
                                 Width="200"/>
                  </td>
                  <td class=" middle">
              Manages the EU's main reconstruction assistance programmes in war-damaged Balkan countries.
            </td>
               </tr>
            </table>
         </div>
      </div>
   </Ex>
   <Ex id="ex5"
       title="Test your memory"
       instr="{{:~CSLocalize(null,'Fill in the full names of the institutions.')}}"
       tech_instr="FILLING_IN">
      <div class="row">
         <div class="col-md-3">
            <img src="img/jaro.jpg"/>
         </div>
         <div class="col-md-9">
            <table class="table table-bordered c-table">
               <tr>
                  <td class="c-table-default middle center">
                     <b>1. </b>
                  </td>
                  <td class=" middle">EAR</td>
                  <td class="c-table-default middle center">
                     <b>1. </b>
                  </td>
                  <td class=" middle">
                     <GapFill id="d1e49"
                              CorrectValue="European Agency for Reconstruction"
                              InitValue=""
                              Example=""/>
                  </td>
               </tr>
               <tr>
                  <td class="c-table-default middle center">
                     <b>2. </b>
                  </td>
                  <td class=" middle">EEA</td>
                  <td class="c-table-default middle center">
                     <b>2. </b>
                  </td>
                  <td class=" middle">
                     <GapFill id="d1e59"
                              CorrectValue="European Environmental Agency"
                              InitValue=""
                              Example=""/>
                  </td>
               </tr>
               <tr>
                  <td class="c-table-default middle center">
                     <b>3. </b>
                  </td>
                  <td class=" middle">Europol</td>
                  <td class="c-table-default middle center">
                     <b>3. </b>
                  </td>
                  <td class=" middle">
                     <GapFill id="d1e593"
                              CorrectValue="European Law Enforcement Organization"
                              InitValue=""
                              Example=""/>
                  </td>
               </tr>
               <tr>
                  <td class="c-table-default middle center">
                     <b>4. </b>
                  </td>
                  <td class=" middle">ERDF</td>
                  <td class="c-table-default middle center">
                     <b>4. </b>
                  </td>
                  <td class=" middle">
                     <GapFill id="d1e594"
                              CorrectValue="European Regional Development Fund"
                              InitValue=""
                              Example=""/>
                  </td>
               </tr>
               <tr>
                  <td class="c-table-default middle center">
                     <b>5. </b>
                  </td>
                  <td class=" middle">ESF</td>
                  <td class="c-table-default middle center">
                     <b>5. </b>
                  </td>
                  <td class=" middle">
                     <GapFill id="d1e595"
                              CorrectValue="European Social Fund"
                              InitValue=""
                              Example=""/>
                  </td>
               </tr>
               <tr>
                  <td class="c-table-default middle center">
                     <b>6. </b>
                  </td>
                  <td class=" middle">EAGGF</td>
                  <td class="c-table-default middle center">
                     <b>6. </b>
                  </td>
                  <td class=" middle">
                     <GapFill id="d1e596"
                              CorrectValue="European Agricultural Guidance and Guarantee Fund"
                              InitValue=""
                              Example=""/>
                  </td>
               </tr>
               <tr>
                  <td class="c-table-default middle center">
                     <b>7. </b>
                  </td>
                  <td class=" middle">FIFG</td>
                  <td class="c-table-default middle center">
                     <b>7. </b>
                  </td>
                  <td class=" middle">
                     <GapFill id="d1e597"
                              CorrectValue="Financial Instrument for Fisheries Guidance"
                              InitValue=""
                              Example=""/>
                  </td>
               </tr>
               <tr>
                  <td class="c-table-default middle center">
                     <b>8. </b>
                  </td>
                  <td class=" middle">EIB</td>
                  <td class="c-table-default middle center">
                     <b>8. </b>
                  </td>
                  <td class=" middle">
                     <GapFill id="d1e598"
                              CorrectValue="European Investment Bank"
                              InitValue=""
                              Example=""/>
                  </td>
               </tr>
               <tr>
                  <td class="c-table-default middle center">
                     <b>9. </b>
                  </td>
                  <td class=" middle">SMEs</td>
                  <td class="c-table-default middle center">
                     <b>9. </b>
                  </td>
                  <td class=" middle">
                     <GapFill id="d1e599"
                              CorrectValue="small and medium-sized enterprises"
                              InitValue=""
                              Example=""/>
                  </td>
               </tr>
            </table>
         </div>
      </div>
   </Ex>
   <Ex id="ex6"
       title="The work of the institutions 1"
       instr="{{:~CSLocalize(null,'Fill in the names of the missing institutions.')}}"
       tech_instr="FILLING_IN_FROM_A_LIST">
      <div>
         <DragSource/>
      </div>
      <div>
         <table class="table table-bordered c-table">
            <tr>
               <td class="c-table-default middle center">
                  <b>1. </b>
               </td>
               <td class=" middle">
                  <DragTarget id="d1e23"
                              CorrectValue="The European Economic and Social Committee"
                              InitValue=""
                              Example=""/> represents the views and interests of organised civil society before the Commission, the Council and Parliament.
          </td>
            </tr>
            <tr>
               <td class="c-table-default middle center">
                  <b>2. </b>
               </td>
               <td class=" middle">
                  <DragTarget id="d1e232"
                              CorrectValue="The European Court of Justice"
                              InitValue=""
                              Example=""/> ensures that Community law is uniformly interpreted and effectively applied.
          </td>
            </tr>
            <tr>
               <td class="c-table-default middle center">
                  <b>3. </b>
               </td>
               <td class=" middle">
                  <DragTarget id="d1e233"
                              CorrectValue="The Committee of the Regions"
                              InitValue=""
                              Example=""/> ensures that regional and local identities are respected.
          </td>
            </tr>
            <tr>
               <td class="c-table-default middle center">
                  <b>4. </b>
               </td>
               <td class=" middle">
                  <DragTarget id="d1e234" CorrectValue="Europol" InitValue="" Example=""/> prevents international organized crime.
          </td>
            </tr>
            <tr>
               <td class="c-table-default middle center">
                  <b>5. </b>
               </td>
               <td class=" middle">
           Individuals or institutions in the Union can apply to the <DragTarget id="d1e235"
                              CorrectValue="European Ombudsman"
                              InitValue=""
                              Example=""/> if they feel they have been unfairly treated by the administration.
          </td>
            </tr>
         </table>
      </div>
   </Ex>
   <Ex id="ex9"
       title="Useful verbs"
       instr="{{:~CSLocalize(null,'Fill in the missing verbs.')}}"
       tech_instr="FILLING_IN_FROM_A_LIST">
      <div>
         <DragSource/>
      </div>
      <div>
         <table class="table table-bordered c-table">
            <tr>
               <td class="c-table-default middle center">
                  <b>1. </b>
               </td>
               <td class=" middle">
            The ECB <DragTarget id="d1e23" CorrectValue="implements" InitValue="" Example=""/> European monetary policy.
          </td>
            </tr>
            <tr>
               <td class="c-table-default middle center">
                  <b>2. </b>
               </td>
               <td class=" middle">
            Parliament and the Council <DragTarget id="d1e232" CorrectValue="adopt" InitValue="" Example=""/> the Community’s budget.
          </td>
            </tr>
            <tr>
               <td class="c-table-default middle center">
                  <b>3. </b>
               </td>
               <td class=" middle">
            The report analyses the factors that <DragTarget id="d1e233" CorrectValue="contribute" InitValue="" Example=""/> to the consistence of the Community.
          </td>
            </tr>
            <tr>
               <td class="c-table-default middle center">
                  <b>4. </b>
               </td>
               <td class=" middle">
            The resolution stresses the need to <DragTarget id="d1e234" CorrectValue="promote" InitValue="" Example=""/> the overall harmonious development of the Community.
          </td>
            </tr>
            <tr>
               <td class="c-table-default middle center">
                  <b>5. </b>
               </td>
               <td class=" middle">
            The programme should <DragTarget id="d1e235" CorrectValue="support" InitValue="" Example=""/> the national projects.
          </td>
            </tr>
            <tr>
               <td class="c-table-default middle center">
                  <b>6. </b>
               </td>
               <td class=" middle">
            Enforcement of the contract was difficult because the law is not uniformly <DragTarget id="d1e236" CorrectValue="applied" InitValue="" Example=""/>.
          </td>
            </tr>
         </table>
      </div>
   </Ex>
</Module>
