﻿<?xml version="1.0" encoding="utf-8"?>
<Page id="hufex1_l09_a04">
  <p>
    <a href="http://www.langmaster.cz/comcz/French1/l09/a/hufex1_l09_a04.htm">/French1/l09/a/hufex1_l09_a04.htm</a>
    <br />
    <a href="http://www.langmaster.cz/comcz/French1/l09/a/home.htm">
                            cvičení 4</a>
  </p>
  <Possibilities Words="à l’|au|à la|aux" />
  <div class="row">
    <div class="col-md-3 ">
      <img src="/schools/eaimgmp3/french1/img/vocabulary/lesson09/page84/1381h0110.gif" />
    </div>
    <div class="col-md-9 ">
      <table class="table table-bordered c-table">
        <tr>
          <td class=" middle">le lapin</td>
          <td class=" middle">la moutarde</td>
          <td class=" middle">
            <GapFill id="g159" Width="200" CorrectValue="le lapin à la moutarde" InitValue="le lapin à la moutarde" />
          </td>
        </tr>
        <tr>
          <td class=" middle">le poisson</td>
          <td class=" middle">la crème</td>
          <td class=" middle">
            <GapFill id="g164" Width="200" CorrectValue="le poisson à la crème" InitValue="" />
          </td>
        </tr>
        <tr>
          <td class=" middle">l’omelette</td>
          <td class=" middle">la tomate</td>
          <td class=" middle">
            <GapFill id="g169" Width="200" CorrectValue="l’omelette à la tomate" InitValue="" />
          </td>
        </tr>
        <tr>
          <td class=" middle">le saumon</td>
          <td class=" middle">l’oseille</td>
          <td class=" middle">
            <GapFill id="g174" Width="200" CorrectValue="le saumon à l’oseille" InitValue="" />
          </td>
        </tr>
        <tr>
          <td class=" middle">le canard</td>
          <td class=" middle">l’orange</td>
          <td class=" middle">
            <GapFill id="g179" Width="200" CorrectValue="le canard à l’orange" InitValue="" />
          </td>
        </tr>
        <tr>
          <td class=" middle">le sorbet</td>
          <td class=" middle">l’ananas</td>
          <td class=" middle">
            <GapFill id="g184" Width="200" CorrectValue="le sorbet à l’ananas" InitValue="" />
          </td>
        </tr>
        <tr>
          <td class=" middle">le café</td>
          <td class=" middle">le lait</td>
          <td class=" middle">
            <GapFill id="g189" Width="200" CorrectValue="le café au lait" InitValue="" />
          </td>
        </tr>
        <tr>
          <td class=" middle">le sandwich</td>
          <td class=" middle">le jambon</td>
          <td class=" middle">
            <GapFill id="g194" Width="200" CorrectValue="le sandwich au jambon" InitValue="" />
          </td>
        </tr>
        <tr>
          <td class=" middle">le thé</td>
          <td class=" middle">le citron</td>
          <td class=" middle">
            <GapFill id="g199" Width="200" CorrectValue="le thé au citron" InitValue="" />
          </td>
        </tr>
        <tr>
          <td class=" middle">l’omelette</td>
          <td class=" middle">les truffes</td>
          <td class=" middle">
            <GapFill id="g204" Width="200" CorrectValue="l’omelette aux truffes" InitValue="" />
          </td>
        </tr>
        <tr>
          <td class=" middle">le sandwich</td>
          <td class=" middle">les crevettes</td>
          <td class=" middle">
            <GapFill id="g209" Width="200" CorrectValue="le sandwich aux crevettes" InitValue="" />
          </td>
        </tr>
        <tr>
          <td class=" middle">la sauce</td>
          <td class=" middle">les champignons</td>
          <td class=" middle">
            <GapFill id="g214" Width="200" CorrectValue="la sauce aux champignons" InitValue="" />
          </td>
        </tr>
      </table>
    </div>
  </div>
  <info title="Les repas" instrTitle="{{Ahtmltitle}}" instrs="FILLING_IN" />
</Page>