﻿<?xml version="1.0" encoding="utf-8"?>
<Page id="hufex2_l02_d07">
  <p>
    <a href="http://www.langmaster.cz/comcz/French2/l02/d/hufex2_l02_d07.htm">/French2/l02/d/hufex2_l02_d07.htm</a>
    <br />
    <a href="http://www.langmaster.cz/comcz/French2/l02/d/home.htm">
                            cvičení 7</a>
  </p>
  <div>
    <img src="/schools/eaimgmp3/french2/img/vocabulary/lesson02/page26/1355h0019.jpg" />
  </div>
  <div class="row">
    <div class="col-md-6 ">
      <table class="table table-bordered c-table">
        <tr>
          <td class=" middle">
              {{Ttrans}}
              <br /><GapFill id="g249" Width="200" CorrectValue="Il a l’air pas mal." InitValue="" /></td>
        </tr>
        <tr>
          <td class=" middle">
              {{Ttrans1}}
              <br /><GapFill id="g349" Width="200" CorrectValue="Pierre a les yeux verts." InitValue="" /></td>
        </tr>
        <tr>
          <td class=" middle">
              {{Ttrans2}}
              <br /><GapFill id="g449" Width="200" CorrectValue="J’ai rendez-vous avec elle." InitValue="" /></td>
        </tr>
      </table>
    </div>
    <div class="col-md-6 ">
      <table class="table table-bordered c-table">
        <tr>
          <td class=" middle">
              {{Ttrans3}}
              <br /><GapFill id="g549" Width="200" CorrectValue="Vous avez froid." InitValue="" /></td>
        </tr>
        <tr>
          <td class=" middle">
              {{Ttrans4}}
              <br /><GapFill id="g649" Width="200" CorrectValue="Il a des lunettes." InitValue="" /></td>
        </tr>
        <tr>
          <td class=" middle">
              {{Ttrans5}}
              <br /><GapFill id="g749" Width="200" CorrectValue="Je n’ai pas le temps." InitValue="" /></td>
        </tr>
      </table>
    </div>
  </div>
  <info title="Traduction" instrTitle="Connaissez-vous les locutions avec le verbe «avoir»? Alors, c’est à vous de traduire les phrases suivantes." instrs="FILLING_IN" />
</Page>