﻿<?xml version="1.0" encoding="utf-8"?>
<Page id="hufex2_l02_d09">
  <p>
    <a href="http://www.langmaster.cz/comcz/French2/l02/d/hufex2_l02_d09.htm">/French2/l02/d/hufex2_l02_d09.htm</a>
    <br />
    <a href="http://www.langmaster.cz/comcz/French2/l02/d/home.htm">
                            cvičení 9</a>
  </p>
  <div>
    <img src="/schools/eaimgmp3/french2/img/vocabulary/lesson02/page28/1812h0046.jpg" />
  </div>
  <div>
    <Pairing id="E65">
      <PairingItem>choisir<Right>le choix</Right></PairingItem>
      <PairingItem>confortable<Right>le confort</Right></PairingItem>
      <PairingItem>sûr<Right>la sécurité</Right></PairingItem>
      <PairingItem>libre<Right>la liberté</Right></PairingItem>
      <PairingItem>beau<Right>la beauté</Right></PairingItem>
      <PairingItem>familial<Right>la famille</Right></PairingItem>
    </Pairing>
  </div>
  <info title="Familles de mots" instrTitle="Voici deux colonnes. Reliez les mots qui appartiennent à la même famille de mots." instrs="PAIRING" />
</Page>