﻿<?xml version="1.0" encoding="utf-8"?>
<Module title="Chapitre D">
   <Ex id="hufex2_l02_d01"
       title="L’homme de sa vie"
       instr="On a parfois l’impression que les hommes célibataires sont une espèce plutôt rare. Mais c’est faux. «Où se cachent-ils donc?», s’est demandé Marion des années. Ecoutez et cochez la bonne réponse."
       tech_instr="MULTIPLE_CHOICE_TWO_STATES SOUND_PLAYBACK">
      <p>
         <a target="_blank"
            href="http://www.langmaster.cz/comcz/French2/l02/d/hufex2_l02_d01.htm">/French2/l02/d/hufex2_l02_d01.htm</a>
         <br/>
         <a target="_blank"
            href="http://www.langmaster.cz/comcz/French2/l02/d/home.htm">
                            cvičení 1</a>
      </p>
      <div>
         <img src="/schools/eaimgmp3/french2/img/coursebook/lesson02/page22/1529h0034.jpg"/>
      </div>
      <div class="row">
         <div class="col-md-1 ">
            <MediaBigMark Url="/schools/eaimgmp3/french2wma/lesson02/hufex2_l02_d01.mp3"
                          Sequence=""/>
         </div>
         <div class="col-md-11 ">
            <CheckItem id="o107" TextId="TrueFalse" CorrectValue="true"/>Marion a deux enfants.<br/>
            <CheckItem id="o114" TextId="TrueFalse" CorrectValue="false"/>Pour rencontrer l’homme de sa vie, elle va souvent dans les discothèques.<br/>
            <CheckItem id="o121" TextId="TrueFalse" CorrectValue="false"/>Quand un homme lui plaît, elle sait lui parler.<br/>
            <CheckItem id="o128" TextId="TrueFalse" CorrectValue="true"/>Marion a essayé de chercher un partenaire sur Minitel et dans les petites annonces.<br/>
            <CheckItem id="o135" TextId="TrueFalse" CorrectValue="false"/>Elle n’a trouvé que des hommes mariés.<br/>
            <CheckItem id="o142" TextId="TrueFalse" CorrectValue="true"/>Marion vit maintenant avec un collègue de bureau.</div>
      </div>
   </Ex>
   <Ex id="hufex2_l02_d02"
       title="Rencontrer son partenaire"
       instr="Où les Français rencontrent-ils leur partenaires? Reécoutez le texte et complétez les statistiques suivantes."
       tech_instr="FILLING_IN SOUND_PLAYBACK">
      <p>
         <a target="_blank"
            href="http://www.langmaster.cz/comcz/French2/l02/d/hufex2_l02_d02.htm">/French2/l02/d/hufex2_l02_d02.htm</a>
         <br/>
         <a target="_blank"
            href="http://www.langmaster.cz/comcz/French2/l02/d/home.htm">
                            cvičení 2</a>
      </p>
      <div class="row">
         <div class="col-md-3 ">
            <img src="/schools/eaimgmp3/french2/img/coursebook/lesson02/page22/02_022_1.gif"/>
         </div>
         <div class="col-md-3 ">
            <img src="/schools/eaimgmp3/french2/img/coursebook/lesson02/page22/02_022_2.gif"/>
         </div>
         <div class="col-md-3 ">
            <img src="/schools/eaimgmp3/french2/img/coursebook/lesson02/page22/02_022_3.gif"/>
         </div>
      </div>
      <div class="row">
         <div class="col-md-1 ">
            <MediaBigMark Url="/schools/eaimgmp3/french2wma/lesson02/hufex2_l02_d01.mp3"
                          Sequence=""/>
         </div>
         <div class="col-md-11 ">
            <table class="table table-bordered c-table">
               <tr>
                  <td class="c-table-default middle">
                     <b>au bal:</b>
                  </td>
                  <td class="c-table-default middle">12%</td>
               </tr>
               <tr>
                  <td class=" middle">
                     <b>à l’université ou dans les fêtes entre amis:</b>
                  </td>
                  <td class=" middle">
                     <GapFill id="g162" CorrectValue="9" Width="200"/>%
            </td>
               </tr>
               <tr>
                  <td class=" middle">
                     <b>en discothèque:</b>
                  </td>
                  <td class=" middle">
                     <GapFill id="g166" CorrectValue="4" Width="200"/>%
            </td>
               </tr>
               <tr>
                  <td class=" middle">
                     <b>dans leur entreprise:</b>
                  </td>
                  <td class=" middle">
                     <GapFill id="g170" CorrectValue="12" Width="200"/>%
            </td>
               </tr>
               <tr>
                  <td class=" middle">
                     <b>dans les lieux publics:</b>
                  </td>
                  <td class=" middle">
                     <GapFill id="g174" CorrectValue="13" Width="200"/>%
            </td>
               </tr>
               <tr>
                  <td class=" middle">
                     <b>par petites annonces ou Minitel:</b>
                  </td>
                  <td class=" middle">
                     <GapFill id="g178" CorrectValue="1" Width="200"/>%
            </td>
               </tr>
            </table>
         </div>
      </div>
      <div>
         <br/>
      </div>
      <div class="col-md-7">
         <div class="panel panel-info">
            <div class="panel-body">
               <p>
          
            {{Ttrans}}</p>
            </div>
         </div>
      </div>
   </Ex>
   <Ex id="hufex2_l02_d03"
       title="Prononciation"
       instr="[D] ou [t]? Cochez le mot que vous entendez."
       tech_instr="MULTIPLE_CHOICE_TWO_STATES SOUND_PLAYBACK">
      <p>
         <a target="_blank"
            href="http://www.langmaster.cz/comcz/French2/l02/d/hufex2_l02_d03.htm">/French2/l02/d/hufex2_l02_d03.htm</a>
         <br/>
         <a target="_blank"
            href="http://www.langmaster.cz/comcz/French2/l02/d/home.htm">
                            cvičení 3</a>
      </p>
      <div>
         <img src="/schools/eaimgmp3/french2/img/homestudy/lesson02/page116/kode_code.gif"/>
      </div>
      <div class="row">
         <div class="col-md-1 ">
            <MediaBigMark Url="/schools/eaimgmp3/french2wma/lesson02/hufex2_l02_d03.mp3"
                          Sequence=""/>
         </div>
         <div class="col-md-11 ">
            <table class="table c-table">
               <tr>
                  <td class=" middle">
                     <div class="panel panel-default c-panel" Width="400-800">
                        <div class="panel-heading">a.</div>
                        <div class="panel-body">
                           <SingleChoice id="t120">
                              <Data>
                                 <string>thé</string>
                                 <string>#dé</string>
                              </Data>
                           </SingleChoice>
                        </div>
                     </div>
                  </td>
                  <td class=" middle">
                     <div class="panel panel-default c-panel" Width="400-800">
                        <div class="panel-heading">b.</div>
                        <div class="panel-body">
                           <SingleChoice id="t267">
                              <Data>
                                 <string>#quatre</string>
                                 <string>cadre</string>
                              </Data>
                           </SingleChoice>
                        </div>
                     </div>
                  </td>
                  <td class=" middle">
                     <div class="panel panel-default c-panel" Width="400-800">
                        <div class="panel-heading">c.</div>
                        <div class="panel-body">
                           <SingleChoice id="t414">
                              <Data>
                                 <string>#droit</string>
                                 <string>trois</string>
                              </Data>
                           </SingleChoice>
                        </div>
                     </div>
                  </td>
                  <td class=" middle">
                     <div class="panel panel-default c-panel" Width="400-800">
                        <div class="panel-heading">d.</div>
                        <div class="panel-body">
                           <SingleChoice id="t561">
                              <Data>
                                 <string>dans</string>
                                 <string>#temps</string>
                              </Data>
                           </SingleChoice>
                        </div>
                     </div>
                  </td>
               </tr>
               <tr>
                  <td class=" middle">
                     <div class="panel panel-default c-panel" Width="400-800">
                        <div class="panel-heading">e.</div>
                        <div class="panel-body">
                           <SingleChoice id="t708">
                              <Data>
                                 <string>#thon</string>
                                 <string>don</string>
                              </Data>
                           </SingleChoice>
                        </div>
                     </div>
                  </td>
                  <td class=" middle">
                     <div class="panel panel-default c-panel" Width="400-800">
                        <div class="panel-heading">f.</div>
                        <div class="panel-body">
                           <SingleChoice id="t855">
                              <Data>
                                 <string>détente</string>
                                 <string>#détendent</string>
                              </Data>
                           </SingleChoice>
                        </div>
                     </div>
                  </td>
                  <td class=" middle">
                     <div class="panel panel-default c-panel" Width="400-800">
                        <div class="panel-heading">g.</div>
                        <div class="panel-body">
                           <SingleChoice id="t1002">
                              <Data>
                                 <string>#vide</string>
                                 <string>vite</string>
                              </Data>
                           </SingleChoice>
                        </div>
                     </div>
                  </td>
                  <td class=" middle">
                     <div class="panel panel-default c-panel" Width="400-800">
                        <div class="panel-heading">h.</div>
                        <div class="panel-body">
                           <SingleChoice id="t1149">
                              <Data>
                                 <string>#toucher</string>
                                 <string>doucher</string>
                              </Data>
                           </SingleChoice>
                        </div>
                     </div>
                  </td>
               </tr>
               <tr>
                  <td class=" middle">
                     <div class="panel panel-default c-panel" Width="400-800">
                        <div class="panel-heading">i.</div>
                        <div class="panel-body">
                           <SingleChoice id="t1296">
                              <Data>
                                 <string>lande</string>
                                 <string>#lente</string>
                              </Data>
                           </SingleChoice>
                        </div>
                     </div>
                  </td>
                  <td class=" middle">
                     <div class="panel panel-default c-panel" Width="400-800">
                        <div class="panel-heading">j.</div>
                        <div class="panel-body">
                           <SingleChoice id="t1443">
                              <Data>
                                 <string>#code</string>
                                 <string>cote</string>
                              </Data>
                           </SingleChoice>
                        </div>
                     </div>
                  </td>
                  <td class=" middle"/>
                  <td class=" middle"/>
               </tr>
            </table>
         </div>
      </div>
   </Ex>
   <Ex id="hufex2_l02_d04"
       title="Le son [d]"
       instr="Ecoutez! Combien de fois entendez-vous le son [d] dans les phrases suivantes?"
       tech_instr="FILLING_IN SOUND_PLAYBACK">
      <p>
         <a target="_blank"
            href="http://www.langmaster.cz/comcz/French2/l02/d/hufex2_l02_d04.htm">/French2/l02/d/hufex2_l02_d04.htm</a>
         <br/>
         <a target="_blank"
            href="http://www.langmaster.cz/comcz/French2/l02/d/home.htm">
                            cvičení 4</a>
      </p>
      <div class="row">
         <div class="col-md-2 ">
            <img src="/schools/eaimgmp3/french2/img/homestudy/lesson02/page116/1475h0104.gif"/>
         </div>
         <div class="col-md-10 ">
            <MediaBigMark Url="/schools/eaimgmp3/french2wma/lesson02/hufex2_l02_d04.mp3"
                          Sequence=""/>
            <table class="table table-bordered c-table">
               <tr>
                  <td>
            a.<GapFill id="g662" CorrectValue="5 fois|5" Width="200"/>
                  </td>
               </tr>
               <tr>
                  <td>
            b.<GapFill id="g663" CorrectValue="6 fois|6" Width="200"/>
                  </td>
               </tr>
               <tr>
                  <td>
            c.<GapFill id="g664" CorrectValue="3 fois|3" Width="200"/>
                  </td>
               </tr>
               <tr>
                  <td>
            d.<GapFill id="g665" CorrectValue="7 fois|7" Width="200"/>
                  </td>
               </tr>
            </table>
         </div>
      </div>
   </Ex>
   <Ex id="hufex2_l02_d05"
       title="Les expressions imagées"
       instr="Comprenez-vous ces expressions imagées? Retrouvez les phrases qui leur correspondent et reliez-les."
       tech_instr="PAIRING">
      <p>
         <a target="_blank"
            href="http://www.langmaster.cz/comcz/French2/l02/d/hufex2_l02_d05.htm">/French2/l02/d/hufex2_l02_d05.htm</a>
         <br/>
         <a target="_blank"
            href="http://www.langmaster.cz/comcz/French2/l02/d/home.htm">
                            cvičení 5</a>
      </p>
      <div>
         <img src="/schools/eaimgmp3/french2/img/homestudy/lesson02/page117/105_12a.gif"/>
      </div>
      <div>
         <Pairing id="E65">
            <PairingItem>Elle a perdu la tête.<Right>Elle est folle.</Right>
            </PairingItem>
            <PairingItem>Elle a le cœur sur la main.<Right>Elle est généreuse.</Right>
            </PairingItem>
            <PairingItem>Elle me casse les pieds.<Right>Elle m’énerve.</Right>
            </PairingItem>
            <PairingItem>Elle a la tête dans les nuages.<Right>Elle est distraite.</Right>
            </PairingItem>
            <PairingItem>Elle a le cœur gros.<Right>Elle est triste.</Right>
            </PairingItem>
            <PairingItem>Ça coûte les yeux de la tête.<Right>C’est très cher.</Right>
            </PairingItem>
         </Pairing>
      </div>
      <div>
         <img src="/schools/eaimgmp3/french2/img/homestudy/lesson02/page117/105_12d.gif"/>
      </div>
      <div class="col-md-5">
         <div class="panel panel-info">
            <div class="panel-body">
               <p>
                  <b>
            {{Ttrans}}
          </b>
          {{Ttrans1}}
        </p>
               <p>en tout cas =
          {{Ttrans2}}
          <br/>espérons que... =
          {{Ttrans3}}
          <br/>Oh, quelle surprise! =
          {{Ttrans4}}
          <br/>
          {{Ttrans5}}
        </p>
            </div>
         </div>
      </div>
   </Ex>
   <Ex id="hufex2_l02_d06"
       title="Le bonheur est dans les îles!"
       instr="Connaissez-vous les îles françaises? Lisez ces deux textes et répondez au questionnaire."
       tech_instr="MULTIPLE_CHOICE_TWO_STATES">
      <p>
         <a target="_blank"
            href="http://www.langmaster.cz/comcz/French2/l02/d/hufex2_l02_d06.htm">/French2/l02/d/hufex2_l02_d06.htm</a>
         <br/>
         <a target="_blank"
            href="http://www.langmaster.cz/comcz/French2/l02/d/home.htm">
                            cvičení 6</a>
      </p>
      <div class="row">
         <div class="col-md-4 ">
            <b>1.</b>
         </div>
         <div class="col-md-2 ">
            <img src="/schools/eaimgmp3/french2/img/homestudy/lesson02/page118/106_13a.jpg"/>
         </div>
         <div class="col-md-4 ">
            <b>Ouessant</b>,<br/>c’est l’île bretonne la plus occidentale de France, située à la rencontre de l’océan Atlantique et de la Manche. Elle a une superficie de 15 km2 et fait vivre un peu plus de 1000 habitants. Il faut environ 2 heures de bateau pour y aller par mer calme.<br/>C’est l’île idéale pour les amateurs de tempêtes et de vents mais pas pour les amateurs de poisson, car la nature a refusé ports et plages à cette petite planète. Les paysages sont sauvages et si vous avez le goût de l’authentique, le goût des choses simples, n’hésitez pas à la visiter à pied entre ciel, terre et mer. L’Unesco a classé l’île réserve mondiale de biosphère.<br/>Une bonne adresse: l’hôtel Roch ar Mor vous propose de déguster les meilleurs ragoûts des meilleurs moutons de l’île.
    </div>
      </div>
      <br/>
      <div class="row">
         <div class="col-md-4 ">
            <b>2.</b>
         </div>
         <div class="col-md-2 ">
            <img src="/schools/eaimgmp3/french2/img/homestudy/lesson02/page118/106_13b.jpg"/>
         </div>
         <div class="col-md-4 ">
            <b>Pont-Cros</b>,<br/>la plus belle des «Iles d’Or», c’est un bijou d’île, fleurie et parfumée, qui vous fait tourner la tête. C’est aussi un parc national, le plus petit d’Europe, véritable conservatoire de la faune et de la flore méditerranéennes, un paradis pour amateurs de plongée sous-marine.<br/>Situé au sud de la côte variose, l’île n’est pas grande, à peine 4 km sur 2,5 km de large. Ce bout de nature, qui ressemble à un archipel des Caraïbes, possède un port minuscule, quelques maisons, 2 hôtels, 2 ou 3 terrasses pour déguster le poisson grillé.<br/>Allez donc paresser à l’ombre des eucalyptus lorsque le soleil est déjà haut et qu’il fait trop chaud sur la plage.<br/>Pour y aller, il faut prendre le bateau au Lavandou. Il n’y a que 14 km jusqu‘à ce paradis.
  </div>
      </div>
      <div>
         <CheckItem id="o107" TextId="TrueFalse" CorrectValue="true"/>Ouessant est un peu plus grande que Port-Cros.<br/>
         <CheckItem id="o114" TextId="TrueFalse" CorrectValue="false"/>Ouessant est une île idéale pour les amateurs de plongée sous-marine.<br/>
         <CheckItem id="o121" TextId="TrueFalse" CorrectValue="true"/>Ouessant est l’île située le plus loin des côtes bretonnes.<br/>
         <CheckItem id="o128" TextId="TrueFalse" CorrectValue="false"/>A Port-Cros, il n’y a pas de port.<br/>
         <CheckItem id="o135" TextId="TrueFalse" CorrectValue="true"/>A Port-Cros, on peut voir toutes sortes de fleurs.<br/>
         <CheckItem id="o142" TextId="TrueFalse" CorrectValue="true"/>Port-Cros ressemble à une île des Caraïbes.<br/>
         <CheckItem id="o149" TextId="TrueFalse" CorrectValue="false"/>Port-Cros est moins facile d‘accès que Ouessant.<br/>
         <CheckItem id="o156" TextId="TrueFalse" CorrectValue="false"/>Il fait aussi chaud à Ouessant qu’à Port-Cros.</div>
   </Ex>
   <Ex id="hufex2_l02_d07"
       title="Traduction"
       instr="Connaissez-vous les locutions avec le verbe «avoir»? Alors, c’est à vous de traduire les phrases suivantes."
       tech_instr="FILLING_IN">
      <p>
         <a target="_blank"
            href="http://www.langmaster.cz/comcz/French2/l02/d/hufex2_l02_d07.htm">/French2/l02/d/hufex2_l02_d07.htm</a>
         <br/>
         <a target="_blank"
            href="http://www.langmaster.cz/comcz/French2/l02/d/home.htm">
                            cvičení 7</a>
      </p>
      <div>
         <img src="/schools/eaimgmp3/french2/img/vocabulary/lesson02/page26/1355h0019.jpg"/>
      </div>
      <div class="row">
         <div class="col-md-6 ">
            <table class="table table-bordered c-table">
               <tr>
                  <td class=" middle">
              {{Ttrans}}
              <br/>
                     <GapFill id="g249" CorrectValue="Il a l’air pas mal." Width="200"/>
                  </td>
               </tr>
               <tr>
                  <td class=" middle">
              {{Ttrans1}}
              <br/>
                     <GapFill id="g349" CorrectValue="Pierre a les yeux verts." Width="200"/>
                  </td>
               </tr>
               <tr>
                  <td class=" middle">
              {{Ttrans2}}
              <br/>
                     <GapFill id="g449" CorrectValue="J’ai rendez-vous avec elle." Width="200"/>
                  </td>
               </tr>
            </table>
         </div>
         <div class="col-md-6 ">
            <table class="table table-bordered c-table">
               <tr>
                  <td class=" middle">
              {{Ttrans3}}
              <br/>
                     <GapFill id="g549" CorrectValue="Vous avez froid." Width="200"/>
                  </td>
               </tr>
               <tr>
                  <td class=" middle">
              {{Ttrans4}}
              <br/>
                     <GapFill id="g649" CorrectValue="Il a des lunettes." Width="200"/>
                  </td>
               </tr>
               <tr>
                  <td class=" middle">
              {{Ttrans5}}
              <br/>
                     <GapFill id="g749" CorrectValue="Je n’ai pas le temps." Width="200"/>
                  </td>
               </tr>
            </table>
         </div>
      </div>
   </Ex>
   <Ex id="hufex2_l02_d08"
       title="Classification"
       instr="Regardez les mots suivants et rangez-les dans deux groupes selon leur sens."
       tech_instr="SORTING_INTO_GROUPS_DRAG_AND_DROP">
      <p>
         <a target="_blank"
            href="http://www.langmaster.cz/comcz/French2/l02/d/hufex2_l02_d08.htm">/French2/l02/d/hufex2_l02_d08.htm</a>
         <br/>
         <a target="_blank"
            href="http://www.langmaster.cz/comcz/French2/l02/d/home.htm">
                            cvičení 8</a>
      </p>
      <div class="row">
         <div class="col-md-3 ">
            <img src="/schools/eaimgmp3/french2/img/vocabulary/lesson02/page27/olympus32029.jpg"/>
         </div>
         <div class="col-md-3 ">
            <img src="/schools/eaimgmp3/french2/img/vocabulary/lesson02/page27/1574h0243.jpg"/>
         </div>
      </div>
      <table class="table table-bordered c-table">
         <tr>
            <td class="c-table-default middle">le pot catalytique</td>
            <td>
               <WordSelection id="ce222" Words="#la voiture|les vacances"/>
            </td>
         </tr>
         <tr>
            <td class="c-table-default middle">le littoral</td>
            <td>
               <WordSelection id="ce307" Words="la voiture|#les vacances"/>
            </td>
         </tr>
         <tr>
            <td class="c-table-default middle">la demi-pension</td>
            <td>
               <WordSelection id="ce355" Words="la voiture|#les vacances"/>
            </td>
         </tr>
         <tr>
            <td class="c-table-default middle">une haute montagne</td>
            <td>
               <WordSelection id="ce315" Words="la voiture|#les vacances"/>
            </td>
         </tr>
         <tr>
            <td class="c-table-default middle">sur un bateau</td>
            <td>
               <WordSelection id="ce299" Words="la voiture|#les vacances"/>
            </td>
         </tr>
         <tr>
            <td class="c-table-default middle">polluant/e</td>
            <td>
               <WordSelection id="ce214" Words="#la voiture|les vacances"/>
            </td>
         </tr>
         <tr>
            <td class="c-table-default middle">l’accident (m)</td>
            <td>
               <WordSelection id="ce198" Words="#la voiture|les vacances"/>
            </td>
         </tr>
         <tr>
            <td class="c-table-default middle">la chambre</td>
            <td>
               <WordSelection id="ce339" Words="la voiture|#les vacances"/>
            </td>
         </tr>
         <tr>
            <td class="c-table-default middle">le petit déjeuner</td>
            <td>
               <WordSelection id="ce363" Words="la voiture|#les vacances"/>
            </td>
         </tr>
         <tr>
            <td class="c-table-default middle">la vitesse</td>
            <td>
               <WordSelection id="ce230" Words="#la voiture|les vacances"/>
            </td>
         </tr>
         <tr>
            <td class="c-table-default middle">la voiture familiale</td>
            <td>
               <WordSelection id="ce206" Words="#la voiture|les vacances"/>
            </td>
         </tr>
         <tr>
            <td class="c-table-default middle">au bord de la mer</td>
            <td>
               <WordSelection id="ce347" Words="la voiture|#les vacances"/>
            </td>
         </tr>
         <tr>
            <td class="c-table-default middle">le touriste/la touriste</td>
            <td>
               <WordSelection id="ce323" Words="la voiture|#les vacances"/>
            </td>
         </tr>
         <tr>
            <td class="c-table-default middle">le gîte rural</td>
            <td>
               <WordSelection id="ce379" Words="la voiture|#les vacances"/>
            </td>
         </tr>
         <tr>
            <td class="c-table-default middle">l’archipel (m)</td>
            <td>
               <WordSelection id="ce371" Words="la voiture|#les vacances"/>
            </td>
         </tr>
         <tr>
            <td class="c-table-default middle">la plage</td>
            <td>
               <WordSelection id="ce331" Words="la voiture|#les vacances"/>
            </td>
         </tr>
      </table>
   </Ex>
   <Ex id="hufex2_l02_d09"
       title="Familles de mots"
       instr="Voici deux colonnes. Reliez les mots qui appartiennent à la même famille de mots."
       tech_instr="PAIRING">
      <p>
         <a target="_blank"
            href="http://www.langmaster.cz/comcz/French2/l02/d/hufex2_l02_d09.htm">/French2/l02/d/hufex2_l02_d09.htm</a>
         <br/>
         <a target="_blank"
            href="http://www.langmaster.cz/comcz/French2/l02/d/home.htm">
                            cvičení 9</a>
      </p>
      <div>
         <img src="/schools/eaimgmp3/french2/img/vocabulary/lesson02/page28/1812h0046.jpg"/>
      </div>
      <div>
         <Pairing id="E65">
            <PairingItem>choisir<Right>le choix</Right>
            </PairingItem>
            <PairingItem>confortable<Right>le confort</Right>
            </PairingItem>
            <PairingItem>sûr<Right>la sécurité</Right>
            </PairingItem>
            <PairingItem>libre<Right>la liberté</Right>
            </PairingItem>
            <PairingItem>beau<Right>la beauté</Right>
            </PairingItem>
            <PairingItem>familial<Right>la famille</Right>
            </PairingItem>
         </Pairing>
      </div>
   </Ex>
   <Ex id="hufex2_l02_d10"
       title="Jeanne, Marie, Julie, Christine et Lisa"
       instr="Avez-vous appris la comparaison en français? Lisez donc cet extrait et répondez."
       tech_instr="FILLING_IN">
      <p>
         <a target="_blank"
            href="http://www.langmaster.cz/comcz/French2/l02/d/hufex2_l02_d10.htm">/French2/l02/d/hufex2_l02_d10.htm</a>
         <br/>
         <a target="_blank"
            href="http://www.langmaster.cz/comcz/French2/l02/d/home.htm">
                            cvičení 10</a>
      </p>
      <div>
      Jeanne est plus grande que Marie et Julie. Marie est plus petite que <br/>Christine. Mais Christine est moins grande que Lisa. Lisa est plus <br/>grande de 3 cm que Jeanne.
    </div>
      <div class="row">
         <div class="col-md-2 ">
            <img src="/schools/eaimgmp3/french2/img/vocabulary/lesson02/page28/0694h0073.gif"/>
         </div>
         <div class="col-md-10 ">
            <ListGroup IsStriped="true">
               <Noop>
            Qui est la plus grande?<br/>
                  <GapFill id="g200" CorrectValue="Lisa" Width="200"/>
               </Noop>
               <Noop>
            Est-ce que Marie est plus grande ou plus petite que Lisa?<br/>
                  <GapFill id="g298"
                           CorrectValue="Elle est plus petite.|Non, elle est plus petite."
                           Width="200"/>
               </Noop>
               <Noop>
            Qui est plus petite que Jeanne?<br/>
                  <GapFill id="g403" CorrectValue="Marie, Julie et Christine." Width="200"/>
               </Noop>
            </ListGroup>
         </div>
      </div>
   </Ex>
</Module>
