﻿<?xml version="1.0" encoding="utf-8"?>
<Page id="hufex1_l04_a02">
  <p>
    <a href="http://www.langmaster.cz/comcz/French1/l04/a/hufex1_l04_a02.htm">/French1/l04/a/hufex1_l04_a02.htm</a>
    <br />
    <a href="http://www.langmaster.cz/comcz/French1/l04/a/home.htm">
                            cvičení 2</a>
  </p>
  <div>
    <Pairing id="E64">
      <PairingItem>
        <img src="/schools/eaimgmp3/french1/img/coursebook/lesson04/page27/c838h0052.jpg" />
        <Right>La Tour Eiffel</Right>
      </PairingItem>
      <PairingItem>
        <img src="/schools/eaimgmp3/french1/img/coursebook/lesson04/page27/c205h0027.jpg" />
        <Right>Notre-Dame</Right>
      </PairingItem>
      <PairingItem>
        <img src="/schools/eaimgmp3/french1/img/coursebook/lesson04/page27/c287h0055.jpg" />
        <Right>L’arc de Triomphe</Right>
      </PairingItem>
      <PairingItem>
        <img src="/schools/eaimgmp3/french1/img/coursebook/lesson04/page27/0800h7810.jpg" />
        <Right>Le Pont Neuf</Right>
      </PairingItem>
    </Pairing>
  </div>
  <info title="Monuments de Paris" instrTitle="{{Ahtmltitle}}" instrs="PAIRING" />
</Page>