﻿<?xml version="1.0" encoding="utf-8"?>
<Page id="hufex1_l04_a07">
  <p>
    <a href="http://www.langmaster.cz/comcz/French1/l04/a/hufex1_l04_a07.htm">/French1/l04/a/hufex1_l04_a07.htm</a>
    <br />
    <a href="http://www.langmaster.cz/comcz/French1/l04/a/home.htm">
                            cvičení 7</a>
  </p>
  <div class="row">
    <div class="col-md-10 ">
      <table>
        <tr>
          <td class=" middle">
            <img src="/schools/eaimgmp3/french1/img/general/mann_schreiber_frei.gif" />
          </td>
          <td class=" middle">
            <table>
              <tr>
                <td class=" middle">je</td>
                <td class=" middle">vais</td>
              </tr>
              <tr>
                <td class=" middle">tu</td>
                <td class=" middle">vas</td>
              </tr>
              <tr>
                <td class=" middle">il/elle/on</td>
                <td class=" middle">va</td>
              </tr>
            </table>
          </td>
          <td class=" middle" />
          <td class=" middle">
            <table>
              <tr>
                <td class=" middle">nous</td>
                <td class=" middle">allons</td>
              </tr>
              <tr>
                <td class=" middle">vous</td>
                <td class=" middle">allez</td>
              </tr>
              <tr>
                <td class=" middle">ils/elles</td>
                <td class=" middle">vont</td>
              </tr>
            </table>
          </td>
        </tr>
        <tr>
          <td class=" middle" />
          <td class=" middle" />
          <td class=" middle">
            <img src="/schools/eaimgmp3/french1/img/general/mann_mit_trichter_frei.gif" />
          </td>
          <td class=" middle">
            <b>vas = va</b>
          </td>
        </tr>
        <tr>
          <td class=" middle">
            <img src="/schools/eaimgmp3/french1/img/general/mann_schreiber_frei.gif" />
          </td>
          <td class=" middle">
            <table>
              <tr>
                <td class=" middle">je</td>
                <td class=" middle">prends</td>
              </tr>
              <tr>
                <td class=" middle">tu</td>
                <td class=" middle">prends</td>
              </tr>
              <tr>
                <td class=" middle">il/elle/on</td>
                <td class=" middle">prend</td>
              </tr>
            </table>
          </td>
          <td class=" middle" />
          <td class=" middle">
            <table>
              <tr>
                <td class=" middle">nous</td>
                <td class=" middle">prenons</td>
              </tr>
              <tr>
                <td class=" middle">vous</td>
                <td class=" middle">prenez</td>
              </tr>
              <tr>
                <td class=" middle">ils/elles</td>
                <td class=" middle">prennent</td>
              </tr>
            </table>
          </td>
        </tr>
        <tr>
          <td class=" middle" />
          <td class=" middle" />
          <td class=" middle">
            <img src="/schools/eaimgmp3/french1/img/general/mann_mit_trichter_frei.gif" />
          </td>
          <td class=" middle">
            <b>prends = prend</b>
          </td>
        </tr>
        <tr>
          <td class=" middle">
            <img src="/schools/eaimgmp3/french1/img/general/mann_schreiber_frei.gif" />
          </td>
          <td class=" middle">
            <table>
              <tr>
                <td class=" middle">je</td>
                <td class=" middle">viens</td>
              </tr>
              <tr>
                <td class=" middle">tu</td>
                <td class=" middle">viens</td>
              </tr>
              <tr>
                <td class=" middle">il/elle/on</td>
                <td class=" middle">vient</td>
              </tr>
            </table>
          </td>
          <td class=" middle" />
          <td class=" middle">
            <table>
              <tr>
                <td class=" middle">nous</td>
                <td class=" middle">venons</td>
              </tr>
              <tr>
                <td class=" middle">vous</td>
                <td class=" middle">venez</td>
              </tr>
              <tr>
                <td class=" middle">ils/elles</td>
                <td class=" middle">viennent</td>
              </tr>
            </table>
          </td>
        </tr>
        <tr>
          <td class=" middle" />
          <td class=" middle" />
          <td class=" middle">
            <img src="/schools/eaimgmp3/french1/img/general/mann_mit_trichter_frei.gif" />
          </td>
          <td class=" middle">
            <b>viens = vient</b>
          </td>
        </tr>
      </table>
    </div>
    <div class="col-md-2 ">
      <img src="/schools/eaimgmp3/french1/img/coursebook/lesson04/page30/1236h0014.jpg" />
    </div>
  </div>
  <div>
    <table class="table table-bordered c-table">
      <tr>
        <td class=" middle">
          <GapFill id="g158" Width="200" CorrectValue="Vous continuez jusqu’au feu." InitValue="" />
        </td>
        <td class=" middle">Continuez jusqu’au feu.</td>
      </tr>
      <tr>
        <td class=" middle">Vous attendez un moment?</td>
        <td class=" middle">
          <GapFill id="g163" Width="200" CorrectValue="Attendez un moment." InitValue="" />
        </td>
      </tr>
      <tr>
        <td class=" middle">
          <GapFill id="g166" Width="200" CorrectValue="Tu vas jusqu’au feu et tu tournes à gauche." InitValue="" />
        </td>
        <td class=" middle">Va jusqu’au feu et tourne à gauche.</td>
      </tr>
      <tr>
        <td class=" middle">Vous venez au cinéma avec moi?</td>
        <td class=" middle">
          <GapFill id="g171" Width="200" CorrectValue="Venez au cinéma avec moi!" InitValue="" />
        </td>
      </tr>
      <tr>
        <td class=" middle">Tu continues jusqu’à la station Kléber. C’est là!</td>
        <td class=" middle">
          <GapFill id="g175" Width="200" CorrectValue="Continue jusqu’à la station Kléber. C’est là!" InitValue="" />
        </td>
      </tr>
    </table>
  </div>
  <div class="col-md-4">
    <div class="panel panel-info">
      <div class="panel-body">
        <table class="table c-table">
          <tr>
            <td>
              <p>
                {{Ttrans}}
                <br />
                {{Ttrans1}}
                <br />
                {{Ttrans2}}
              </p>
            </td>
            <td>
              <p>
                <b>
                  cherche!<br />
                  cherchons!<br />
                  cherchez!
                </b>
              </p>
            </td>
          </tr>
        </table>
      </div>
    </div>
  </div>
  <info title="Impératif" instrTitle="{{Ahtmltitle}}" instrs="FILLING_IN" />
</Page>