﻿<?xml version="1.0" encoding="utf-8"?>
<Page id="hufex1_l04_a08">
  <p>
    <a href="http://www.langmaster.cz/comcz/French1/l04/a/hufex1_l04_a08.htm">/French1/l04/a/hufex1_l04_a08.htm</a>
    <br />
    <a href="http://www.langmaster.cz/comcz/French1/l04/a/home.htm">
                            cvičení 8</a>
  </p>
  <div>
    <img src="/schools/eaimgmp3/french1/img/homestudy/lesson04/page110/14_1a14_2.gif" />
  </div>
  <div>
    <table class="table c-table">
      <tr>
        <td>
          <b>
              {{Ttrans}}
            </b>
          <br />
Madame/aller/tour Montparnasse<br /><GapFill id="g283" CorrectValue="Pardon, Madame, pour aller à la tour Montparnasse, s’il vous plaît?" InitValue="Pardon, Madame, pour aller à la tour Montparnasse, s’il vous plaît?" /></td>
      </tr>
    </table>
  </div>
  <div>
    <table class="table table-bordered c-table">
      <tr>
        <td class=" middle">
            prendre/métro/gare Montparnasse<br /><GapFill id="g1077" Width="200" CorrectValue="Vous prenez le métro jusqu’à la gare Montparnasse.|Prenez le métro jusqu’à la gare Montparnasse." InitValue="" /></td>
      </tr>
      <tr>
        <td class=" middle">
            Monsieur/Café de France<br /><GapFill id="g481" Width="200" CorrectValue="Pardon Monsieur, où est le Café de France, s’il vous plaît?" InitValue="" /></td>
      </tr>
      <tr>
        <td class=" middle">
            prendre/première rue/droite<br /><GapFill id="g1079" Width="200" CorrectValue="Vous prenez la première rue à droite.|Prenez la première rue à droite." InitValue="" /></td>
      </tr>
      <tr>
        <td class=" middle">
            Excuser/chercher/place de la Bastille<br /><GapFill id="g1067" Width="200" CorrectValue="Excusez-moi, je cherche la place de la Bastille." InitValue="" /></td>
      </tr>
      <tr>
        <td class=" middle">
            continuer/feu/tourner/droite/arriver/place de la Bastille<br /><GapFill id="g1082" Width="200" CorrectValue="Vous continuez jusqu’au feu, vous tournez à droite et vous arrivez place de la Bastille.|Continuez jusqu’au feu, tournez à droite et vous arrivez place de la Bastille." InitValue="" /></td>
      </tr>
      <tr>
        <td class=" middle">
            Monsieur/arrêt de bus 42<br /><GapFill id="g1068" Width="200" CorrectValue="Pardon Monsieur, où est l’arrêt du bus 42, s’il vous plaît?" InitValue="" /></td>
      </tr>
      <tr>
        <td class=" middle">
            en face/Hôtel de Ville<br /><GapFill id="g971" Width="200" CorrectValue="Il est en face de l’Hôtel de Ville." InitValue="" /></td>
      </tr>
    </table>
  </div>
  <info title="Pardon, où est ...?" instrTitle="{{Ahtmltitle}}" instrs="FILLING_IN" />
</Page>