﻿<?xml version="1.0" encoding="utf-8"?>
<Page id="hufex1_l04_a09">
  <p>
    <a href="http://www.langmaster.cz/comcz/French1/l04/a/hufex1_l04_a09.htm">/French1/l04/a/hufex1_l04_a09.htm</a>
    <br />
    <a href="http://www.langmaster.cz/comcz/French1/l04/a/home.htm">
                            cvičení 9</a>
  </p>
  <div class="row">
    <div class="col-md-2 ">
      <img src="/schools/eaimgmp3/french1/img/homestudy/lesson04/page110/0775h3469.jpg" />
    </div>
    <div class="col-md-10 ">
      <Pairing id="E64">
        <PairingItem>Pardon, Madame, pour aller à la tour Montparnasse, s’il vous plaît?<Right>Vous prenez le métro jusqu’à la gare Montparnasse.</Right></PairingItem>
        <PairingItem>Excusez-moi, je cherche la place de la Bastille.<Right>Vous continuez jusqu’au feu, vous tournez à droite et vous arrivez place de la Bastille.</Right></PairingItem>
        <PairingItem>Pardon Monsieur, où est le Café de France, s’il vous plaît?<Right>Vous prenez la première rue à droite.</Right></PairingItem>
        <PairingItem>Pardon Monsieur, où est l’arrêt du bus 42, s’il vous plaît?<Right>Il est en face de l’Hôtel de Ville.</Right></PairingItem>
      </Pairing>
    </div>
  </div>
  <info title="Dialogues dans la rue" instrTitle="{{Ahtmltitle}}" instrs="PAIRING" />
</Page>