﻿<?xml version="1.0" encoding="utf-8"?>
<Module title="Chapitre B">
   <Ex id="hufex1_l01_b01"
       title="J’épelle"
       instr="{{Ahtmltitle}}"
       tech_instr="SOUND_PLAYBACK">
      <p>
         <a target="_blank"
            href="http://www.langmaster.cz/comcz/French1/l01/b/hufex1_l01_b01.htm">/French1/l01/b/hufex1_l01_b01.htm</a>
         <br/>
         <a target="_blank"
            href="http://www.langmaster.cz/comcz/French1/l01/b/home.htm">
                            cvičení 1</a>
      </p>
      <div class="row">
         <div class="col-md-3 ">
            <img src="/schools/eaimgmp3/french1/img/coursebook/lesson01/page11/1812h0019.jpg"/>
         </div>
         <div class="col-md-9 ">
            <table class="table table-bordered c-table">
               <tr>
                  <td>
                     <MediaText id="snd0-6"
                                Url="/schools/eaimgmp3/french1wma/lesson01/hufex1_l01_b01.mp3"
                                Sequence="0-6"/>
                     <br/>
                     <MediaText id="snd7-13" Sequence="7-13" ContinueOf="snd0-6"/>
                     <br/>
                     <MediaText id="snd14-20" Sequence="14-20" ContinueOf="snd7-13"/>
                     <br/>
                     <MediaText id="snd21-*" Sequence="21-" ContinueOf="snd14-20"/>
                  </td>
               </tr>
            </table>
         </div>
      </div>
   </Ex>
   <Ex id="hufex1_l01_b02"
       title="Quand on vous ne comprend pas votre nom"
       instr="{{Ahtmltitle}}"
       tech_instr="FILLING_IN SOUND_PLAYBACK">
      <p>
         <a target="_blank"
            href="http://www.langmaster.cz/comcz/French1/l01/b/hufex1_l01_b02.htm">/French1/l01/b/hufex1_l01_b02.htm</a>
         <br/>
         <a target="_blank"
            href="http://www.langmaster.cz/comcz/French1/l01/b/home.htm">
                            cvičení 2</a>
      </p>
      <div class="row">
         <div class="col-md-3 ">
            <img src="/schools/eaimgmp3/french1/img/homestudy/lesson01/page96/0569h0145.gif"/>
         </div>
         <div class="col-md-4 ">
            <table class="table c-table">
               <tr>
                  <td class=" middle">
                     <MediaText id="snd0"
                                Url="/schools/eaimgmp3/french1wma/lesson01/hufex1_l01_b02.mp3"
                                Sequence="0,1"/>
                E<GapFill id="g160" CorrectValue="m" Width="2em"/>ile
              </td>
               </tr>
               <tr>
                  <td class=" middle">
                     <MediaText id="snd2" Sequence="2,3" ContinueOf="snd0"/>
                Vict<GapFill id="g209" CorrectValue="o" Width="2em"/>r
              </td>
               </tr>
               <tr>
                  <td class=" middle">
                     <MediaText id="snd4" Sequence="4,5" ContinueOf="snd2"/>
                Jea<GapFill id="g258" CorrectValue="n" Width="2em"/>
                  </td>
               </tr>
               <tr>
                  <td class=" middle">
                     <MediaText id="snd6" Sequence="6,7" ContinueOf="snd4"/>
                Ber<GapFill id="g307" CorrectValue="t" Width="2em"/>he
              </td>
               </tr>
               <tr>
                  <td class=" middle">
                     <MediaText id="snd8" Sequence="8,9" ContinueOf="snd6"/>
                     <GapFill id="g356" CorrectValue="P" Width="2em"/>aul
              </td>
               </tr>
               <tr>
                  <td class=" middle">
                     <MediaText id="snd10" Sequence="10,11" ContinueOf="snd8"/>
                H<GapFill id="g405" CorrectValue="e" Width="2em"/>nri
              </td>
               </tr>
               <tr>
                  <td class=" middle">
                     <MediaText id="snd12" Sequence="12,13" ContinueOf="snd10"/>
                Anato<GapFill id="g454" CorrectValue="l" Width="2em"/>e
              </td>
               </tr>
               <tr>
                  <td class=" middle">
                     <MediaText id="snd14" Sequence="14,15" ContinueOf="snd12"/>
                Nico<GapFill id="g503" CorrectValue="l" Width="2em"/>as
              </td>
               </tr>
               <tr>
                  <td class=" middle">
                     <MediaText id="snd16" Sequence="16,17" ContinueOf="snd14"/>
                Xav<GapFill id="g552" CorrectValue="i" Width="2em"/>er
              </td>
               </tr>
               <tr>
                  <td class=" middle">
                     <MediaText id="snd18" Sequence="18,19" ContinueOf="snd16"/>
                Kléb<GapFill id="g601" CorrectValue="e" Width="2em"/>r
              </td>
               </tr>
               <tr>
                  <td class=" middle">
                     <MediaText id="snd20" Sequence="20,21" ContinueOf="snd18"/>
                Osca<GapFill id="g650" CorrectValue="r" Width="2em"/>
                  </td>
               </tr>
            </table>
         </div>
         <div class="col-md-4 ">
            <b>Le nom de la ville est:</b>
            <br/>
            <GapFill id="g826" CorrectValue="Montpellier" Width="200"/>
         </div>
      </div>
   </Ex>
   <Ex id="hufex1_l01_b03"
       title="Cartes de visite"
       instr="{{Ahtmltitle}}"
       tech_instr="FILLING_IN SOUND_PLAYBACK">
      <p>
         <a target="_blank"
            href="http://www.langmaster.cz/comcz/French1/l01/b/hufex1_l01_b03.htm">/French1/l01/b/hufex1_l01_b03.htm</a>
         <br/>
         <a target="_blank"
            href="http://www.langmaster.cz/comcz/French1/l01/b/home.htm">
                            cvičení 3</a>
      </p>
      <div>
         <img src="/schools/eaimgmp3/french1/img/coursebook/lesson01/page12/vizitky.gif"/>
      </div>
      <div class="row">
         <div class="col-md-1 ">
            <MediaBigMark Url="/schools/eaimgmp3/french1wma/lesson01/hufex1_l01_b03.mp3"
                          Sequence=""/>
         </div>
         <div class="col-md-11 ">
            <table class="table table-bordered c-table">
               <tr>
                  <td class=" middle">
                     <GapFill id="g274" CorrectValue="François" Width="200"/> Legrand
            </td>
                  <td class=" middle">
                     <GapFill id="g276" CorrectValue="Suzanne" Width="200"/> Martin
            </td>
                  <td class=" middle">
                     <GapFill id="g278" CorrectValue="Paul" Width="200"/> Maigret
            </td>
               </tr>
               <tr>
                  <td class=" middle">Coiffeur</td>
                  <td class=" middle">Secrétaire de direction</td>
                  <td class=" middle">Notaire</td>
               </tr>
               <tr>
                  <td class=" middle">12, rue Marie Curie</td>
                  <td class=" middle">9, place de la République</td>
                  <td class=" middle">2, boulevard Voltaire</td>
               </tr>
               <tr>
                  <td class=" middle">
              69000 <GapFill id="g289" CorrectValue="Lyon" Width="200"/>
                  </td>
                  <td class=" middle">
              13000 <GapFill id="g291" CorrectValue="Marseille" Width="200"/>
                  </td>
                  <td class=" middle">
              35000 <GapFill id="g293" CorrectValue="Rennes" Width="200"/>
                  </td>
               </tr>
            </table>
         </div>
      </div>
   </Ex>
   <Ex id="hufex1_l01_b04"
       title="Présentation"
       instr="{{Ahtmltitle}}"
       tech_instr="SOUND_PLAYBACK">
      <p>
         <a target="_blank"
            href="http://www.langmaster.cz/comcz/French1/l01/b/hufex1_l01_b04.htm">/French1/l01/b/hufex1_l01_b04.htm</a>
         <br/>
         <a target="_blank"
            href="http://www.langmaster.cz/comcz/French1/l01/b/home.htm">
                            cvičení 4</a>
      </p>
      <div>
         <img src="/schools/eaimgmp3/french1/img/coursebook/lesson01/page12/im_kurs_befragen.gif"/>
      </div>
      <div class="row">
         <div class="col-md-12 ">
            <MediaText id="snd0-2"
                       Url="/schools/eaimgmp3/french1wma/lesson01/hufex1_l01_b04.mp3"
                       Sequence="0-2"/>
            <br/>
            <MediaText id="snd3" Sequence="3" ContinueOf="snd0-2"/>
            <br/>
            <MediaText id="snd4-5" Sequence="4-5" ContinueOf="snd3"/>
            <br/>
            <MediaText id="snd6" Sequence="6" ContinueOf="snd4-5"/>
         </div>
      </div>
      <div class="row">
         <div class="col-md-6 ">
            <div class="panel panel-info">
               <div class="panel-body">
                  <p>
            {{Ttrans}}
          </p>
                  <p>
            {{Ttrans1}}
          </p>
               </div>
            </div>
         </div>
         <div class="col-md-6 ">
            <div class="panel panel-info">
               <div class="panel-body">
                  <p>
            je m’appelle
            <br/>
            je suis
            <br/>
            j’habite
          </p>
               </div>
            </div>
         </div>
      </div>
   </Ex>
   <Ex id="hufex1_l01_b05"
       title="Révision du vocabulaire"
       instr="{{Ahtmltitle}}"
       tech_instr="SORTING_INTO_GROUPS_DRAG_AND_DROP">
      <p>
         <a target="_blank"
            href="http://www.langmaster.cz/comcz/French1/l01/b/hufex1_l01_b05.htm">/French1/l01/b/hufex1_l01_b05.htm</a>
         <br/>
         <a target="_blank"
            href="http://www.langmaster.cz/comcz/French1/l01/b/home.htm">
                            cvičení 5</a>
      </p>
      <table class="table table-bordered c-table">
         <tr>
            <td class="c-table-default middle">Lille</td>
            <td>
               <WordSelection id="ce403" Words="nom|#ville|autre"/>
            </td>
         </tr>
         <tr>
            <td class="c-table-default middle">Wagon</td>
            <td>
               <WordSelection id="ce520" Words="nom|ville|#autre"/>
            </td>
         </tr>
         <tr>
            <td class="c-table-default middle">Odile</td>
            <td>
               <WordSelection id="ce262" Words="#nom|ville|autre"/>
            </td>
         </tr>
         <tr>
            <td class="c-table-default middle">Paris</td>
            <td>
               <WordSelection id="ce427" Words="nom|#ville|autre"/>
            </td>
         </tr>
         <tr>
            <td class="c-table-default middle">Gaston</td>
            <td>
               <WordSelection id="ce294" Words="#nom|ville|autre"/>
            </td>
         </tr>
         <tr>
            <td class="c-table-default middle">Jean</td>
            <td>
               <WordSelection id="ce278" Words="#nom|ville|autre"/>
            </td>
         </tr>
         <tr>
            <td class="c-table-default middle">Taxi</td>
            <td>
               <WordSelection id="ce528" Words="nom|ville|#autre"/>
            </td>
         </tr>
         <tr>
            <td class="c-table-default middle">Lyon</td>
            <td>
               <WordSelection id="ce419" Words="nom|#ville|autre"/>
            </td>
         </tr>
         <tr>
            <td class="c-table-default middle">Fabrique</td>
            <td>
               <WordSelection id="ce544" Words="nom|ville|#autre"/>
            </td>
         </tr>
         <tr>
            <td class="c-table-default middle">Eléphant</td>
            <td>
               <WordSelection id="ce552" Words="nom|ville|#autre"/>
            </td>
         </tr>
         <tr>
            <td class="c-table-default middle">Oscar</td>
            <td>
               <WordSelection id="ce302" Words="#nom|ville|autre"/>
            </td>
         </tr>
         <tr>
            <td class="c-table-default middle">Henri</td>
            <td>
               <WordSelection id="ce254" Words="#nom|ville|autre"/>
            </td>
         </tr>
         <tr>
            <td class="c-table-default middle">Banane</td>
            <td>
               <WordSelection id="ce496" Words="nom|ville|#autre"/>
            </td>
         </tr>
         <tr>
            <td class="c-table-default middle">Poupée</td>
            <td>
               <WordSelection id="ce504" Words="nom|ville|#autre"/>
            </td>
         </tr>
         <tr>
            <td class="c-table-default middle">Munich</td>
            <td>
               <WordSelection id="ce387" Words="nom|#ville|autre"/>
            </td>
         </tr>
         <tr>
            <td class="c-table-default middle">Cannes</td>
            <td>
               <WordSelection id="ce395" Words="nom|#ville|autre"/>
            </td>
         </tr>
         <tr>
            <td class="c-table-default middle">Colmar</td>
            <td>
               <WordSelection id="ce371" Words="nom|#ville|autre"/>
            </td>
         </tr>
         <tr>
            <td class="c-table-default middle">Suzanne</td>
            <td>
               <WordSelection id="ce270" Words="#nom|ville|autre"/>
            </td>
         </tr>
         <tr>
            <td class="c-table-default middle">Véronique</td>
            <td>
               <WordSelection id="ce286" Words="#nom|ville|autre"/>
            </td>
         </tr>
         <tr>
            <td class="c-table-default middle">Guitare</td>
            <td>
               <WordSelection id="ce512" Words="nom|ville|#autre"/>
            </td>
         </tr>
         <tr>
            <td class="c-table-default middle">Désiré</td>
            <td>
               <WordSelection id="ce246" Words="#nom|ville|autre"/>
            </td>
         </tr>
         <tr>
            <td class="c-table-default middle">Crocodile</td>
            <td>
               <WordSelection id="ce536" Words="nom|ville|#autre"/>
            </td>
         </tr>
         <tr>
            <td class="c-table-default middle">Dinan</td>
            <td>
               <WordSelection id="ce379" Words="nom|#ville|autre"/>
            </td>
         </tr>
         <tr>
            <td class="c-table-default middle">Montpellier</td>
            <td>
               <WordSelection id="ce411" Words="nom|#ville|autre"/>
            </td>
         </tr>
      </table>
      <img src="/schools/eaimgmp3/french1/img/homestudy/lesson01/page98/016.gif"/>
   </Ex>
   <Ex id="hufex1_l01_b06"
       title="Qu’est-ce que nous connaissons déjà?"
       instr="{{Ahtmltitle}}"
       tech_instr="PAIRING">
      <p>
         <a target="_blank"
            href="http://www.langmaster.cz/comcz/French1/l01/b/hufex1_l01_b06.htm">/French1/l01/b/hufex1_l01_b06.htm</a>
         <br/>
         <a target="_blank"
            href="http://www.langmaster.cz/comcz/French1/l01/b/home.htm">
                            cvičení 6</a>
      </p>
      <div>
         <img src="/schools/eaimgmp3/french1/img/vocabulary/lesson01/page09/a_b_c.gif"/>
      </div>
      <div>
         <Pairing id="E112">
            <PairingItem>un journaliste<Right>
            {{Ttrans}}
          </Right>
            </PairingItem>
            <PairingItem>un photographe<Right>
            {{Ttrans1}}
          </Right>
            </PairingItem>
            <PairingItem>un dentiste<Right>
            {{Ttrans2}}
          </Right>
            </PairingItem>
            <PairingItem>un général<Right>
            {{Ttrans3}}
          </Right>
            </PairingItem>
            <PairingItem>un philosophe<Right>
            {{Ttrans4}}
          </Right>
            </PairingItem>
            <PairingItem>un directeur<Right>
            {{Ttrans5}}
          </Right>
            </PairingItem>
            <PairingItem>un contrôleur<Right>
            {{Ttrans6}}
          </Right>
            </PairingItem>
            <PairingItem>bonjour<Right>
            {{Ttrans7}}
          </Right>
            </PairingItem>
            <PairingItem>je m’appelle<Right>
            {{Ttrans8}}
          </Right>
            </PairingItem>
            <PairingItem>je suis<Right>
            {{Ttrans9}}
          </Right>
            </PairingItem>
         </Pairing>
      </div>
   </Ex>
</Module>
