﻿<?xml version="1.0" encoding="utf-8"?>
<Page id="hufex2_l01_b01">
  <p>
    <a href="http://www.langmaster.cz/comcz/French2/l01/b/hufex2_l01_b01.htm">/French2/l01/b/hufex2_l01_b01.htm</a>
    <br />
    <a href="http://www.langmaster.cz/comcz/French2/l01/b/home.htm">
                            cvičení 1</a>
  </p>
  <div>
    <img src="/schools/eaimgmp3/french2/img/coursebook/lesson01/page11/tgv.gif" />
  </div>
  <div class="row">
    <div class="col-md-1 ">
      <MediaBigMark Url="/schools/eaimgmp3/french2wma/lesson01/hufex2_l01_b01.mp3" Sequence="" IsPassive="false" />
    </div>
    <div class="col-md-4 ">
      <p>1</p>
      <p>Matthieu et Florence se rencontrent dans le TGV en direction de Grenoble. Florence raconte à Matthieu qu’elle va s’installer à Grenoble le mois prochain avec son futur mari Denis.</p>
      <p>Matthieu, lui, est toujours professeur à Lyon. Il accompagne des élèves à Chamrousse en classe de neige.</p>
    </div>
    <div class="col-md-4 ">
      <p>2</p>
      <p>Matthieu et Florence font connaissance dans le TGV en direction de Grenoble. Florence va à Grenoble pour faire un stage de yoga avec Denis, son futur mari.</p>
      <p>Matthieu s’occupe d’un projet d’urbanisme à Lyon et va une semaine à Chamrousse avec un collègue pour faire du ski.</p>
    </div>
  </div>
  <table class="table table-bordered c-table">
    <tr>
      <td>
        Quel texte correspond avec le dialogue?<br /><GapFill id="g541" Width="2em" CorrectValue="1" InitValue="" /></td>
    </tr>
  </table>
  <div class="col-md-6">
    <div class="panel panel-info">
      <div class="panel-body">
        <p>
          TGV: train à Grande Vitesse. {{Ttrans}}
        </p>
      </div>
    </div>
  </div>
  <info title="Qu’est-ce que tu deviens?" instrTitle="Lisez les deux textes suivants et après écoutez le dialogue. Répondez à la question." instrs="FILLING_IN SOUND_PLAYBACK" />
</Page>