﻿<?xml version="1.0" encoding="utf-8"?>
<Page id="hufex2_l01_b04">
  <p>
    <a href="http://www.langmaster.cz/comcz/French2/l01/b/hufex2_l01_b04.htm">/French2/l01/b/hufex2_l01_b04.htm</a>
    <br />
    <a href="http://www.langmaster.cz/comcz/French2/l01/b/home.htm">
                            cvičení 4</a>
  </p>
  <div class="row">
    <div class="col-md-3 ">
      <img src="/schools/eaimgmp3/french2/img/coursebook/lesson01/page12/1850h0033.jpg" />
    </div>
    <div class="col-md-9 ">
      <table class="table c-table">
        <tr>
          <td class=" middle">
              {{Ttrans}}
            </td>
          <td class=" middle">
            <GapFill id="g254" Width="200" CorrectValue="ils se rencontrent|elles se rencontrent" InitValue="" />
          </td>
        </tr>
        <tr>
          <td class=" middle">
              {{Ttrans1}}
            </td>
          <td class=" middle">
            <GapFill id="g162" Width="200" CorrectValue="je m’appelle" InitValue="" />
          </td>
        </tr>
        <tr>
          <td class=" middle">
              {{Ttrans2}}
            </td>
          <td class=" middle">
            <GapFill id="g166" Width="200" CorrectValue="tu te maries" InitValue="" />
          </td>
        </tr>
        <tr>
          <td class=" middle">
              {{Ttrans3}}
            </td>
          <td class=" middle">
            <GapFill id="g170" Width="200" CorrectValue="vous vous souvenez" InitValue="" />
          </td>
        </tr>
        <tr>
          <td class=" middle">
              {{Ttrans4}}
            </td>
          <td class=" middle">
            <GapFill id="g256" Width="200" CorrectValue="on se connaît|nous nous connaissons" InitValue="" />
          </td>
        </tr>
        <tr>
          <td class=" middle">
              {{Ttrans5}}
            </td>
          <td class=" middle">
            <GapFill id="g258" Width="200" CorrectValue="on se promène|nous nous promenons" InitValue="" />
          </td>
        </tr>
        <tr>
          <td class=" middle">
              {{Ttrans6}}
            </td>
          <td class=" middle">
            <GapFill id="g260" Width="200" CorrectValue="on se lève|nous nous levons" InitValue="" />
          </td>
        </tr>
        <tr>
          <td class=" middle">
              {{Ttrans7}}
            </td>
          <td class=" middle">
            <GapFill id="g186" Width="200" CorrectValue="on se raconte|nous nous racontons" InitValue="" />
          </td>
        </tr>
      </table>
    </div>
  </div>
  <info title="La traduction" instrTitle="On connaît déjà les verbes pronominaux. Traduisez-les." instrs="FILLING_IN" />
</Page>