﻿<?xml version="1.0" encoding="utf-8"?>
<Page id="hufex2_l01_b05">
  <p>
    <a href="http://www.langmaster.cz/comcz/French2/l01/b/hufex2_l01_b05.htm">/French2/l01/b/hufex2_l01_b05.htm</a>
    <br />
    <a href="http://www.langmaster.cz/comcz/French2/l01/b/home.htm">
                            cvičení 5</a>
  </p>
  <div>
    <img src="/schools/eaimgmp3/french2/img/coursebook/lesson01/page12/01_012_1.gif" />
  </div>
  <div>
    <p>L’entreprise de cet homme d’affaires a connu des difficultés. Il a licencié du personnel, pris un crédit dans une banque et il a hypothéqué sa maison. Mais ça n’a pas marché! L’entreprise a fait faillite et la banque a vendu sa maison. Sa femme l’a quitté, ses amis l’ont oublié, il s’est retrouvé seul. Son concurrent n’a pas eu de chance non plus. Aujourd'hui, ils sont SDF et amis: ils mangent souvent ensemble aux restos du cœur et se souviennent du bon vieux temps!</p>
  </div>
  <div>
    <p>
          Cet homme a <CheckItem id="o305" CorrectValue="true" TextId="TrueFalse">des problèmes</CheckItem>/<CheckItem id="o313" CorrectValue="false" TextId="TrueFalse">de l’argent</CheckItem>.
        </p>
    <p>
          Il a <CheckItem id="o417" CorrectValue="false" TextId="TrueFalse">acheté</CheckItem>/<CheckItem id="o425" CorrectValue="true" TextId="TrueFalse">vendu</CheckItem> sa maison.
        </p>
    <p>
          Sa femme <CheckItem id="o529" CorrectValue="false" TextId="TrueFalse">l’aime</CheckItem>/<CheckItem id="o537" CorrectValue="true" TextId="TrueFalse">ne ľaime plus</CheckItem>.
        </p>
    <p>
          Il a <CheckItem id="o641" CorrectValue="true" TextId="TrueFalse">peu</CheckItem>/<CheckItem id="o649" CorrectValue="false" TextId="TrueFalse">beaucoup</CheckItem> d’amis.
        </p>
    <p>
          Son concurrent <CheckItem id="o753" CorrectValue="false" TextId="TrueFalse">a</CheckItem>/<CheckItem id="o761" CorrectValue="true" TextId="TrueFalse">n’a pas</CheckItem> plus de succès.
        </p>
    <p>Il mange dans un restaurant <CheckItem id="o865" CorrectValue="false" TextId="TrueFalse">cher</CheckItem>/<CheckItem id="o873" CorrectValue="true" TextId="TrueFalse">d’une organisation charitable</CheckItem>.</p>
  </div>
  <info title="Que sont-ils devenus?" instrTitle="Regardez les images et lisez. Qu’est-il devenu? Choisissez le mot correct." instrs="SYLLABLE_SELECTION_ONE_CORRECT_OUT_OF_SEVERAL" courseSeeAlsoStr="" />
</Page>