﻿<?xml version="1.0" encoding="utf-8"?>
<Page id="hufex2_l01_b07">
  <p>
    <a href="http://www.langmaster.cz/comcz/French2/l01/b/hufex2_l01_b07.htm">/French2/l01/b/hufex2_l01_b07.htm</a>
    <br />
    <a href="http://www.langmaster.cz/comcz/French2/l01/b/home.htm">
                            cvičení 7</a>
  </p>
  <div class="row">
    <div class="col-md-4 ">
      <img src="/schools/eaimgmp3/french2/img/coursebook/lesson01/page12/c851h0024.jpg" />
    </div>
    <div class="col-md-8 ">
      <table class="table table-bordered c-table">
        <tr>
          <td>Ils se marient au mois d’août.</td>
        </tr>
        <tr>
          <td>
            <GapFill id="g206" Width="30" CorrectValue="Quand se marient-ils?|Quand est-ce qu’ils se marient?|Ils se marient quand?" InitValue="" />
            <GapFill id="g207" Width="30" CorrectValue="Quand se marient-ils?|Quand est-ce qu’ils se marient?|Ils se marient quand?" InitValue="" />
            <GapFill id="g208" Width="30" CorrectValue="Quand se marient-ils?|Quand est-ce qu’ils se marient?|Ils se marient quand?" InitValue="" />
          </td>
        </tr>
        <tr>
          <td>On se retrouve devant le cinéma à 8 heures.</td>
        </tr>
        <tr>
          <td>
            <GapFill id="g214" Width="30" CorrectValue="A quelle heure se retrouve-t-on?|A quelle heure est-ce qu’on se retrouve?|On se retrouve à quelle heure?" InitValue="" />
            <GapFill id="g215" Width="30" CorrectValue="A quelle heure se retrouve-t-on?|A quelle heure est-ce qu’on se retrouve?|On se retrouve à quelle heure?" InitValue="" />
            <GapFill id="g216" Width="30" CorrectValue="A quelle heure se retrouve-t-on?|A quelle heure est-ce qu’on se retrouve?|On se retrouve à quelle heure?" InitValue="" />
          </td>
        </tr>
        <tr>
          <td>Je vais m’installer à Grenoble.</td>
        </tr>
        <tr>
          <td>
            <GapFill id="g222" Width="30" CorrectValue="Où vas-tu t’installer?|Où est-ce que tu vas t’installer?|Tu vas t’installer où?" InitValue="" />
            <GapFill id="g223" Width="30" CorrectValue="Où vas-tu t’installer?|Où est-ce que tu vas t’installer?|Tu vas t’installer où?" InitValue="" />
            <GapFill id="g224" Width="30" CorrectValue="Où vas-tu t’installer?|Où est-ce que tu vas t’installer?|Tu vas t’installer où?" InitValue="" />
          </td>
        </tr>
        <tr>
          <td>Elles se racontent des souvenirs de vacances.</td>
        </tr>
        <tr>
          <td>
            <GapFill id="g230" Width="30" CorrectValue="Que se racontent-elles?|Qu’est-ce qu’elles se racontent?|Elles se racontent quoi?" InitValue="" />
            <GapFill id="g231" Width="30" CorrectValue="Que se racontent-elles?|Qu’est-ce qu’elles se racontent?|Elles se racontent quoi?" InitValue="" />
            <GapFill id="g232" Width="30" CorrectValue="Que se racontent-elles?|Qu’est-ce qu’elles se racontent?|Elles se racontent quoi?" InitValue="" />
          </td>
        </tr>
        <tr>
          <td>Je crois qu’elle s’appelle Madeleine.</td>
        </tr>
        <tr>
          <td>
            <GapFill id="g238" Width="30" CorrectValue="Comment s’appelle-t-elle?|Comment est-ce qu’elle s’appelle?|Elle s’appelle comment?" InitValue="" />
            <GapFill id="g239" Width="30" CorrectValue="Comment s’appelle-t-elle?|Comment est-ce qu’elle s’appelle?|Elle s’appelle comment?" InitValue="" />
            <GapFill id="g240" Width="30" CorrectValue="Comment s’appelle-t-elle?|Comment est-ce qu’elle s’appelle?|Elle s’appelle comment?" InitValue="" />
          </td>
        </tr>
        <tr>
          <td>Je me dépêche parce que je vais être en retard.</td>
        </tr>
        <tr>
          <td>
            <GapFill id="g246" Width="30" CorrectValue="Pourquoi vous dépêchez-vous?|Pourquoi est-ce que vous vous dépêchez?|Vous vous dépêchez pourquoi?" InitValue="" />
            <GapFill id="g247" Width="30" CorrectValue="Pourquoi vous dépêchez-vous?|Pourquoi est-ce que vous vous dépêchez?|Vous vous dépêchez pourquoi?" InitValue="" />
            <GapFill id="g248" Width="30" CorrectValue="Pourquoi vous dépêchez-vous?|Pourquoi est-ce que vous vous dépêchez?|Vous vous dépêchez pourquoi?" InitValue="" />
          </td>
        </tr>
      </table>
    </div>
  </div>
  <info title="Les questions" instrTitle="Nous savons que nous pouvons poser les questions en trois formes. Trouvez-les en utilisant toutes les formes." instrs="FILLING_IN" />
</Page>