﻿<?xml version="1.0" encoding="utf-8"?>
<Page id="hufex2_l01_b08">
  <p>
    <a href="http://www.langmaster.cz/comcz/French2/l01/b/hufex2_l01_b08.htm">/French2/l01/b/hufex2_l01_b08.htm</a>
    <br />
    <a href="http://www.langmaster.cz/comcz/French2/l01/b/home.htm">
                            cvičení 8</a>
  </p>
  <div>
    <img src="/schools/eaimgmp3/french2/img/coursebook/lesson01/page13/1701h0051.jpg" />
  </div>
  <Possibilities Words="se faire la bise|se détendre|se quitter|s’ennuyer|ne se voient jamais|se coucher|s’énerver" />
  <div>
    <div>
      <table class="table c-table">
        <tr>
          <td>
            <b>{{Ttrans}}</b>
            <br />
              Ils se téléphonent souvent, mais ils <GapFill id="g199" CorrectValue="ne se voient jamais" InitValue="ne se voient jamais" />.
            </td>
        </tr>
      </table>
    </div>
    <table class="table table-bordered c-table">
      <tr>
        <td>
          Tu as une patience d’ange! Tu ne <GapFill id="g251" Width="200" CorrectValue="t’énerves" InitValue="" /> jamais.
        </td>
      </tr>
      <tr>
        <td>
          J’ai toujours mille choses intéressantes à faire et je <GapFill id="g300" Width="200" CorrectValue="ne m’ennuie jamais" InitValue="" />.
        </td>
      </tr>
      <tr>
        <td>
          Vous êtes toujours fatigué, mais vous <GapFill id="g349" Width="200" CorrectValue="ne vous couchez jamais" InitValue="" /> avant minuit!
        </td>
      </tr>
      <tr>
        <td>
          Elles se connaissent depuis longtemps, mais elles <GapFill id="g398" Width="200" CorrectValue="ne se font jamais la bise" InitValue="" />.
        </td>
      </tr>
      <tr>
        <td>
          Nous nous aimons beaucoup et nous <GapFill id="g447" Width="200" CorrectValue="ne nous quittons jamais" InitValue="" />.
        </td>
      </tr>
      <tr>
        <td>
          Tu travailles sans arrêt et tu es trop stressé! Tu <GapFill id="g496" Width="200" CorrectValue="ne te détends jamais" InitValue="" />.
        </td>
      </tr>
    </table>
  </div>
  <info title="La révision" instrTitle="On va réviser les verbes pronominaux. Choisissez dans le menu un verbe et complétez-le bien dans les phrases." instrs="FILLING_IN" />
</Page>