﻿<?xml version="1.0" encoding="utf-8"?>
<Page id="hufex2_l01_b09">
  <p>
    <a href="http://www.langmaster.cz/comcz/French2/l01/b/hufex2_l01_b09.htm">/French2/l01/b/hufex2_l01_b09.htm</a>
    <br />
    <a href="http://www.langmaster.cz/comcz/French2/l01/b/home.htm">
                            cvičení 9</a>
  </p>
  <div class="row">
    <div class="col-md-3 ">
      <img src="/schools/eaimgmp3/french2/img/coursebook/lesson01/page13/0768h0069.jpg" />
    </div>
    <div class="col-md-9 ">
      <table class="table table-bordered c-table">
        <tr>
          <td>
            Pour être en forme dès le matin, ne <GapFill id="g156" Width="200" CorrectValue="vous levez" InitValue="se lever" /> pas trop vite.
          </td>
        </tr>
        <tr>
          <td>
            <GapFill id="g205" Width="200" CorrectValue="Ouvrez" InitValue="ouvrir" /> la fenêtre et <GapFill id="g206" Width="200" CorrectValue="faites" InitValue="faire" /> un peu de gymnastique.
          </td>
        </tr>
        <tr>
          <td>
            <GapFill id="g255" Width="200" CorrectValue="Faites-vous" InitValue="se faire" /> plaisir. <GapFill id="g256" Width="200" CorrectValue="Préparez-vous" InitValue="se préparer" /> un bon petit déjeuner et <GapFill id="g257" Width="200" CorrectValue="buvez" InitValue="boire" /> un verre de jus de fruit.
          </td>
        </tr>
        <tr>
          <td>
            <GapFill id="g306" Width="200" CorrectValue="Prenez" InitValue="prendre" /> votre temps. <GapFill id="g307" Width="200" CorrectValue="Lisez" InitValue="lire" /> le journal.
          </td>
        </tr>
        <tr>
          <td>
            Si c’est possible, <GapFill id="g356" Width="200" CorrectValue="allez" InitValue="aller" /> au travail à pied.
          </td>
        </tr>
        <tr>
          <td>
            Mais surtout, ne <GapFill id="g405" Width="200" CorrectValue="vous dépêchez" InitValue="se dépêcher" /> pas.
          </td>
        </tr>
      </table>
    </div>
  </div>
  <info title="L’impératif" instrTitle="Les phrases ne sont pas complètes. Remplacez les verbes en infinitif par les verbes en impératif en plural." instrs="CORRECTION" />
</Page>