﻿<?xml version="1.0" encoding="utf-8"?>
<Page id="hufex2_l09_c07">
  <p>
    <a href="http://www.langmaster.cz/comcz/French2/l09/c/hufex2_l09_c07.htm">/French2/l09/c/hufex2_l09_c07.htm</a>
    <br />
    <a href="http://www.langmaster.cz/comcz/French2/l09/c/home.htm">
                            cvičení 7</a>
  </p>
  <div>
    <img src="/schools/eaimgmp3/french2/img/homestudy/lesson09/page168/160_06.gif" />
  </div>
  <div>
    <div>
      <table class="table c-table">
        <tr>
          <td>
            <b>{{Ttrans}}:</b>
            <br />
              Elle ne va jamais chez le coiffeur. (vouloir)<br /><GapFill id="g283" CorrectValue="Je voudrais qu’elle aille chez le coiffeur." InitValue="Je voudrais qu’elle aille chez le coiffeur." /></td>
        </tr>
      </table>
    </div>
    <ListGroup IsStriped="true">
      <Noop>
          Elle s’habille mal. (aimer)<br /><GapFill id="g383" Width="200" CorrectValue="J’aimerais qu’elle s’habille plus élégamment." InitValue="" /></Noop>
      <Noop>
          Elle est moche. (vouloir)<br /><GapFill id="g481" Width="200" CorrectValue="Je voudrais qu’elle soit plus jolie." InitValue="" /></Noop>
      <Noop>
          Elle ne sourit jamais. (aimer)<br /><GapFill id="g579" Width="200" CorrectValue="J’aimerais qu’elle sourie plus souvent." InitValue="" /></Noop>
      <Noop>
          Elle ne sait pas faire la cuisine. (vouloir)<br /><GapFill id="g677" Width="200" CorrectValue="Je voudrais qu’elle sache faire la cuisine." InitValue="" /></Noop>
      <Noop>
          Elle ne comprend pas que je déteste les pulls faits main. (aimer)<br /><GapFill id="g775" Width="200" CorrectValue="J’aimerais qu’elle comprenne que je déteste les pulls faits main." InitValue="" /></Noop>
      <Noop>
          Il n’est pas très gentil avec moi. (vouloir)<br /><GapFill id="g873" Width="200" CorrectValue="Je voudrais qu’il soit plus gentil avec moi." InitValue="" /></Noop>
      <Noop>
          Il ne me dit jamais qu’il m’aime. (aimer)<br /><GapFill id="g971" Width="200" CorrectValue="J’aimerais qu’il me dise de temps en temps qu’il m’aime." InitValue="" /></Noop>
      <Noop>
          Il fait toujours la tête. (aimer mieux)<br /><GapFill id="g1069" Width="200" CorrectValue="J’aimerais mieux qu’il ne fasse pas toujours la tête." InitValue="" /></Noop>
      <Noop>
          Il n’a pas du tout de patience. (souhaiter)<br /><GapFill id="g1167" Width="200" CorrectValue="Je souhaiterais qu’il ait plus de patience." InitValue="" /></Noop>
      <Noop>
          Il ne se détend jamais. (aimer)<br /><GapFill id="g1265" Width="200" CorrectValue="J’aimerais qu’il se détende plus souvent." InitValue="" /></Noop>
    </ListGroup>
  </div>
  <info title="Ils n’ont que des regrets" instrTitle="Transformez les regrets en désirs d’après l’exemple." instrs="FILLING_IN" />
</Page>