﻿<?xml version="1.0" encoding="utf-8"?>
<Page id="hufex2_l09_c08">
  <p>
    <a href="http://www.langmaster.cz/comcz/French2/l09/c/hufex2_l09_c08.htm">/French2/l09/c/hufex2_l09_c08.htm</a>
    <br />
    <a href="http://www.langmaster.cz/comcz/French2/l09/c/home.htm">
                            cvičení 8</a>
  </p>
  <div class="row">
    <div class="col-md-2 ">
      <img src="/schools/eaimgmp3/french2/img/coursebook/lesson09/page88/1474h0025.jpg" />
    </div>
    <div class="col-md-10 ">
      <Pairing id="E65">
        <PairingItem>J’ai vraiment tout fait<Right>pour qu’ils restent dîner à la maison.</Right></PairingItem>
        <PairingItem>Il regarde tous les matchs à la télé<Right>bien qu’il ne soit pas sportif.</Right></PairingItem>
        <PairingItem>Les enfants ont droit à une réduction<Right>à condition qu’ils aient moins de 10 ans.</Right></PairingItem>
        <PairingItem>Ils ne vont rien décider<Right>avant que tout le monde soit là.</Right></PairingItem>
        <PairingItem>Ils ont confié leur chien aux voisins<Right>jusqu’à ce qu’ils reviennent de vacances.</Right></PairingItem>
        <PairingItem>Ils préfèrent rentrer à pied<Right>bien qu’il fasse déjà nuit.</Right></PairingItem>
        <PairingItem>Je vais leur faire un plan<Right>pour qu’ils ne se perdent pas.</Right></PairingItem>
        <PairingItem>Bison Futé conseille de ne pas prendre la route le 1er août<Right>afin qu’il y ait moins d’accidents.</Right></PairingItem>
      </Pairing>
    </div>
  </div>
  <info title="Encore le subjonctif!" instrTitle="Reliez les phrases qui sont au subjonctif." instrs="PAIRING" />
</Page>