﻿<?xml version="1.0" encoding="utf-8"?>
<Module title="Chapitre C">
   <Ex id="hufex2_l09_c01"
       title="Le son [j]"
       instr="Ecoutez les phrases suivantes et marquez le son [j]."
       tech_instr="TEXT_SECTION_SELECTING_ONE_OR_MORE_CORRECT_ANSWERS SOUND_PLAYBACK">
      <p>
         <a target="_blank"
            href="http://www.langmaster.cz/comcz/French2/l09/c/hufex2_l09_c01.htm">/French2/l09/c/hufex2_l09_c01.htm</a>
         <br/>
         <a target="_blank"
            href="http://www.langmaster.cz/comcz/French2/l09/c/home.htm">
                            cvičení 1</a>
      </p>
      <div>
         <img src="/schools/eaimgmp3/french2/img/coursebook/lesson09/page89/09_089_1.gif"/>
      </div>
      <div>
         <table class="table c-table">
            <tr>
               <td class=" middle"/>
               <td class=" middle">
                  <MediaBigMark Url="/schools/eaimgmp3/french2wma/lesson09/hufex2_l09_c01.mp3"
                                Sequence="0-2"/>
               </td>
               <td class=" middle">
            Le 14 
            TODO POZOR, více správných hodnot, ruční předělávka ysearch<WordSelection id="o124" Words="ju|#ill|#ill|j’y|#ill"/>
            et à la Bast
             
            e! 
            Il faut que 
             
             a
             
            e!
          </td>
            </tr>
            <tr>
               <td class=" middle"/>
               <td class=" middle">
                  <MediaBigMark Url="/schools/eaimgmp3/french2wma/lesson09/hufex2_l09_c01.mp3"
                                Sequence="3-4"/>
               </td>
               <td class=" middle">
            Ma f
            TODO POZOR, více správných hodnot, ruční předělávka ysearch<WordSelection id="o141" Words="#ill|#io|#ayé|#eilleu|#ouilla|ai|#ail|#eille"/>
            e Mar
             
            n m’a p
             
             la m
             
            re b
             
            b
             
            sse à l’
             
             de Mars
             
            .
          </td>
            </tr>
            <tr>
               <td class=" middle"/>
               <td class=" middle">
                  <MediaBigMark Url="/schools/eaimgmp3/french2wma/lesson09/hufex2_l09_c01.mp3"
                                Sequence="5-6"/>
               </td>
               <td class=" middle">TODO POZOR, více správných hodnot, ruční předělávka ysearch<WordSelection id="o161" Words="#Yo|#yeu|#eilles|#ie"/>
            lande a mal aux 
             
            x et aux or
             
             depuis h
             
            r.
          </td>
            </tr>
            <tr>
               <td class=" middle"/>
               <td class=" middle">
                  <MediaBigMark Url="/schools/eaimgmp3/french2wma/lesson09/hufex2_l09_c01.mp3"
                                Sequence="7-9"/>
               </td>
               <td class=" middle">
            S
            TODO POZOR, více správných hodnot, ruční předělávka ysearch<WordSelection id="o177" Words="#oyez|#ille|#oyés|#eille|#oyan|#iè"/>
             plus gent
             
             avec vos empl
             
             
            cons
             
             la v
             
            te à Dan
             
            le.
          </td>
            </tr>
            <tr>
               <td class=" middle"/>
               <td class=" middle">
                  <MediaBigMark Url="/schools/eaimgmp3/french2wma/lesson09/hufex2_l09_c01.mp3"
                                Sequence="10-11"/>
               </td>
               <td class=" middle">
            Syl
            TODO POZOR, více správných hodnot, ruční předělávka ysearch<WordSelection id="o195" Words="vie|ai|#ieux|#ya|#ille"/>
             
             
            me m
             
             les 
             
            ourts à la van
             
            .
          </td>
            </tr>
            <tr>
               <td class=" middle"/>
               <td class=" middle">
                  <MediaBigMark Url="/schools/eaimgmp3/french2wma/lesson09/hufex2_l09_c01.mp3"
                                Sequence="12-14"/>
               </td>
               <td class=" middle">
            Le f
            TODO POZOR, více správných hodnot, ruční předělávka ysearch<WordSelection id="o212" Words="ils|#ille|#illa|#ail|#ie|#illes"/>
             de Cam
             
             est débrou
             
            rd! 
            Il a trouvé du trav
             
             sur un voil
             
            r aux Ant
             
            .
          </td>
            </tr>
         </table>
      </div>
   </Ex>
   <Ex id="hufex2_l09_c02"
       title="Le sport à tout âge"
       instr="Ecoutez les interviews. Quel(s) sport(s) pratiquent-elles? Qu’est-ce que cela leur apporte?"
       tech_instr="FILLING_IN SOUND_PLAYBACK">
      <p>
         <a target="_blank"
            href="http://www.langmaster.cz/comcz/French2/l09/c/hufex2_l09_c02.htm">/French2/l09/c/hufex2_l09_c02.htm</a>
         <br/>
         <a target="_blank"
            href="http://www.langmaster.cz/comcz/French2/l09/c/home.htm">
                            cvičení 2</a>
      </p>
      <div>
         <img src="/schools/eaimgmp3/french2/img/coursebook/lesson09/page87/1784h0022.jpg"/>
      </div>
      <div class="row">
         <div class="col-md-1 ">
            <MediaBigMark Url="/schools/eaimgmp3/french2wma/lesson09/hufex2_l09_c02.mp3"
                          Sequence=""/>
         </div>
         <div class="col-md-11 ">
            <table class="table table-bordered c-table">
               <tr>
                  <td class="c-table-default middle"/>
                  <td class="c-table-default middle">Age</td>
                  <td class="c-table-default middle">Sport(s) pratiqué(s)</td>
                  <td class="c-table-default middle">Effets constants</td>
               </tr>
               <tr>
                  <td class=" middle">
                     <b>Suzanne</b>
                  </td>
                  <td class=" middle">
                     <GapFill id="g165" CorrectValue="50 ans" Width="200"/>
                  </td>
                  <td class=" middle">
                     <GapFill id="g168"
                              CorrectValue="gymnastique|planche à voile|danse"
                              Width="200"/> dans un club,<GapFill id="g169"
                              CorrectValue="gymnastique|planche à voile|danse"
                              Width="200"/>,<GapFill id="g170"
                              CorrectValue="gymnastique|planche à voile|danse"
                              Width="200"/>
                  </td>
                  <td class=" middle">
              Elle est toujours <GapFill id="g172" CorrectValue="en forme" Width="200"/> et n’a jamais de problèmes <GapFill id="g173" CorrectValue="de santé" Width="200"/>. Elle se sent <GapFill id="g174" CorrectValue="détendue" Width="200"/> et équilibrée.
            </td>
               </tr>
               <tr>
                  <td class=" middle">
                     <b>Hélène</b>
                  </td>
                  <td class=" middle">âge non précisé</td>
                  <td class=" middle">
                     <GapFill id="g180" CorrectValue="natation|jogging" Width="200"/>,<GapFill id="g181" CorrectValue="natation|jogging" Width="200"/>
                  </td>
                  <td class=" middle">
                     <GapFill id="g183" CorrectValue="meilleure" Width="200"/> santé, elle dort <GapFill id="g184" CorrectValue="mieux" Width="200"/>, plus d’entrain, plus d’<GapFill id="g185" CorrectValue="enthousiasme" Width="200"/> au travail, plus <GapFill id="g186" CorrectValue="performante" Width="200"/> intellectuellement
            </td>
               </tr>
               <tr>
                  <td class=" middle">
                     <b>Camille</b>
                  </td>
                  <td class=" middle">
                     <GapFill id="g190" CorrectValue="23 ans" Width="200"/>
                  </td>
                  <td class=" middle">
                     <GapFill id="g192" CorrectValue="karaté" Width="200"/>
                  </td>
                  <td class=" middle">
              excellent <GapFill id="g194" CorrectValue="équilibre" Width="200"/> entre le corps et l’esprit, meilleure faculté de <GapFill id="g195" CorrectValue="concentration" Width="200"/>, plus d’énergie, moins de <GapFill id="g196" CorrectValue="stress" Width="200"/>
                  </td>
               </tr>
               <tr>
                  <td class=" middle">
                     <b>Yvonne</b>
                  </td>
                  <td class=" middle">
                     <GapFill id="g200" CorrectValue="80 ans" Width="200"/>
                  </td>
                  <td class=" middle">
                     <GapFill id="g202" CorrectValue="gymnastique" Width="200"/> dans un club
            </td>
                  <td class=" middle">
              Elle n’a pas de <GapFill id="g204" CorrectValue="cellulite" Width="200"/>, ne souffre ni du <GapFill id="g205" CorrectValue="dos" Width="200"/> ni des articulations.
            </td>
               </tr>
            </table>
         </div>
      </div>
   </Ex>
   <Ex id="hufex2_l09_c03"
       title="Une phrase est bonne"
       instr="Cochez la phrase que vous entendez."
       tech_instr="SINGLE_CHOICE SOUND_PLAYBACK">
      <p>
         <a target="_blank"
            href="http://www.langmaster.cz/comcz/French2/l09/c/hufex2_l09_c03.htm">/French2/l09/c/hufex2_l09_c03.htm</a>
         <br/>
         <a target="_blank"
            href="http://www.langmaster.cz/comcz/French2/l09/c/home.htm">
                            cvičení 3</a>
      </p>
      <div>
         <img src="/schools/eaimgmp3/french2/img/coursebook/lesson09/page87/1311h0045.jpg"/>
      </div>
      <div class="row">
         <div class="col-md-1 ">
            <MediaBigMark Url="/schools/eaimgmp3/french2wma/lesson09/hufex2_l09_c03.mp3"
                          Sequence=""/>
         </div>
         <div class="col-md-11 ">
            <table class="table c-table">
               <tr>
                  <td class=" middle">
                     <div class="panel panel-default c-panel" Width="400-800">
                        <div class="panel-heading">a.</div>
                        <div class="panel-body">
                           <SingleChoice id="t304">
                              <Data>
                                 <string>#Voilà Marcel.</string>
                                 <string>Voilà Marseille.</string>
                              </Data>
                           </SingleChoice>
                        </div>
                     </div>
                  </td>
                  <td class=" middle">
                     <div class="panel panel-default c-panel" Width="400-800">
                        <div class="panel-heading">b.</div>
                        <div class="panel-body">
                           <SingleChoice id="t451">
                              <Data>
                                 <string>#Vous rêvez.</string>
                                 <string>Vous rêviez.</string>
                              </Data>
                           </SingleChoice>
                        </div>
                     </div>
                  </td>
               </tr>
               <tr>
                  <td class=" middle">
                     <div class="panel panel-default c-panel" Width="400-800">
                        <div class="panel-heading">c.</div>
                        <div class="panel-body">
                           <SingleChoice id="t598">
                              <Data>
                                 <string>#Ses yeux sont magnifiques.</string>
                                 <string>Ces œufs sont magnifiques.</string>
                              </Data>
                           </SingleChoice>
                        </div>
                     </div>
                  </td>
                  <td class=" middle">
                     <div class="panel panel-default c-panel" Width="400-800">
                        <div class="panel-heading">d.</div>
                        <div class="panel-body">
                           <SingleChoice id="t745">
                              <Data>
                                 <string>C’est un vœu pieux.</string>
                                 <string>#C’est un vieux pieu.</string>
                              </Data>
                           </SingleChoice>
                        </div>
                     </div>
                  </td>
               </tr>
               <tr>
                  <td class=" middle">
                     <div class="panel panel-default c-panel" Width="400-800">
                        <div class="panel-heading">e.</div>
                        <div class="panel-body">
                           <SingleChoice id="t892">
                              <Data>
                                 <string>#Le bal est terminé.</string>
                                 <string>Le bail est terminé.</string>
                              </Data>
                           </SingleChoice>
                        </div>
                     </div>
                  </td>
                  <td class=" middle">
                     <div class="panel panel-default c-panel" Width="400-800">
                        <div class="panel-heading">f.</div>
                        <div class="panel-body">
                           <SingleChoice id="t1039">
                              <Data>
                                 <string>#Il est malien.</string>
                                 <string>Il est malin.</string>
                              </Data>
                           </SingleChoice>
                        </div>
                     </div>
                  </td>
               </tr>
               <tr>
                  <td class=" middle">
                     <div class="panel panel-default c-panel" Width="400-800">
                        <div class="panel-heading">g.</div>
                        <div class="panel-body">
                           <SingleChoice id="t1186">
                              <Data>
                                 <string>Il a un Chinois chez lui.</string>
                                 <string>#Il a un chien noir chez lui.</string>
                              </Data>
                           </SingleChoice>
                        </div>
                     </div>
                  </td>
                  <td class=" middle">
                     <div class="panel panel-default c-panel" Width="400-800">
                        <div class="panel-heading">h.</div>
                        <div class="panel-body">
                           <SingleChoice id="t1333">
                              <Data>
                                 <string>C’est une grande fille.</string>
                                 <string>#C’est une grande file.</string>
                              </Data>
                           </SingleChoice>
                        </div>
                     </div>
                  </td>
               </tr>
            </table>
         </div>
      </div>
   </Ex>
   <Ex id="hufex2_l09_c04"
       title="Mots de la même famille"
       instr="Cherchez un mot de la même famille contenant le son [j]."
       tech_instr="FILLING_IN">
      <p>
         <a target="_blank"
            href="http://www.langmaster.cz/comcz/French2/l09/c/hufex2_l09_c04.htm">/French2/l09/c/hufex2_l09_c04.htm</a>
         <br/>
         <a target="_blank"
            href="http://www.langmaster.cz/comcz/French2/l09/c/home.htm">
                            cvičení 4</a>
      </p>
      <div>
         <img src="/schools/eaimgmp3/french2/img/coursebook/lesson09/page87/1755h0061.jpg"/>
      </div>
      <div>
         <table class="table c-table">
            <tr>
               <td class=" middle">
            emploi: <span class="text-danger">
                     <i>employé</i>
                  </span>
               </td>
               <td class=" middle"/>
               <td class=" middle"/>
               <td class=" middle"/>
            </tr>
            <tr>
               <td class=" middle">
                  <b>ennui:</b>
               </td>
               <td class=" middle">
                  <GapFill id="g213" CorrectValue="s’ennuyer|ennuyant|ennuyé" Width="200"/>
               </td>
               <td class=" middle">
                  <b>
              vieux:
            </b>
               </td>
               <td class=" middle">
                  <GapFill id="g219" CorrectValue="vieille|vieillir" Width="200"/>
               </td>
            </tr>
            <tr>
               <td class=" middle">
                  <b>bruit:</b>
               </td>
               <td class=" middle">
                  <GapFill id="g225" CorrectValue="bruyant" Width="200"/>
               </td>
               <td class=" middle">
                  <b>délice:</b>
               </td>
               <td class=" middle">
                  <GapFill id="g228" CorrectValue="délicieux" Width="200"/>
               </td>
            </tr>
            <tr>
               <td class=" middle">
                  <b>
              joie:</b>
               </td>
               <td class=" middle">
                  <GapFill id="g232" CorrectValue="joyeux" Width="200"/>
               </td>
               <td class=" middle">
                  <b>harmonie:</b>
               </td>
               <td class=" middle">
                  <GapFill id="g235" CorrectValue="harmonieux" Width="200"/>
               </td>
            </tr>
            <tr>
               <td class=" middle">
                  <b>retrouver:</b>
               </td>
               <td class=" middle">
                  <GapFill id="g239" CorrectValue="retrouvailles" Width="200"/>
               </td>
               <td class=" middle">
                  <b>génie:</b>
               </td>
               <td class=" middle">
                  <GapFill id="g242" CorrectValue="génial" Width="200"/>
               </td>
            </tr>
            <tr>
               <td class=" middle">
                  <b>voir:</b>
               </td>
               <td class=" middle">
                  <GapFill id="g246" CorrectValue="une voyante" Width="200"/>
               </td>
               <td class=" middle">
                  <b>bon:</b>
               </td>
               <td class=" middle">
                  <GapFill id="g249" CorrectValue="meilleur|mieux|bien" Width="200"/>
               </td>
            </tr>
         </table>
      </div>
   </Ex>
   <Ex id="hufex2_l09_c05"
       title="Les conjonctions"
       instr="Complétez à l’aide des conjonctions ci-dessous."
       tech_instr="FILLING_IN_FROM_A_LIST">
      <p>
         <a target="_blank"
            href="http://www.langmaster.cz/comcz/French2/l09/c/hufex2_l09_c05.htm">/French2/l09/c/hufex2_l09_c05.htm</a>
         <br/>
         <a target="_blank"
            href="http://www.langmaster.cz/comcz/French2/l09/c/home.htm">
                            cvičení 5</a>
      </p>
      <DragSource/>
      <div>
         <img src="/schools/eaimgmp3/french2/img/coursebook/lesson09/page87/09_087_links.gif"/>
      </div>
      <div>
         <table class="table table-bordered c-table">
            <tr>
               <td>
        Pour mon anniversaire, les invités sont arrivés <DragTarget id="g196" CorrectValue="avant que" Width="200"/> je sois prête.
      </td>
            </tr>
            <tr>
               <td>
        Ils sont restés <DragTarget id="g245" CorrectValue="jusqu’à ce qu’" Width="200"/>ils aient bu tout le champagne.
      </td>
            </tr>
            <tr>
               <td>
        Ils m’ont offert un atlas et une boussole <DragTarget id="g294" CorrectValue="bien que" Width="200"/> je déteste la géographie.
      </td>
            </tr>
            <tr>
               <td>
        «C’est <DragTarget id="g343" CorrectValue="pour que" Width="200"/> tu saches enfin où se trouve le désert du Kalahari,» m’ont-ils dit.
      </td>
            </tr>
            <tr>
               <td>
        «Je veux bien y aller, mais <DragTarget id="g392" CorrectValue="à condition que" Width="200"/> vous veniez avec moi!»
      </td>
            </tr>
         </table>
      </div>
   </Ex>
   <Ex id="hufex2_l09_c06"
       title="Quelques conseils"
       instr="Savez-vous employer le subjonctif? Corrigez les conseils du médecin."
       tech_instr="CORRECTION">
      <p>
         <a target="_blank"
            href="http://www.langmaster.cz/comcz/French2/l09/c/hufex2_l09_c06.htm">/French2/l09/c/hufex2_l09_c06.htm</a>
         <br/>
         <a target="_blank"
            href="http://www.langmaster.cz/comcz/French2/l09/c/home.htm">
                            cvičení 6</a>
      </p>
      <div class="row">
         <div class="col-md-2 ">
            <img src="/schools/eaimgmp3/french2/img/coursebook/lesson09/page88/09_088_2.gif"/>
         </div>
         <div class="col-md-2 ">
            <img src="/schools/eaimgmp3/french2/img/coursebook/lesson09/page88/09_088_3.gif"/>
         </div>
      </div>
      <div>
         <table class="table table-bordered c-table">
            <tr>
               <td>
          Pour bien commencer la journée, il <GapFill id="g153" CorrectValue="est" InitValue="être" Width="200"/> absolument nécessaire que vous <GapFill id="g154"
                           CorrectValue="preniez"
                           InitValue="prendre"
                           Width="200"/> un petit déjeuner tonique: un jus de fruits, des céréales, un laitage, un thé léger sans sucre. Car je ne <GapFill id="g155" CorrectValue="pense" InitValue="penser" Width="200"/> pas que vous <GapFill id="g156"
                           CorrectValue="puissiez"
                           InitValue="pouvoir"
                           Width="200"/> être vraiment performant dans votre travail avec l’estomac vide.
        </td>
            </tr>
            <tr>
               <td>
          Vous <GapFill id="g203"
                           CorrectValue="vous plaignez"
                           InitValue="se plaindre"
                           Width="200"/> d’être souvent malade. Il est possible que votre alimentation ne vous <GapFill id="g204"
                           CorrectValue="apporte"
                           InitValue="apporter"
                           Width="200"/> pas assez de vitamines. En hiver notamment, il <GapFill id="g205" CorrectValue="faut" InitValue="falloir" Width="200"/> que vous <GapFill id="g206" CorrectValue="mangiez" InitValue="manger" Width="200"/> des oranges ou des kiwis: ces fruits <GapFill id="g207"
                           CorrectValue="contiennent"
                           InitValue="contenir"
                           Width="200"/> beaucoup de vitamine C. Vous toussez? Il vaudrait mieux que vous <GapFill id="g208"
                           CorrectValue="arrêtiez"
                           InitValue="arrêter"
                           Width="200"/> de fumer.
        </td>
            </tr>
            <tr>
               <td>
          Vous <GapFill id="g255"
                           CorrectValue="vous sentez"
                           InitValue="se sentir"
                           Width="200"/> souvent fatigué après le déjeuner? Comme vous commencez très tôt le matin, il est logique que vous <GapFill id="g256" CorrectValue="ayez" InitValue="avoir" Width="200"/> une petite baisse de régime après manger. Il serait peut-être nécessaire que vous <GapFill id="g257" CorrectValue="fassiez" InitValue="faire" Width="200"/> une petite sieste aussitôt après le repas de midi. Attention! Jamais après 14 heures et il vaut mieux que vous ne <GapFill id="g258" CorrectValue="dormiez" InitValue="dormir" Width="200"/> pas plus de 20 minutes.
        </td>
            </tr>
            <tr>
               <td>
          Il faut absolument que vous <GapFill id="g305" CorrectValue="fassiez" InitValue="faire" Width="200"/> du sport. Votre femme vous a offert un rameur pour Noël? Elle doit être désolée que vous ne l’<GapFill id="g306" CorrectValue="ayez" InitValue="avoir" Width="200"/> pas encore utilisé, non? Pourquoi ne pas l’installer dans votre salle de séjour et ramer pendant que vous <GapFill id="g307"
                           CorrectValue="regardez"
                           InitValue="regarder"
                           Width="200"/> la télévision? Je voudrais que vous me <GapFill id="g308"
                           CorrectValue="promettiez"
                           InitValue="promettre"
                           Width="200"/> d’appliquer les conseils que je viens de vous donner pendant un mois. Revenez me voir: je ne pense pas que vous <GapFill id="g309"
                           CorrectValue="regrettiez"
                           InitValue="regretter"
                           Width="200"/> d’avoir changé de style de vie!
        </td>
            </tr>
         </table>
      </div>
      <div class="row">
         <div class="col-md-3 ">
            <img src="/schools/eaimgmp3/french2/img/coursebook/lesson09/page88/09_088_4.gif"/>
         </div>
         <div class="col-md-3 ">
            <img src="/schools/eaimgmp3/french2/img/coursebook/lesson09/page88/09_088_5.gif"/>
         </div>
      </div>
   </Ex>
   <Ex id="hufex2_l09_c07"
       title="Ils n’ont que des regrets"
       instr="Transformez les regrets en désirs d’après l’exemple."
       tech_instr="FILLING_IN">
      <p>
         <a target="_blank"
            href="http://www.langmaster.cz/comcz/French2/l09/c/hufex2_l09_c07.htm">/French2/l09/c/hufex2_l09_c07.htm</a>
         <br/>
         <a target="_blank"
            href="http://www.langmaster.cz/comcz/French2/l09/c/home.htm">
                            cvičení 7</a>
      </p>
      <div>
         <img src="/schools/eaimgmp3/french2/img/homestudy/lesson09/page168/160_06.gif"/>
      </div>
      <div>
         <div>
            <table class="table c-table">
               <tr>
                  <td>
                     <b>{{Ttrans}}:</b>
                     <br/>
              Elle ne va jamais chez le coiffeur. (vouloir)<br/>
                     <GapFill id="g283"
                              CorrectValue="Je voudrais qu’elle aille chez le coiffeur."
                              InitValue="Je voudrais qu’elle aille chez le coiffeur."
                              Example="true"/>
                  </td>
               </tr>
            </table>
         </div>
         <ListGroup IsStriped="true">
            <Noop>
          Elle s’habille mal. (aimer)<br/>
               <GapFill id="g383"
                        CorrectValue="J’aimerais qu’elle s’habille plus élégamment."
                        Width="200"/>
            </Noop>
            <Noop>
          Elle est moche. (vouloir)<br/>
               <GapFill id="g481"
                        CorrectValue="Je voudrais qu’elle soit plus jolie."
                        Width="200"/>
            </Noop>
            <Noop>
          Elle ne sourit jamais. (aimer)<br/>
               <GapFill id="g579"
                        CorrectValue="J’aimerais qu’elle sourie plus souvent."
                        Width="200"/>
            </Noop>
            <Noop>
          Elle ne sait pas faire la cuisine. (vouloir)<br/>
               <GapFill id="g677"
                        CorrectValue="Je voudrais qu’elle sache faire la cuisine."
                        Width="200"/>
            </Noop>
            <Noop>
          Elle ne comprend pas que je déteste les pulls faits main. (aimer)<br/>
               <GapFill id="g775"
                        CorrectValue="J’aimerais qu’elle comprenne que je déteste les pulls faits main."
                        Width="200"/>
            </Noop>
            <Noop>
          Il n’est pas très gentil avec moi. (vouloir)<br/>
               <GapFill id="g873"
                        CorrectValue="Je voudrais qu’il soit plus gentil avec moi."
                        Width="200"/>
            </Noop>
            <Noop>
          Il ne me dit jamais qu’il m’aime. (aimer)<br/>
               <GapFill id="g971"
                        CorrectValue="J’aimerais qu’il me dise de temps en temps qu’il m’aime."
                        Width="200"/>
            </Noop>
            <Noop>
          Il fait toujours la tête. (aimer mieux)<br/>
               <GapFill id="g1069"
                        CorrectValue="J’aimerais mieux qu’il ne fasse pas toujours la tête."
                        Width="200"/>
            </Noop>
            <Noop>
          Il n’a pas du tout de patience. (souhaiter)<br/>
               <GapFill id="g1167"
                        CorrectValue="Je souhaiterais qu’il ait plus de patience."
                        Width="200"/>
            </Noop>
            <Noop>
          Il ne se détend jamais. (aimer)<br/>
               <GapFill id="g1265"
                        CorrectValue="J’aimerais qu’il se détende plus souvent."
                        Width="200"/>
            </Noop>
         </ListGroup>
      </div>
   </Ex>
   <Ex id="hufex2_l09_c08"
       title="Encore le subjonctif!"
       instr="Reliez les phrases qui sont au subjonctif."
       tech_instr="PAIRING">
      <p>
         <a target="_blank"
            href="http://www.langmaster.cz/comcz/French2/l09/c/hufex2_l09_c08.htm">/French2/l09/c/hufex2_l09_c08.htm</a>
         <br/>
         <a target="_blank"
            href="http://www.langmaster.cz/comcz/French2/l09/c/home.htm">
                            cvičení 8</a>
      </p>
      <div class="row">
         <div class="col-md-2 ">
            <img src="/schools/eaimgmp3/french2/img/coursebook/lesson09/page88/1474h0025.jpg"/>
         </div>
         <div class="col-md-10 ">
            <Pairing id="E65">
               <PairingItem>J’ai vraiment tout fait<Right>pour qu’ils restent dîner à la maison.</Right>
               </PairingItem>
               <PairingItem>Il regarde tous les matchs à la télé<Right>bien qu’il ne soit pas sportif.</Right>
               </PairingItem>
               <PairingItem>Les enfants ont droit à une réduction<Right>à condition qu’ils aient moins de 10 ans.</Right>
               </PairingItem>
               <PairingItem>Ils ne vont rien décider<Right>avant que tout le monde soit là.</Right>
               </PairingItem>
               <PairingItem>Ils ont confié leur chien aux voisins<Right>jusqu’à ce qu’ils reviennent de vacances.</Right>
               </PairingItem>
               <PairingItem>Ils préfèrent rentrer à pied<Right>bien qu’il fasse déjà nuit.</Right>
               </PairingItem>
               <PairingItem>Je vais leur faire un plan<Right>pour qu’ils ne se perdent pas.</Right>
               </PairingItem>
               <PairingItem>Bison Futé conseille de ne pas prendre la route le 1er août<Right>afin qu’il y ait moins d’accidents.</Right>
               </PairingItem>
            </Pairing>
         </div>
      </div>
   </Ex>
   <Ex id="hufex2_l09_c09"
       title="Un voyage"
       instr="Voici une liste d’objets que Mme Marmaille conseille à sa fille d’emporter en voyage. Corrigez les phrases avec pour que et subjonctif."
       tech_instr="CORRECTION">
      <p>
         <a target="_blank"
            href="http://www.langmaster.cz/comcz/French2/l09/c/hufex2_l09_c09.htm">/French2/l09/c/hufex2_l09_c09.htm</a>
         <br/>
         <a target="_blank"
            href="http://www.langmaster.cz/comcz/French2/l09/c/home.htm">
                            cvičení 9</a>
      </p>
      <div class="row">
         <div class="col-md-2 ">
            <img src="/schools/eaimgmp3/french2/img/coursebook/lesson09/page88/0967h0200.gif"/>
         </div>
         <div class="col-md-10 ">
            <table class="table table-bordered c-table">
               <tr>
                  <td>
            Un réveil, pour que <GapFill id="g156"
                              CorrectValue="tu puisses te réveiller à l’heure"
                              InitValue="pouvoir se réveiller à l’heure"
                              Width="200"/>.
          </td>
               </tr>
               <tr>
                  <td>
            Un stylo, pour que <GapFill id="g205"
                              CorrectValue="tu m’écrives des cartes postales"
                              InitValue="m’écrire des cartes postales"
                              Width="200"/>.
          </td>
               </tr>
               <tr>
                  <td>
            Un petit dictionnaire bilingue, pour que <GapFill id="g254"
                              CorrectValue="tu comprennes mieux les gens"
                              InitValue="comprendre mieux les gens"
                              Width="200"/>.
          </td>
               </tr>
               <tr>
                  <td>
            Un anorak, pour que <GapFill id="g303"
                              CorrectValue="tu n’aies pas froid"
                              InitValue="n’avoir pas froid"
                              Width="200"/>.
          </td>
               </tr>
               <tr>
                  <td>
            Une lampe de poche, pour que <GapFill id="g352"
                              CorrectValue="tu voies la nuit"
                              InitValue="voir la nuit"
                              Width="200"/>.
          </td>
               </tr>
               <tr>
                  <td>
            Un carnet, pour que <GapFill id="g401"
                              CorrectValue="tu notes tes souvenirs de voyage"
                              InitValue="noter tes souvenirs de voyage"
                              Width="200"/>.
          </td>
               </tr>
               <tr>
                  <td>
            Un guide touristique, pour que <GapFill id="g450"
                              CorrectValue="tu saches ce qu’il y a d’intéressant à voir"
                              InitValue="savoir ce qu’il y a intéressant à voir"
                              Width="200"/>.
          </td>
               </tr>
               <tr>
                  <td>
            De la vitamine C, pour que <GapFill id="g499"
                              CorrectValue="tu ne sois pas malade"
                              InitValue="n’être pas malade"
                              Width="200"/>.
          </td>
               </tr>
            </table>
         </div>
      </div>
   </Ex>
</Module>
