﻿<?xml version="1.0" encoding="utf-8"?>
<Page id="hufex1_l22_a01">
  <p>
    <a href="http://www.langmaster.cz/comcz/French1/l22/a/hufex1_l22_a01.htm">/French1/l22/a/hufex1_l22_a01.htm</a>
    <br />
    <a href="http://www.langmaster.cz/comcz/French1/l22/a/home.htm">
                            cvičení 1</a>
  </p>
  <div class="row">
    <div class="col-md-2 ">
      <img src="/schools/eaimgmp3/french1/img/coursebook/lesson21/page92/1757h0018.jpg" />
    </div>
    <div class="col-md-10 ">
      <div>
        <table class="table c-table">
          <tr>
            <td>
              <b>{{Ttrans}}:</b>
              <br />
              <GapFill id="g199" Width="200" CorrectValue="Votre" InitValue="Votre" /> whisky, vous <GapFill id="g203" Width="200" CorrectValue="le" InitValue="le" /> voulez avec ou sans glaçons?
              </td>
          </tr>
        </table>
      </div>
      <table class="table table-bordered c-table">
        <tr>
          <td class=" middle">
            <GapFill id="g255" Width="200" CorrectValue="Leurs" InitValue="" /> enfants, ils <GapFill id="g256" Width="200" CorrectValue="les" InitValue="" /> mettent à l’école européenne.
            </td>
        </tr>
        <tr>
          <td class=" middle">
            <GapFill id="g305" Width="200" CorrectValue="Notre" InitValue="" /> maison, il va falloir <GapFill id="g306" Width="200" CorrectValue="la" InitValue="" /> vendre, car nous partons pour Marseille.
            </td>
        </tr>
        <tr>
          <td class=" middle">
            <GapFill id="g355" Width="200" CorrectValue="Vos" InitValue="" /> vacances, vous <GapFill id="g356" Width="200" CorrectValue="les" InitValue="" /> aimez actives ou reposantes?
            </td>
        </tr>
        <tr>
          <td class=" middle">
            <GapFill id="g405" Width="200" CorrectValue="Son" InitValue="" /> acteur préféré, c’est Gérard Depardieu. Elle va voir tous <GapFill id="g406" Width="200" CorrectValue="ses" InitValue="" /> films. Mais, elle ne <GapFill id="g407" Width="200" CorrectValue="l’" InitValue="" />a jamais rencontré.
            </td>
        </tr>
        <tr>
          <td class=" middle">
            <GapFill id="g456" Width="200" CorrectValue="Leurs" InitValue="" /> vacances, Pierre et Lucie <GapFill id="g457" Width="200" CorrectValue="les" InitValue="" /> passent toujours dans le Midi dans <GapFill id="g458" Width="200" CorrectValue="leur" InitValue="" /> famille.
            </td>
        </tr>
        <tr>
          <td class=" middle">
            <GapFill id="g507" Width="200" CorrectValue="Mes" InitValue="" /> amis arrivent par le train de 11h47. Je vais <GapFill id="g508" Width="200" CorrectValue="les" InitValue="" /> chercher à la gare.
            </td>
        </tr>
      </table>
    </div>
  </div>
  <info title="Adjectifs possessifs et pronoms personnels" instrTitle="{{Ahtmltitle}}" instrs="FILLING_IN" />
</Page>