﻿<?xml version="1.0" encoding="utf-8"?>
<Module title="Chapitre A">
   <Ex id="hufex1_l22_a01"
       title="Adjectifs possessifs et pronoms personnels"
       instr="{{Ahtmltitle}}"
       tech_instr="FILLING_IN">
      <p>
         <a target="_blank"
            href="http://www.langmaster.cz/comcz/French1/l22/a/hufex1_l22_a01.htm">/French1/l22/a/hufex1_l22_a01.htm</a>
         <br/>
         <a target="_blank"
            href="http://www.langmaster.cz/comcz/French1/l22/a/home.htm">
                            cvičení 1</a>
      </p>
      <div class="row">
         <div class="col-md-2 ">
            <img src="/schools/eaimgmp3/french1/img/coursebook/lesson21/page92/1757h0018.jpg"/>
         </div>
         <div class="col-md-10 ">
            <div>
               <table class="table c-table">
                  <tr>
                     <td>
                        <b>{{Ttrans}}:</b>
                        <br/>
                        <GapFill id="g199"
                                 CorrectValue="Votre"
                                 InitValue="Votre"
                                 Example="true"
                                 Width="200"/> whisky, vous <GapFill id="g203"
                                 CorrectValue="le"
                                 InitValue="le"
                                 Example="true"
                                 Width="200"/> voulez avec ou sans glaçons?
              </td>
                  </tr>
               </table>
            </div>
            <table class="table table-bordered c-table">
               <tr>
                  <td class=" middle">
                     <GapFill id="g255" CorrectValue="Leurs" Width="200"/> enfants, ils <GapFill id="g256" CorrectValue="les" Width="200"/> mettent à l’école européenne.
            </td>
               </tr>
               <tr>
                  <td class=" middle">
                     <GapFill id="g305" CorrectValue="Notre" Width="200"/> maison, il va falloir <GapFill id="g306" CorrectValue="la" Width="200"/> vendre, car nous partons pour Marseille.
            </td>
               </tr>
               <tr>
                  <td class=" middle">
                     <GapFill id="g355" CorrectValue="Vos" Width="200"/> vacances, vous <GapFill id="g356" CorrectValue="les" Width="200"/> aimez actives ou reposantes?
            </td>
               </tr>
               <tr>
                  <td class=" middle">
                     <GapFill id="g405" CorrectValue="Son" Width="200"/> acteur préféré, c’est Gérard Depardieu. Elle va voir tous <GapFill id="g406" CorrectValue="ses" Width="200"/> films. Mais, elle ne <GapFill id="g407" CorrectValue="l’" Width="200"/>a jamais rencontré.
            </td>
               </tr>
               <tr>
                  <td class=" middle">
                     <GapFill id="g456" CorrectValue="Leurs" Width="200"/> vacances, Pierre et Lucie <GapFill id="g457" CorrectValue="les" Width="200"/> passent toujours dans le Midi dans <GapFill id="g458" CorrectValue="leur" Width="200"/> famille.
            </td>
               </tr>
               <tr>
                  <td class=" middle">
                     <GapFill id="g507" CorrectValue="Mes" Width="200"/> amis arrivent par le train de 11h47. Je vais <GapFill id="g508" CorrectValue="les" Width="200"/> chercher à la gare.
            </td>
               </tr>
            </table>
         </div>
      </div>
   </Ex>
   <Ex id="hufex1_l22_a02"
       title="Agnès à Nice"
       instr="{{Ahtmltitle}}"
       tech_instr="FILLING_IN">
      <p>
         <a target="_blank"
            href="http://www.langmaster.cz/comcz/French1/l22/a/hufex1_l22_a02.htm">/French1/l22/a/hufex1_l22_a02.htm</a>
         <br/>
         <a target="_blank"
            href="http://www.langmaster.cz/comcz/French1/l22/a/home.htm">
                            cvičení 2</a>
      </p>
      <div class="row">
         <div class="col-md-3 ">
            <img src="/schools/eaimgmp3/french1/img/coursebook/lesson21/page92/c889h0064.jpg"/>
         </div>
         <div class="col-md-9 ">
            <table class="table c-table">
               <tr>
                  <td class=" middle">
              13 juillet<br/>Matin: petit déjeuner<br/>terrasse d’un café<br/>temps magnifique<br/>visite du vieux Nice<br/>marché des antiquaires<br/>13 h 30 Nicole<br/>resto «Le petit Niçois»<br/>Après-midi: exposition Matisse<br/>musée d’art moderne<br/>Soir: apéritif chez Eliane<br/>et Jean-Luc<br/>concert de jazz à Antibes
            </td>
               </tr>
            </table>
         </div>
      </div>
      <div>
        Le 13 juillet, il a fait du temps magnifique. J’ai pris mon <GapFill id="g288" CorrectValue="petit déjeuner" Width="200"/> à la terrasse d’un café. Puis, <GapFill id="g289" CorrectValue="j’ai visité le vieux Nice" Width="200"/> et acheté une lampe au <GapFill id="g290" CorrectValue="marché des antiquaires" Width="200"/>. A 13 h 30, j’ai mangé avec Nicole au <GapFill id="g291" CorrectValue="resto «Le petit Niçois»" Width="200"/>. L’après-midi, nous <GapFill id="g292"
                  CorrectValue="sommes allées voir l’exposition Matisse"
                  Width="200"/> au <GapFill id="g293" CorrectValue="musée d’art moderne" Width="200"/>. Le soir, nous <GapFill id="g294"
                  CorrectValue="avons pris l’apéritif chez Eliane et Jean-Luc"
                  Width="200"/> et <GapFill id="g295" CorrectValue="nous sommes allés" Width="200"/> tous ensemble à <GapFill id="g296" CorrectValue="un concert de jazz à Antibes" Width="200"/>.
      </div>
   </Ex>
   <Ex id="hufex1_l22_a03"
       title="Bon ou mauvais chef?"
       instr="{{Ahtmltitle}}"
       tech_instr="MULTIPLE_CHOICE_TWO_STATES">
      <p>
         <a target="_blank"
            href="http://www.langmaster.cz/comcz/French1/l22/a/hufex1_l22_a03.htm">/French1/l22/a/hufex1_l22_a03.htm</a>
         <br/>
         <a target="_blank"
            href="http://www.langmaster.cz/comcz/French1/l22/a/home.htm">
                            cvičení 3</a>
      </p>
      <div class="row">
         <div class="col-md-2 ">
            <img src="/schools/eaimgmp3/french1/img/coursebook/lesson21/page92/0436h0005.jpg"/>
         </div>
         <div class="col-md-10 ">
            <CheckItem id="o106" TextId="TrueFalse" CorrectValue="false"/>Il n’a plus de dossiers importants.<br/>
            <CheckItem id="o113" TextId="TrueFalse" CorrectValue="true"/>Il n’oublie rien.<br/>
            <CheckItem id="o120" TextId="TrueFalse" CorrectValue="false"/>Il n’accepte pas les critiques.<br/>
            <CheckItem id="o127" TextId="TrueFalse" CorrectValue="false"/>A 10h du matin, il n’est pas encore arrivé au bureau.<br/>
            <CheckItem id="o134" TextId="TrueFalse" CorrectValue="true"/>Il ne critique personne.<br/>
            <CheckItem id="o141" TextId="TrueFalse" CorrectValue="false"/>Il n’est pas dynamique.<br/>
            <CheckItem id="o148" TextId="TrueFalse" CorrectValue="false"/>Il n’a pas d’amis.<br/>
            <CheckItem id="o155" TextId="TrueFalse" CorrectValue="false"/>A 16h, il n’est plus au bureau.<br/>
            <CheckItem id="o162" TextId="TrueFalse" CorrectValue="true"/>Il n’est pas arrogant.<br/>
            <CheckItem id="o169" TextId="TrueFalse" CorrectValue="true"/>Il n’arrive jamais en retard.<br/>
            <CheckItem id="o176" TextId="TrueFalse" CorrectValue="false"/>Il ne va pas rester longtemps dans l’entreprise.<br/>
            <CheckItem id="o183" TextId="TrueFalse" CorrectValue="true"/>Il n’est jamais malade.<br/>
            <CheckItem id="o190" TextId="TrueFalse" CorrectValue="false"/>Il n’aime pas son travail.<br/>
            <CheckItem id="o197" TextId="TrueFalse" CorrectValue="true"/>Il ne quitte jamais le bureau avant 19 h 30.<br/>
            <CheckItem id="o204" TextId="TrueFalse" CorrectValue="true"/>Il ne prends jamais cinq semaines de vacances.</div>
      </div>
   </Ex>
   <Ex id="hufex1_l22_a04"
       title="Invitation"
       instr="{{Ahtmltitle}}"
       tech_instr="FILLING_IN_FROM_A_LIST SOUND_PLAYBACK">
      <p>
         <a target="_blank"
            href="http://www.langmaster.cz/comcz/French1/l22/a/hufex1_l22_a04.htm">/French1/l22/a/hufex1_l22_a04.htm</a>
         <br/>
         <a target="_blank"
            href="http://www.langmaster.cz/comcz/French1/l22/a/home.htm">
                            cvičení 4</a>
      </p>
      <DragSource/>
      <div>
         <img src="/schools/eaimgmp3/french1/img/coursebook/lesson21/page93/1382h0027.jpg"/>
      </div>
      <div>
         <table class="table table-bordered c-table">
            <tr>
               <td class="c-table-default middle"/>
               <td class="c-table-default middle">Quelle est l’invitation?</td>
               <td class="c-table-default middle">La personne accepte.</td>
               <td class="c-table-default middle">La personne refuse. Pourquoi?</td>
            </tr>
            <tr>
               <td class=" middle">
              1.<MediaBigMark Url="/schools/eaimgmp3/french1wma/lesson22/hufex1_l22_a04.mp3"
                                Sequence="0-10"/>
               </td>
               <td class=" middle">
                  <DragTarget id="g613" CorrectValue="aller au cinéma" Width="200"/>
               </td>
               <td class=" middle">
                  <DragTarget id="g615" CorrectValue="Oui, pourquoi pas?" Width="200"/>
               </td>
               <td class=" middle">
                  <DragTarget id="g617" CorrectValue="-" Width="200"/>
               </td>
            </tr>
            <tr>
               <td class=" middle">
              2.<MediaBigMark Url="/schools/eaimgmp3/french1wma/lesson22/hufex1_l22_a04.mp3"
                                Sequence="12-27"/>
               </td>
               <td class=" middle">
                  <DragTarget id="g621" CorrectValue="prendre l’apéritif" Width="200"/>
               </td>
               <td class=" middle">
                  <DragTarget id="g623" CorrectValue="-" Width="200"/>
               </td>
               <td class=" middle">
                  <DragTarget id="g1072" CorrectValue="Je suis désolée." Width="200"/>
               </td>
            </tr>
            <tr>
               <td class=" middle">
              3.<MediaBigMark Url="/schools/eaimgmp3/french1wma/lesson22/hufex1_l22_a04.mp3"
                                Sequence="28-40"/>
               </td>
               <td class=" middle">
                  <DragTarget id="g629" CorrectValue="une partie de tennis" Width="200"/>
               </td>
               <td class=" middle">
                  <DragTarget id="g631" CorrectValue="Volontiers." Width="200"/>
               </td>
               <td class=" middle">
                  <DragTarget id="g633" CorrectValue="-" Width="200"/>
               </td>
            </tr>
            <tr>
               <td class=" middle">
              4.<MediaBigMark Url="/schools/eaimgmp3/french1wma/lesson22/hufex1_l22_a04.mp3"
                                Sequence="41-"/>
               </td>
               <td class=" middle">
                  <DragTarget id="g637" CorrectValue="manger au restaurant japonais" Width="200"/>
               </td>
               <td class=" middle">
                  <DragTarget id="g639" CorrectValue="-" Width="200"/>
               </td>
               <td class=" middle">
                  <DragTarget id="g641"
                              CorrectValue="C’est gentil, mais je ne peux pas."
                              Width="200"/>
               </td>
            </tr>
         </table>
      </div>
   </Ex>
   <Ex id="hufex1_l22_a05"
       title="Une lettre de Bangkok"
       instr="{{Ahtmltitle}}"
       tech_instr="MULTIPLE_CHOICE_TWO_STATES">
      <p>
         <a target="_blank"
            href="http://www.langmaster.cz/comcz/French1/l22/a/hufex1_l22_a05.htm">/French1/l22/a/hufex1_l22_a05.htm</a>
         <br/>
         <a target="_blank"
            href="http://www.langmaster.cz/comcz/French1/l22/a/home.htm">
                            cvičení 5</a>
      </p>
      <div>
      Bangkok, le 20 mai
    </div>
      <div>
      Salut Nicole,<br/>
         <br/>
      Nous sommes arrivés à Bangkok la semaine dernière et je n’ai pas encore trouvé un moment pour t’écrire: nous avons été très occupés! Nous avons visité des endroits fascinants, rencontré des gens passionnants... Bref, nous n’avons pas eu une minute à nous! Finalement, nous avons décidé de ne pas aller à Singapour. L’avion est trop cher. Nous allons continuer notre séjour par la découverte du nord du pays. Nous allons faire une randonnée d’une semaine avec un guide. Stéphane vient de confirmer la réservation. Je n’ai pas vraiment compris pourquoi tu ne veux pas venir. Tu n’es pas partie en vacances depuis l’année dernière. Prends un avion jusqu’à Bangkok! De Paris, c’est facile! Si tu n’as pas assez d’argent, demande à maman! Dix jours sur une île pour se détendre, c’est une bonne idée, non? Ko Samui, par exemple, un petit paradis! Toi qui n’as jamais quitté l’Europe, c’est le moment! Tu ne vas pas le regretter! Allez, je vais vite à la poste. Notre train pour Chang Mai part dans deux heures. J’attends ton télégramme en poste restante.<br/>
         <br/>Bises<br/>Alice
    </div>
      <div class="row">
         <div class="col-md-3 ">
            <img src="/schools/eaimgmp3/french1/img/coursebook/lesson21/page93/c147h0000.jpg"/>
         </div>
         <div class="col-md-9 ">
            <CheckItem id="o106" TextId="TrueFalse" CorrectValue="true"/>Alice passe des vacances en Thailande.<br/>
            <CheckItem id="o113" TextId="TrueFalse" CorrectValue="false"/>Elle voyage avec un groupe.<br/>
            <CheckItem id="o120" TextId="TrueFalse" CorrectValue="true"/>Nicole est une amie d’Alice.<br/>
            <CheckItem id="o127" TextId="TrueFalse" CorrectValue="false"/>Ils ont décidé d’aller à Singapour parce que ce n’est pas loin.<br/>
            <CheckItem id="o134" TextId="TrueFalse" CorrectValue="false"/>Ils viennent de faire une randonnée d’une semaine dans le Nord.<br/>
            <CheckItem id="o141" TextId="TrueFalse" CorrectValue="true"/>Alice n’a pas encore eu le temps d’écrire à Nicole.<br/>
            <CheckItem id="o148" TextId="TrueFalse" CorrectValue="false"/>Nicole a déjà pris deux semaines de vacances cette année.<br/>
            <CheckItem id="o155" TextId="TrueFalse" CorrectValue="true"/>Ko Samui, c’est le nom d’une île.<br/>
            <CheckItem id="o162" TextId="TrueFalse" CorrectValue="false"/>Pour aller à Chang Mai, il faut deux heures.</div>
      </div>
   </Ex>
</Module>
