﻿<?xml version="1.0" encoding="utf-8"?>
<Page id="hufex2_l06_d05">
  <p>
    <a href="http://www.langmaster.cz/comcz/French2/l06/d/hufex2_l06_d05.htm">/French2/l06/d/hufex2_l06_d05.htm</a>
    <br />
    <a href="http://www.langmaster.cz/comcz/French2/l06/d/home.htm">
                            cvičení 5</a>
  </p>
  <DragSource />
  <div>
    <img src="/schools/eaimgmp3/french2/img/homestudy/lesson06/page146/1295h0002.jpg" />
  </div>
  <table class="table table-bordered c-table">
    <tr>
      <td>
        L’eurette est un mini-ordinateur <DragTarget id="g196" Width="200" CorrectValue="qui" /> convertit les monnaies locales en euros.
      </td>
    </tr>
    <tr>
      <td>
        C’est un objet <DragTarget id="g245" Width="200" CorrectValue="qui" /> est très pratique et <DragTarget id="g246" Width="200" CorrectValue="que" /> vous pouvez facilement mettre dans votre sac.
      </td>
    </tr>
    <tr>
      <td>
        L’eurette a deux afficheurs <DragTarget id="g295" Width="200" CorrectValue="où" /> on peut lire la même somme en euros et en monnaie locale et des touches <DragTarget id="g296" Width="200" CorrectValue="qui" /> sont jaunes et rouges.
      </td>
    </tr>
    <tr>
      <td>
        C’est un objet chic <DragTarget id="g345" Width="200" CorrectValue="qui" /> va plaire aux consommateurs de la zone euro.
      </td>
    </tr>
    <tr>
      <td>
        Le prix <DragTarget id="g394" Width="200" CorrectValue="qu’" /> on va demander pour cet objet n’est pas élevé.
      </td>
    </tr>
  </table>
  <info title="Le mini-ordinateur “l’eurette”" instrTitle="Vous connaissez déjà l’eurette. Complétez donc les phrases suivantes avec qui, que, où." instrs="FILLING_IN_FROM_A_LIST" />
</Page>