﻿<?xml version="1.0" encoding="utf-8"?>
<Page id="hufex2_l04_b02">
  <p>
    <a href="http://www.langmaster.cz/comcz/French2/l04/b/hufex2_l04_b02.htm">/French2/l04/b/hufex2_l04_b02.htm</a>
    <br />
    <a href="http://www.langmaster.cz/comcz/French2/l04/b/home.htm">
                            cvičení 2</a>
  </p>
  <div>
    <table class="table table-bordered c-table">
      <tr>
        <td>Les adverbes de manière sont en général formés sur le féminin de <br />l’adjectif et se terminent par -­ment:<br /></td>
      </tr>
      <tr>
        <td>
            sérieux, sérieuse <img src="/schools/eaimgmp3/french2/img/general/sipka_p.gif" /><b>sérieuse</b>ment<br /></td>
      </tr>
      <tr>
        <td>Si l’adjectif masculin se termine par une voyelle, l’adverbe se forme <br />sur ce masculin:<br /></td>
      </tr>
      <tr>
        <td>
            vrai <img src="/schools/eaimgmp3/french2/img/general/sipka_p.gif" /> <b>vrai</b>ment<br /></td>
      </tr>
      <tr>
        <td>La plupart des adjectifs en [ã] donnent un adverbe en [amã]:<br /></td>
      </tr>
      <tr>
        <td>
            elegant <img src="/schools/eaimgmp3/french2/img/general/sipka_p.gif" /> élég<b>amment</b></td>
      </tr>
      <tr>
        <td>
              prudent <img src="/schools/eaimgmp3/french2/img/general/sipka_p.gif" /> prud<b>emment</b><br /></td>
      </tr>
      <tr>
        <td>Il reste encore quelques formes particulières, par exemple:<br />énormément, gentiment, vite, faux</td>
      </tr>
    </table>
  </div>
  <div class="row">
    <div class="col-md-6 ">
      <table class="table table-bordered c-table">
        <tr>
          <td class="c-table-default middle">Adjectif</td>
          <td class="c-table-default middle">Adverbe</td>
        </tr>
        <tr>
          <td class=" middle">dangereux</td>
          <td class=" middle">
            <GapFill id="g327" Width="200" CorrectValue="dangereusement" InitValue="" />
          </td>
        </tr>
        <tr>
          <td class=" middle">lent</td>
          <td class=" middle">
            <GapFill id="g331" Width="200" CorrectValue="lentement" InitValue="" />
          </td>
        </tr>
        <tr>
          <td class=" middle">facile</td>
          <td class=" middle">
            <GapFill id="g335" Width="200" CorrectValue="facilement" InitValue="" />
          </td>
        </tr>
        <tr>
          <td class=" middle">vrai</td>
          <td class=" middle">
            <GapFill id="g339" Width="200" CorrectValue="vraiment" InitValue="" />
          </td>
        </tr>
        <tr>
          <td class=" middle">prudent</td>
          <td class=" middle">
            <GapFill id="g343" Width="200" CorrectValue="prudemment" InitValue="" />
          </td>
        </tr>
      </table>
    </div>
    <div class="col-md-6 ">
      <table class="table table-bordered c-table">
        <tr>
          <td class="c-table-default middle">Adjectif</td>
          <td class="c-table-default middle">Adverbe</td>
        </tr>
        <tr>
          <td class=" middle">suffisant</td>
          <td class=" middle">
            <GapFill id="g605" Width="200" CorrectValue="suffisamment" InitValue="" />
          </td>
        </tr>
        <tr>
          <td class=" middle">rapide</td>
          <td class=" middle">
            <GapFill id="g609" Width="200" CorrectValue="rapidement" InitValue="" />
          </td>
        </tr>
        <tr>
          <td class=" middle">énorme</td>
          <td class=" middle">
            <GapFill id="g613" Width="200" CorrectValue="énormément" InitValue="" />
          </td>
        </tr>
        <tr>
          <td class=" middle">faux</td>
          <td class=" middle">
            <GapFill id="g617" Width="200" CorrectValue="faux" InitValue="" />
          </td>
        </tr>
        <tr>
          <td class=" middle">gentil</td>
          <td class=" middle">
            <GapFill id="g621" Width="200" CorrectValue="gentiment" InitValue="" />
          </td>
        </tr>
      </table>
    </div>
  </div>
  <div class="row">
    <div class="col-md-4 ">
      <img src="/schools/eaimgmp3/french2/img/coursebook/lesson04/page35/znacka.gif" />
    </div>
    <div class="col-md-8 ">
      <div class="panel panel-info">
        <div class="panel-body">
          <table class="table c-table">
            <tr>
              <td>
                  bon
                </td>
              <td>
                  -&gt;
                </td>
              <td>
                  bien
                </td>
            </tr>
            <tr>
              <td>
                  meilleur
                </td>
              <td>
                  -&gt;
                </td>
              <td>
                  mieux
                </td>
            </tr>
            <tr>
              <td>
                  mauvais
                </td>
              <td>
                  -&gt;
                </td>
              <td>
                  mal
                </td>
            </tr>
          </table>
        </div>
      </div>
    </div>
  </div>
  <info title="Les adverbes de manière" instrTitle="A partir des adjectifs suivants formez les adverbes et complétez le tableau." instrs="FILLING_IN" />
</Page>