﻿<?xml version="1.0" encoding="utf-8"?>
<Page id="hufex2_l04_b03">
  <p>
    <a href="http://www.langmaster.cz/comcz/French2/l04/b/hufex2_l04_b03.htm">/French2/l04/b/hufex2_l04_b03.htm</a>
    <br />
    <a href="http://www.langmaster.cz/comcz/French2/l04/b/home.htm">
                            cvičení 3</a>
  </p>
  <div class="row">
    <div class="col-md-3 ">
      <img src="/schools/eaimgmp3/french2/img/vocabulary/lesson04/page48/picknick.gif" />
    </div>
    <div class="col-md-9 ">
      <b>
        <table class="table table-bordered c-table">
          <tr>
            <td class=" middle">actif</td>
            <td class=" middle">
              <GapFill id="g283" Width="200" CorrectValue="activement" InitValue="" />
            </td>
            <td class=" middle">régulier</td>
            <td class=" middle">
              <GapFill id="g286" Width="200" CorrectValue="régulièrement" InitValue="" />
            </td>
          </tr>
          <tr>
            <td class=" middle">raisonnable</td>
            <td class=" middle">
              <GapFill id="g290" Width="200" CorrectValue="raisonnablement" InitValue="" />
            </td>
            <td class=" middle">gratuit</td>
            <td class=" middle">
              <GapFill id="g293" Width="200" CorrectValue="gratuitement" InitValue="" />
            </td>
          </tr>
          <tr>
            <td class=" middle">intelligent</td>
            <td class=" middle">
              <GapFill id="g297" Width="200" CorrectValue="intelligemment" InitValue="" />
            </td>
            <td class=" middle">particulier</td>
            <td class=" middle">
              <GapFill id="g300" Width="200" CorrectValue="particulièrement" InitValue="" />
            </td>
          </tr>
          <tr>
            <td class=" middle">premier</td>
            <td class=" middle">
              <GapFill id="g304" Width="200" CorrectValue="premièrement" InitValue="" />
            </td>
            <td class=" middle">deuxième</td>
            <td class=" middle">
              <GapFill id="g307" Width="200" CorrectValue="deuxièmement" InitValue="" />
            </td>
          </tr>
          <tr>
            <td class=" middle">tranquille</td>
            <td class=" middle">
              <GapFill id="g311" Width="200" CorrectValue="tranquillement" InitValue="" />
            </td>
            <td class=" middle">parfait</td>
            <td class=" middle">
              <GapFill id="g314" Width="200" CorrectValue="parfaitement" InitValue="" />
            </td>
          </tr>
          <tr>
            <td class=" middle">passionné</td>
            <td class=" middle">
              <GapFill id="g318" Width="200" CorrectValue="passionnément" InitValue="" />
            </td>
            <td class=" middle">logique</td>
            <td class=" middle">
              <GapFill id="g321" Width="200" CorrectValue="logiquement" InitValue="" />
            </td>
          </tr>
        </table>
      </b>
    </div>
  </div>
  <div class="col-md-7">
    <div class="panel panel-info">
      <div class="panel-body">
        <p>
          {{Ttrans}}
          <br />
          {{Ttrans1}}<br />
          {{Ttrans2}}
        </p>
      </div>
    </div>
  </div>
  <info title="Expressions de la manière" instrTitle="Il faut apprendre bien la formation des adverbes. Alors, c’est à vous de retrouver les adverbes de manière correspondant aux adjectifs suivants:" instrs="FILLING_IN" />
</Page>