﻿<?xml version="1.0" encoding="utf-8"?>
<Page id="hufex2_l04_b06">
  <p>
    <a href="http://www.langmaster.cz/comcz/French2/l04/b/hufex2_l04_b06.htm">/French2/l04/b/hufex2_l04_b06.htm</a>
    <br />
    <a href="http://www.langmaster.cz/comcz/French2/l04/b/home.htm">
                            cvičení 6</a>
  </p>
  <div class="row">
    <div class="col-md-3 ">
      <img src="/schools/eaimgmp3/french2/img/homestudy/lesson04/page127/1757h0064.jpg" />
    </div>
    <div class="col-md-9 ">
      <Pairing id="E65">
        <PairingItem>bien<Right>mal</Right></PairingItem>
        <PairingItem>vite<Right>lentement</Right></PairingItem>
        <PairingItem>souvent<Right>rarement</Right></PairingItem>
        <PairingItem>toujours<Right>jamais</Right></PairingItem>
        <PairingItem>facilement<Right>difficilement</Right></PairingItem>
        <PairingItem>irrégulièrement<Right>régulièrement</Right></PairingItem>
        <PairingItem>prudemment<Right>imprudemment</Right></PairingItem>
      </Pairing>
    </div>
  </div>
  <info title="Toujours vachement bien!" instrTitle="Voici deux colonnes. Trouvez les paires qui ont le sens contraire et reliez-les." instrs="PAIRING" />
</Page>