﻿<?xml version="1.0" encoding="utf-8"?>
<Page id="hufex2_l07_c07">
  <p>
    <a href="http://www.langmaster.cz/comcz/French2/l07/c/hufex2_l07_c07.htm">/French2/l07/c/hufex2_l07_c07.htm</a>
    <br />
    <a href="http://www.langmaster.cz/comcz/French2/l07/c/home.htm">
                            cvičení 7</a>
  </p>
  <div class="row">
    <div class="col-md-3 ">
      <img src="/schools/eaimgmp3/french2/img/vocabulary/lesson07/page84/lessiv.gif" />
    </div>
    <div class="col-md-9 ">
      <table class="table table-bordered c-table">
        <tr>
          <td class=" middle">
          {{Ttrans}}
        </td>
          <td class=" middle">
            <GapFill id="g158" Width="200" CorrectValue="le paquet de lessive" InitValue="" />
          </td>
        </tr>
        <tr>
          <td class=" middle">
          {{Ttrans1}}
        </td>
          <td class=" middle">
            <GapFill id="g162" Width="200" CorrectValue="le pack de bière" InitValue="" />
          </td>
        </tr>
        <tr>
          <td class=" middle">
          {{Ttrans2}}
        </td>
          <td class=" middle">
            <GapFill id="g166" Width="200" CorrectValue="la chaise" InitValue="" />
          </td>
        </tr>
        <tr>
          <td class=" middle">
          {{Ttrans3}}
        </td>
          <td class=" middle">
            <GapFill id="g170" Width="200" CorrectValue="une étoile" InitValue="" />
          </td>
        </tr>
        <tr>
          <td class=" middle">
          {{Ttrans4}}
        </td>
          <td class=" middle">
            <GapFill id="g174" Width="200" CorrectValue="le village perché" InitValue="" />
          </td>
        </tr>
        <tr>
          <td class=" middle">
          {{Ttrans5}}
        </td>
          <td class=" middle">
            <GapFill id="g178" Width="200" CorrectValue="l’essence sans plomb" InitValue="" />
          </td>
        </tr>
      </table>
    </div>
  </div>
  <info title="A vous!" instrTitle="Faites la traduction des mots suivants." instrs="FILLING_IN" />
</Page>