﻿<?xml version="1.0" encoding="utf-8"?>
<Module title="Chapitre C">
   <Ex id="hufex2_l07_c01"
       title="Les sons [v] et [f]"
       instr="Cochez la phrase que vous entendez."
       tech_instr="SINGLE_CHOICE SOUND_PLAYBACK">
      <p>
         <a target="_blank"
            href="http://www.langmaster.cz/comcz/French2/l07/c/hufex2_l07_c01.htm">/French2/l07/c/hufex2_l07_c01.htm</a>
         <br/>
         <a target="_blank"
            href="http://www.langmaster.cz/comcz/French2/l07/c/home.htm">
                            cvičení 1</a>
      </p>
      <div class="row">
         <div class="col-md-3 ">
            <img src="/schools/eaimgmp3/french2/img/coursebook/lesson07/page68/mouseo.gif"/>
         </div>
         <div class="col-md-3 ">
            <img src="/schools/eaimgmp3/french2/img/coursebook/lesson07/page68/66_oben_links.gif"/>
         </div>
      </div>
      <br/>
      <div class="row">
         <div class="col-md-1 ">
            <MediaBigMark Url="/schools/eaimgmp3/french2wma/lesson07/hufex2_l07_c01.mp3"
                          Sequence=""/>
         </div>
         <div class="col-md-11 ">
          {{Ttrans}}
        <table class="table c-table">
               <tr>
                  <td class=" middle">
                     <div class="panel panel-default c-panel" Width="400-800">
                        <div class="panel-body">
                           <SingleChoice id="t315">
                              <Data>
                                 <string>C’est une boule en fer.</string>
                                 <string>#C’est une boule en verre.</string>
                              </Data>
                           </SingleChoice>
                        </div>
                     </div>
                  </td>
                  <td class=" middle">
                     <div class="panel panel-default c-panel" Width="400-800">
                        <div class="panel-heading">a.</div>
                        <div class="panel-body">
                           <SingleChoice id="t466">
                              <Data>
                                 <string>C’est vraiment vous!</string>
                                 <string>#C’est vraiment fou!</string>
                              </Data>
                           </SingleChoice>
                        </div>
                     </div>
                  </td>
               </tr>
               <tr>
                  <td class=" middle">
                     <div class="panel panel-default c-panel" Width="400-800">
                        <div class="panel-heading">b.</div>
                        <div class="panel-body">
                           <SingleChoice id="t613">
                              <Data>
                                 <string>Si on faisait un feu?</string>
                                 <string>#Si on faisait un vœu?</string>
                              </Data>
                           </SingleChoice>
                        </div>
                     </div>
                  </td>
                  <td class=" middle">
                     <div class="panel panel-default c-panel" Width="400-800">
                        <div class="panel-heading">c.</div>
                        <div class="panel-body">
                           <SingleChoice id="t760">
                              <Data>
                                 <string>#C’est bien frais.</string>
                                 <string>C’est bien vrai.</string>
                              </Data>
                           </SingleChoice>
                        </div>
                     </div>
                  </td>
               </tr>
               <tr>
                  <td class=" middle">
                     <div class="panel panel-default c-panel" Width="400-800">
                        <div class="panel-heading">d.</div>
                        <div class="panel-body">
                           <SingleChoice id="t907">
                              <Data>
                                 <string>Cette jupe est fendue.</string>
                                 <string>#Cette jupe est vendue.</string>
                              </Data>
                           </SingleChoice>
                        </div>
                     </div>
                  </td>
                  <td class=" middle">
                     <div class="panel panel-default c-panel" Width="400-800">
                        <div class="panel-heading">e.</div>
                        <div class="panel-body">
                           <SingleChoice id="t1054">
                              <Data>
                                 <string>#Il a acheté un veau!</string>
                                 <string>Il a acheté un faux!</string>
                              </Data>
                           </SingleChoice>
                        </div>
                     </div>
                  </td>
               </tr>
               <tr>
                  <td class=" middle">
                     <div class="panel panel-default c-panel" Width="400-800">
                        <div class="panel-heading">f.</div>
                        <div class="panel-body">
                           <SingleChoice id="t1201">
                              <Data>
                                 <string>#Quelle fin fantastique!</string>
                                 <string>Quel vin fantastique!</string>
                              </Data>
                           </SingleChoice>
                        </div>
                     </div>
                  </td>
                  <td class=" middle">
                     <div class="panel panel-default c-panel" Width="400-800">
                        <div class="panel-heading">g.</div>
                        <div class="panel-body">
                           <SingleChoice id="t1348">
                              <Data>
                                 <string>#Il a plusieurs fils.</string>
                                 <string>Il a plusieurs vices.</string>
                              </Data>
                           </SingleChoice>
                        </div>
                     </div>
                  </td>
               </tr>
            </table>
         </div>
      </div>
   </Ex>
   <Ex id="hufex2_l07_c02"
       title="Le son [v]"
       instr="Ecrivez dans le tableau combien de fois vous entendez le son [v] dans chacune des phrases suivantes."
       tech_instr="FILLING_IN SOUND_PLAYBACK">
      <p>
         <a target="_blank"
            href="http://www.langmaster.cz/comcz/French2/l07/c/hufex2_l07_c02.htm">/French2/l07/c/hufex2_l07_c02.htm</a>
         <br/>
         <a target="_blank"
            href="http://www.langmaster.cz/comcz/French2/l07/c/home.htm">
                            cvičení 2</a>
      </p>
      <div class="row">
         <div class="col-md-1 ">
            <MediaBigMark Url="/schools/eaimgmp3/french2wma/lesson07/hufex2_l07_c02.mp3"
                          Sequence=""/>
         </div>
         <div class="col-md-11 ">
            <table class="table table-bordered c-table">
               <tr>
                  <td class=" middle">a.</td>
                  <td class=" middle">
                     <GapFill id="g159" CorrectValue="2" Width="2em"/> fois
            </td>
               </tr>
               <tr>
                  <td class=" middle">b.</td>
                  <td class=" middle">
                     <GapFill id="g163" CorrectValue="3" Width="2em"/> fois
            </td>
               </tr>
               <tr>
                  <td class=" middle">c.</td>
                  <td class=" middle">
                     <GapFill id="g167" CorrectValue="6" Width="2em"/> fois
            </td>
               </tr>
               <tr>
                  <td class=" middle">d.</td>
                  <td class=" middle">
                     <GapFill id="g171" CorrectValue="1" Width="2em"/> fois
            </td>
               </tr>
               <tr>
                  <td class=" middle">e.</td>
                  <td class=" middle">
                     <GapFill id="g175" CorrectValue="5" Width="2em"/> fois avec la liaison «neuf ans»
            </td>
               </tr>
            </table>
         </div>
      </div>
      <div class="row">
         <div class="col-md-2 ">
            <img src="/schools/eaimgmp3/french2/img/coursebook/lesson07/page68/c791h0013.jpg"/>
         </div>
         <div class="col-md-10 ">
            <div class="panel panel-info">
               <div class="panel-body">
                  <p>
            [f] <b>
                        <span class="text-warning">→ </span>
                     </b>[v]<br/>
            Il est neuf heures. [il<span class="text-warning">εnœvœr</span>]
            <br/>
            Elle a neuf ans. [<span class="text-warning">εlanœvã</span>]
          </p>
               </div>
            </div>
         </div>
      </div>
   </Ex>
   <Ex id="hufex2_l07_c03"
       title="Divertissement"
       instr="Ecoutez et lisez pour vous le poème qui est uni avec la bonne prononciation."
       tech_instr="SOUND_PLAYBACK">
      <p>
         <a target="_blank"
            href="http://www.langmaster.cz/comcz/French2/l07/c/hufex2_l07_c03.htm">/French2/l07/c/hufex2_l07_c03.htm</a>
         <br/>
         <a target="_blank"
            href="http://www.langmaster.cz/comcz/French2/l07/c/home.htm">
                            cvičení 3</a>
      </p>
      <div class="row">
         <div class="col-md-4 ">
            <img src="/schools/eaimgmp3/french2/img/coursebook/lesson07/page69/69_4.gif"/>
         </div>
         <div class="col-md-8 ">
            <MediaText id="snd0"
                       Url="/schools/eaimgmp3/french2wma/lesson07/hufex2_l07_c03.mp3"
                       Sequence="0"/>
            <br/>
            <MediaText id="snd1" Sequence="1" ContinueOf="snd0"/>
            <br/>
            <MediaText id="snd2" Sequence="2" ContinueOf="snd1"/>
            <br/>
            <MediaText id="snd3" Sequence="3" ContinueOf="snd2"/>
            <br/>
            <MediaText id="snd4" Sequence="4" ContinueOf="snd3"/>
            <br/>
            <MediaText id="snd5" Sequence="5" ContinueOf="snd4"/>
            <br/>
            <MediaText id="snd6" Sequence="6" ContinueOf="snd5"/>
            <br/>
            <MediaText id="snd7" Sequence="7" ContinueOf="snd6"/>
            <br/>
            <MediaText id="snd8" Sequence="8" ContinueOf="snd7"/>
            <br/>
            <MediaText id="snd9" Sequence="9" ContinueOf="snd8"/>
            <br/>
            <MediaText id="snd10" Sequence="10" ContinueOf="snd9"/>
            <br/>
            <MediaText id="snd11" Sequence="11" ContinueOf="snd10"/>
            <br/>
            <MediaText id="snd12" Sequence="12" ContinueOf="snd11"/>
            <br/>
            <MediaText id="snd13" Sequence="13" ContinueOf="snd12"/>
            <br/>
            <MediaText id="snd14" Sequence="14" ContinueOf="snd13"/>
         </div>
      </div>
      <div class="col-md-6">
         <div class="panel panel-info">
            <div class="panel-body">
               <p>
          {{Ttrans}}
        </p>
            </div>
         </div>
      </div>
   </Ex>
   <Ex id="hufex2_l07_c04"
       title="Exprimez-vous!"
       instr="Ecoutez et dites ce que chaque personne exprime."
       tech_instr="SINGLE_CHOICE SOUND_PLAYBACK">
      <p>
         <a target="_blank"
            href="http://www.langmaster.cz/comcz/French2/l07/c/hufex2_l07_c04.htm">/French2/l07/c/hufex2_l07_c04.htm</a>
         <br/>
         <a target="_blank"
            href="http://www.langmaster.cz/comcz/French2/l07/c/home.htm">
                            cvičení 4</a>
      </p>
      <div class="row">
         <div class="col-md-1 ">
            <MediaBigMark Url="/schools/eaimgmp3/french2wma/lesson07/hufex2_l07_c04.mp3"
                          Sequence=""/>
            <div>
               <br/>
               <br/>
               <img src="/schools/eaimgmp3/french2/img/homestudy/lesson07/page150/1661h0171.gif"/>
            </div>
         </div>
         <div class="col-md-11 ">
            <table class="table table-bordered c-table">
               <tr>
                  <td class="c-table middle">a.</td>
                  <td>
                     <WordSelection id="o521"
                                    Words="demander poliment|proposer|#exprimer un souhait|donner un conseil"/>
                  </td>
               </tr>
               <tr>
                  <td class="c-table middle">b.</td>
                  <td>
                     <WordSelection id="o770"
                                    Words="demander poliment|proposer|#exprimer un souhait|donner un conseil"/>
                  </td>
               </tr>
               <tr>
                  <td class="c-table middle">c.</td>
                  <td>
                     <WordSelection id="o1019"
                                    Words="demander poliment|#proposer|exprimer un souhait|donner un conseil"/>
                  </td>
               </tr>
               <tr>
                  <td class="c-table middle">d.</td>
                  <td>
                     <WordSelection id="o1268"
                                    Words="demander poliment|proposer|exprimer un souhait|#donner un conseil"/>
                  </td>
               </tr>
               <tr>
                  <td class="c-table middle">e.</td>
                  <td>
                     <WordSelection id="o1517"
                                    Words="demander poliment|proposer|#exprimer un souhait|donner un conseil"/>
                  </td>
               </tr>
               <tr>
                  <td class="c-table middle">f.</td>
                  <td>
                     <WordSelection id="o1766"
                                    Words="#demander poliment|proposer|exprimer un souhait|donner un conseil"/>
                  </td>
               </tr>
               <tr>
                  <td class="c-table middle">g.</td>
                  <td>
                     <WordSelection id="o2015"
                                    Words="demander poliment|#proposer|exprimer un souhait|donner un conseil"/>
                  </td>
               </tr>
               <tr>
                  <td class="c-table middle">h.</td>
                  <td>
                     <WordSelection id="o2264"
                                    Words="demander poliment|proposer|exprimer un souhait|#donner un conseil"/>
                  </td>
               </tr>
               <tr>
                  <td class="c-table middle">i.</td>
                  <td>
                     <WordSelection id="o2513"
                                    Words="#demander poliment|proposer|exprimer un souhait|donner un conseil"/>
                  </td>
               </tr>
               <tr>
                  <td class="c-table middle">j.</td>
                  <td>
                     <WordSelection id="o2762"
                                    Words="demander poliment|#proposer|exprimer un souhait|donner un conseil"/>
                  </td>
               </tr>
            </table>
         </div>
      </div>
   </Ex>
   <Ex id="hufex2_l07_c05"
       title="Deux sons"
       instr="Ecoutez les phrases et cochez si vous entendez…"
       tech_instr="SINGLE_CHOICE SOUND_PLAYBACK">
      <p>
         <a target="_blank"
            href="http://www.langmaster.cz/comcz/French2/l07/c/hufex2_l07_c05.htm">/French2/l07/c/hufex2_l07_c05.htm</a>
         <br/>
         <a target="_blank"
            href="http://www.langmaster.cz/comcz/French2/l07/c/home.htm">
                            cvičení 5</a>
      </p>
      <div class="row">
         <div class="col-md-2 ">
            <MediaBigMark Url="/schools/eaimgmp3/french2wma/lesson07/hufex2_l07_c05.mp3"
                          Sequence=""/>
            <br/>
            <br/>
            <br/>
            <br/>
            <br/>
            <br/>
            <img src="/schools/eaimgmp3/french2/img/homestudy/lesson07/page150/1301h0040.jpg"/>
         </div>
         <div class="col-md-10 ">
            <table class="table table-bordered c-table">
               <tr>
                  <td class="c-table middle">a.</td>
                  <td>
                     <WordSelection id="o528" Words="[f] / [v]|[v] / [f]|#[v] / [v]|[f] / [f]"/>
                  </td>
               </tr>
               <tr>
                  <td class="c-table middle">b.</td>
                  <td>
                     <WordSelection id="o777" Words="#[f] / [v]|[v] / [f]|[v] / [v]|[f] / [f]"/>
                  </td>
               </tr>
               <tr>
                  <td class="c-table middle">c.</td>
                  <td>
                     <WordSelection id="o1026" Words="[f] / [v]|[v] / [f]|[v] / [v]|#[f] / [f]"/>
                  </td>
               </tr>
               <tr>
                  <td class="c-table middle">d.</td>
                  <td>
                     <WordSelection id="o1275" Words="#[f] / [v]|[v] / [f]|[v] / [v]|[f] / [f]"/>
                  </td>
               </tr>
               <tr>
                  <td class="c-table middle">e.</td>
                  <td>
                     <WordSelection id="o1524" Words="[f] / [v]|#[v] / [f]|[v] / [v]|[f] / [f]"/>
                  </td>
               </tr>
               <tr>
                  <td class="c-table middle">f.</td>
                  <td>
                     <WordSelection id="o1773" Words="[f] / [v]|[v] / [f]|#[v] / [v]|[f] / [f]"/>
                  </td>
               </tr>
               <tr>
                  <td class="c-table middle">g.</td>
                  <td>
                     <WordSelection id="o2022" Words="[f] / [v]|[v] / [f]|[v] / [v]|#[f] / [f]"/>
                  </td>
               </tr>
               <tr>
                  <td class="c-table middle">h.</td>
                  <td>
                     <WordSelection id="o2271" Words="[f] / [v]|[v] / [f]|#[v] / [v]|[f] / [f]"/>
                  </td>
               </tr>
               <tr>
                  <td class="c-table middle">i.</td>
                  <td>
                     <WordSelection id="o2520" Words="#[f] / [v]|[v] / [f]|[v] / [v]|[f] / [f]"/>
                  </td>
               </tr>
               <tr>
                  <td class="c-table middle">j.</td>
                  <td>
                     <WordSelection id="o2769" Words="[f] / [v]|#[v] / [f]|[v] / [v]|[f] / [f]"/>
                  </td>
               </tr>
               <tr>
                  <td class="c-table middle">k.</td>
                  <td>
                     <WordSelection id="o3018" Words="[f] / [v]|[v] / [f]|[v] / [v]|#[f] / [f]"/>
                  </td>
               </tr>
            </table>
         </div>
      </div>
   </Ex>
   <Ex id="hufex2_l07_c06"
       title="Le Salon international de l’agriculture"
       instr="Lisez les phrases suivantes et retrouvez dans le texte les phrases qui ont la même signification."
       tech_instr="FILLING_IN">
      <p>
         <a target="_blank"
            href="http://www.langmaster.cz/comcz/French2/l07/c/hufex2_l07_c06.htm">/French2/l07/c/hufex2_l07_c06.htm</a>
         <br/>
         <a target="_blank"
            href="http://www.langmaster.cz/comcz/French2/l07/c/home.htm">
                            cvičení 6</a>
      </p>
      <div class="row">
         <div class="col-md-3 ">
            <img src="/schools/eaimgmp3/french2/img/homestudy/lesson07/page151/c220h0074.jpg"/>
         </div>
         <div class="col-md-9 ">

        Chaque année, à l’occasion du Salon international de l’agriculture, Paris abrite durant une semaine la plus grande ferme de France. Alors que les agriculteurs ne représentent plus que 3,5 % de la population active de notre pays, 600 à 700 000 visiteurs sont attendus cette année encore Porte de Versailles. Les hommes politiques notamment ne manqueraient ce rendez-vous pour rien au monde avec en tête, le premier d’entre eux: Jacques Chirac. Accompagné du ministre socialiste de l’agriculture et de la pêche, Louis Le Pensec, le Président salue ici ou là une mère de famille: «Bonjour, ma chère», un jeune garçon: «Salut!» ou encore une petite fille: «Ma jolie». On lui offre un morceau de fromage crémeux, il avale une gorgée de bière après un verre de lait, signe sur des livres d’or: «Bravo et merci!»... On voudrait lui parler, mais il est déjà reparti, il est pressé, il veut voir... les vaches! Montbéliardes, gasconnes, normandes, charolaises ou limousines, il les admire toutes! On savait déjà que les Indiens s’adonnaient au culte de la vache, ils ne sont pas les seuls!<br/>
            <br/>
            <i>(D’après L’Evénement du Jeudi, n° 696 du 5 au 11 mars 1998)</i>
         </div>
      </div>
      <div>
         <table class="table c-table">
            <tr>
               <td>
                  <b>
            {{Ttrans}}:
            </b>
                  <br/>
            La plus grande ferme de France se trouve à Paris.<br/>
                  <GapFill id="g386"
                           CorrectValue="Paris abrite la plus grande ferme de France."
                           InitValue="Paris abrite la plus grande ferme de France."
                           Example="true"/>
               </td>
            </tr>
         </table>
      </div>
      <table class="table c-table">
         <tr>
            <td class=" middle"/>
            <td class=" middle">
          600 à 700 000 personnes vont aller au Salon de l’agriculture.<br/>
               <GapFill id="g486"
                        CorrectValue="600 à 700 000 visiteurs sont attendus cette année encore."
                        Width="200"/>
            </td>
         </tr>
         <tr>
            <td class=" middle"/>
            <td class=" middle">
          Avec le ministre de l’agriculture.<br/>
               <GapFill id="g584"
                        CorrectValue="Accompagné du ministre socialiste de l’agriculture."
                        Width="200"/>
            </td>
         </tr>
         <tr>
            <td class=" middle"/>
            <td class=" middle">
          Jacques Chirac boit un peu de bière.<br/>
               <GapFill id="g682" CorrectValue="Il avale une gorgée de bière." Width="200"/>
            </td>
         </tr>
         <tr>
            <td class=" middle"/>
            <td class=" middle">
          Il n’a pas beaucoup de temps.<br/>
               <GapFill id="g780" CorrectValue="Il est pressé." Width="200"/>
            </td>
         </tr>
         <tr>
            <td class=" middle"/>
            <td class=" middle">
          En Inde, la vache est un animal sacré.<br/>
               <GapFill id="g878"
                        CorrectValue="Les Indiens s’adonnaient au culte de la vache."
                        Width="200"/>
            </td>
         </tr>
      </table>
   </Ex>
   <Ex id="hufex2_l07_c07"
       title="A vous!"
       instr="Faites la traduction des mots suivants."
       tech_instr="FILLING_IN">
      <p>
         <a target="_blank"
            href="http://www.langmaster.cz/comcz/French2/l07/c/hufex2_l07_c07.htm">/French2/l07/c/hufex2_l07_c07.htm</a>
         <br/>
         <a target="_blank"
            href="http://www.langmaster.cz/comcz/French2/l07/c/home.htm">
                            cvičení 7</a>
      </p>
      <div class="row">
         <div class="col-md-3 ">
            <img src="/schools/eaimgmp3/french2/img/vocabulary/lesson07/page84/lessiv.gif"/>
         </div>
         <div class="col-md-9 ">
            <table class="table table-bordered c-table">
               <tr>
                  <td class=" middle">
          {{Ttrans}}
        </td>
                  <td class=" middle">
                     <GapFill id="g158" CorrectValue="le paquet de lessive" Width="200"/>
                  </td>
               </tr>
               <tr>
                  <td class=" middle">
          {{Ttrans1}}
        </td>
                  <td class=" middle">
                     <GapFill id="g162" CorrectValue="le pack de bière" Width="200"/>
                  </td>
               </tr>
               <tr>
                  <td class=" middle">
          {{Ttrans2}}
        </td>
                  <td class=" middle">
                     <GapFill id="g166" CorrectValue="la chaise" Width="200"/>
                  </td>
               </tr>
               <tr>
                  <td class=" middle">
          {{Ttrans3}}
        </td>
                  <td class=" middle">
                     <GapFill id="g170" CorrectValue="une étoile" Width="200"/>
                  </td>
               </tr>
               <tr>
                  <td class=" middle">
          {{Ttrans4}}
        </td>
                  <td class=" middle">
                     <GapFill id="g174" CorrectValue="le village perché" Width="200"/>
                  </td>
               </tr>
               <tr>
                  <td class=" middle">
          {{Ttrans5}}
        </td>
                  <td class=" middle">
                     <GapFill id="g178" CorrectValue="l’essence sans plomb" Width="200"/>
                  </td>
               </tr>
            </table>
         </div>
      </div>
   </Ex>
</Module>
