﻿<?xml version="1.0" encoding="utf-8"?>
<Page id="hufex1_l08_a01">
  <p>
    <a href="http://www.langmaster.cz/comcz/French1/l08/a/hufex1_l08_a01.htm">/French1/l08/a/hufex1_l08_a01.htm</a>
    <br />
    <a href="http://www.langmaster.cz/comcz/French1/l08/a/home.htm">
                            cvičení 1</a>
  </p>
  <img src="/schools/eaimgmp3/french1/img/vocabulary/lesson08/page72/1576h0001.jpg" />
  <table class="table table-bordered c-table">
    <tr>
      <td class="c-table-default middle">marcher</td>
      <td>
        <WordSelection id="ce400" CorrectValue="0" Words="le lieu de vacances|la période|#les activités" />
      </td>
    </tr>
    <tr>
      <td class="c-table-default middle">à la campagne</td>
      <td>
        <WordSelection id="ce198" CorrectValue="0" Words="#le lieu de vacances|la période|les activités" />
      </td>
    </tr>
    <tr>
      <td class="c-table-default middle">visiter de vieilles villes</td>
      <td>
        <WordSelection id="ce384" CorrectValue="0" Words="le lieu de vacances|la période|#les activités" />
      </td>
    </tr>
    <tr>
      <td class="c-table-default middle">dans un pays étranger</td>
      <td>
        <WordSelection id="ce214" CorrectValue="0" Words="#le lieu de vacances|la période|les activités" />
      </td>
    </tr>
    <tr>
      <td class="c-table-default middle">à la montagne</td>
      <td>
        <WordSelection id="ce206" CorrectValue="0" Words="#le lieu de vacances|la période|les activités" />
      </td>
    </tr>
    <tr>
      <td class="c-table-default middle">sur la côte</td>
      <td>
        <WordSelection id="ce222" CorrectValue="0" Words="#le lieu de vacances|la période|les activités" />
      </td>
    </tr>
    <tr>
      <td class="c-table-default middle">faire du ski</td>
      <td>
        <WordSelection id="ce408" CorrectValue="0" Words="le lieu de vacances|la période|#les activités" />
      </td>
    </tr>
    <tr>
      <td class="c-table-default middle">en hiver</td>
      <td>
        <WordSelection id="ce291" CorrectValue="0" Words="le lieu de vacances|#la période|les activités" />
      </td>
    </tr>
    <tr>
      <td class="c-table-default middle">bronzer</td>
      <td>
        <WordSelection id="ce392" CorrectValue="0" Words="le lieu de vacances|la période|#les activités" />
      </td>
    </tr>
    <tr>
      <td class="c-table-default middle">au printemps</td>
      <td>
        <WordSelection id="ce299" CorrectValue="0" Words="le lieu de vacances|#la période|les activités" />
      </td>
    </tr>
    <tr>
      <td class="c-table-default middle">début mai</td>
      <td>
        <WordSelection id="ce307" CorrectValue="0" Words="le lieu de vacances|#la période|les activités" />
      </td>
    </tr>
    <tr>
      <td class="c-table-default middle">en été</td>
      <td>
        <WordSelection id="ce315" CorrectValue="0" Words="le lieu de vacances|#la période|les activités" />
      </td>
    </tr>
  </table>
  <info title="Vacances" instrTitle="{{Ahtmltitle}}" instrs="SORTING_INTO_GROUPS_DRAG_AND_DROP" />
</Page>