﻿<?xml version="1.0" encoding="utf-8"?>
<Page id="hufex1_l08_a04">
  <p>
    <a href="http://www.langmaster.cz/comcz/French1/l08/a/hufex1_l08_a04.htm">/French1/l08/a/hufex1_l08_a04.htm</a>
    <br />
    <a href="http://www.langmaster.cz/comcz/French1/l08/a/home.htm">
                            cvičení 3</a>
  </p>
  <div class="row">
    <div class="col-md-4 ">
      <img src="/schools/eaimgmp3/french1/img/coursebook/lesson08/page69/1483h0044.gif" />
    </div>
    <div class="col-md-8 ">
      <div>
        <table class="table c-table">
          <tr>
            <td>
              <b>
                  {{Ttrans}}
                </b>
              <br />
                Ils <GapFill id="g199" Width="200" CorrectValue="ont visité" InitValue="ont visité" /> le Palais des Papes.
              </td>
          </tr>
        </table>
      </div>
      <table class="table table-bordered c-table">
        <tr>
          <td class=" middle">
              Ils <GapFill id="g251" Width="200" CorrectValue="sont allés" InitValue="vont" /> en Bretagne? - Oui, ils <GapFill id="g252" Width="200" CorrectValue="ont loué" InitValue="louent" /> une petite maison à 50 mètres de la plage.
            </td>
        </tr>
        <tr>
          <td class=" middle">
              Nous <GapFill id="g301" Width="200" CorrectValue="avons vécu" InitValue="vivons" /> en Alsace. - Où est-ce que vous <GapFill id="g302" Width="200" CorrectValue="avez habité?" InitValue="habitez?" /></td>
        </tr>
        <tr>
          <td class=" middle">
              Je <GapFill id="g351" Width="200" CorrectValue="n’ai pas compris." InitValue="ne comprends pas." /> - Qu’est-ce que vous <GapFill id="g352" Width="200" CorrectValue="n’avez pas compris?" InitValue="ne comprenez pas?" /></td>
        </tr>
        <tr>
          <td class=" middle">
              Tu <GapFill id="g401" Width="200" CorrectValue="es rentré|es rentrée" InitValue="rentres" /> quand? - J’<GapFill id="g404" Width="200" CorrectValue="ai eu" InitValue="ai" /> de la chance. <GapFill id="g405" Width="200" CorrectValue="J’ai pu" InitValue="Je peux" /> prendre le train de 8h 45.
            </td>
        </tr>
        <tr>
          <td class=" middle">
              Susanne <GapFill id="g454" Width="200" CorrectValue="a reçu" InitValue="reçoit" /> une carte des Cévennes. Son copain Georges <GapFill id="g455" Width="200" CorrectValue="passe" InitValue="passé" /> trois semaines là-bas.
            </td>
        </tr>
        <tr>
          <td class=" middle">
              Qu’est-ce que vous <GapFill id="g504" Width="200" CorrectValue="avez choisi" InitValue="choisissez" /> comme fruits? - <GapFill id="g505" Width="200" CorrectValue="J’ai pris" InitValue="Je prends" /> des bananes.
            </td>
        </tr>
        <tr>
          <td class=" middle">
              Elle <GapFill id="g554" Width="200" CorrectValue="a été" InitValue="est" /> malade. Elle <GapFill id="g555" Width="200" CorrectValue="n’a pas pu" InitValue="ne peut pas" /> partir avec nous.
            </td>
        </tr>
        <tr>
          <td class=" middle">
              Tu <GapFill id="g604" Width="200" CorrectValue="as mis" InitValue="mets" /> combien de temps pour faire Avignon – Aix-en-Provence? – <GapFill id="g605" Width="200" CorrectValue="J’ai mis" InitValue="Je mets" /> deux heures.
            </td>
        </tr>
      </table>
    </div>
  </div>
  <div class="col-md-5">
    <div class="panel panel-info">
      <div class="panel-heading">
        <h3>Participe passé</h3>
      </div>
      <div class="panel-body">
        <table class="table c-table">
          <tr>
            <td>
              <p>
                voir<br />
                pouvoir<br />
                recevoir<br />
                savoir<br />
                vivre<br />
                vouloir
              </p>
            </td>
            <td>
              <p>
                v<b>u</b><br />
                p<b>u</b><br />
                reç<b>u</b><br />
                s<b>u</b><br />
                véc<b>u</b><br />
                voul<b>u</b></p>
            </td>
            <td>
              <p>
                avoir<br />
                être<br />
                faire<br />
                prendre<br />
                mettre<br />
                connaître
              </p>
            </td>
            <td>
              <p>
                <b>
                  eu<br />
                  été<br />
                  fait<br />
                  pris<br />
                  mis<br />
                  connu
                </b>
              </p>
            </td>
          </tr>
        </table>
      </div>
    </div>
  </div>
  <info title="Passé composé" instrTitle="{{Ahtmltitle}}" instrs="CORRECTION" />
</Page>