﻿<?xml version="1.0" encoding="utf-8"?>
<Page id="hufex1_l08_a05">
  <p>
    <a href="http://www.langmaster.cz/comcz/French1/l08/a/hufex1_l08_a05.htm">/French1/l08/a/hufex1_l08_a05.htm</a>
    <br />
    <a href="http://www.langmaster.cz/comcz/French1/l08/a/home.htm">
                            cvičení 4</a>
  </p>
  <DragSource />
  <div>
    <img src="/schools/eaimgmp3/french1/img/homestudy/lesson08/page134/c295h0059.jpg" />
  </div>
  <div>
    <table class="table table-bordered c-table">
      <tr>
        <td class=" middle">
            J’ai beaucoup aim<DragTarget id="g195" CorrectValue="é" /> la Provence, mais maintenant je veux visit<DragTarget id="g196" CorrectValue="er" /> une autre région française.
          </td>
      </tr>
      <tr>
        <td class=" middle">Si vous aim<DragTarget id="g245" CorrectValue="ez" /> voyag<DragTarget id="g246" CorrectValue="er" /> , all<DragTarget id="g247" CorrectValue="ez" /> dans un pays asiatique.
          </td>
      </tr>
      <tr>
        <td class=" middle">
            Ven<DragTarget id="g350" CorrectValue="ez" /> dîn<DragTarget id="g351" CorrectValue="er" /> à la maison! J’ai prépar<DragTarget id="g352" CorrectValue="é" /> un canard aux olives.
          </td>
      </tr>
      <tr>
        <td class=" middle">
            Nous avons préfér<DragTarget id="g401" CorrectValue="é" /> lou<DragTarget id="g402" CorrectValue="er" /> un appartement à la montagne.
          </td>
      </tr>
      <tr>
        <td class=" middle">
            Si vous ne voul<DragTarget id="g451" CorrectValue="ez" /> pas rest<DragTarget id="g452" CorrectValue="er" /> chez vous ce soir, all<DragTarget id="g453" CorrectValue="ez" /> dans<DragTarget id="g454" CorrectValue="er" />! Aujourd’hui, c’est le carnaval.
          </td>
      </tr>
      <tr>
        <td class=" middle">
            Vous sav<DragTarget id="g503" CorrectValue="ez" /> jou<DragTarget id="g504" CorrectValue="er" /> aux échecs?
          </td>
      </tr>
    </table>
  </div>
  <info title="Les terminaisons" instrTitle="{{Ahtmltitle}}" instrs="FILLING_IN_FROM_A_LIST" />
</Page>