﻿<?xml version="1.0" encoding="utf-8"?>
<Page id="hufex1_l08_a07">
  <p>
    <a href="http://www.langmaster.cz/comcz/French1/l08/a/hufex1_l08_a07.htm">/French1/l08/a/hufex1_l08_a07.htm</a>
    <br />
    <a href="http://www.langmaster.cz/comcz/French1/l08/a/home.htm">
                            cvičení 6</a>
  </p>
  <div>
    <img src="/schools/eaimgmp3/french1/img/homestudy/lesson08/page133/1483h0017.jpg" />
  </div>
  <div>
    <div>
      <table class="table c-table">
        <tr>
          <td>
            <b>
                {{Ttrans}}
              </b>
            <br />
              Le soir, nous regardons les infos à la télé.<br /><GapFill id="g284" Width="200" CorrectValue="Mais hier soir, nous n’avons pas regardé les infos." InitValue="Mais hier soir, nous n’avons pas regardé les infos." /></td>
        </tr>
      </table>
    </div>
    <table class="table table-bordered c-table">
      <tr>
        <td class=" middle">
            Le matin, elle prend son petit déjeuner au lit.<br /><GapFill id="g384" Width="200" CorrectValue="Mais hier matin, elle n’a pas pris son petit déjeuner au lit." InitValue="" /></td>
      </tr>
      <tr>
        <td class=" middle">
            Le vendredi, nous mangeons du poisson.<br /><GapFill id="g482" Width="200" CorrectValue="Mais vendredi dernier, nous n’avons pas mangé de poisson.|Mais ce vendredi, nous n’avons pas mangé de poisson.|Mais vendredi passé, nous n’avons pas mangé de poisson." InitValue="" /></td>
      </tr>
      <tr>
        <td class=" middle">
            L’après-midi, j’ai le temps de faire les courses.<br /><GapFill id="g592" Width="200" CorrectValue="Mais hier après-midi, je n’ai pas eu le temps de faire les courses." InitValue="" /></td>
      </tr>
      <tr>
        <td class=" middle">
            Cette année, on passe les vacances en Autriche.<br /><GapFill id="g690" Width="200" CorrectValue="Mais l’année dernière, on n’a pas passé les vacances en Autriche.|Mais l’année passé, on n’a pas passé les vacances en Autriche." InitValue="" /></td>
      </tr>
      <tr>
        <td class=" middle">
            Le dimanche, mes parents invitent des amis à dîner.<br /><GapFill id="g795" Width="200" CorrectValue="Mais dimanche dernier, ils n’ont pas invité d’amis à dîner.|Mais dimanche passé, ils n’ont pas invité d’amis à dîner.|Mais ce dimanche, ils n’ont pas invité d’amis à dîner." InitValue="" /></td>
      </tr>
      <tr>
        <td class=" middle">
            Le mercredi, je peux partir du bureau à trois heures.<br /><GapFill id="g905" Width="200" CorrectValue="Mais mercredi dernier, je n’ai pas pu partir du bureau à trois heures.|Mais mercredi passé, je n’ai pas pu partir du bureau à trois heures.|Mais ce mercredi, je n’ai pas pu partir du bureau à trois heures." InitValue="" /></td>
      </tr>
      <tr>
        <td class=" middle">
            Le soir, mon mari fait un peu de jogging pour se détendre.<br /><GapFill id="g1015" Width="200" CorrectValue="Mais hier soir, il n’a pas fait de jogging." InitValue="" /></td>
      </tr>
    </table>
  </div>
  <info title="Formes négatives du passé composé" instrTitle="{{Ahtmltitle}}" instrs="FILLING_IN" />
</Page>