﻿<?xml version="1.0" encoding="utf-8"?>
<Page id="hufex1_l08_a08">
  <p>
    <a href="http://www.langmaster.cz/comcz/French1/l08/a/hufex1_l08_a08.htm">/French1/l08/a/hufex1_l08_a08.htm</a>
    <br />
    <a href="http://www.langmaster.cz/comcz/French1/l08/a/home.htm">
                            cvičení 7</a>
  </p>
  <div class="row">
    <div class="col-md-6 ">
      <div>
        <MediaBigMark Url="/schools/eaimgmp3/french1wma/lesson08/hufex1_l08_a07.mp3" Sequence="" IsPassive="false" />
      </div>
      <br />
      <div>
        <img src="/schools/eaimgmp3/french1/img/homestudy/lesson08/page133/1812h0003.jpg" />
      </div>
    </div>
    <div class="col-md-6 ">
      <table class="table c-table">
        <tr>
          <td class=" middle">
            <div class="panel panel-default c-panel" Width="400-800">
              <div class="panel-heading">a.</div>
              <div class="panel-body">
                <SingleChoice id="t120" CorrectValue="0">
                  <Data>
                    <string>#Je choisis du raisin.</string>
                    <string>J’ai choisi du raisin.</string>
                  </Data>
                </SingleChoice>
              </div>
            </div>
          </td>
          <td class=" middle">
            <div class="panel panel-default c-panel" Width="400-800">
              <div class="panel-heading">b.</div>
              <div class="panel-body">
                <SingleChoice id="t267" CorrectValue="0">
                  <Data>
                    <string>Je fais des randonnées.</string>
                    <string>#J’ai fait des randonnées.</string>
                  </Data>
                </SingleChoice>
              </div>
            </div>
          </td>
        </tr>
        <tr>
          <td class=" middle">
            <div class="panel panel-default c-panel" Width="400-800">
              <div class="panel-heading">c.</div>
              <div class="panel-body">
                <SingleChoice id="t414" CorrectValue="0">
                  <Data>
                    <string>#Je finis en juin.</string>
                    <string>J’ai fini en juin.</string>
                  </Data>
                </SingleChoice>
              </div>
            </div>
          </td>
          <td class=" middle">
            <div class="panel panel-default c-panel" Width="400-800">
              <div class="panel-heading">d.</div>
              <div class="panel-body">
                <SingleChoice id="t561" CorrectValue="0">
                  <Data>
                    <string>J’achète du pain.</string>
                    <string>#J’ai acheté du pain.</string>
                  </Data>
                </SingleChoice>
              </div>
            </div>
          </td>
        </tr>
        <tr>
          <td class=" middle">
            <div class="panel panel-default c-panel" Width="400-800">
              <div class="panel-heading">e.</div>
              <div class="panel-body">
                <SingleChoice id="t708" CorrectValue="0">
                  <Data>
                    <string>#Je dis merci.</string>
                    <string>J’ai dit merci.</string>
                  </Data>
                </SingleChoice>
              </div>
            </div>
          </td>
          <td class=" middle">
            <div class="panel panel-default c-panel" Width="400-800">
              <div class="panel-heading">f.</div>
              <div class="panel-body">
                <SingleChoice id="t855" CorrectValue="0">
                  <Data>
                    <string>Je préfère la poterie.</string>
                    <string>#J’ai préféré la poterie.</string>
                  </Data>
                </SingleChoice>
              </div>
            </div>
          </td>
        </tr>
        <tr>
          <td class=" middle">
            <div class="panel panel-default c-panel" Width="400-800">
              <div class="panel-heading">g.</div>
              <div class="panel-body">
                <SingleChoice id="t1002" CorrectValue="0">
                  <Data>
                    <string>Je voyage en été.</string>
                    <string>#J’ai voyagé en été.</string>
                  </Data>
                </SingleChoice>
              </div>
            </div>
          </td>
          <td class=" middle" />
        </tr>
      </table>
    </div>
  </div>
  <info title="Vous avez compris?" instrTitle="{{Ahtmltitle}}" instrs="SINGLE_CHOICE SOUND_PLAYBACK" />
</Page>