﻿<?xml version="1.0" encoding="utf-8"?>
<Page id="hufex1_l08_a09">
  <p>
    <a href="http://www.langmaster.cz/comcz/French1/l08/a/hufex1_l08_a09.htm">/French1/l08/a/hufex1_l08_a09.htm</a>
    <br />
    <a href="http://www.langmaster.cz/comcz/French1/l08/a/home.htm">
                            cvičení 8</a>
  </p>
  <div class="row">
    <div class="col-md-3 ">
      <img src="/schools/eaimgmp3/french1/img/vocabulary/lesson08/page73/1616h0032.jpg" />
    </div>
    <div class="col-md-9 ">
      <table class="table table-bordered c-table">
        <tr>
          <td class="c-table-default middle">l’infinitif</td>
          <td class="c-table-default middle">le participe passé</td>
        </tr>
        <tr>
          <td class=" middle">choisir</td>
          <td class=" middle">choisi</td>
        </tr>
        <tr>
          <td class=" middle">voir</td>
          <td class=" middle">
            <GapFill id="g164" Width="200" CorrectValue="vu" InitValue="" />
          </td>
        </tr>
        <tr>
          <td class=" middle">pouvoir</td>
          <td class=" middle">
            <GapFill id="g168" Width="200" CorrectValue="pu" InitValue="" />
          </td>
        </tr>
        <tr>
          <td class=" middle">recevoir</td>
          <td class=" middle">
            <GapFill id="g172" Width="200" CorrectValue="reçu" InitValue="" />
          </td>
        </tr>
        <tr>
          <td class=" middle">savoir</td>
          <td class=" middle">
            <GapFill id="g176" Width="200" CorrectValue="su" InitValue="" />
          </td>
        </tr>
        <tr>
          <td class=" middle">vivre</td>
          <td class=" middle">
            <GapFill id="g180" Width="200" CorrectValue="vécu" InitValue="" />
          </td>
        </tr>
        <tr>
          <td class=" middle">vouloir</td>
          <td class=" middle">
            <GapFill id="g184" Width="200" CorrectValue="voulu" InitValue="" />
          </td>
        </tr>
        <tr>
          <td class=" middle">avoir</td>
          <td class=" middle">
            <GapFill id="g188" Width="200" CorrectValue="eu" InitValue="" />
          </td>
        </tr>
        <tr>
          <td class=" middle">être</td>
          <td class=" middle">
            <GapFill id="g192" Width="200" CorrectValue="été" InitValue="" />
          </td>
        </tr>
      </table>
    </div>
  </div>
  <div class="col-md-5">
    <div class="panel panel-info">
      <div class="panel-heading">
        <h3>Participe passé</h3>
      </div>
      <div class="panel-body">
        <table class="table c-table">
          <tr>
            <td>
              <p>
                voir<br />
                pouvoir<br />
                recevoir<br />
                savoir<br />
                vivre<br />
                vouloir
              </p>
            </td>
            <td>
              <p>
                v<b>u</b><br />
                p<b>u</b><br />
                reç<b>u</b><br />
                s<b>u</b><br />
                véc<b>u</b><br />
                voul<b>u</b></p>
            </td>
            <td>
              <p>
                avoir<br />
                être<br />
                faire<br />
                prendre<br />
                mettre<br />
                connaître
              </p>
            </td>
            <td>
              <p>
                <b>
                  eu<br />
                  été<br />
                  fait<br />
                  pris<br />
                  mis<br />
                  connu
                </b>
              </p>
            </td>
          </tr>
        </table>
      </div>
    </div>
  </div>
  <info title="Le participe passé" instrTitle="{{Ahtmltitle}}" instrs="FILLING_IN" />
</Page>