﻿<?xml version="1.0" encoding="utf-8"?>
<Module title="Chapitre A">
   <Ex id="hufex1_l08_a01"
       title="Vacances"
       instr="{{Ahtmltitle}}"
       tech_instr="SORTING_INTO_GROUPS_DRAG_AND_DROP">
      <p>
         <a target="_blank"
            href="http://www.langmaster.cz/comcz/French1/l08/a/hufex1_l08_a01.htm">/French1/l08/a/hufex1_l08_a01.htm</a>
         <br/>
         <a target="_blank"
            href="http://www.langmaster.cz/comcz/French1/l08/a/home.htm">
                            cvičení 1</a>
      </p>
      <div>
         <img src="/schools/eaimgmp3/french1/img/vocabulary/lesson08/page72/1576h0001.jpg"/>
      </div>
      <table class="table table-bordered c-table">
         <tr>
            <td class="c-table-default middle">faire du ski</td>
            <td>
               <WordSelection id="ce408" Words="le lieu de vacances|la période|#les activités"/>
            </td>
         </tr>
         <tr>
            <td class="c-table-default middle">en été</td>
            <td>
               <WordSelection id="ce315" Words="le lieu de vacances|#la période|les activités"/>
            </td>
         </tr>
         <tr>
            <td class="c-table-default middle">à la campagne</td>
            <td>
               <WordSelection id="ce198" Words="#le lieu de vacances|la période|les activités"/>
            </td>
         </tr>
         <tr>
            <td class="c-table-default middle">au printemps</td>
            <td>
               <WordSelection id="ce299" Words="le lieu de vacances|#la période|les activités"/>
            </td>
         </tr>
         <tr>
            <td class="c-table-default middle">bronzer</td>
            <td>
               <WordSelection id="ce392" Words="le lieu de vacances|la période|#les activités"/>
            </td>
         </tr>
         <tr>
            <td class="c-table-default middle">en hiver</td>
            <td>
               <WordSelection id="ce291" Words="le lieu de vacances|#la période|les activités"/>
            </td>
         </tr>
         <tr>
            <td class="c-table-default middle">visiter de vieilles villes</td>
            <td>
               <WordSelection id="ce384" Words="le lieu de vacances|la période|#les activités"/>
            </td>
         </tr>
         <tr>
            <td class="c-table-default middle">sur la côte</td>
            <td>
               <WordSelection id="ce222" Words="#le lieu de vacances|la période|les activités"/>
            </td>
         </tr>
         <tr>
            <td class="c-table-default middle">marcher</td>
            <td>
               <WordSelection id="ce400" Words="le lieu de vacances|la période|#les activités"/>
            </td>
         </tr>
         <tr>
            <td class="c-table-default middle">dans un pays étranger</td>
            <td>
               <WordSelection id="ce214" Words="#le lieu de vacances|la période|les activités"/>
            </td>
         </tr>
         <tr>
            <td class="c-table-default middle">début mai</td>
            <td>
               <WordSelection id="ce307" Words="le lieu de vacances|#la période|les activités"/>
            </td>
         </tr>
         <tr>
            <td class="c-table-default middle">à la montagne</td>
            <td>
               <WordSelection id="ce206" Words="#le lieu de vacances|la période|les activités"/>
            </td>
         </tr>
      </table>
   </Ex>
   <Ex id="hufex1_l08_a03"
       title="Catherine en Provence"
       instr="{{Ahtmltitle}}"
       tech_instr="SOUND_PLAYBACK">
      <p>
         <a target="_blank"
            href="http://www.langmaster.cz/comcz/French1/l08/a/hufex1_l08_a03.htm">/French1/l08/a/hufex1_l08_a03.htm</a>
         <br/>
         <a target="_blank"
            href="http://www.langmaster.cz/comcz/French1/l08/a/home.htm">
                            cvičení 2</a>
      </p>
      <div class="row">
         <div class="col-md-3 ">
            <img src="/schools/eaimgmp3/french1/img/coursebook/lesson08/page68/wandern.gif"/>
         </div>
         <div class="col-md-9 ">
            <MediaDialog Url="/schools/eaimgmp3/french1wma/lesson08/hufex1_l08_a02.mp3" id="E64">
               <SndReplica Name="A" Sequence="0-1"/>
               <SndReplica Name="B" Sequence="2-4"/>
               <SndReplica Name="A" Sequence="5"/>
               <SndReplica Name="B" Sequence="6-12"/>
               <SndReplica Name="A" Sequence="13-14"/>
               <SndReplica Name="B" Sequence="15-24"/>
               <SndReplica Name="A" Sequence="25"/>
               <SndReplica Name="B" Sequence="26-32"/>
               <SndReplica Name="A" Sequence="33"/>
               <SndReplica Name="B" Sequence="34-38"/>
               <SndReplica Name="A" Sequence="39"/>
               <SndReplica Name="B" Sequence="40-43"/>
               <SndReplica Name="A" Sequence="44-45"/>
               <SndReplica Name="B" Sequence="46-53"/>
            </MediaDialog>
         </div>
      </div>
   </Ex>
   <Ex id="hufex1_l08_a04"
       title="Passé composé"
       instr="{{Ahtmltitle}}"
       tech_instr="CORRECTION">
      <p>
         <a target="_blank"
            href="http://www.langmaster.cz/comcz/French1/l08/a/hufex1_l08_a04.htm">/French1/l08/a/hufex1_l08_a04.htm</a>
         <br/>
         <a target="_blank"
            href="http://www.langmaster.cz/comcz/French1/l08/a/home.htm">
                            cvičení 3</a>
      </p>
      <div class="row">
         <div class="col-md-4 ">
            <img src="/schools/eaimgmp3/french1/img/coursebook/lesson08/page69/1483h0044.gif"/>
         </div>
         <div class="col-md-8 ">
            <div>
               <table class="table c-table">
                  <tr>
                     <td>
                        <b>
                  {{Ttrans}}
                </b>
                        <br/>
                Ils <GapFill id="g199"
                                 CorrectValue="ont visité"
                                 InitValue="ont visité"
                                 Example="true"
                                 Width="200"/> le Palais des Papes.
              </td>
                  </tr>
               </table>
            </div>
            <table class="table table-bordered c-table">
               <tr>
                  <td class=" middle">
              Ils <GapFill id="g251"
                              CorrectValue="sont allés"
                              InitValue="vont"
                              Width="200"/> en Bretagne? - Oui, ils <GapFill id="g252"
                              CorrectValue="ont loué"
                              InitValue="louent"
                              Width="200"/> une petite maison à 50 mètres de la plage.
            </td>
               </tr>
               <tr>
                  <td class=" middle">
              Nous <GapFill id="g301"
                              CorrectValue="avons vécu"
                              InitValue="vivons"
                              Width="200"/> en Alsace. - Où est-ce que vous <GapFill id="g302"
                              CorrectValue="avez habité?"
                              InitValue="habitez?"
                              Width="200"/>
                  </td>
               </tr>
               <tr>
                  <td class=" middle">
              Je <GapFill id="g351"
                              CorrectValue="n’ai pas compris."
                              InitValue="ne comprends pas."
                              Width="200"/> - Qu’est-ce que vous <GapFill id="g352"
                              CorrectValue="n’avez pas compris?"
                              InitValue="ne comprenez pas?"
                              Width="200"/>
                  </td>
               </tr>
               <tr>
                  <td class=" middle">
              Tu <GapFill id="g401"
                              CorrectValue="es rentré|es rentrée"
                              InitValue="rentres"
                              Width="200"/> quand? - J’<GapFill id="g404" CorrectValue="ai eu" InitValue="ai" Width="200"/> de la chance. <GapFill id="g405"
                              CorrectValue="J’ai pu"
                              InitValue="Je peux"
                              Width="200"/> prendre le train de 8h 45.
            </td>
               </tr>
               <tr>
                  <td class=" middle">
              Susanne <GapFill id="g454" CorrectValue="a reçu" InitValue="reçoit" Width="200"/> une carte des Cévennes. Son copain Georges <GapFill id="g455" CorrectValue="passe" InitValue="passé" Width="200"/> trois semaines là-bas.
            </td>
               </tr>
               <tr>
                  <td class=" middle">
              Qu’est-ce que vous <GapFill id="g504"
                              CorrectValue="avez choisi"
                              InitValue="choisissez"
                              Width="200"/> comme fruits? - <GapFill id="g505"
                              CorrectValue="J’ai pris"
                              InitValue="Je prends"
                              Width="200"/> des bananes.
            </td>
               </tr>
               <tr>
                  <td class=" middle">
              Elle <GapFill id="g554" CorrectValue="a été" InitValue="est" Width="200"/> malade. Elle <GapFill id="g555"
                              CorrectValue="n’a pas pu"
                              InitValue="ne peut pas"
                              Width="200"/> partir avec nous.
            </td>
               </tr>
               <tr>
                  <td class=" middle">
              Tu <GapFill id="g604" CorrectValue="as mis" InitValue="mets" Width="200"/> combien de temps pour faire Avignon – Aix-en-Provence? – <GapFill id="g605"
                              CorrectValue="J’ai mis"
                              InitValue="Je mets"
                              Width="200"/> deux heures.
            </td>
               </tr>
            </table>
         </div>
      </div>
      <div class="col-md-5">
         <div class="panel panel-info">
            <div class="panel-heading">
               <h3>Participe passé</h3>
            </div>
            <div class="panel-body">
               <table class="table c-table">
                  <tr>
                     <td>
                        <p>
                voir<br/>
                pouvoir<br/>
                recevoir<br/>
                savoir<br/>
                vivre<br/>
                vouloir
              </p>
                     </td>
                     <td>
                        <p>
                v<b>u</b>
                           <br/>
                p<b>u</b>
                           <br/>
                reç<b>u</b>
                           <br/>
                s<b>u</b>
                           <br/>
                véc<b>u</b>
                           <br/>
                voul<b>u</b>
                        </p>
                     </td>
                     <td>
                        <p>
                avoir<br/>
                être<br/>
                faire<br/>
                prendre<br/>
                mettre<br/>
                connaître
              </p>
                     </td>
                     <td>
                        <p>
                           <b>
                  eu<br/>
                  été<br/>
                  fait<br/>
                  pris<br/>
                  mis<br/>
                  connu
                </b>
                        </p>
                     </td>
                  </tr>
               </table>
            </div>
         </div>
      </div>
   </Ex>
   <Ex id="hufex1_l08_a05"
       title="Les terminaisons"
       instr="{{Ahtmltitle}}"
       tech_instr="FILLING_IN_FROM_A_LIST">
      <p>
         <a target="_blank"
            href="http://www.langmaster.cz/comcz/French1/l08/a/hufex1_l08_a05.htm">/French1/l08/a/hufex1_l08_a05.htm</a>
         <br/>
         <a target="_blank"
            href="http://www.langmaster.cz/comcz/French1/l08/a/home.htm">
                            cvičení 4</a>
      </p>
      <DragSource/>
      <div>
         <img src="/schools/eaimgmp3/french1/img/homestudy/lesson08/page134/c295h0059.jpg"/>
      </div>
      <div>
         <table class="table table-bordered c-table">
            <tr>
               <td class=" middle">
            J’ai beaucoup aim<DragTarget id="g195" CorrectValue="é"/> la Provence, mais maintenant je veux visit<DragTarget id="g196" CorrectValue="er"/> une autre région française.
          </td>
            </tr>
            <tr>
               <td class=" middle">Si vous aim<DragTarget id="g245" CorrectValue="ez"/> voyag<DragTarget id="g246" CorrectValue="er"/> , all<DragTarget id="g247" CorrectValue="ez"/> dans un pays asiatique.
          </td>
            </tr>
            <tr>
               <td class=" middle">
            Ven<DragTarget id="g350" CorrectValue="ez"/> dîn<DragTarget id="g351" CorrectValue="er"/> à la maison! J’ai prépar<DragTarget id="g352" CorrectValue="é"/> un canard aux olives.
          </td>
            </tr>
            <tr>
               <td class=" middle">
            Nous avons préfér<DragTarget id="g401" CorrectValue="é"/> lou<DragTarget id="g402" CorrectValue="er"/> un appartement à la montagne.
          </td>
            </tr>
            <tr>
               <td class=" middle">
            Si vous ne voul<DragTarget id="g451" CorrectValue="ez"/> pas rest<DragTarget id="g452" CorrectValue="er"/> chez vous ce soir, all<DragTarget id="g453" CorrectValue="ez"/> dans<DragTarget id="g454" CorrectValue="er"/>! Aujourd’hui, c’est le carnaval.
          </td>
            </tr>
            <tr>
               <td class=" middle">
            Vous sav<DragTarget id="g503" CorrectValue="ez"/> jou<DragTarget id="g504" CorrectValue="er"/> aux échecs?
          </td>
            </tr>
         </table>
      </div>
   </Ex>
   <Ex id="hufex1_l08_a06"
       title="«Etre» ou «avoir»?"
       instr="{{Ahtmltitle}}"
       tech_instr="FILLING_IN">
      <p>
         <a target="_blank"
            href="http://www.langmaster.cz/comcz/French1/l08/a/hufex1_l08_a06.htm">/French1/l08/a/hufex1_l08_a06.htm</a>
         <br/>
         <a target="_blank"
            href="http://www.langmaster.cz/comcz/French1/l08/a/home.htm">
                            cvičení 5</a>
      </p>
      <div class="row">
         <div class="col-md-2 ">
            <img src="/schools/eaimgmp3/french1/img/homestudy/lesson08/page132/0742h0089.gif"/>
         </div>
         <div class="col-md-10 ">
            <table class="table table-bordered c-table">
               <tr>
                  <td class=" middle">
              Nous n’<GapFill id="g156" CorrectValue="avons" Width="200"/> pas voulu partir plus tôt.
            </td>
               </tr>
               <tr>
                  <td class=" middle">
              Elle <GapFill id="g205" CorrectValue="est" Width="200"/> morte en 1940.
            </td>
               </tr>
               <tr>
                  <td class=" middle">
              Tu <GapFill id="g254" CorrectValue="as" Width="200"/> déjà mangé des escargots de Bourgogne?
            </td>
               </tr>
               <tr>
                  <td class=" middle">
              J’<GapFill id="g303" CorrectValue="ai" Width="200"/> reçu une lettre un peu triste.
            </td>
               </tr>
               <tr>
                  <td class=" middle">
              Vous <GapFill id="g352" CorrectValue="êtes" Width="200"/> venue seule?
            </td>
               </tr>
               <tr>
                  <td class=" middle">
              Vous n’<GapFill id="g401" CorrectValue="avez" Width="200"/> pas compris le problème.
            </td>
               </tr>
               <tr>
                  <td class=" middle">
              Ils <GapFill id="g450" CorrectValue="ont" Width="200"/> été très malades après leur voyage en Inde.
            </td>
               </tr>
               <tr>
                  <td class=" middle">
              Elles <GapFill id="g499" CorrectValue="sont" Width="200"/> rentrées de vacances la semaine dernière.
            </td>
               </tr>
               <tr>
                  <td class=" middle">
              Il <GapFill id="g548" CorrectValue="a" Width="200"/> vécu très longtemps en Guyane française.
            </td>
               </tr>
            </table>
         </div>
      </div>
   </Ex>
   <Ex id="hufex1_l08_a07"
       title="Formes négatives du passé composé"
       instr="{{Ahtmltitle}}"
       tech_instr="FILLING_IN">
      <p>
         <a target="_blank"
            href="http://www.langmaster.cz/comcz/French1/l08/a/hufex1_l08_a07.htm">/French1/l08/a/hufex1_l08_a07.htm</a>
         <br/>
         <a target="_blank"
            href="http://www.langmaster.cz/comcz/French1/l08/a/home.htm">
                            cvičení 6</a>
      </p>
      <div>
         <img src="/schools/eaimgmp3/french1/img/homestudy/lesson08/page133/1483h0017.jpg"/>
      </div>
      <div>
         <div>
            <table class="table c-table">
               <tr>
                  <td>
                     <b>
                {{Ttrans}}
              </b>
                     <br/>
              Le soir, nous regardons les infos à la télé.<br/>
                     <GapFill id="g284"
                              CorrectValue="Mais hier soir, nous n’avons pas regardé les infos."
                              InitValue="Mais hier soir, nous n’avons pas regardé les infos."
                              Example="true"
                              Width="200"/>
                  </td>
               </tr>
            </table>
         </div>
         <table class="table table-bordered c-table">
            <tr>
               <td class=" middle">
            Le matin, elle prend son petit déjeuner au lit.<br/>
                  <GapFill id="g384"
                           CorrectValue="Mais hier matin, elle n’a pas pris son petit déjeuner au lit."
                           Width="200"/>
               </td>
            </tr>
            <tr>
               <td class=" middle">
            Le vendredi, nous mangeons du poisson.<br/>
                  <GapFill id="g482"
                           CorrectValue="Mais vendredi dernier, nous n’avons pas mangé de poisson.|Mais ce vendredi, nous n’avons pas mangé de poisson.|Mais vendredi passé, nous n’avons pas mangé de poisson."
                           Width="200"/>
               </td>
            </tr>
            <tr>
               <td class=" middle">
            L’après-midi, j’ai le temps de faire les courses.<br/>
                  <GapFill id="g592"
                           CorrectValue="Mais hier après-midi, je n’ai pas eu le temps de faire les courses."
                           Width="200"/>
               </td>
            </tr>
            <tr>
               <td class=" middle">
            Cette année, on passe les vacances en Autriche.<br/>
                  <GapFill id="g690"
                           CorrectValue="Mais l’année dernière, on n’a pas passé les vacances en Autriche.|Mais l’année passé, on n’a pas passé les vacances en Autriche."
                           Width="200"/>
               </td>
            </tr>
            <tr>
               <td class=" middle">
            Le dimanche, mes parents invitent des amis à dîner.<br/>
                  <GapFill id="g795"
                           CorrectValue="Mais dimanche dernier, ils n’ont pas invité d’amis à dîner.|Mais dimanche passé, ils n’ont pas invité d’amis à dîner.|Mais ce dimanche, ils n’ont pas invité d’amis à dîner."
                           Width="200"/>
               </td>
            </tr>
            <tr>
               <td class=" middle">
            Le mercredi, je peux partir du bureau à trois heures.<br/>
                  <GapFill id="g905"
                           CorrectValue="Mais mercredi dernier, je n’ai pas pu partir du bureau à trois heures.|Mais mercredi passé, je n’ai pas pu partir du bureau à trois heures.|Mais ce mercredi, je n’ai pas pu partir du bureau à trois heures."
                           Width="200"/>
               </td>
            </tr>
            <tr>
               <td class=" middle">
            Le soir, mon mari fait un peu de jogging pour se détendre.<br/>
                  <GapFill id="g1015"
                           CorrectValue="Mais hier soir, il n’a pas fait de jogging."
                           Width="200"/>
               </td>
            </tr>
         </table>
      </div>
   </Ex>
   <Ex id="hufex1_l08_a08"
       title="Vous avez compris?"
       instr="{{Ahtmltitle}}"
       tech_instr="SINGLE_CHOICE SOUND_PLAYBACK">
      <p>
         <a target="_blank"
            href="http://www.langmaster.cz/comcz/French1/l08/a/hufex1_l08_a08.htm">/French1/l08/a/hufex1_l08_a08.htm</a>
         <br/>
         <a target="_blank"
            href="http://www.langmaster.cz/comcz/French1/l08/a/home.htm">
                            cvičení 7</a>
      </p>
      <div class="row">
         <div class="col-md-6 ">
            <div>
               <MediaBigMark Url="/schools/eaimgmp3/french1wma/lesson08/hufex1_l08_a07.mp3"
                             Sequence=""/>
            </div>
            <br/>
            <div>
               <img src="/schools/eaimgmp3/french1/img/homestudy/lesson08/page133/1812h0003.jpg"/>
            </div>
         </div>
         <div class="col-md-6 ">
            <table class="table c-table">
               <tr>
                  <td class=" middle">
                     <div class="panel panel-default c-panel" Width="400-800">
                        <div class="panel-heading">a.</div>
                        <div class="panel-body">
                           <SingleChoice id="t120">
                              <Data>
                                 <string>#Je choisis du raisin.</string>
                                 <string>J’ai choisi du raisin.</string>
                              </Data>
                           </SingleChoice>
                        </div>
                     </div>
                  </td>
                  <td class=" middle">
                     <div class="panel panel-default c-panel" Width="400-800">
                        <div class="panel-heading">b.</div>
                        <div class="panel-body">
                           <SingleChoice id="t267">
                              <Data>
                                 <string>Je fais des randonnées.</string>
                                 <string>#J’ai fait des randonnées.</string>
                              </Data>
                           </SingleChoice>
                        </div>
                     </div>
                  </td>
               </tr>
               <tr>
                  <td class=" middle">
                     <div class="panel panel-default c-panel" Width="400-800">
                        <div class="panel-heading">c.</div>
                        <div class="panel-body">
                           <SingleChoice id="t414">
                              <Data>
                                 <string>#Je finis en juin.</string>
                                 <string>J’ai fini en juin.</string>
                              </Data>
                           </SingleChoice>
                        </div>
                     </div>
                  </td>
                  <td class=" middle">
                     <div class="panel panel-default c-panel" Width="400-800">
                        <div class="panel-heading">d.</div>
                        <div class="panel-body">
                           <SingleChoice id="t561">
                              <Data>
                                 <string>J’achète du pain.</string>
                                 <string>#J’ai acheté du pain.</string>
                              </Data>
                           </SingleChoice>
                        </div>
                     </div>
                  </td>
               </tr>
               <tr>
                  <td class=" middle">
                     <div class="panel panel-default c-panel" Width="400-800">
                        <div class="panel-heading">e.</div>
                        <div class="panel-body">
                           <SingleChoice id="t708">
                              <Data>
                                 <string>#Je dis merci.</string>
                                 <string>J’ai dit merci.</string>
                              </Data>
                           </SingleChoice>
                        </div>
                     </div>
                  </td>
                  <td class=" middle">
                     <div class="panel panel-default c-panel" Width="400-800">
                        <div class="panel-heading">f.</div>
                        <div class="panel-body">
                           <SingleChoice id="t855">
                              <Data>
                                 <string>Je préfère la poterie.</string>
                                 <string>#J’ai préféré la poterie.</string>
                              </Data>
                           </SingleChoice>
                        </div>
                     </div>
                  </td>
               </tr>
               <tr>
                  <td class=" middle">
                     <div class="panel panel-default c-panel" Width="400-800">
                        <div class="panel-heading">g.</div>
                        <div class="panel-body">
                           <SingleChoice id="t1002">
                              <Data>
                                 <string>Je voyage en été.</string>
                                 <string>#J’ai voyagé en été.</string>
                              </Data>
                           </SingleChoice>
                        </div>
                     </div>
                  </td>
                  <td class=" middle"/>
               </tr>
            </table>
         </div>
      </div>
   </Ex>
   <Ex id="hufex1_l08_a09"
       title="Le participe passé"
       instr="{{Ahtmltitle}}"
       tech_instr="FILLING_IN">
      <p>
         <a target="_blank"
            href="http://www.langmaster.cz/comcz/French1/l08/a/hufex1_l08_a09.htm">/French1/l08/a/hufex1_l08_a09.htm</a>
         <br/>
         <a target="_blank"
            href="http://www.langmaster.cz/comcz/French1/l08/a/home.htm">
                            cvičení 8</a>
      </p>
      <div class="row">
         <div class="col-md-3 ">
            <img src="/schools/eaimgmp3/french1/img/vocabulary/lesson08/page73/1616h0032.jpg"/>
         </div>
         <div class="col-md-9 ">
            <table class="table table-bordered c-table">
               <tr>
                  <td class="c-table-default middle">l’infinitif</td>
                  <td class="c-table-default middle">le participe passé</td>
               </tr>
               <tr>
                  <td class=" middle">choisir</td>
                  <td class=" middle">choisi</td>
               </tr>
               <tr>
                  <td class=" middle">voir</td>
                  <td class=" middle">
                     <GapFill id="g164" CorrectValue="vu" Width="200"/>
                  </td>
               </tr>
               <tr>
                  <td class=" middle">pouvoir</td>
                  <td class=" middle">
                     <GapFill id="g168" CorrectValue="pu" Width="200"/>
                  </td>
               </tr>
               <tr>
                  <td class=" middle">recevoir</td>
                  <td class=" middle">
                     <GapFill id="g172" CorrectValue="reçu" Width="200"/>
                  </td>
               </tr>
               <tr>
                  <td class=" middle">savoir</td>
                  <td class=" middle">
                     <GapFill id="g176" CorrectValue="su" Width="200"/>
                  </td>
               </tr>
               <tr>
                  <td class=" middle">vivre</td>
                  <td class=" middle">
                     <GapFill id="g180" CorrectValue="vécu" Width="200"/>
                  </td>
               </tr>
               <tr>
                  <td class=" middle">vouloir</td>
                  <td class=" middle">
                     <GapFill id="g184" CorrectValue="voulu" Width="200"/>
                  </td>
               </tr>
               <tr>
                  <td class=" middle">avoir</td>
                  <td class=" middle">
                     <GapFill id="g188" CorrectValue="eu" Width="200"/>
                  </td>
               </tr>
               <tr>
                  <td class=" middle">être</td>
                  <td class=" middle">
                     <GapFill id="g192" CorrectValue="été" Width="200"/>
                  </td>
               </tr>
            </table>
         </div>
      </div>
      <div class="col-md-5">
         <div class="panel panel-info">
            <div class="panel-heading">
               <h3>Participe passé</h3>
            </div>
            <div class="panel-body">
               <table class="table c-table">
                  <tr>
                     <td>
                        <p>
                voir<br/>
                pouvoir<br/>
                recevoir<br/>
                savoir<br/>
                vivre<br/>
                vouloir
              </p>
                     </td>
                     <td>
                        <p>
                v<b>u</b>
                           <br/>
                p<b>u</b>
                           <br/>
                reç<b>u</b>
                           <br/>
                s<b>u</b>
                           <br/>
                véc<b>u</b>
                           <br/>
                voul<b>u</b>
                        </p>
                     </td>
                     <td>
                        <p>
                avoir<br/>
                être<br/>
                faire<br/>
                prendre<br/>
                mettre<br/>
                connaître
              </p>
                     </td>
                     <td>
                        <p>
                           <b>
                  eu<br/>
                  été<br/>
                  fait<br/>
                  pris<br/>
                  mis<br/>
                  connu
                </b>
                        </p>
                     </td>
                  </tr>
               </table>
            </div>
         </div>
      </div>
   </Ex>
</Module>
