﻿<?xml version="1.0" encoding="utf-8"?>
<Page id="hufex2_l01_c04">
  <p>
    <a href="http://www.langmaster.cz/comcz/French2/l01/c/hufex2_l01_c04.htm">/French2/l01/c/hufex2_l01_c04.htm</a>
    <br />
    <a href="http://www.langmaster.cz/comcz/French2/l01/c/home.htm">
                            cvičení 4</a>
  </p>
  <div class="row">
    <div class="col-md-2 ">
      <img src="/schools/eaimgmp3/french2/img/homestudy/lesson01/page112/c044h0001.jpg" />
    </div>
    <div class="col-md-10 ">
      <p>
        <b>Chamrousse, la station à l’état pur</b>
      </p>
      <p>Quand on arrive à Chamrousse, il suffit un seul regard sur la vallée pour vite oublier les 30 km depuis Grenoble, la petite heure de voyage depuis Lyon et même les 3 h 30 de TGV depuis Paris. Pistes vertes, bleues, descentes olympiques, on trouve toujours une piste à son niveau. Vous préférez profiter de l’extraordinaire environnement de la station? Nous avons tracé plus de 55 km de pistes de fond. Sans oublier les autres activités que nous pouvons vous proposer: VTT, parapente, pêche, randonnée à pied, à cheval, escalade et bien d’autres encore. Si vous souhaitez seulement vous reposer à la montagne, les forêts et les lacs d’altitude vous apportent tout le calme que vous désirez. A Chamrousse, on ne s’ennuie jamais. Il se passe toujours quelque chose pendant votre séjour, été comme hiver. Avez-vous entendu parler du festival international du film d’humour? Et de la coupe du monde de snowboard? Nous avons aussi pensé aux familles. A Chamrousse, nous avons conçu la station comme un vrai village: garderie, centre de loisirs pour les enfants à partir de 3 ans, cabinets médicaux, boutiques, cinémas, restaurants, discothèques...Vous trouvez sur place toutes les facilités pour la vie de famille. Elles permettent à chacun de profiter pleinement de son séjour. Alors, pourquoi aller ailleurs?</p>
    </div>
  </div>
  <table class="table table-bordered c-table">
    <tr>
      <td class="c-table-default middle">boutiques</td>
      <td>
        <WordSelection id="ce667" CorrectValue="0" Words="un sportif|une personne âgée|un amateur de cinéma|un enfant de 4 ans|#une mère de famille" />
      </td>
    </tr>
    <tr>
      <td class="c-table-default middle">ski de fond</td>
      <td>
        <WordSelection id="ce367" CorrectValue="0" Words="#un sportif|une personne âgée|un amateur de cinéma|un enfant de 4 ans|une mère de famille" />
      </td>
    </tr>
    <tr>
      <td class="c-table-default middle">calme</td>
      <td>
        <WordSelection id="ce452" CorrectValue="0" Words="un sportif|#une personne âgée|un amateur de cinéma|un enfant de 4 ans|une mère de famille" />
      </td>
    </tr>
    <tr>
      <td class="c-table-default middle">coupe du monde de snowboard</td>
      <td>
        <WordSelection id="ce375" CorrectValue="0" Words="#un sportif|une personne âgée|un amateur de cinéma|un enfant de 4 ans|une mère de famille" />
      </td>
    </tr>
    <tr>
      <td class="c-table-default middle">repos à la montagne</td>
      <td>
        <WordSelection id="ce444" CorrectValue="0" Words="un sportif|#une personne âgée|un amateur de cinéma|un enfant de 4 ans|une mère de famille" />
      </td>
    </tr>
    <tr>
      <td class="c-table-default middle">toutes les facilités pour la vie de famille</td>
      <td>
        <WordSelection id="ce675" CorrectValue="0" Words="un sportif|une personne âgée|un amateur de cinéma|un enfant de 4 ans|#une mère de famille" />
      </td>
    </tr>
    <tr>
      <td class="c-table-default middle">garderie</td>
      <td>
        <WordSelection id="ce659" CorrectValue="0" Words="un sportif|une personne âgée|un amateur de cinéma|un enfant de 4 ans|#une mère de famille" />
      </td>
    </tr>
    <tr>
      <td class="c-table-default middle">ski de piste</td>
      <td>
        <WordSelection id="ce359" CorrectValue="0" Words="#un sportif|une personne âgée|un amateur de cinéma|un enfant de 4 ans|une mère de famille" />
      </td>
    </tr>
    <tr>
      <td class="c-table-default middle">centre de loisirs pour les enfants</td>
      <td>
        <WordSelection id="ce590" CorrectValue="0" Words="un sportif|une personne âgée|un amateur de cinéma|#un enfant de 4 ans|une mère de famille" />
      </td>
    </tr>
    <tr>
      <td class="c-table-default middle">festival international du film d’humour</td>
      <td>
        <WordSelection id="ce521" CorrectValue="0" Words="un sportif|une personne âgée|#un amateur de cinéma|un enfant de 4 ans|une mère de famille" />
      </td>
    </tr>
  </table>
  <info title="Chamrousse" instrTitle="Lisez le document concernant Chamrousse. Est-ce que cette ville peut intéresser les personnes suivantes et pourquoi?" instrs="SORTING_INTO_GROUPS_DRAG_AND_DROP" />
</Page>