﻿<?xml version="1.0" encoding="utf-8"?>
<Module title="Chapitre C">
   <Ex id="hufex2_l01_c01"
       title="Le «e» caduc"
       instr="Ecoutez les phrases et marquez les “e” non prononcés."
       tech_instr="TEXT_SECTION_SELECTING_ONE_OR_MORE_CORRECT_ANSWERS SOUND_PLAYBACK">
      <p>
         <a target="_blank"
            href="http://www.langmaster.cz/comcz/French2/l01/c/hufex2_l01_c01.htm">/French2/l01/c/hufex2_l01_c01.htm</a>
         <br/>
         <a target="_blank"
            href="http://www.langmaster.cz/comcz/French2/l01/c/home.htm">
                            cvičení 1</a>
      </p>
      <div>
         <MediaBigMark Url="/schools/eaimgmp3/french2wma/lesson01/hufex2_l01_c01.mp3"
                       Sequence="0-"/>
      </div>
      <div class="row">
         <div class="col-md-6 ">
            <img src="/schools/eaimgmp3/french2/img/coursebook/lesson01/page13/01_013_1.gif"/>
         </div>
         <div class="col-md-6 ">
            <div>
            On s
            TODO POZOR, více správných hodnot, ruční předělávka ysearch<WordSelection id="o122" Words="#e|e|#e"/>
             mari
             
             sam
             
            di.
          </div>
            <div>
            J
            TODO POZOR, více správných hodnot, ruční předělávka ysearch<WordSelection id="o141" Words="#e|e|#e|e"/>
             m
             
             lève tout d
             
             suit
             
            .
          </div>
            <div>
            Quand 
            TODO POZOR, více správných hodnot, ruční předělávka ysearch<WordSelection id="o155" Words="e|#e|#e"/>
            st-c
             
             qu’on va l
             
             voir?
          </div>
            <div>
            On s
            TODO POZOR, více správných hodnot, ruční předělávka ysearch<WordSelection id="o168" Words="#e|#e"/>
             voit d
             
            main?
          </div>
            <div>
            J
            TODO POZOR, více správných hodnot, ruční předělávka ysearch<WordSelection id="o180" Words="#e|#e|e"/>
             n’ai pas l
             
             t
             
            mps.
          </div>
            <div>
            J
            TODO POZOR, více správných hodnot, ruční předělávka ysearch<WordSelection id="o193" Words="#e|e|#e|e"/>
             f
             
            rme la f
             
            nêtr
             
            ?
          </div>
            <div>
            On n
            <WordSelection id="o207" Words="#e|e"/>
             s
             
             téléphone plus.
          </div>
            <div>
            Tu n
            TODO POZOR, více správných hodnot, ruční předělávka ysearch<WordSelection id="o219" Words="#e|#e|e"/>
             veux pas v
             
            nir m
             
            rcredi?
          </div>
            <div>
            Qu’
            TODO POZOR, více správných hodnot, ruční předělávka ysearch<WordSelection id="o232" Words="e|#e|#e|e"/>
            st-c
             
             que j
             
             pr
             
            nds?
          </div>
         </div>
      </div>
   </Ex>
   <Ex id="hufex2_l01_c02"
       title="Divertissement"
       instr="Le poème nous aide à nous entraîner. Ecoutez et répétez."
       tech_instr="SOUND_PLAYBACK">
      <p>
         <a target="_blank"
            href="http://www.langmaster.cz/comcz/French2/l01/c/hufex2_l01_c02.htm">/French2/l01/c/hufex2_l01_c02.htm</a>
         <br/>
         <a target="_blank"
            href="http://www.langmaster.cz/comcz/French2/l01/c/home.htm">
                            cvičení 2</a>
      </p>
      <div class="row">
         <div class="col-md-3 ">
            <img src="/schools/eaimgmp3/french2/img/coursebook/lesson01/page13/01_013_hochzeilt.gif"/>
         </div>
         <div class="col-md-1 ">
            <MediaBigMark Url="/schools/eaimgmp3/french2wma/lesson01/hufex2_l01_c02.mp3"
                          Sequence=""/>
         </div>
         <div class="col-md-8 ">
          Tu t’souviens d’Julie
        <br/>
        La p’tite sœur d’Marie?
        <br/>
          On s’marie sam’di
        <br/>
        A la mairie d’Paris
        <br/>
          Tu peux v’nir aussi
        <br/>
        Si ça t’dit.
        <br/>
          J’viens t’chercher à Roissy
        <br/>
        A midi et d’mie
        <br/>
          Denis
        <br/>
         </div>
      </div>
   </Ex>
   <Ex id="hufex2_l01_c03"
       title="“E” prononcé et “e” non prononcé"
       instr="Ecoutez les mots et classez-les."
       tech_instr="SORTING_INTO_GROUPS_WRITING SOUND_PLAYBACK">
      <p>
         <a target="_blank"
            href="http://www.langmaster.cz/comcz/French2/l01/c/hufex2_l01_c03.htm">/French2/l01/c/hufex2_l01_c03.htm</a>
         <br/>
         <a target="_blank"
            href="http://www.langmaster.cz/comcz/French2/l01/c/home.htm">
                            cvičení 3</a>
      </p>
      <table class="table table-bordered c-table">
         <tr>
            <td class="c-table-default middle">côtelette</td>
            <td>
               <WordSelection id="ce315" Words="«e» prononcé|#«e» non prononcé"/>
            </td>
         </tr>
         <tr>
            <td class="c-table-default middle">partenaire</td>
            <td>
               <WordSelection id="ce230" Words="#«e» prononcé|«e» non prononcé"/>
            </td>
         </tr>
         <tr>
            <td class="c-table-default middle">promenade</td>
            <td>
               <WordSelection id="ce339" Words="«e» prononcé|#«e» non prononcé"/>
            </td>
         </tr>
         <tr>
            <td class="c-table-default middle">entreprise</td>
            <td>
               <WordSelection id="ce238" Words="#«e» prononcé|«e» non prononcé"/>
            </td>
         </tr>
         <tr>
            <td class="c-table-default middle">vendredi</td>
            <td>
               <WordSelection id="ce246" Words="#«e» prononcé|«e» non prononcé"/>
            </td>
         </tr>
         <tr>
            <td class="c-table-default middle">marguerite</td>
            <td>
               <WordSelection id="ce206" Words="#«e» prononcé|«e» non prononcé"/>
            </td>
         </tr>
         <tr>
            <td class="c-table-default middle">acheter</td>
            <td>
               <WordSelection id="ce355" Words="«e» prononcé|#«e» non prononcé"/>
            </td>
         </tr>
         <tr>
            <td class="c-table-default middle">allemand</td>
            <td>
               <WordSelection id="ce347" Words="«e» prononcé|#«e» non prononcé"/>
            </td>
         </tr>
         <tr>
            <td class="c-table-default middle">s’appeler</td>
            <td>
               <WordSelection id="ce331" Words="«e» prononcé|#«e» non prononcé"/>
            </td>
         </tr>
         <tr>
            <td class="c-table-default middle">Bretagne</td>
            <td>
               <WordSelection id="ce222" Words="#«e» prononcé|«e» non prononcé"/>
            </td>
         </tr>
         <tr>
            <td class="c-table-default middle">premier</td>
            <td>
               <WordSelection id="ce214" Words="#«e» prononcé|«e» non prononcé"/>
            </td>
         </tr>
         <tr>
            <td class="c-table-default middle">samedi</td>
            <td>
               <WordSelection id="ce323" Words="«e» prononcé|#«e» non prononcé"/>
            </td>
         </tr>
      </table>
      <img src="/schools/eaimgmp3/french2/img/homestudy/lesson01/page112/100_baum.gif"/>
   </Ex>
   <Ex id="hufex2_l01_c04"
       title="Chamrousse"
       instr="Lisez le document concernant Chamrousse. Est-ce que cette ville peut intéresser les personnes suivantes et pourquoi?"
       tech_instr="SORTING_INTO_GROUPS_DRAG_AND_DROP">
      <p>
         <a target="_blank"
            href="http://www.langmaster.cz/comcz/French2/l01/c/hufex2_l01_c04.htm">/French2/l01/c/hufex2_l01_c04.htm</a>
         <br/>
         <a target="_blank"
            href="http://www.langmaster.cz/comcz/French2/l01/c/home.htm">
                            cvičení 4</a>
      </p>
      <div class="row">
         <div class="col-md-2 ">
            <img src="/schools/eaimgmp3/french2/img/homestudy/lesson01/page112/c044h0001.jpg"/>
         </div>
         <div class="col-md-10 ">
            <p>
               <b>Chamrousse, la station à l’état pur</b>
            </p>
            <p>Quand on arrive à Chamrousse, il suffit un seul regard sur la vallée pour vite oublier les 30 km depuis Grenoble, la petite heure de voyage depuis Lyon et même les 3 h 30 de TGV depuis Paris. Pistes vertes, bleues, descentes olympiques, on trouve toujours une piste à son niveau. Vous préférez profiter de l’extraordinaire environnement de la station? Nous avons tracé plus de 55 km de pistes de fond. Sans oublier les autres activités que nous pouvons vous proposer: VTT, parapente, pêche, randonnée à pied, à cheval, escalade et bien d’autres encore. Si vous souhaitez seulement vous reposer à la montagne, les forêts et les lacs d’altitude vous apportent tout le calme que vous désirez. A Chamrousse, on ne s’ennuie jamais. Il se passe toujours quelque chose pendant votre séjour, été comme hiver. Avez-vous entendu parler du festival international du film d’humour? Et de la coupe du monde de snowboard? Nous avons aussi pensé aux familles. A Chamrousse, nous avons conçu la station comme un vrai village: garderie, centre de loisirs pour les enfants à partir de 3 ans, cabinets médicaux, boutiques, cinémas, restaurants, discothèques...Vous trouvez sur place toutes les facilités pour la vie de famille. Elles permettent à chacun de profiter pleinement de son séjour. Alors, pourquoi aller ailleurs?</p>
         </div>
      </div>
      <table class="table table-bordered c-table">
         <tr>
            <td class="c-table-default middle">festival international du film d’humour</td>
            <td>
               <WordSelection id="ce521"
                              Words="un sportif|une personne âgée|#un amateur de cinéma|un enfant de 4 ans|une mère de famille"/>
            </td>
         </tr>
         <tr>
            <td class="c-table-default middle">calme</td>
            <td>
               <WordSelection id="ce452"
                              Words="un sportif|#une personne âgée|un amateur de cinéma|un enfant de 4 ans|une mère de famille"/>
            </td>
         </tr>
         <tr>
            <td class="c-table-default middle">repos à la montagne</td>
            <td>
               <WordSelection id="ce444"
                              Words="un sportif|#une personne âgée|un amateur de cinéma|un enfant de 4 ans|une mère de famille"/>
            </td>
         </tr>
         <tr>
            <td class="c-table-default middle">toutes les facilités pour la vie de famille</td>
            <td>
               <WordSelection id="ce675"
                              Words="un sportif|une personne âgée|un amateur de cinéma|un enfant de 4 ans|#une mère de famille"/>
            </td>
         </tr>
         <tr>
            <td class="c-table-default middle">centre de loisirs pour les enfants</td>
            <td>
               <WordSelection id="ce590"
                              Words="un sportif|une personne âgée|un amateur de cinéma|#un enfant de 4 ans|une mère de famille"/>
            </td>
         </tr>
         <tr>
            <td class="c-table-default middle">coupe du monde de snowboard</td>
            <td>
               <WordSelection id="ce375"
                              Words="#un sportif|une personne âgée|un amateur de cinéma|un enfant de 4 ans|une mère de famille"/>
            </td>
         </tr>
         <tr>
            <td class="c-table-default middle">ski de fond</td>
            <td>
               <WordSelection id="ce367"
                              Words="#un sportif|une personne âgée|un amateur de cinéma|un enfant de 4 ans|une mère de famille"/>
            </td>
         </tr>
         <tr>
            <td class="c-table-default middle">garderie</td>
            <td>
               <WordSelection id="ce659"
                              Words="un sportif|une personne âgée|un amateur de cinéma|un enfant de 4 ans|#une mère de famille"/>
            </td>
         </tr>
         <tr>
            <td class="c-table-default middle">ski de piste</td>
            <td>
               <WordSelection id="ce359"
                              Words="#un sportif|une personne âgée|un amateur de cinéma|un enfant de 4 ans|une mère de famille"/>
            </td>
         </tr>
         <tr>
            <td class="c-table-default middle">boutiques</td>
            <td>
               <WordSelection id="ce667"
                              Words="un sportif|une personne âgée|un amateur de cinéma|un enfant de 4 ans|#une mère de famille"/>
            </td>
         </tr>
      </table>
   </Ex>
   <Ex id="hufex2_l01_c05"
       title="La lettre"
       instr="Lisez la lettre de Florence et retrouvez les substantifs qui correspondent aux verbes suivants."
       tech_instr="FILLING_IN">
      <p>
         <a target="_blank"
            href="http://www.langmaster.cz/comcz/French2/l01/c/hufex2_l01_c05.htm">/French2/l01/c/hufex2_l01_c05.htm</a>
         <br/>
         <a target="_blank"
            href="http://www.langmaster.cz/comcz/French2/l01/c/home.htm">
                            cvičení 5</a>
      </p>
      <div>
         <i>
            <p>Chère Anne,</p>
        Je suis désolée de ne pas avoir donné de mes nouvelles depuis notre rencontre à Grenoble le mois dernier. Denis et moi avons mille choses à faire avant notre mariage. Tout d’abord, il faut penser à notre installation dans notre nouvel appartement. Quel travail!
        <br/>
        Heureusement, mon frère a proposé de nous aider. En ce moment, il repeint l’appartement. C’est une excellente occupation pour lui. De plus, Denis a des ennuis au travail. Il n’est pas très détendu en ce moment… Après le déménagement, je pense qu’un week-end de repos total à la campagne va nous faire le plus grand bien: promenades, détente avant le grand jour! Nous avons pris une décision géniale! On vient te voir, cette fois-ci, c’est sûr!
        <br/>
            <p>A bientôt, j’espère</p>
        Amitiés
        <br/>
        Florence
        <br/>
         </i>
      </div>
      <div class="row">
         <div class="col-md-2 ">
            <img src="/schools/eaimgmp3/french2/img/coursebook/lesson01/page12/1589h0119.gif"/>
         </div>
         <div class="col-md-10 ">
            <table class="table table-bordered c-table">
               <tr>
                  <td class="c-table-default middle">verbe</td>
                  <td class="c-table-default middle">substantif</td>
               </tr>
               <tr>
                  <td class=" middle">se décider</td>
                  <td class=" middle">
              la <GapFill id="g284" CorrectValue="décision" Width="200"/>
                  </td>
               </tr>
               <tr>
                  <td class=" middle">s’ennuyer</td>
                  <td class=" middle">
              l’<GapFill id="g288" CorrectValue="ennui" Width="200"/>
                  </td>
               </tr>
               <tr>
                  <td class=" middle">s’installer</td>
                  <td class=" middle">
              l’<GapFill id="g292" CorrectValue="installation" Width="200"/>
                  </td>
               </tr>
               <tr>
                  <td class=" middle">se rencontrer</td>
                  <td class=" middle">
              la <GapFill id="g296" CorrectValue="rencontre" Width="200"/>
                  </td>
               </tr>
               <tr>
                  <td class=" middle">s’occuper</td>
                  <td class=" middle">
              l’<GapFill id="g300" CorrectValue="occupation" Width="200"/>
                  </td>
               </tr>
               <tr>
                  <td class=" middle">se marier</td>
                  <td class=" middle">
              le <GapFill id="g304" CorrectValue="mariage" Width="200"/>
                  </td>
               </tr>
               <tr>
                  <td class=" middle">se reposer</td>
                  <td class=" middle">
              le <GapFill id="g308" CorrectValue="repos" Width="200"/>
                  </td>
               </tr>
               <tr>
                  <td class=" middle">se détendre</td>
                  <td class=" middle">
              la <GapFill id="g312" CorrectValue="détente" Width="200"/>
                  </td>
               </tr>
               <tr>
                  <td class=" middle">se promener</td>
                  <td class=" middle">
              la <GapFill id="g316" CorrectValue="promenade" Width="200"/>
                  </td>
               </tr>
            </table>
         </div>
      </div>
   </Ex>
   <Ex id="hufex2_l01_c06"
       title="Civilisation: Vivre ailleurs"
       instr="Vrai ou faux? Lisez le texte et marquez les phrases qui correspondent au texte."
       tech_instr="MULTIPLE_CHOICE_TWO_STATES">
      <p>
         <a target="_blank"
            href="http://www.langmaster.cz/comcz/French2/l01/c/hufex2_l01_c06.htm">/French2/l01/c/hufex2_l01_c06.htm</a>
         <br/>
         <a target="_blank"
            href="http://www.langmaster.cz/comcz/French2/l01/c/home.htm">
                            cvičení 6</a>
      </p>
      <div class="row">
         <div class="col-md-2 ">
            <img src="/schools/eaimgmp3/french2/img/coursebook/lesson01/page12/1829h0014.jpg"/>
         </div>
         <div class="col-md-10 ">
            <p>Comme vous venez de le voir dans le dialogue de cette leçon, Florence va se marier et quitter Lyon pour s’installer à Grenoble avec son mari. Grenoble, ce n’est pas le bout du monde quand on vient de Lyon. Mais de nombreux Français n’hésitent pas, eux, à quitter la France pour aller vivre ailleurs: 1 714 000 Français, c’est-à-dire 2,5 % de la population totale de notre pays, ont choisi de s’installer à l’étranger. Si l’on compare avec d’autres pays, on constate que la France est loin d’être un pays d’émigration massive. 7 % d’Allemands, 10 % d’Italiens et 12 % de Suisses ont quitté leur patrie pour aller vivre à l’étranger. Quel est le profil de ces candidats au départ? Ils sont jeunes (78 % ont entre 18 et 35 ans), ce sont surtout des hommes (pour les deux tiers) demandeurs d’emploi (42 %) ou de jeunes diplômés à la recherche d’un premier job (16 %).</p>
         </div>
      </div>
      <div>
         <div>
            <CheckItem id="o158" TextId="TrueFalse" CorrectValue="true"/>Les Français de l’étranger représentent 2,5 % de la population française.</div>
         <div>
            <CheckItem id="o165" TextId="TrueFalse" CorrectValue="false"/>La France est un pays d’émigration massive.</div>
         <div>
            <CheckItem id="o172" TextId="TrueFalse" CorrectValue="true"/>Les Français de l’étranger sont plutôt jeunes.</div>
         <div>
            <CheckItem id="o179" TextId="TrueFalse" CorrectValue="false"/>Ce sont surtout des femmes demandeurs d’emploi qui quittent la France.</div>
      </div>
   </Ex>
   <Ex id="hufex2_l01_c07"
       title="Quelques témoignages"
       instr="Ecoutez les interviews de René, Philippe et Micheline, trois Français qui vivent à l’étranger, et complétez leur fiche."
       tech_instr="FILLING_IN SOUND_PLAYBACK">
      <p>
         <a target="_blank"
            href="http://www.langmaster.cz/comcz/French2/l01/c/hufex2_l01_c07.htm">/French2/l01/c/hufex2_l01_c07.htm</a>
         <br/>
         <a target="_blank"
            href="http://www.langmaster.cz/comcz/French2/l01/c/home.htm">
                            cvičení 7</a>
      </p>
      <div>
         <MediaBigMark Url="/schools/eaimgmp3/french2wma/lesson01/hufex2_l01_c07.mp3"
                       Sequence=""/>
      </div>
      <div class="row">
         <div class="col-md-2 ">
            <img src="/schools/eaimgmp3/french2/img/coursebook/lesson01/page14/1495h0050.jpg"/>
         </div>
         <div class="col-md-10 ">
            <table class="table table-bordered c-table">
               <tr>
                  <td class="c-table-default middle">nom:</td>
                  <td class="c-table-default middle">Lavie</td>
               </tr>
               <tr>
                  <td class=" middle">prénom:</td>
                  <td class=" middle">René</td>
               </tr>
               <tr>
                  <td class=" middle">originaire de:</td>
                  <td class=" middle">
                     <GapFill id="g436" CorrectValue="Paris" Width="200"/>
                  </td>
               </tr>
               <tr>
                  <td class=" middle">pays et ville de résidence:</td>
                  <td class=" middle">
                     <GapFill id="g441" CorrectValue="Chine|Hongkong" Width="200"/>,<br/>
                     <GapFill id="g442" CorrectValue="Chine|Hongkong" Width="200"/>
                  </td>
               </tr>
               <tr>
                  <td class=" middle">profession:</td>
                  <td class=" middle">
                     <GapFill id="g449"
                              CorrectValue="a un poste a responsabilités chez Alcatel"
                              Width="200"/>
                  </td>
               </tr>
            </table>
         </div>
      </div>
      <div class="row">
         <div class="col-md-2 ">
            <img src="/schools/eaimgmp3/french2/img/coursebook/lesson01/page14/0911h0015.jpg"/>
         </div>
         <div class="col-md-10 ">
            <table class="table table-bordered c-table">
               <tr>
                  <td class="c-table-default middle">nom:</td>
                  <td class="c-table-default middle">Bonnard</td>
               </tr>
               <tr>
                  <td class=" middle">prénom:</td>
                  <td class=" middle">Phillippe</td>
               </tr>
               <tr>
                  <td class=" middle">originaire de:</td>
                  <td class=" middle">
                     <GapFill id="g234" CorrectValue="Montpellier" Width="200"/>
                  </td>
               </tr>
               <tr>
                  <td class=" middle">pays et ville de résidence:</td>
                  <td class=" middle">
                     <GapFill id="g239" CorrectValue="Sénégal|Dakar" Width="200"/>,<br/>
                     <GapFill id="g240" CorrectValue="Sénégal|Dakar" Width="200"/>
                  </td>
               </tr>
               <tr>
                  <td class=" middle">profession:</td>
                  <td class=" middle">
                     <GapFill id="g247" CorrectValue="acteur" Width="200"/>
                  </td>
               </tr>
            </table>
         </div>
      </div>
      <div class="row">
         <div class="col-md-2 ">
            <img src="/schools/eaimgmp3/french2/img/coursebook/lesson01/page14/1513h0029.jpg"/>
         </div>
         <div class="col-md-10 ">
            <table class="table table-bordered c-table">
               <tr>
                  <td class="c-table-default middle">nom:</td>
                  <td class="c-table-default middle">Mallet</td>
               </tr>
               <tr>
                  <td class=" middle">prénom:</td>
                  <td class=" middle">Micheline</td>
               </tr>
               <tr>
                  <td class=" middle">originaire de:</td>
                  <td class=" middle">
                     <GapFill id="g591" CorrectValue="Nice" Width="200"/>
                  </td>
               </tr>
               <tr>
                  <td class=" middle">pays et ville de résidence:</td>
                  <td class=" middle">
                     <GapFill id="g596" CorrectValue="Etats-Unis|New York" Width="200"/>,<br/>
                     <GapFill id="g597" CorrectValue="Etats-Unis|New York" Width="200"/>
                  </td>
               </tr>
               <tr>
                  <td class=" middle">profession:</td>
                  <td class=" middle">
                     <GapFill id="g604"
                              CorrectValue="présidente de l’agence de mannequins Elite"
                              Width="200"/>
                  </td>
               </tr>
            </table>
         </div>
      </div>
   </Ex>
</Module>
