﻿<?xml version="1.0" encoding="utf-8"?>
<Page id="hufex2_l07_d05">
  <p>
    <a href="http://www.langmaster.cz/comcz/French2/l07/d/hufex2_l07_d05.htm">/French2/l07/d/hufex2_l07_d05.htm</a>
    <br />
    <a href="http://www.langmaster.cz/comcz/French2/l07/d/home.htm">
                            cvičení 5</a>
  </p>
  <DragSource />
  <div>
    <img src="/schools/eaimgmp3/french2/img/coursebook/lesson07/page70/0075h0089.gif" />
  </div>
  <table class="table table-bordered c-table">
    <tr>
      <td>
        Il a des poils longs ou courts et il mord parfois. C’est un <DragTarget id="g243" Width="200" CorrectValue="chien" />.
      </td>
    </tr>
    <tr>
      <td>
        Elle adore la salade et elle avance lentement. C’est une <DragTarget id="g292" Width="200" CorrectValue="tortue" />.
      </td>
    </tr>
    <tr>
      <td>
        Il a des plumes et il sait parfois parler. C’est un <DragTarget id="g341" Width="200" CorrectValue="perroquet" />.
      </td>
    </tr>
    <tr>
      <td>
        Il est petit et jaune et il chante très bien. C’est un <DragTarget id="g390" Width="200" CorrectValue="canari" />.
      </td>
    </tr>
    <tr>
      <td>
        Vous aimez les œufs? Alors, vous l’aimez aussi. C’est une <DragTarget id="g439" Width="200" CorrectValue="poule" />.
      </td>
    </tr>
    <tr>
      <td>
        Il n’a ni plumes ni poils et il est heureux dans l’eau. C’est un <DragTarget id="g488" Width="200" CorrectValue="poisson" />.
      </td>
    </tr>
    <tr>
      <td>
        Il n’aime pas le froid, mais il adore les souris. C’est un <DragTarget id="g537" Width="200" CorrectValue="chat" />.
      </td>
    </tr>
    <tr>
      <td>
        Il n’a pas souvent soif. C’est un <DragTarget id="g586" Width="200" CorrectValue="chameau" />.
      </td>
    </tr>
  </table>
  <info title="Devinettes" instrTitle="De quel animal s’agit-il?" instrs="FILLING_IN_FROM_A_LIST" />
</Page>