﻿<?xml version="1.0" encoding="utf-8"?>
<Page id="hufex2_l07_d07">
  <p>
    <a href="http://www.langmaster.cz/comcz/French2/l07/d/hufex2_l07_d07.htm">/French2/l07/d/hufex2_l07_d07.htm</a>
    <br />
    <a href="http://www.langmaster.cz/comcz/French2/l07/d/home.htm">
                            cvičení 7</a>
  </p>
  <div class="row">
    <div class="col-md-3 ">
      <img src="/schools/eaimgmp3/french2/img/coursebook/lesson07/page70/dscn0124.jpg" />
    </div>
    <div class="col-md-9 ">
      <div>
        <table class="table c-table">
          <tr>
            <td>
              <b>{{Ttrans}}
                </b>
              <br />
                Dans amie, il y a <GapFill id="g199" CorrectValue="aime" InitValue="aime" />.
              </td>
          </tr>
        </table>
      </div>
      <table>
        <tr>
          <td class=" middle" />
          <td class=" middle">
              Dans poli, il y a <GapFill id="g251" Width="200" CorrectValue="poil" InitValue="" />.
            </td>
        </tr>
        <tr>
          <td class=" middle" />
          <td class=" middle">
              Dans mai, il y a <GapFill id="g300" Width="200" CorrectValue="ami" InitValue="" />.
            </td>
        </tr>
        <tr>
          <td class=" middle" />
          <td class=" middle">
              Dans trop, il y a <GapFill id="g349" Width="200" CorrectValue="port" InitValue="" />.
            </td>
        </tr>
        <tr>
          <td class=" middle" />
          <td class=" middle">
              Dans merci, il y a <GapFill id="g398" Width="200" CorrectValue="crime" InitValue="" />.
            </td>
        </tr>
        <tr>
          <td class=" middle" />
          <td class=" middle">
              Dans image, il y a <GapFill id="g447" Width="200" CorrectValue="magie" InitValue="" />.
            </td>
        </tr>
        <tr>
          <td class=" middle" />
          <td class=" middle">
              Dans voile, il y a <GapFill id="g496" Width="200" CorrectValue="olive" InitValue="" />.
            </td>
        </tr>
        <tr>
          <td class=" middle" />
          <td class=" middle">
              Dans marche, il y a <GapFill id="g545" Width="200" CorrectValue="charme" InitValue="" />.
            </td>
        </tr>
        <tr>
          <td class=" middle" />
          <td class=" middle">
              Dans fois, il y a <GapFill id="g594" Width="200" CorrectValue="soif" InitValue="" />.
            </td>
        </tr>
      </table>
    </div>
  </div>
  <info title="Dans «niche» se cache le mot «chien»" instrTitle="Cherchez le mot qui se cache dans un autre." instrs="FILLING_IN" />
</Page>