﻿<?xml version="1.0" encoding="utf-8"?>
<Module title="Chapitre D">
   <Ex id="hufex2_l07_d01"
       title="L’animal"
       instr="Ecoutez et retrouvez le nom de l’animal duquel on parle."
       tech_instr="FILLING_IN SOUND_PLAYBACK">
      <p>
         <a target="_blank"
            href="http://www.langmaster.cz/comcz/French2/l07/d/hufex2_l07_d01.htm">/French2/l07/d/hufex2_l07_d01.htm</a>
         <br/>
         <a target="_blank"
            href="http://www.langmaster.cz/comcz/French2/l07/d/home.htm">
                            cvičení 1</a>
      </p>
      <div>
         <img src="/schools/eaimgmp3/french2/img/coursebook/lesson07/page70/70_1.jpg"/>
      </div>
      <div class="row">
         <div class="col-md-1 ">
            <MediaBigMark Url="/schools/eaimgmp3/french2wma/lesson07/hufex2_l07_d01.mp3"
                          Sequence=""/>
         </div>
         <div class="col-md-11 ">
            <table class="table table-bordered c-table">
               <tr>
                  <td>
            Le nom de cet animal est la <GapFill id="g257" CorrectValue="baleine" Width="200"/>.
          </td>
               </tr>
            </table>
         </div>
      </div>
   </Ex>
   <Ex id="hufex2_l07_d02"
       title="La bonne réponse"
       instr="Cochez la (ou les) réponse(s) exacte(s)."
       tech_instr="MULTIPLE_CHOICE_TWO_STATES SOUND_PLAYBACK">
      <p>
         <a target="_blank"
            href="http://www.langmaster.cz/comcz/French2/l07/d/hufex2_l07_d02.htm">/French2/l07/d/hufex2_l07_d02.htm</a>
         <br/>
         <a target="_blank"
            href="http://www.langmaster.cz/comcz/French2/l07/d/home.htm">
                            cvičení 2</a>
      </p>
      <div>
         <img src="/schools/eaimgmp3/french2/img/coursebook/lesson07/page70/70_1.jpg"/>
      </div>
      <div class="row">
         <div class="col-md-1 ">
            <MediaBigMark Url="/schools/eaimgmp3/french2wma/lesson07/hufex2_l07_d01.mp3"
                          Sequence=""/>
         </div>
         <div class="col-md-4 ">
            <ListGroup Width="400-800" IsStriped="false">
               <CheckItem id="o304" TextId="TrueFalse" CorrectValue="false">dans l’estuaire de la Seine.</CheckItem>
               <CheckItem id="o347" TextId="TrueFalse" CorrectValue="false">dans l’estuaire de la Garonne.</CheckItem>
               <CheckItem id="o390" TextId="TrueFalse" CorrectValue="true">dans l’estuaire du Saint-Laurent.</CheckItem>
            </ListGroup>
            <ListGroup Width="400-800" IsStriped="false">
               <CheckItem id="o684" TextId="TrueFalse" CorrectValue="true">Le Canada</CheckItem>
               <CheckItem id="o727" TextId="TrueFalse" CorrectValue="false">Le Japon</CheckItem>
               <CheckItem id="o770" TextId="TrueFalse" CorrectValue="false">La Norvège</CheckItem>
            </ListGroup>
            <ListGroup Width="400-800" IsStriped="false">
               <CheckItem id="o1064" TextId="TrueFalse" CorrectValue="false">soutenir financièrement la recherche sur les baleines.</CheckItem>
               <CheckItem id="o1107" TextId="TrueFalse" CorrectValue="false">donner un nom à une baleine.</CheckItem>
               <CheckItem id="o1150" TextId="TrueFalse" CorrectValue="true">aider à protéger les baleines.</CheckItem>
            </ListGroup>
         </div>
         <div class="col-md-4 ">
            <ListGroup Width="400-800" IsStriped="false">
               <CheckItem id="o494" TextId="TrueFalse" CorrectValue="false">de juin à septembre.</CheckItem>
               <CheckItem id="o537" TextId="TrueFalse" CorrectValue="true">de juin à octobre.</CheckItem>
               <CheckItem id="o580" TextId="TrueFalse" CorrectValue="false">de mai à octobre.</CheckItem>
            </ListGroup>
            <ListGroup Width="400-800" IsStriped="false">
               <CheckItem id="o874" TextId="TrueFalse" CorrectValue="false">pendant qu’elles plongent.</CheckItem>
               <CheckItem id="o917" TextId="TrueFalse" CorrectValue="true">pendant qu’elles mangent.</CheckItem>
               <CheckItem id="o960" TextId="TrueFalse" CorrectValue="true">pendant qu’elles se reposent.</CheckItem>
            </ListGroup>
            <ListGroup Width="400-800" IsStriped="false">
               <CheckItem id="o1254" TextId="TrueFalse" CorrectValue="true">la photo de «sa» baleine.</CheckItem>
               <CheckItem id="o1297" TextId="TrueFalse" CorrectValue="false">l’enregistrement de son cri.</CheckItem>
               <CheckItem id="o1340" TextId="TrueFalse" CorrectValue="true">le bulletin d’information «Le Souffleur».</CheckItem>
            </ListGroup>
         </div>
      </div>
   </Ex>
   <Ex id="hufex2_l07_d03"
       title="Stage de français à Montpellier"
       instr="Vous avez lu cette annonce et vous êtes intéressé par un stage intensif. Vous voulez écrire pour demander des informations supplémentaires. Choisissez les bonnes phrases et la lettre est écrite pour vous!"
       tech_instr="TEXT_SECTION_SELECTING_ONE_OR_MORE_CORRECT_ANSWERS">
      <p>
         <a target="_blank"
            href="http://www.langmaster.cz/comcz/French2/l07/d/hufex2_l07_d03.htm">/French2/l07/d/hufex2_l07_d03.htm</a>
         <br/>
         <a target="_blank"
            href="http://www.langmaster.cz/comcz/French2/l07/d/home.htm">
                            cvičení 3</a>
      </p>
      <div>
         <img src="/schools/eaimgmp3/french2/img/homestudy/lesson07/page152/stages.jpg"/>
      </div>
      <div>
         <WordSelection id="o164" Words="Cher collègue,|#Monsieur,"/> 
        <br/>TODO POZOR, více správných hodnot, ruční předělávka ysearch<WordSelection id="o174"
                        Words="Je suis très intéressé par ce poste et vous prie de trouver ci-joint mon CV.|Je voudrais prendre rendez-vous pour un entretien d’embauche.|Comme je suis heureux d’avoir enfin de vos nouvelles!|#Suite à la lecture de votre annonce,|#je me permets de vous demander des informations supplémentaires.|J’espère que mon dossier est complet.|#Pourriez-vous m’indiquer les possibilités d’hébergement?|#Est-ce que les participants logent à l’hôtel ou dans une famille?|Merci d’envoyer votre candidature à l’adresse suivante.|#J’aimerais également connaître les prix du stage.|#Je vous serais reconnaissant de bien vouloir m’envoyer une brochure.|#Merci d’avance pour tous ces renseignements.|Réponds-moi vite!|#Veuillez agréer, Monsieur, l’expression de mes sentiments distingués.|Grosses bises. A Bientôt."/>
         <br/>
         <br/>
         <br/>
         <br/>
         <br/>
         <br/>
         <br/>
         <br/>
         <br/>
         <br/>
         <br/>
         <br/>
         <br/>
         <br/>
      </div>
   </Ex>
   <Ex id="hufex2_l07_d04"
       title="Les Français et la vie sans télévision"
       instr="Lisez le texte et trouvez dans le texte des expressions qui ont le même sens."
       tech_instr="FILLING_IN">
      <p>
         <a target="_blank"
            href="http://www.langmaster.cz/comcz/French2/l07/d/hufex2_l07_d04.htm">/French2/l07/d/hufex2_l07_d04.htm</a>
         <br/>
         <a target="_blank"
            href="http://www.langmaster.cz/comcz/French2/l07/d/home.htm">
                            cvičení 4</a>
      </p>
      <div class="row">
         <div class="col-md-4 ">
            <img src="/schools/eaimgmp3/french2/img/homestudy/lesson07/page153/23pr.jpg"/>
         </div>
         <div class="col-md-8 ">
        A la question «Pourriez-vous vous passer de télé?», 56 % des personnes interrogées estiment qu’il faudrait supprimer la télé un soir par semaine. Et vivre sans elle? 8 % sont prêts à s’en passer au moins pendant un an et 32 % tout le temps...<br/>
        A la question «Si votre télévision tombait en panne, que feriez-vous?», 35 % se dépêcheraient de la faire réparer tout de suite, 37 % appelleraient le dépanneur dans les deux jours et 3 % seulement tenteraient de renoncer définitivement à leur poste... Plus étonnantes les réponses à la question «Si vous étiez contraint de rester seul dans une pièce sans pouvoir en sortir, qu’emporteriez-vous en priorité?». D’abord des livres, puis un poste de télé, de radio ou un lecteur CD et des disques. A chacun son divertissement. Les jeunes consacreraient beaucoup de temps à l’ordinateur et aux CD, alors que les seniors continueraient à donner la priorité à la télé. Les comportements individuels des sondés sont d’abord affaire de génération et de références culturelles. Les téléphones, qui refusent la télé, auraient un meilleur bagage culturel et de meilleurs revenus que les personnes qui trouvent du plaisir à la regarder. Si vous enfermez dans une pièce un cadre supérieur qui gagne plus de 20 000 F par mois, il va s’occuper de préférence avec un livre; enfermez une personne sans diplôme et aux revenus modestes, elle va choisir d’abord la compagnie de la télé...<br/>
            <div>
               <i>(Télérama n°2490, 1er octobre 1997)</i>
            </div>
         </div>
      </div>
      <br/>
      <br/>
      <table class="table table-bordered c-table">
         <tr>
            <td class=" middle">vivre sans télévision</td>
            <td class=" middle">
               <GapFill id="g266" CorrectValue="se passer de télévision" Width="200"/>
            </td>
         </tr>
         <tr>
            <td class=" middle">pour toujours</td>
            <td class=" middle">
               <GapFill id="g270" CorrectValue="définitivement" Width="200"/>
            </td>
         </tr>
         <tr>
            <td class=" middle">être obligé de</td>
            <td class=" middle">
               <GapFill id="g274" CorrectValue="être contraint de" Width="200"/>
            </td>
         </tr>
         <tr>
            <td class=" middle">une personne interrogée</td>
            <td class=" middle">
               <GapFill id="g278" CorrectValue="un sondé" Width="200"/>
            </td>
         </tr>
         <tr>
            <td class=" middle">l’ensemble des connaissances culturelles</td>
            <td class=" middle">
               <GapFill id="g282" CorrectValue="le bagage culturel" Width="200"/>
            </td>
         </tr>
         <tr>
            <td class=" middle">un salaire peu important</td>
            <td class=" middle">
               <GapFill id="g286" CorrectValue="un revenu modeste" Width="200"/>
            </td>
         </tr>
      </table>
   </Ex>
   <Ex id="hufex2_l07_d05"
       title="Devinettes"
       instr="De quel animal s’agit-il?"
       tech_instr="FILLING_IN_FROM_A_LIST">
      <p>
         <a target="_blank"
            href="http://www.langmaster.cz/comcz/French2/l07/d/hufex2_l07_d05.htm">/French2/l07/d/hufex2_l07_d05.htm</a>
         <br/>
         <a target="_blank"
            href="http://www.langmaster.cz/comcz/French2/l07/d/home.htm">
                            cvičení 5</a>
      </p>
      <DragSource/>
      <div>
         <img src="/schools/eaimgmp3/french2/img/coursebook/lesson07/page70/0075h0089.gif"/>
      </div>
      <table class="table table-bordered c-table">
         <tr>
            <td>
        Il a des poils longs ou courts et il mord parfois. C’est un <DragTarget id="g243" CorrectValue="chien" Width="200"/>.
      </td>
         </tr>
         <tr>
            <td>
        Elle adore la salade et elle avance lentement. C’est une <DragTarget id="g292" CorrectValue="tortue" Width="200"/>.
      </td>
         </tr>
         <tr>
            <td>
        Il a des plumes et il sait parfois parler. C’est un <DragTarget id="g341" CorrectValue="perroquet" Width="200"/>.
      </td>
         </tr>
         <tr>
            <td>
        Il est petit et jaune et il chante très bien. C’est un <DragTarget id="g390" CorrectValue="canari" Width="200"/>.
      </td>
         </tr>
         <tr>
            <td>
        Vous aimez les œufs? Alors, vous l’aimez aussi. C’est une <DragTarget id="g439" CorrectValue="poule" Width="200"/>.
      </td>
         </tr>
         <tr>
            <td>
        Il n’a ni plumes ni poils et il est heureux dans l’eau. C’est un <DragTarget id="g488" CorrectValue="poisson" Width="200"/>.
      </td>
         </tr>
         <tr>
            <td>
        Il n’aime pas le froid, mais il adore les souris. C’est un <DragTarget id="g537" CorrectValue="chat" Width="200"/>.
      </td>
         </tr>
         <tr>
            <td>
        Il n’a pas souvent soif. C’est un <DragTarget id="g586" CorrectValue="chameau" Width="200"/>.
      </td>
         </tr>
      </table>
   </Ex>
   <Ex id="hufex2_l07_d06"
       title="Un et un sont deux"
       instr="Trouvez les mots qui manquent dans les tableaux."
       tech_instr="FILLING_IN_FROM_A_LIST">
      <p>
         <a target="_blank"
            href="http://www.langmaster.cz/comcz/French2/l07/d/hufex2_l07_d06.htm">/French2/l07/d/hufex2_l07_d06.htm</a>
         <br/>
         <a target="_blank"
            href="http://www.langmaster.cz/comcz/French2/l07/d/home.htm">
                            cvičení 6</a>
      </p>
      <DragSource/>
      <table class="table table-bordered c-table">
         <tr>
            <td class="c-table-default middle">la mouette</td>
            <td class="c-table-default middle">avoir une faim de loup</td>
            <td class="c-table-default middle">fidèle</td>
         </tr>
         <tr>
            <td class=" middle">+ le perroquet</td>
            <td class=" middle">+ avoir un chat dans la gorge</td>
            <td class=" middle">
          + <DragTarget id="g406" CorrectValue="patient" Width="200"/>
            </td>
         </tr>
         <tr>
            <td class=" middle">
          + <DragTarget id="g409" CorrectValue="le canari" Width="200"/>
            </td>
            <td class=" middle">
          + <DragTarget id="g411" CorrectValue="un froid de canard" Width="200"/>
            </td>
            <td class=" middle">+ aimable</td>
         </tr>
         <tr>
            <td class=" middle">+ le paon</td>
            <td class=" middle">+ avoir la chair de poule</td>
            <td class=" middle">+ lent</td>
         </tr>
         <tr>
            <td class=" middle">
          = des <DragTarget id="g419" CorrectValue="oiseaux" Width="200"/>
            </td>
            <td class=" middle">
          = des <DragTarget id="g421" CorrectValue="expressions" Width="200"/>
            </td>
            <td class=" middle">= des qualités</td>
         </tr>
      </table>
      <div class="row">
         <div class="col-md-3 ">
            <img src="/schools/eaimgmp3/french2/img/vocabulary/lesson07/page86/p140_londyn_ptakdetail.jpg"/>
         </div>
         <div class="col-md-9 ">
            <table class="table table-bordered c-table">
               <tr>
                  <td class="c-table-default middle">le couteau</td>
                  <td class="c-table-default middle">la solitude</td>
                  <td class="c-table-default middle">des plumes</td>
               </tr>
               <tr>
                  <td class=" middle">+ la corde</td>
                  <td class=" middle">+ l’insécurité</td>
                  <td class=" middle">
              + <DragTarget id="g203" CorrectValue="une cage" Width="200"/>
                  </td>
               </tr>
               <tr>
                  <td class=" middle">
              + <DragTarget id="g206" CorrectValue="le parapluie" Width="200"/>
                  </td>
                  <td class=" middle">+ l’agressivité</td>
                  <td class=" middle">+ voler</td>
               </tr>
               <tr>
                  <td class=" middle">+ une bouteille</td>
                  <td class=" middle">
              + <DragTarget id="g212" CorrectValue="le mal de vivre" Width="200"/>
                  </td>
                  <td class=" middle">+ chanter</td>
               </tr>
               <tr>
                  <td class=" middle">
              = <DragTarget id="g216" CorrectValue="stage de survie" Width="200"/>
                  </td>
                  <td class=" middle">= le mal de banlieue</td>
                  <td class=" middle">= un oiseau</td>
               </tr>
            </table>
         </div>
      </div>
   </Ex>
   <Ex id="hufex2_l07_d07"
       title="Dans «niche» se cache le mot «chien»"
       instr="Cherchez le mot qui se cache dans un autre."
       tech_instr="FILLING_IN">
      <p>
         <a target="_blank"
            href="http://www.langmaster.cz/comcz/French2/l07/d/hufex2_l07_d07.htm">/French2/l07/d/hufex2_l07_d07.htm</a>
         <br/>
         <a target="_blank"
            href="http://www.langmaster.cz/comcz/French2/l07/d/home.htm">
                            cvičení 7</a>
      </p>
      <div class="row">
         <div class="col-md-3 ">
            <img src="/schools/eaimgmp3/french2/img/coursebook/lesson07/page70/dscn0124.jpg"/>
         </div>
         <div class="col-md-9 ">
            <div>
               <table class="table c-table">
                  <tr>
                     <td>
                        <b>{{Ttrans}}
                </b>
                        <br/>
                Dans amie, il y a <GapFill id="g199" CorrectValue="aime" InitValue="aime" Example="true"/>.
              </td>
                  </tr>
               </table>
            </div>
            <table class="table c-table">
               <tr>
                  <td class=" middle"/>
                  <td class=" middle">
              Dans poli, il y a <GapFill id="g251" CorrectValue="poil" Width="200"/>.
            </td>
               </tr>
               <tr>
                  <td class=" middle"/>
                  <td class=" middle">
              Dans mai, il y a <GapFill id="g300" CorrectValue="ami" Width="200"/>.
            </td>
               </tr>
               <tr>
                  <td class=" middle"/>
                  <td class=" middle">
              Dans trop, il y a <GapFill id="g349" CorrectValue="port" Width="200"/>.
            </td>
               </tr>
               <tr>
                  <td class=" middle"/>
                  <td class=" middle">
              Dans merci, il y a <GapFill id="g398" CorrectValue="crime" Width="200"/>.
            </td>
               </tr>
               <tr>
                  <td class=" middle"/>
                  <td class=" middle">
              Dans image, il y a <GapFill id="g447" CorrectValue="magie" Width="200"/>.
            </td>
               </tr>
               <tr>
                  <td class=" middle"/>
                  <td class=" middle">
              Dans voile, il y a <GapFill id="g496" CorrectValue="olive" Width="200"/>.
            </td>
               </tr>
               <tr>
                  <td class=" middle"/>
                  <td class=" middle">
              Dans marche, il y a <GapFill id="g545" CorrectValue="charme" Width="200"/>.
            </td>
               </tr>
               <tr>
                  <td class=" middle"/>
                  <td class=" middle">
              Dans fois, il y a <GapFill id="g594" CorrectValue="soif" Width="200"/>.
            </td>
               </tr>
            </table>
         </div>
      </div>
   </Ex>
</Module>
