﻿<?xml version="1.0" encoding="utf-8"?>
<Page id="hufex1_l02_b08">
  <p>
    <a href="http://www.langmaster.cz/comcz/French1/l02/b/hufex1_l02_b08.htm">/French1/l02/b/hufex1_l02_b08.htm</a>
    <br />
    <a href="http://www.langmaster.cz/comcz/French1/l02/b/home.htm">
                            cvičení 9</a>
  </p>
  <div>
    <img src="/schools/eaimgmp3/french1/img/vocabulary/lesson02/page14/1520h0006.jpg" />
  </div>
  <div>
    <table class="table table-bordered c-table">
      <tr>
        <td class=" middle" />
        <td class=" middle">
          <MacroListWordOrdering Width="600-800"><![CDATA[
?|êtes|Duroc|Madame|Vous
Vous êtes Madame Duroc ?]]></MacroListWordOrdering>
        </td>
      </tr>
      <tr>
        <td class=" middle" />
        <td class=" middle">
          <MacroListWordOrdering Width="600-800"><![CDATA[
m’appelle|.|je|Non|Dupont|,
Non , je m’appelle Dupont .]]></MacroListWordOrdering>
        </td>
      </tr>
      <tr>
        <td class=" middle" />
        <td class=" middle">
          <MacroListWordOrdering Width="600-800"><![CDATA[
Paris|Vous|?|à|habitez|toujours
Vous habitez toujours à Paris ?]]></MacroListWordOrdering>
        </td>
      </tr>
      <tr>
        <td class=" middle" />
        <td class=" middle">
          <MacroListWordOrdering Width="600-800"><![CDATA[
.|j’habite|maintenant|à|,|Colmar|Non
Non , maintenant j’habite à Colmar .]]></MacroListWordOrdering>
        </td>
      </tr>
      <tr>
        <td class=" middle" />
        <td class=" middle">
          <MacroListWordOrdering Width="600-800"><![CDATA[
?|Tu|à|es|Paris
Tu es à Paris ?]]></MacroListWordOrdering>
        </td>
      </tr>
      <tr>
        <td class=" middle" />
        <td class=" middle">
          <MacroListWordOrdering Width="600-800"><![CDATA[
deux|je|Oui|pour|Paris|jours|à|suis|,|.
Oui , je suis à Paris pour deux jours .]]></MacroListWordOrdering>
        </td>
      </tr>
      <tr>
        <td class=" middle" />
        <td class=" middle">
          <MacroListWordOrdering Width="600-800"><![CDATA[
êtes|Vous|ingénieur|?
Vous êtes ingénieur ?]]></MacroListWordOrdering>
        </td>
      </tr>
      <tr>
        <td class=" middle" />
        <td class=" middle">
          <MacroListWordOrdering Width="600-800"><![CDATA[
,|Non|architecte|je|suis|.
Non , je suis architecte .]]></MacroListWordOrdering>
        </td>
      </tr>
    </table>
  </div>
  <info title="Il s’appelle Dupont et il travaille ..." instrTitle="{{Ahtmltitle}}" instrs="WORD_SEQUENCING" />
</Page>