﻿<?xml version="1.0" encoding="utf-8"?>
<Module title="Chapitre B">
   <Ex id="hufex1_l02_b01"
       title="Une rencontre"
       instr="{{Ahtmltitle}}"
       tech_instr="FILLING_IN_FROM_A_LIST">
      <p>
         <a target="_blank"
            href="http://www.langmaster.cz/comcz/French1/l02/b/hufex1_l02_b01.htm">/French1/l02/b/hufex1_l02_b01.htm</a>
         <br/>
         <a target="_blank"
            href="http://www.langmaster.cz/comcz/French1/l02/b/home.htm">
                            cvičení 1</a>
      </p>
      <DragSource/>
      <div class="row">
         <div class="col-md-4 ">
            <img src="/schools/eaimgmp3/french1/img/homestudy/lesson02/page99/1850h0036.jpg"/>
         </div>
         <div class="col-md-8 ">
            <MediaDialog id="E151" IsPassive="true">
               <SndReplica Name="A">
                  <SndSent>
            Tiens! Bonjour Monsieur Dupré! </SndSent>
                  <SndSent>
                     <DragTarget id="g253" CorrectValue="Vous"/>
                  </SndSent>
                  <SndSent> allez bien?
          </SndSent>
               </SndReplica>
               <SndReplica Name="B">
                  <SndSent>Oh! Monsieur Désiré! Bien, merci, et vous?</SndSent>
               </SndReplica>
               <SndReplica Name="A">
                  <SndSent>
                     <DragTarget id="g266" CorrectValue="Ça"/>
                  </SndSent>
                  <SndSent> va.
          </SndSent>
               </SndReplica>
               <SndReplica Name="B">
                  <SndSent>Vous habitez toujours rue de Provence?</SndSent>
               </SndReplica>
               <SndReplica Name="A">
                  <SndSent>
            Non, non, maintenant </SndSent>
                  <SndSent>
                     <DragTarget id="g279" CorrectValue="j’"/>
                  </SndSent>
                  <SndSent>habite place d’Arles, et </SndSent>
                  <SndSent>
                     <DragTarget id="g280" CorrectValue="vous"/>
                  </SndSent>
                  <SndSent>?
          </SndSent>
               </SndReplica>
               <SndReplica Name="B">
                  <SndSent>
            Oh </SndSent>
                  <SndSent>
                     <DragTarget id="g287" CorrectValue="moi"/>
                  </SndSent>
                  <SndSent>, toujours à Cassis.
          </SndSent>
               </SndReplica>
               <SndReplica Name="A">
                  <SndSent>
                     <DragTarget id="g294" CorrectValue="C’"/>
                  </SndSent>
                  <SndSent>est Tintin?
          </SndSent>
               </SndReplica>
               <SndReplica Name="B">
                  <SndSent>
            Non, </SndSent>
                  <SndSent>
                     <DragTarget id="g301" CorrectValue="lui"/>
                  </SndSent>
                  <SndSent>, il s’appelle Milou.
          </SndSent>
               </SndReplica>
            </MediaDialog>
         </div>
      </div>
   </Ex>
   <Ex id="hufex1_l02_b02"
       title="André et Corinne"
       instr="{{Ahtmltitle}}"
       tech_instr="SORTING_INTO_GROUPS_DRAG_AND_DROP SOUND_PLAYBACK">
      <p>
         <a target="_blank"
            href="http://www.langmaster.cz/comcz/French1/l02/b/hufex1_l02_b02.htm">/French1/l02/b/hufex1_l02_b02.htm</a>
         <br/>
         <a target="_blank"
            href="http://www.langmaster.cz/comcz/French1/l02/b/home.htm">
                            cvičení 2</a>
      </p>
      <table class="table table-bordered c-table">
         <tr>
            <td class="c-table-default middle">vous allez</td>
            <td>
               <WordSelection id="ce408" Words="Corinne|#André"/>
            </td>
         </tr>
         <tr>
            <td class="c-table-default middle">vous êtes</td>
            <td>
               <WordSelection id="ce617" Words="#Corinne|André"/>
            </td>
         </tr>
         <tr>
            <td class="c-table-default middle">idée</td>
            <td>
               <WordSelection id="ce533" Words="Corinne|#André"/>
            </td>
         </tr>
         <tr>
            <td class="c-table-default middle">café</td>
            <td>
               <WordSelection id="ce416" Words="Corinne|#André"/>
            </td>
         </tr>
         <tr>
            <td class="c-table-default middle">vous habitez</td>
            <td>
               <WordSelection id="ce400" Words="Corinne|#André"/>
            </td>
         </tr>
         <tr>
            <td class="c-table-default middle">désiré</td>
            <td>
               <WordSelection id="ce541" Words="Corinne|#André"/>
            </td>
         </tr>
         <tr>
            <td class="c-table-default middle">j’habite</td>
            <td>
               <WordSelection id="ce432" Words="#Corinne|André"/>
            </td>
         </tr>
         <tr>
            <td class="c-table-default middle">bise</td>
            <td>
               <WordSelection id="ce424" Words="#Corinne|André"/>
            </td>
         </tr>
         <tr>
            <td class="c-table-default middle">Jacques</td>
            <td>
               <WordSelection id="ce549" Words="#Corinne|André"/>
            </td>
         </tr>
         <tr>
            <td class="c-table-default middle">thé</td>
            <td>
               <WordSelection id="ce392" Words="Corinne|#André"/>
            </td>
         </tr>
         <tr>
            <td class="c-table-default middle">banane</td>
            <td>
               <WordSelection id="ce440" Words="#Corinne|André"/>
            </td>
         </tr>
         <tr>
            <td class="c-table-default middle">Philippe</td>
            <td>
               <WordSelection id="ce565" Words="#Corinne|André"/>
            </td>
         </tr>
         <tr>
            <td class="c-table-default middle">France</td>
            <td>
               <WordSelection id="ce448" Words="#Corinne|André"/>
            </td>
         </tr>
         <tr>
            <td class="c-table-default middle">allée</td>
            <td>
               <WordSelection id="ce517" Words="Corinne|#André"/>
            </td>
         </tr>
         <tr>
            <td class="c-table-default middle">Nantes</td>
            <td>
               <WordSelection id="ce557" Words="#Corinne|André"/>
            </td>
         </tr>
      </table>
      <img src="/schools/eaimgmp3/french1/img/coursebook/lesson02/page17/fischer.gif"/>
      <div class="col-md-6">
         <div class="panel panel-info">
            <div class="panel-body">
               <p>André, vous allez, parler
          - {{Ttrans}}
        </p>
               <p>Corinne, banane, Nantes
          - {{Ttrans1}}
        </p>
            </div>
         </div>
      </div>
   </Ex>
   <Ex id="hufex1_l02_b03"
       title="Prononcez bien!"
       instr="{{Ahtmltitle}}"
       tech_instr="TEXT_SECTION_SELECTING_ONE_OR_MORE_CORRECT_ANSWERS SOUND_PLAYBACK">
      <p>
         <a target="_blank"
            href="http://www.langmaster.cz/comcz/French1/l02/b/hufex1_l02_b03.htm">/French1/l02/b/hufex1_l02_b03.htm</a>
         <br/>
         <a target="_blank"
            href="http://www.langmaster.cz/comcz/French1/l02/b/home.htm">
                            cvičení 3</a>
      </p>
      <div class="row">
         <div class="col-md-2 ">
            <img src="/schools/eaimgmp3/french1/img/coursebook/lesson02/page17/1329h0117.jpg"/>
         </div>
         <div class="col-md-10 ">
            <table class="table table-bordered c-table">
               <tr>
                  <td class=" middle">
                     <MediaText id="snd0"
                                Url="/schools/eaimgmp3/french1wma/lesson02/hufex1_l02_b03.mp3"
                                Sequence="0"/>
                     <MediaText id="snd1" Sequence="1" ContinueOf="snd0">
                        <SndSent ReplacePtr="1">
                           <CheckItem id="o124" TextId="TrueFalse" CorrectValue="true">Jacques</CheckItem> 
                           <CheckItem id="o125" TextId="TrueFalse" CorrectValue="true">habite</CheckItem> 
                           <CheckItem id="o126" TextId="TrueFalse" CorrectValue="true">rue</CheckItem> 
                           <CheckItem id="o127" TextId="TrueFalse" CorrectValue="true">Emile</CheckItem> 
                           <CheckItem id="o128" TextId="TrueFalse" CorrectValue="false">Zola</CheckItem> 
                           <CheckItem id="o129" TextId="TrueFalse" CorrectValue="false">à</CheckItem> 
                           <CheckItem id="o130" TextId="TrueFalse" CorrectValue="true">Nice.</CheckItem>
                        </SndSent>
                     </MediaText>
                  </td>
               </tr>
               <tr>
                  <td class=" middle">
                     <MediaText id="snd2" Sequence="2" ContinueOf="snd1"/>
                     <MediaText id="snd3" Sequence="3" ContinueOf="snd2">
                        <SndSent ReplacePtr="3">
                           <CheckItem id="o143" TextId="TrueFalse" CorrectValue="false">Mon</CheckItem> 
                           <CheckItem id="o144" TextId="TrueFalse" CorrectValue="false">bébé</CheckItem> 
                           <CheckItem id="o145" TextId="TrueFalse" CorrectValue="true">s’appelle</CheckItem> 
                           <CheckItem id="o146" TextId="TrueFalse" CorrectValue="false">Désiré.</CheckItem>
                        </SndSent>
                     </MediaText>
                  </td>
               </tr>
               <tr>
                  <td class=" middle">
                     <MediaText id="snd4" Sequence="4" ContinueOf="snd3"/>
                     <MediaText id="snd5" Sequence="5" ContinueOf="snd4">
                        <SndSent ReplacePtr="5">
                           <CheckItem id="o159" TextId="TrueFalse" CorrectValue="true">Marie</CheckItem> 
                           <CheckItem id="o160" TextId="TrueFalse" CorrectValue="false">est</CheckItem> 
                           <CheckItem id="o161" TextId="TrueFalse" CorrectValue="true">journaliste</CheckItem>
                        </SndSent>
                     </MediaText> 
                     <MediaText id="snd6" Sequence="6" ContinueOf="snd5">
                        <SndSent ReplacePtr="6">
                           <CheckItem id="o162" TextId="TrueFalse" CorrectValue="false">à</CheckItem> 
                           <CheckItem id="o163" TextId="TrueFalse" CorrectValue="true">Nantes.</CheckItem>
                        </SndSent>
                     </MediaText>
                  </td>
               </tr>
               <tr>
                  <td class=" middle">
                     <MediaText id="snd7" Sequence="7" ContinueOf="snd6"/>
                     <MediaText id="snd8" Sequence="8" ContinueOf="snd7">
                        <SndSent ReplacePtr="8">
                           <CheckItem id="o176" TextId="TrueFalse" CorrectValue="false">Allô,</CheckItem> 
                           <CheckItem id="o177" TextId="TrueFalse" CorrectValue="true">Philippe?</CheckItem>
                        </SndSent>
                     </MediaText> 
                     <MediaText id="snd9" Sequence="9" ContinueOf="snd8">
                        <SndSent ReplacePtr="9">
                           <CheckItem id="o178" TextId="TrueFalse" CorrectValue="false">Rendez-</CheckItem> 
                           <CheckItem id="o179" TextId="TrueFalse" CorrectValue="false">vous</CheckItem> 
                           <CheckItem id="o180" TextId="TrueFalse" CorrectValue="false">au</CheckItem> 
                           <CheckItem id="o181" TextId="TrueFalse" CorrectValue="false">café</CheckItem> 
                           <CheckItem id="o182" TextId="TrueFalse" CorrectValue="false">Chez</CheckItem> 
                           <CheckItem id="o183" TextId="TrueFalse" CorrectValue="false">André,</CheckItem>
                        </SndSent>
                     </MediaText> 
                     <MediaText id="snd10" Sequence="10" ContinueOf="snd9">
                        <SndSent ReplacePtr="10">
                           <CheckItem id="o184" TextId="TrueFalse" CorrectValue="true">place</CheckItem> 
                           <CheckItem id="o185" TextId="TrueFalse" CorrectValue="true">Anatole</CheckItem> 
                           <CheckItem id="o186" TextId="TrueFalse" CorrectValue="true">France!</CheckItem>
                        </SndSent>
                     </MediaText>
                  </td>
               </tr>
               <tr>
                  <td class=" middle">
                     <MediaText id="snd11" Sequence="11" ContinueOf="snd10"/>
                     <MediaText id="snd12" Sequence="12" ContinueOf="snd11">
                        <SndSent ReplacePtr="12">
                           <CheckItem id="o199" TextId="TrueFalse" CorrectValue="true">Bonne</CheckItem> 
                           <CheckItem id="o200" TextId="TrueFalse" CorrectValue="false">idée!</CheckItem>
                        </SndSent>
                     </MediaText>
                  </td>
               </tr>
            </table>
         </div>
      </div>
   </Ex>
   <Ex id="hufex1_l02_b04"
       title="Où est l’accent?"
       instr="{{Ahtmltitle}}"
       tech_instr="SYLLABLE_SELECTION_ONE_CORRECT_OUT_OF_SEVERAL SOUND_PLAYBACK">
      <p>
         <a target="_blank"
            href="http://www.langmaster.cz/comcz/French1/l02/b/hufex1_l02_b04.htm">/French1/l02/b/hufex1_l02_b04.htm</a>
         <br/>
         <a target="_blank"
            href="http://www.langmaster.cz/comcz/French1/l02/b/home.htm">
                            cvičení 4</a>
      </p>
      <div class="row">
         <div class="col-md-3 ">
            <img src="/schools/eaimgmp3/french1/img/coursebook/lesson02/page17/0771h0463.gif"/>
         </div>
         <div class="col-md-9 ">
            <table class="table table-bordered c-table">
               <tr>
                  <td class=" middle">
                     <MediaText id="snd0"
                                Url="/schools/eaimgmp3/french1wma/lesson02/hufex1_l02_b04.mp3"
                                Sequence="0">
                        <SndSent ReplacePtr="0">
                a.
                <CheckItem id="o124" TextId="TrueFalse" CorrectValue="false">Stras</CheckItem>
                           <CheckItem id="o125" TextId="TrueFalse" CorrectValue="true">bourg</CheckItem>
                        </SndSent>
                     </MediaText>
                     <MediaText id="snd1" Sequence="1" ContinueOf="snd0"/>
                  </td>
               </tr>
               <tr>
                  <td class=" middle">
                     <MediaText id="snd2" Sequence="2" ContinueOf="snd1">
                        <SndSent ReplacePtr="2">
                b.
                <CheckItem id="o138" TextId="TrueFalse" CorrectValue="false">Phi</CheckItem>
                           <CheckItem id="o139" TextId="TrueFalse" CorrectValue="true">lippe</CheckItem>
                        </SndSent>
                     </MediaText>
                     <MediaText id="snd3" Sequence="3" ContinueOf="snd2"/>
                  </td>
               </tr>
               <tr>
                  <td class=" middle">
                     <MediaText id="snd4" Sequence="4" ContinueOf="snd3">
                        <SndSent ReplacePtr="4">
                c.
                <CheckItem id="o152" TextId="TrueFalse" CorrectValue="false">ta</CheckItem>
                           <CheckItem id="o153" TextId="TrueFalse" CorrectValue="true">xi</CheckItem>
                        </SndSent>
                     </MediaText>
                     <MediaText id="snd5" Sequence="5" ContinueOf="snd4"/>
                  </td>
               </tr>
               <tr>
                  <td class=" middle">
                     <MediaText id="snd6" Sequence="6" ContinueOf="snd5">
                        <SndSent ReplacePtr="6">
                d.
                <CheckItem id="o166" TextId="TrueFalse" CorrectValue="false">bon</CheckItem>
                           <CheckItem id="o167" TextId="TrueFalse" CorrectValue="true">jour</CheckItem>
                        </SndSent>
                     </MediaText>
                     <MediaText id="snd7" Sequence="7" ContinueOf="snd6"/>
                  </td>
               </tr>
               <tr>
                  <td class=" middle">
                     <MediaText id="snd8" Sequence="8" ContinueOf="snd7">
                        <SndSent ReplacePtr="8">
                e.
                <CheckItem id="o180" TextId="TrueFalse" CorrectValue="false">Al</CheckItem>
                           <CheckItem id="o181" TextId="TrueFalse" CorrectValue="true">sace</CheckItem>
                        </SndSent>
                     </MediaText>
                     <MediaText id="snd9" Sequence="9" ContinueOf="snd8"/>
                  </td>
               </tr>
               <tr>
                  <td class=" middle">
                     <MediaText id="snd10" Sequence="10" ContinueOf="snd9">
                        <SndSent ReplacePtr="10">
                f.
                <CheckItem id="o194" TextId="TrueFalse" CorrectValue="false">An</CheckItem>
                           <CheckItem id="o195" TextId="TrueFalse" CorrectValue="true">dré</CheckItem>
                        </SndSent>
                     </MediaText>
                     <MediaText id="snd11" Sequence="11" ContinueOf="snd10"/>
                  </td>
               </tr>
               <tr>
                  <td class=" middle">
                     <MediaText id="snd12" Sequence="12" ContinueOf="snd11">
                        <SndSent ReplacePtr="12">
                g.
                <CheckItem id="o208" TextId="TrueFalse" CorrectValue="false">jour</CheckItem>
                           <CheckItem id="o209" TextId="TrueFalse" CorrectValue="false">na</CheckItem>
                           <CheckItem id="o210" TextId="TrueFalse" CorrectValue="true">liste</CheckItem>
                        </SndSent>
                     </MediaText>
                     <MediaText id="snd13" Sequence="13" ContinueOf="snd12"/>
                  </td>
               </tr>
               <tr>
                  <td class=" middle">
                     <MediaText id="snd14" Sequence="14" ContinueOf="snd13">
                        <SndSent ReplacePtr="14">
                h.
                <CheckItem id="o223" TextId="TrueFalse" CorrectValue="false">mer</CheckItem>
                           <CheckItem id="o224" TextId="TrueFalse" CorrectValue="true">ci</CheckItem>
                        </SndSent>
                     </MediaText>
                     <MediaText id="snd15" Sequence="15" ContinueOf="snd14"/>
                  </td>
               </tr>
               <tr>
                  <td class=" middle">
                     <MediaText id="snd16" Sequence="16" ContinueOf="snd15">
                        <SndSent ReplacePtr="16">
                i.
                <CheckItem id="o237" TextId="TrueFalse" CorrectValue="false">té</CheckItem>
                           <CheckItem id="o238" TextId="TrueFalse" CorrectValue="false">lé</CheckItem>
                           <CheckItem id="o239" TextId="TrueFalse" CorrectValue="true">phone</CheckItem>
                        </SndSent>
                     </MediaText>
                     <MediaText id="snd17" Sequence="17" ContinueOf="snd16"/>
                  </td>
               </tr>
               <tr>
                  <td class=" middle">
                     <MediaText id="snd18" Sequence="18" ContinueOf="snd17">
                        <SndSent ReplacePtr="18">
                j.
                <CheckItem id="o252" TextId="TrueFalse" CorrectValue="false">j’ha</CheckItem>
                           <CheckItem id="o253" TextId="TrueFalse" CorrectValue="true">bite</CheckItem>
                        </SndSent>
                     </MediaText>
                     <MediaText id="snd19" Sequence="19" ContinueOf="snd18"/>
                  </td>
               </tr>
               <tr>
                  <td class=" middle">
                     <MediaText id="snd20" Sequence="20" ContinueOf="snd19">
                        <SndSent ReplacePtr="20">
                k.
                <CheckItem id="o266" TextId="TrueFalse" CorrectValue="false">par</CheckItem>
                           <CheckItem id="o267" TextId="TrueFalse" CorrectValue="true">don</CheckItem>
                        </SndSent>
                     </MediaText>
                     <MediaText id="snd21" Sequence="21" ContinueOf="snd20"/>
                  </td>
               </tr>
            </table>
         </div>
      </div>
      <div class="col-md-5">
         <div class="panel panel-info">
            <div class="panel-body">
               <p>
                  <b>L’accentuation</b>
               </p>
               <p>
          {{Ttrans}}
        </p>
               <p>
          {{Ttrans1}}
            <i>
              Franc<span class="text-danger">fort</span>, Bre<span class="text-danger">ta</span>gne
            </i>
               </p>
            </div>
         </div>
      </div>
   </Ex>
   <Ex id="hufex1_l02_b05"
       title="Quelle est votre profession? 1"
       instr="{{Ahtmltitle}}"
       tech_instr="PAIRING">
      <p>
         <a target="_blank"
            href="http://www.langmaster.cz/comcz/French1/l02/b/hufex1_l02_b05.htm">/French1/l02/b/hufex1_l02_b05.htm</a>
         <br/>
         <a target="_blank"
            href="http://www.langmaster.cz/comcz/French1/l02/b/home.htm">
                            cvičení 5</a>
      </p>
      <div>
         <Pairing id="E64">
            <PairingItem>
               <img src="/schools/eaimgmp3/french1/img/homestudy/lesson02/page101/015_5odile.gif"/>
               <Right>C’est Odile.Elle est secrétaire.</Right>
            </PairingItem>
            <PairingItem>
               <img src="/schools/eaimgmp3/french1/img/homestudy/lesson02/page101/015_7alice.gif"/>
               <Right>C’est Alice.Elle est journaliste.</Right>
            </PairingItem>
            <PairingItem>
               <img src="/schools/eaimgmp3/french1/img/homestudy/lesson02/page101/015_emilie.gif"/>
               <Right>C’est Emilie.Elle est professeur.</Right>
            </PairingItem>
            <PairingItem>
               <img src="/schools/eaimgmp3/french1/img/homestudy/lesson02/page101/015_5andre.gif"/>
               <Right>C’est André.Il est employé de banque.</Right>
            </PairingItem>
         </Pairing>
      </div>
   </Ex>
   <Ex id="hufex1_l02_b10"
       title="Quelle est votre profession? 2"
       instr="{{Ahtmltitle}}"
       tech_instr="PAIRING">
      <p>
         <a target="_blank"
            href="http://www.langmaster.cz/comcz/French1/l02/b/hufex1_l02_b10.htm">/French1/l02/b/hufex1_l02_b10.htm</a>
         <br/>
         <a target="_blank"
            href="http://www.langmaster.cz/comcz/French1/l02/b/home.htm">
                            cvičení 6</a>
      </p>
      <div>
         <Pairing id="E64">
            <PairingItem>
               <img src="/schools/eaimgmp3/french1/img/homestudy/lesson02/page101/015_8henri.gif"/>
               <Right>C’est Henri.Il est vétérinaire.</Right>
            </PairingItem>
            <PairingItem>
               <img src="/schools/eaimgmp3/french1/img/homestudy/lesson02/page101/015_2jean_pierre.gif"/>
               <Right>C’est Jean Pierre.Il est ingénieur.</Right>
            </PairingItem>
            <PairingItem>
               <img src="/schools/eaimgmp3/french1/img/homestudy/lesson02/page101/015_3victor.gif"/>
               <Right>C’est Victor.Il est médecin.</Right>
            </PairingItem>
            <PairingItem>
               <img src="/schools/eaimgmp3/french1/img/homestudy/lesson02/page101/0154francois.gif"/>
               <Right>C’est François.Il est contrôleur.</Right>
            </PairingItem>
         </Pairing>
      </div>
   </Ex>
   <Ex id="hufex1_l02_b06"
       title="Qu’est-ce que vous entendez?"
       instr="{{Ahtmltitle}}"
       tech_instr="FILLING_IN_FROM_A_LIST SOUND_PLAYBACK">
      <p>
         <a target="_blank"
            href="http://www.langmaster.cz/comcz/French1/l02/b/hufex1_l02_b06.htm">/French1/l02/b/hufex1_l02_b06.htm</a>
         <br/>
         <a target="_blank"
            href="http://www.langmaster.cz/comcz/French1/l02/b/home.htm">
                            cvičení 7</a>
      </p>
      <DragSource/>
      <div class="row">
         <div class="col-md-4 ">
            <img src="/schools/eaimgmp3/french1/img/homestudy/lesson02/page102/016.gif"/>
         </div>
         <div class="col-md-8 ">
            <table class="table table-bordered c-table">
               <tr>
                  <td class=" middle">
                     <MediaText id="snd0"
                                Url="/schools/eaimgmp3/french1wma/lesson02/hufex1_l02_b06.mp3"
                                Sequence="0"/>
                     <MediaText id="snd1" Sequence="1" ContinueOf="snd0">
                        <SndSent ReplacePtr="1">
                  caf<DragTarget id="g200" CorrectValue="é"/>
                        </SndSent>
                     </MediaText>
                  </td>
               </tr>
               <tr>
                  <td class=" middle">
                     <MediaText id="snd2" Sequence="2" ContinueOf="snd1"/>
                     <MediaText id="snd3" Sequence="3" ContinueOf="snd2">
                        <SndSent ReplacePtr="3">
                  madam<DragTarget id="g251" CorrectValue="e"/>
                        </SndSent>
                     </MediaText>
                  </td>
               </tr>
               <tr>
                  <td class=" middle">
                     <MediaText id="snd4" Sequence="4" ContinueOf="snd3"/>
                     <MediaText id="snd5" Sequence="5" ContinueOf="snd4">
                        <SndSent ReplacePtr="5">
                  universit<DragTarget id="g302" CorrectValue="é"/>
                        </SndSent>
                     </MediaText>
                  </td>
               </tr>
               <tr>
                  <td class=" middle">
                     <MediaText id="snd6" Sequence="6" ContinueOf="snd5"/>
                     <MediaText id="snd7" Sequence="7" ContinueOf="snd6">
                        <SndSent ReplacePtr="7">
                  serviett<DragTarget id="g353" CorrectValue="e"/>
                        </SndSent>
                     </MediaText>
                  </td>
               </tr>
               <tr>
                  <td class=" middle">
                     <MediaText id="snd8" Sequence="8" ContinueOf="snd7"/>
                     <MediaText id="snd9" Sequence="9" ContinueOf="snd8">
                        <SndSent ReplacePtr="9">
                  cousin<DragTarget id="g404" CorrectValue="e"/>
                        </SndSent>
                     </MediaText>
                  </td>
               </tr>
               <tr>
                  <td class=" middle">
                     <MediaText id="snd10" Sequence="10" ContinueOf="snd9"/>
                     <MediaText id="snd11" Sequence="11" ContinueOf="snd10">
                        <SndSent ReplacePtr="11">
                  salad<DragTarget id="g455" CorrectValue="e"/>
                        </SndSent>
                     </MediaText>
                  </td>
               </tr>
               <tr>
                  <td class=" middle">
                     <MediaText id="snd12" Sequence="12" ContinueOf="snd11"/>
                     <MediaText id="snd13" Sequence="13" ContinueOf="snd12">
                        <SndSent ReplacePtr="13">
                  qualit<DragTarget id="g506" CorrectValue="é"/>
                        </SndSent>
                     </MediaText>
                  </td>
               </tr>
               <tr>
                  <td class=" middle">
                     <MediaText id="snd14" Sequence="14" ContinueOf="snd13"/>
                     <MediaText id="snd15" Sequence="15" ContinueOf="snd14">
                        <SndSent ReplacePtr="15">
                  libert<DragTarget id="g557" CorrectValue="é"/>
                        </SndSent>
                     </MediaText>
                  </td>
               </tr>
               <tr>
                  <td class=" middle">
                     <MediaText id="snd16" Sequence="16" ContinueOf="snd15"/>
                     <MediaText id="snd17" Sequence="17" ContinueOf="snd16">
                        <SndSent ReplacePtr="17">
                  téléphon<DragTarget id="g608" CorrectValue="e"/>
                        </SndSent>
                     </MediaText>
                  </td>
               </tr>
               <tr>
                  <td class=" middle">
                     <MediaText id="snd18" Sequence="18" ContinueOf="snd17"/>
                     <MediaText id="snd19" Sequence="19" ContinueOf="snd18">
                        <SndSent ReplacePtr="19">
                  cart<DragTarget id="g659" CorrectValue="e"/>
                        </SndSent>
                     </MediaText>
                  </td>
               </tr>
            </table>
         </div>
      </div>
   </Ex>
   <Ex id="hufex1_l02_b07"
       title="A vous maintenant!"
       instr="{{Ahtmltitle}}"
       tech_instr="PAIRING">
      <p>
         <a target="_blank"
            href="http://www.langmaster.cz/comcz/French1/l02/b/hufex1_l02_b07.htm">/French1/l02/b/hufex1_l02_b07.htm</a>
         <br/>
         <a target="_blank"
            href="http://www.langmaster.cz/comcz/French1/l02/b/home.htm">
                            cvičení 8</a>
      </p>
      <div class="row">
         <div class="col-md-2 ">
            <img src="/schools/eaimgmp3/french1/img/vocabulary/lesson02/page12/1850h0035.jpg"/>
         </div>
         <div class="col-md-10 ">
            <Pairing id="E65">
               <PairingItem>
              {{Ttrans}}
            <Right>Je m’appelle Dupré.</Right>
               </PairingItem>
               <PairingItem>
              {{Ttrans1}}
            <Right>Très bien, merci.</Right>
               </PairingItem>
               <PairingItem>
              {{Ttrans2}}
            <Right>Vous habitez à Colmar?</Right>
               </PairingItem>
               <PairingItem>
              {{Ttrans3}}
            <Right>Et vous?</Right>
               </PairingItem>
               <PairingItem>
              {{Ttrans4}}
            <Right>Bonjour. Comment allez-vous?</Right>
               </PairingItem>
               <PairingItem>
              {{Ttrans5}}
            <Right>Au revoir!</Right>
               </PairingItem>
               <PairingItem>
              {{Ttrans6}}
            <Right>J’habite à Strasbourg maintenant.</Right>
               </PairingItem>
            </Pairing>
         </div>
      </div>
   </Ex>
   <Ex id="hufex1_l02_b08"
       title="Il s’appelle Dupont et il travaille ..."
       instr="{{Ahtmltitle}}"
       tech_instr="WORD_SEQUENCING">
      <p>
         <a target="_blank"
            href="http://www.langmaster.cz/comcz/French1/l02/b/hufex1_l02_b08.htm">/French1/l02/b/hufex1_l02_b08.htm</a>
         <br/>
         <a target="_blank"
            href="http://www.langmaster.cz/comcz/French1/l02/b/home.htm">
                            cvičení 9</a>
      </p>
      <div>
         <img src="/schools/eaimgmp3/french1/img/vocabulary/lesson02/page14/1520h0006.jpg"/>
      </div>
      <div>
         <table class="table table-bordered c-table">
            <tr>
               <td class=" middle"/>
               <td class=" middle">
                  <MacroListWordOrdering Width="600-800" InlineType="GapFill"><![CDATA[
êtes|Vous|?|Madame|Duroc
Vous êtes Madame Duroc ?]]></MacroListWordOrdering>
               </td>
            </tr>
            <tr>
               <td class=" middle"/>
               <td class=" middle">
                  <MacroListWordOrdering Width="600-800" InlineType="GapFill"><![CDATA[
m’appelle|Dupont|je|Non|.|,
Non , je m’appelle Dupont .]]></MacroListWordOrdering>
               </td>
            </tr>
            <tr>
               <td class=" middle"/>
               <td class=" middle">
                  <MacroListWordOrdering Width="600-800" InlineType="GapFill"><![CDATA[
à|?|Vous|habitez|toujours|Paris
Vous habitez toujours à Paris ?]]></MacroListWordOrdering>
               </td>
            </tr>
            <tr>
               <td class=" middle"/>
               <td class=" middle">
                  <MacroListWordOrdering Width="600-800" InlineType="GapFill"><![CDATA[
maintenant|Non|.|,|à|j’habite|Colmar
Non , maintenant j’habite à Colmar .]]></MacroListWordOrdering>
               </td>
            </tr>
            <tr>
               <td class=" middle"/>
               <td class=" middle">
                  <MacroListWordOrdering Width="600-800" InlineType="GapFill"><![CDATA[
Tu|es|Paris|à|?
Tu es à Paris ?]]></MacroListWordOrdering>
               </td>
            </tr>
            <tr>
               <td class=" middle"/>
               <td class=" middle">
                  <MacroListWordOrdering Width="600-800" InlineType="GapFill"><![CDATA[
Paris|jours|deux|Oui|à|pour|,|je|suis|.
Oui , je suis à Paris pour deux jours .]]></MacroListWordOrdering>
               </td>
            </tr>
            <tr>
               <td class=" middle"/>
               <td class=" middle">
                  <MacroListWordOrdering Width="600-800" InlineType="GapFill"><![CDATA[
Vous|?|êtes|ingénieur
Vous êtes ingénieur ?]]></MacroListWordOrdering>
               </td>
            </tr>
            <tr>
               <td class=" middle"/>
               <td class=" middle">
                  <MacroListWordOrdering Width="600-800" InlineType="GapFill"><![CDATA[
je|architecte|.|suis|Non|,
Non , je suis architecte .]]></MacroListWordOrdering>
               </td>
            </tr>
         </table>
      </div>
   </Ex>
   <Ex id="hufex1_l02_b09"
       title="Bonjour, Marie!"
       instr="{{Ahtmltitle}}"
       tech_instr="FILLING_IN">
      <p>
         <a target="_blank"
            href="http://www.langmaster.cz/comcz/French1/l02/b/hufex1_l02_b09.htm">/French1/l02/b/hufex1_l02_b09.htm</a>
         <br/>
         <a target="_blank"
            href="http://www.langmaster.cz/comcz/French1/l02/b/home.htm">
                            cvičení 10</a>
      </p>
      <div class="row">
         <div class="col-md-4 ">
            <img src="/schools/eaimgmp3/french1/img/homestudy/lesson02/page100/014_oben.gif"/>
         </div>
         <div class="col-md-8 ">
            <MediaDialog id="E65" IsPassive="true">
               <SndReplica Name="Oscar">
                  <SndSent>Bonjour, Marie!</SndSent>
               </SndReplica>
               <SndReplica Name="Marie">
                  <SndSent>
                     <GapFill id="g173" CorrectValue="Bonjour, Oscar!"/>
                  </SndSent>
               </SndReplica>
               <SndReplica Name="Oscar">
                  <SndSent>
                     <GapFill id="g180" CorrectValue="Comment ça va?|Ça va?"/>
                  </SndSent>
               </SndReplica>
               <SndReplica Name="Marie">
                  <SndSent>Bien, merci. Et toi?</SndSent>
               </SndReplica>
               <SndReplica Name="Oscar">
                  <SndSent>
                     <GapFill id="g195" CorrectValue="Bien, merci."/>
                  </SndSent>
               </SndReplica>
               <SndReplica Name="Marie">
                  <SndSent>Tu es toujours journaliste?</SndSent>
               </SndReplica>
               <SndReplica Name="Oscar">
                  <SndSent>
                     <GapFill id="g208" CorrectValue="Oui."/>
                  </SndSent>
                  <SndSent> Et toi, </SndSent>
                  <SndSent>
                     <GapFill id="g209" CorrectValue="toujours"/>
                  </SndSent>
                  <SndSent> secrétaire?
          </SndSent>
               </SndReplica>
               <SndReplica Name="Marie">
                  <SndSent>
                     <GapFill id="g216" CorrectValue="Oui."/>
                  </SndSent>
               </SndReplica>
               <SndReplica Name="Oscar">
                  <SndSent>Et maintenant, tu habites où?</SndSent>
               </SndReplica>
               <SndReplica Name="Marie">
                  <SndSent>J’habite …</SndSent>
               </SndReplica>
            </MediaDialog>
         </div>
      </div>
      <div class="col-md-6">
         <div class="panel panel-info">
            <div class="panel-heading">
               <h3>Attention!</h3>
            </div>
            <div class="panel-body">
               <p>
                  <b>
            {{Ttrans}}
          </b>
               </p>
               <p>
          {{Ttrans1}}
        </p>
            </div>
         </div>
      </div>
   </Ex>
</Module>
