﻿<?xml version="1.0" encoding="utf-8"?>
<Page id="hufex1_l03_d01">
  <p>
    <a href="http://www.langmaster.cz/comcz/French1/l03/d/hufex1_l03_d01.htm">/French1/l03/d/hufex1_l03_d01.htm</a>
    <br />
    <a href="http://www.langmaster.cz/comcz/French1/l03/d/home.htm">
                            cvičení 1</a>
  </p>
  <div>
    <img src="/schools/eaimgmp3/french1/img/homestudy/lesson03/page108/tabulka.gif" />
  </div>
  <div>
    <table>
      <tr>
        <td class=" middle">Les Français aiment</td>
        <td class=" middle">
            1. <GapFill id="g330" Width="200" CorrectValue="l’amour" InitValue="" /></td>
        <td class=" middle">
            2. <GapFill id="g332" Width="200" CorrectValue="le travail" InitValue="" /></td>
        <td class=" middle">
            3. <GapFill id="g334" Width="200" CorrectValue="l’amitié" InitValue="" /></td>
      </tr>
      <tr>
        <td class=" middle">Les hommes aiment</td>
        <td class=" middle">
            1. <GapFill id="g338" Width="200" CorrectValue="le sport" InitValue="" /></td>
        <td class=" middle">
            2. <GapFill id="g340" Width="200" CorrectValue="l’amour" InitValue="" /></td>
        <td class=" middle">
            3. <GapFill id="g342" Width="200" CorrectValue="le travail" InitValue="" /></td>
      </tr>
      <tr>
        <td class=" middle">Les femmes aiment</td>
        <td class=" middle">
            1. <GapFill id="g346" Width="200" CorrectValue="l’amitié" InitValue="" /></td>
        <td class=" middle">
            2. <GapFill id="g348" Width="200" CorrectValue="l’amour" InitValue="" /></td>
        <td class=" middle">
            3. <GapFill id="g350" Width="200" CorrectValue="le travail" InitValue="" /></td>
      </tr>
    </table>
  </div>
  <div>
    <img src="/schools/eaimgmp3/french1/img/homestudy/lesson03/page108/kolaz.gif" />
  </div>
  <div class="col-md-6">
    <div class="panel panel-info">
      <div class="panel-heading">
        <h3>Attention!</h3>
      </div>
      <div class="panel-body">
        <p>
          {{Ttrans}}
        </p>
      </div>
    </div>
  </div>
  <info title="Les Français aiment ..." instrTitle="{{Ahtmltitle}}" instrs="FILLING_IN" />
</Page>