﻿<?xml version="1.0" encoding="utf-8"?>
<Page id="hufex1_l03_d03">
  <p>
    <a href="http://www.langmaster.cz/comcz/French1/l03/d/hufex1_l03_d03.htm">/French1/l03/d/hufex1_l03_d03.htm</a>
    <br />
    <a href="http://www.langmaster.cz/comcz/French1/l03/d/home.htm">
                            cvičení 3</a>
  </p>
  <table class="table table-bordered c-table">
    <tr>
      <td class="c-table-default middle">le blanc</td>
      <td>
        <WordSelection id="ce424" CorrectValue="0" Words="des fleurs|des sports|#des couleurs" />
      </td>
    </tr>
    <tr>
      <td class="c-table-default middle">le roller</td>
      <td>
        <WordSelection id="ce323" CorrectValue="0" Words="des fleurs|#des sports|des couleurs" />
      </td>
    </tr>
    <tr>
      <td class="c-table-default middle">la voile</td>
      <td>
        <WordSelection id="ce299" CorrectValue="0" Words="des fleurs|#des sports|des couleurs" />
      </td>
    </tr>
    <tr>
      <td class="c-table-default middle">la marguerite</td>
      <td>
        <WordSelection id="ce214" CorrectValue="0" Words="#des fleurs|des sports|des couleurs" />
      </td>
    </tr>
    <tr>
      <td class="c-table-default middle">le jaune</td>
      <td>
        <WordSelection id="ce400" CorrectValue="0" Words="des fleurs|des sports|#des couleurs" />
      </td>
    </tr>
    <tr>
      <td class="c-table-default middle">le football</td>
      <td>
        <WordSelection id="ce283" CorrectValue="0" Words="des fleurs|#des sports|des couleurs" />
      </td>
    </tr>
    <tr>
      <td class="c-table-default middle">le ski</td>
      <td>
        <WordSelection id="ce291" CorrectValue="0" Words="des fleurs|#des sports|des couleurs" />
      </td>
    </tr>
    <tr>
      <td class="c-table-default middle">le vert</td>
      <td>
        <WordSelection id="ce416" CorrectValue="0" Words="des fleurs|des sports|#des couleurs" />
      </td>
    </tr>
    <tr>
      <td class="c-table-default middle">la gymnastique</td>
      <td>
        <WordSelection id="ce315" CorrectValue="0" Words="des fleurs|#des sports|des couleurs" />
      </td>
    </tr>
    <tr>
      <td class="c-table-default middle">la rose</td>
      <td>
        <WordSelection id="ce198" CorrectValue="0" Words="#des fleurs|des sports|des couleurs" />
      </td>
    </tr>
    <tr>
      <td class="c-table-default middle">la tulipe</td>
      <td>
        <WordSelection id="ce206" CorrectValue="0" Words="#des fleurs|des sports|des couleurs" />
      </td>
    </tr>
    <tr>
      <td class="c-table-default middle">le bleu</td>
      <td>
        <WordSelection id="ce408" CorrectValue="0" Words="des fleurs|des sports|#des couleurs" />
      </td>
    </tr>
    <tr>
      <td class="c-table-default middle">le noir</td>
      <td>
        <WordSelection id="ce392" CorrectValue="0" Words="des fleurs|des sports|#des couleurs" />
      </td>
    </tr>
    <tr>
      <td class="c-table-default middle">la pétanque</td>
      <td>
        <WordSelection id="ce307" CorrectValue="0" Words="des fleurs|#des sports|des couleurs" />
      </td>
    </tr>
  </table>
  <img src="/schools/eaimgmp3/french1/img/vocabulary/lesson03/page23/0124h0001.jpg" />
  <div class="panel panel-info">
    <div class="panel-body">
      <p>
          {{Ttrans}}
        </p>
    </div>
  </div>
  <info title="A vous!" instrTitle="{{Ahtmltitle}}" instrs="SORTING_INTO_GROUPS_DRAG_AND_DROP" />
</Page>