﻿<?xml version="1.0" encoding="utf-8"?>
<Page id="hufex1_l03_d04">
  <p>
    <a href="http://www.langmaster.cz/comcz/French1/l03/d/hufex1_l03_d04.htm">/French1/l03/d/hufex1_l03_d04.htm</a>
    <br />
    <a href="http://www.langmaster.cz/comcz/French1/l03/d/home.htm">
                            cvičení 4</a>
  </p>
  <div class="row">
    <div class="col-md-3 ">
      <img src="/schools/eaimgmp3/french1/img/vocabulary/lesson03/page23/0654h0112.gif" />
    </div>
    <div class="col-md-9 ">
      <table>
        <tr>
          <td class=" middle" />
          <td class=" middle" />
          <td class=" middle" />
          <td class=" middle">C</td>
          <td class=" middle">
            <GapFill id="g163" Width="2em" CorrectValue="A" InitValue="" />
          </td>
          <td class=" middle">D</td>
          <td class=" middle">E</td>
          <td class=" middle">A</td>
          <td class=" middle">U</td>
          <td class=" middle" />
          <td class=" middle" />
        </tr>
        <tr>
          <td class=" middle">R</td>
          <td class=" middle">O</td>
          <td class=" middle">M</td>
          <td class=" middle">A</td>
          <td class=" middle">
            <GapFill id="g178" Width="2em" CorrectValue="N" InitValue="" />
          </td>
          <td class=" middle" />
          <td class=" middle" />
          <td class=" middle" />
          <td class=" middle" />
          <td class=" middle" />
          <td class=" middle" />
        </tr>
        <tr>
          <td class=" middle" />
          <td class=" middle" />
          <td class=" middle">L</td>
          <td class=" middle">U</td>
          <td class=" middle">
            <GapFill id="g199" Width="2em" CorrectValue="N" InitValue="" />
          </td>
          <td class=" middle">E</td>
          <td class=" middle">T</td>
          <td class=" middle">T</td>
          <td class=" middle">E</td>
          <td class=" middle">S</td>
          <td class=" middle" />
        </tr>
        <tr>
          <td class=" middle" />
          <td class=" middle" />
          <td class=" middle" />
          <td class=" middle">L</td>
          <td class=" middle">
            <GapFill id="g216" Width="2em" CorrectValue="I" InitValue="" />
          </td>
          <td class=" middle">V</td>
          <td class=" middle">R</td>
          <td class=" middle">E</td>
          <td class=" middle" />
          <td class=" middle" />
          <td class=" middle" />
        </tr>
        <tr>
          <td class=" middle" />
          <td class=" middle" />
          <td class=" middle" />
          <td class=" middle" />
          <td class=" middle">
            <GapFill id="g236" Width="2em" CorrectValue="V" InitValue="" />
          </td>
          <td class=" middle">I</td>
          <td class=" middle">D</td>
          <td class=" middle">E</td>
          <td class=" middle">O</td>
          <td class=" middle" />
          <td class=" middle" />
        </tr>
        <tr>
          <td class=" middle" />
          <td class=" middle" />
          <td class=" middle">F</td>
          <td class=" middle">L</td>
          <td class=" middle">
            <GapFill id="g253" Width="2em" CorrectValue="E" InitValue="" />
          </td>
          <td class=" middle">U</td>
          <td class=" middle">R</td>
          <td class=" middle" />
          <td class=" middle" />
          <td class=" middle" />
          <td class=" middle" />
        </tr>
        <tr>
          <td class=" middle" />
          <td class=" middle" />
          <td class=" middle" />
          <td class=" middle" />
          <td class=" middle">
            <GapFill id="g274" Width="2em" CorrectValue="R" InitValue="" />
          </td>
          <td class=" middle">O</td>
          <td class=" middle">L</td>
          <td class=" middle">L</td>
          <td class=" middle">E</td>
          <td class=" middle">R</td>
          <td class=" middle">S</td>
        </tr>
        <tr>
          <td class=" middle" />
          <td class=" middle" />
          <td class=" middle">C</td>
          <td class=" middle">A</td>
          <td class=" middle">
            <GapFill id="g289" Width="2em" CorrectValue="S" InitValue="" />
          </td>
          <td class=" middle">S</td>
          <td class=" middle">E</td>
          <td class=" middle">T</td>
          <td class=" middle">T</td>
          <td class=" middle">E</td>
          <td class=" middle" />
        </tr>
        <tr>
          <td class=" middle" />
          <td class=" middle" />
          <td class=" middle">C</td>
          <td class=" middle">R</td>
          <td class=" middle">
            <GapFill id="g305" Width="2em" CorrectValue="A" InitValue="" />
          </td>
          <td class=" middle">V</td>
          <td class=" middle">A</td>
          <td class=" middle">T</td>
          <td class=" middle">E</td>
          <td class=" middle" />
          <td class=" middle" />
        </tr>
        <tr>
          <td class=" middle" />
          <td class=" middle" />
          <td class=" middle" />
          <td class=" middle">C</td>
          <td class=" middle">
            <GapFill id="g323" Width="2em" CorrectValue="I" InitValue="" />
          </td>
          <td class=" middle">N</td>
          <td class=" middle">E</td>
          <td class=" middle">M</td>
          <td class=" middle">A</td>
          <td class=" middle" />
          <td class=" middle" />
        </tr>
        <tr>
          <td class=" middle" />
          <td class=" middle" />
          <td class=" middle">P</td>
          <td class=" middle">A</td>
          <td class=" middle">
            <GapFill id="g340" Width="2em" CorrectValue="R" InitValue="" />
          </td>
          <td class=" middle">F</td>
          <td class=" middle">U</td>
          <td class=" middle">M</td>
          <td class=" middle" />
          <td class=" middle" />
          <td class=" middle" />
        </tr>
        <tr>
          <td class=" middle" />
          <td class=" middle" />
          <td class=" middle" />
          <td class=" middle">J</td>
          <td class=" middle">
            <GapFill id="g359" Width="2em" CorrectValue="E" InitValue="" />
          </td>
          <td class=" middle">U</td>
          <td class=" middle">X</td>
          <td class=" middle" />
          <td class=" middle" />
          <td class=" middle" />
          <td class=" middle" />
        </tr>
      </table>
    </div>
  </div>
  <info title="Oh, les beaux cadeaux!" instrTitle="{{Ahtmltitle}}" instrs="FILLING_IN" />
</Page>