﻿<?xml version="1.0" encoding="utf-8"?>
<Page id="hufex1_l03_d06">
  <p>
    <a href="http://www.langmaster.cz/comcz/French1/l03/d/hufex1_l03_d06.htm">/French1/l03/d/hufex1_l03_d06.htm</a>
    <br />
    <a href="http://www.langmaster.cz/comcz/French1/l03/d/home.htm">
                            cvičení 5</a>
  </p>
  <div>
    <img src="/schools/eaimgmp3/french1/img/vocabulary/lesson03/page24/books.gif" />
  </div>
  <div>
    <table>
      <tr>
        <td class=" middle" />
        <td class=" middle">
          <MacroListWordOrdering Width="600-800"><![CDATA[
toujours|L’amour
L’amour toujours]]></MacroListWordOrdering>
        </td>
      </tr>
      <tr>
        <td class=" middle" />
        <td class=" middle">
          <MacroListWordOrdering Width="600-800"><![CDATA[
roman|nature|du|La
La nature du roman]]></MacroListWordOrdering>
        </td>
      </tr>
      <tr>
        <td class=" middle" />
        <td class=" middle">
          <MacroListWordOrdering Width="600-800"><![CDATA[
n’aime|les|pas|Véronique|chats
Véronique n’aime pas les chats]]></MacroListWordOrdering>
        </td>
      </tr>
      <tr>
        <td class=" middle" />
        <td class=" middle">
          <MacroListWordOrdering Width="600-800"><![CDATA[
pas|dynamique|n’est|Léo
Léo n’est pas dynamique]]></MacroListWordOrdering>
        </td>
      </tr>
    </table>
  </div>
  <info title="Comment s’appelle ce livre?" instrTitle="{{Ahtmltitle}}" instrs="WORD_SEQUENCING" />
</Page>