﻿<?xml version="1.0" encoding="utf-8"?>
<Page id="hufex2_l10_b01">
  <p>
    <a href="http://www.langmaster.cz/comcz/French2/l10/b/hufex2_l10_b01.htm">/French2/l10/b/hufex2_l10_b01.htm</a>
    <br />
    <a href="http://www.langmaster.cz/comcz/French2/l10/b/home.htm">
                            cvičení 1</a>
  </p>
  <div class="row">
    <div class="col-md-2 ">
      <img src="/schools/eaimgmp3/french2/img/homestudy/lesson10/page173/1474h0025.jpg" />
    </div>
    <div class="col-md-10 ">
        La première émission, créée en 1987 sur TF1, a eu un succès incontestable. En une demi-heure, l’émission touche 500 000 foyers et vend 2000 articles.<br />
        Actuellement, ces téléboutiques présentées sur les chaînes TF1 et M6 réalisent un chiffre d’affaires considérable.<br />
        Ce succès repose sur trois idées: la magie de la télévision, le pouvoir de séduction et de persuasion des présentateurs et une organisation parfaite en affaires.<br />
        Le consommateur doit craquer sur l’impulsion du moment. On lui présente quatre articles inédits chaque jour. Un même produit n’est jamais proposé plus de deux fois par mois et des acheteurs professionnels courent les foires du monde entier à la recherche d’idées. Les articles sont présentés dans un décor style salle de séjour, ce qui crée une certaine familiarité, indispensable pour gagner la confiance du client.<br />
        La plupart du temps, les télévendeurs ciblent une clientèle féminine. La femme de plus de 50 ans, provinciale à 70 % et qui dispose d’un revenu confortable. En général, un public qui n’hésite pas à s’offrir de temps en temps une folie.<br />
        L’atout principal du téléachat réside dans un très bon rapport qualité-prix. Les clients du téléachat peuvent aussi compter sur des conditions très intéressantes en ce qui concerne les délais de paiement et de livraison.<br /></div>
  </div>
  <div class="row">
    <div class="col-md-6 ">
      <table class="table table-bordered c-table">
        <tr>
          <td>
              Qu’est-ce que c’est le téléachat?
            </td>
          <td>
            <GapFill id="gf01" CorrectValue="3" InitValue="" />
          </td>
        </tr>
        <tr>
          <td>
              Quelles sont les raisons de son succès?
            </td>
          <td>
            <GapFill id="gf02" CorrectValue="2" InitValue="" />
          </td>
        </tr>
        <tr>
          <td>
              Quel est le rôle du télévendeur?
            </td>
          <td>
            <GapFill id="gf03" CorrectValue="5" InitValue="" />
          </td>
        </tr>
        <tr>
          <td>
              A quel genre de clientèle s’adressent ces émissions?
            </td>
          <td>
            <GapFill id="gf04" CorrectValue="1" InitValue="" />
          </td>
        </tr>
        <tr>
          <td>
              D’après cet article, quels sont les avantages du téléachat?
            </td>
          <td>
            <GapFill id="gf05" CorrectValue="4" InitValue="" />
          </td>
        </tr>
      </table>
    </div>
    <div class="col-md-6 ">
      <b>1.</b> Ces émissions s’adressent à un public qui dispose d’un revenu confortable, qui n’hésite pas à s’offrir une folie.
        <br /><b>2.</b> Il y en a 3: la magie de la télévision, le pouvoir de séduction et de persuasion des présentateurs, une organisation parfaite en affaires.
        <br /><b>3.</b> Ce sont des émissions télévisées qui présentent toutes sortes de nouveaux produits. Les téléspectateurs peuvent les commander directement.
        <br /><b>4.</b> La variété des produits, un très bon rapport qualité-prix, des conditions intéressantes en ce qui concerne les délais de paiement et de livraison.
        <br /><b>5.</b> Le télévendeur doit séduire, persuader, gagner la confiance de ses clients, tout essayer pour les faire craquer.
      </div>
  </div>
  <info title="Téléachat: le commerce du futur" instrTitle="Le téléachat: le commerce du futur est en marche. Lisez le texte et reliez les questions aux bonnes réponses." instrs="FILLING_IN" />
</Page>