﻿<?xml version="1.0" encoding="utf-8"?>
<Page id="hufex2_l05_d01">
  <p>
    <a href="http://www.langmaster.cz/comcz/French2/l05/d/hufex2_l05_d01.htm">/French2/l05/d/hufex2_l05_d01.htm</a>
    <br />
    <a href="http://www.langmaster.cz/comcz/French2/l05/d/home.htm">
                            cvičení 1</a>
  </p>
  <div class="row">
    <div class="col-md-5 ">
      <img src="/schools/eaimgmp3/french2/img/coursebook/lesson05/page47/05_044_zeichnung.gif" />
    </div>
    <div class="col-md-7 ">
        La réduction du temps de travail est un mouvement historique et durable. Au début du vingtième siècle, les Français travaillaient encore dix heures par jour, sept jours sur sept. Jusqu’en 1906 en effet, le dimanche était un jour comme les autres. En 1919, la durée du temps de travail a diminué pour passer à huit heures par jour. En 1936, le gouvernement de Léon Blum a révolutionné le monde du travail avec le passage à la semaine de 40 heures et l’instauration des premiers congés payés. De nombreux Français ont alors découvert les joies des vacances!Et ce n’était qu’un début! La troisième semaine (1956) puis la quatrième semaine de congés payés (1962) ont suivi. Lorsque François Mitterrand est devenu Président de la République en 1981, le gouvernement socialiste a instauré la semaine de 39 heures ainsi que la cinquième semaine de congés payés.Il est probable que la durée du travail va continuer à diminuer en France notamment où le gouvernement de Lionel Jospin vient de décider le passage aux 35 heures hebdomadaires à partir de l’an 2000. La réduction du temps de travail est présentée en effet par de nombreux hommes politiques ou experts économiques comme une arme efficace pour lutter contre le chômage qui est, en France et ailleurs, le problème n°1.
      </div>
  </div>
  <div>
    <table class="table table-bordered c-table">
      <tr>
        <td>
          Quelles sont les dates de la réduction?<br /><GapFill id="g248" Width="200" CorrectValue="1919, 1936, 1956, 1962, 1981, 2000" InitValue="" /></td>
      </tr>
    </table>
  </div>
  <div class="col-md-5">
    <div class="panel panel-info">
      <div class="panel-body">
        <p>
          {{Ttrans}}<br />{{Ttrans1}}
        </p>
      </div>
    </div>
  </div>
  <info title="La réduction du temps de travail" instrTitle="Lisez le texte et écrivez toutes les dates de la réduction du temps de travail." instrs="FILLING_IN" />
</Page>