﻿<?xml version="1.0" encoding="utf-8"?>
<Page id="hufex2_l05_d02">
  <p>
    <a href="http://www.langmaster.cz/comcz/French2/l05/d/hufex2_l05_d02.htm">/French2/l05/d/hufex2_l05_d02.htm</a>
    <br />
    <a href="http://www.langmaster.cz/comcz/French2/l05/d/home.htm">
                            cvičení 2</a>
  </p>
  <div class="row">
    <div class="col-md-3 ">
      <img src="/schools/eaimgmp3/french2/img/coursebook/lesson05/page48/c891h0075.jpg" />
    </div>
    <div class="col-md-9 ">
        La réduction du temps de travail est un mouvement historique et durable. Au début du vingtième siècle, les Français travaillaient encore dix heures par jour, sept jours sur sept. Jusqu’en 1906 en effet, le dimanche était un jour comme les autres. En 1919, la durée du temps de travail a diminué pour passer à huit heures par jour. En 1936, le gouvernement de Léon Blum a révolutionné le monde du travail avec le passage à la semaine de 40 heures et l’instauration des premiers congés payés. De nombreux Français ont alors découvert les joies des vacances!Et ce n’était qu’un début! La troisième semaine (1956) puis la quatrième semaine de congés payés (1962) ont suivi. Lorsque François Mitterrand est devenu Président de la République en 1981, le gouvernement socialiste a instauré la semaine de 39 heures ainsi que la cinquième semaine de congés payés.Il est probable que la durée du travail va continuer à diminuer en France notamment où le gouvernement de Lionel Jospin vient de décider le passage aux 35 heures hebdomadaires à partir de l’an 2000. La réduction du temps de travail est présentée en effet par de nombreux hommes politiques ou experts économiques comme une arme efficace pour lutter contre le chômage qui est, en France et ailleurs, le problème n°1.<br /></div>
  </div>
  <div>
    <Pairing id="E634">
      <PairingItem>1900<Right>passage à la journée de dix heures</Right></PairingItem>
      <PairingItem>1906<Right>instauration du repos dominical</Right></PairingItem>
      <PairingItem>1919<Right>durée quotidienne de travail maximale de huit heures et durée hebdomadaire maximale de 48 heures</Right></PairingItem>
      <PairingItem>1936<Right>instauration des congés payés (deux semaines) et semaine de 40 heures</Right></PairingItem>
      <PairingItem>1956<Right>troisième semaine de congés payés</Right></PairingItem>
      <PairingItem>1962<Right>quatrième semaine de congés payés</Right></PairingItem>
      <PairingItem>1981<Right>semaine de 39 heures et cinquième semaine de congés payés</Right></PairingItem>
      <PairingItem>2000<Right>passage aux 35 heures</Right></PairingItem>
    </Pairing>
  </div>
  <div />
  <info title="La correspondance" instrTitle="Relisez le texte de l’exercice 1 et faites correspondre les événements et les dates ci-dessous." instrs="PAIRING" />
</Page>