﻿<?xml version="1.0" encoding="utf-8"?>
<Page id="hufex2_l05_d05">
  <p>
    <a href="http://www.langmaster.cz/comcz/French2/l05/d/hufex2_l05_d05.htm">/French2/l05/d/hufex2_l05_d05.htm</a>
    <br />
    <a href="http://www.langmaster.cz/comcz/French2/l05/d/home.htm">
                            cvičení 5</a>
  </p>
  <div class="row">
    <div class="col-md-3 ">
      <img src="/schools/eaimgmp3/french2/img/coursebook/lesson05/page50/olympus045.jpg" />
    </div>
    <div class="col-md-9 ">
      <table class="table table-bordered c-table">
        <tr>
          <td class=" middle">la situation familiale</td>
          <td class=" middle">
              la <GapFill id="g158" Width="200" CorrectValue="famille" InitValue="" /></td>
        </tr>
        <tr>
          <td class=" middle">un enfant bilingue</td>
          <td class=" middle">la langue</td>
        </tr>
        <tr>
          <td class=" middle">le cadre administratif</td>
          <td class=" middle">
              l’<GapFill id="g165" Width="200" CorrectValue="administration" InitValue="" /></td>
        </tr>
        <tr>
          <td class=" middle">un salaire confortable</td>
          <td class=" middle">
              le <GapFill id="g169" Width="200" CorrectValue="confort" InitValue="" /></td>
        </tr>
        <tr>
          <td class=" middle">un cadeau royal</td>
          <td class=" middle">
              le <GapFill id="g173" Width="200" CorrectValue="roi" InitValue="" /></td>
        </tr>
        <tr>
          <td class=" middle">un record mondial</td>
          <td class=" middle">
              le <GapFill id="g177" Width="200" CorrectValue="monde" InitValue="" /></td>
        </tr>
        <tr>
          <td class=" middle">des activités criminelles</td>
          <td class=" middle">
              le <GapFill id="g181" Width="200" CorrectValue="crime" InitValue="" /></td>
        </tr>
        <tr>
          <td class=" middle">une revue mensuelle</td>
          <td class=" middle">
              le <GapFill id="g185" Width="200" CorrectValue="mois" InitValue="" /></td>
        </tr>
      </table>
    </div>
  </div>
  <info title="Cherchez le substantif" instrTitle="Les adjectifs suivants sont formés à partir des substantifs. Trouvez desquels." instrs="FILLING_IN" />
</Page>