﻿<?xml version="1.0" encoding="utf-8"?>
<Module title="Chapitre D">
   <Ex id="hufex2_l05_d01"
       title="La réduction du temps de travail"
       instr="Lisez le texte et écrivez toutes les dates de la réduction du temps de travail."
       tech_instr="FILLING_IN">
      <p>
         <a target="_blank"
            href="http://www.langmaster.cz/comcz/French2/l05/d/hufex2_l05_d01.htm">/French2/l05/d/hufex2_l05_d01.htm</a>
         <br/>
         <a target="_blank"
            href="http://www.langmaster.cz/comcz/French2/l05/d/home.htm">
                            cvičení 1</a>
      </p>
      <div class="row">
         <div class="col-md-5 ">
            <img src="/schools/eaimgmp3/french2/img/coursebook/lesson05/page47/05_044_zeichnung.gif"/>
         </div>
         <div class="col-md-7 ">
        La réduction du temps de travail est un mouvement historique et durable. Au début du vingtième siècle, les Français travaillaient encore dix heures par jour, sept jours sur sept. Jusqu’en 1906 en effet, le dimanche était un jour comme les autres. En 1919, la durée du temps de travail a diminué pour passer à huit heures par jour. En 1936, le gouvernement de Léon Blum a révolutionné le monde du travail avec le passage à la semaine de 40 heures et l’instauration des premiers congés payés. De nombreux Français ont alors découvert les joies des vacances!Et ce n’était qu’un début! La troisième semaine (1956) puis la quatrième semaine de congés payés (1962) ont suivi. Lorsque François Mitterrand est devenu Président de la République en 1981, le gouvernement socialiste a instauré la semaine de 39 heures ainsi que la cinquième semaine de congés payés.Il est probable que la durée du travail va continuer à diminuer en France notamment où le gouvernement de Lionel Jospin vient de décider le passage aux 35 heures hebdomadaires à partir de l’an 2000. La réduction du temps de travail est présentée en effet par de nombreux hommes politiques ou experts économiques comme une arme efficace pour lutter contre le chômage qui est, en France et ailleurs, le problème n°1.
      </div>
      </div>
      <div>
         <table class="table table-bordered c-table">
            <tr>
               <td>
          Quelles sont les dates de la réduction?<br/>
                  <GapFill id="g248"
                           CorrectValue="1919, 1936, 1956, 1962, 1981, 2000"
                           Width="200"/>
               </td>
            </tr>
         </table>
      </div>
      <div class="col-md-6">
         <div class="panel panel-info">
            <div class="panel-body">
               <p>
          {{Ttrans}}<br/>{{Ttrans1}}
        </p>
            </div>
         </div>
      </div>
   </Ex>
   <Ex id="hufex2_l05_d02"
       title="La correspondance"
       instr="Relisez le texte de l’exercice 1 et faites correspondre les événements et les dates ci-dessous."
       tech_instr="PAIRING">
      <p>
         <a target="_blank"
            href="http://www.langmaster.cz/comcz/French2/l05/d/hufex2_l05_d02.htm">/French2/l05/d/hufex2_l05_d02.htm</a>
         <br/>
         <a target="_blank"
            href="http://www.langmaster.cz/comcz/French2/l05/d/home.htm">
                            cvičení 2</a>
      </p>
      <div class="row">
         <div class="col-md-3 ">
            <img src="/schools/eaimgmp3/french2/img/coursebook/lesson05/page48/c891h0075.jpg"/>
         </div>
         <div class="col-md-9 ">
        La réduction du temps de travail est un mouvement historique et durable. Au début du vingtième siècle, les Français travaillaient encore dix heures par jour, sept jours sur sept. Jusqu’en 1906 en effet, le dimanche était un jour comme les autres. En 1919, la durée du temps de travail a diminué pour passer à huit heures par jour. En 1936, le gouvernement de Léon Blum a révolutionné le monde du travail avec le passage à la semaine de 40 heures et l’instauration des premiers congés payés. De nombreux Français ont alors découvert les joies des vacances!Et ce n’était qu’un début! La troisième semaine (1956) puis la quatrième semaine de congés payés (1962) ont suivi. Lorsque François Mitterrand est devenu Président de la République en 1981, le gouvernement socialiste a instauré la semaine de 39 heures ainsi que la cinquième semaine de congés payés.Il est probable que la durée du travail va continuer à diminuer en France notamment où le gouvernement de Lionel Jospin vient de décider le passage aux 35 heures hebdomadaires à partir de l’an 2000. La réduction du temps de travail est présentée en effet par de nombreux hommes politiques ou experts économiques comme une arme efficace pour lutter contre le chômage qui est, en France et ailleurs, le problème n°1.<br/>
         </div>
      </div>
      <div>
         <Pairing id="E634">
            <PairingItem>1900<Right>passage à la journée de dix heures</Right>
            </PairingItem>
            <PairingItem>1906<Right>instauration du repos dominical</Right>
            </PairingItem>
            <PairingItem>1919<Right>durée quotidienne de travail maximale de huit heures et durée hebdomadaire maximale de 48 heures</Right>
            </PairingItem>
            <PairingItem>1936<Right>instauration des congés payés (deux semaines) et semaine de 40 heures</Right>
            </PairingItem>
            <PairingItem>1956<Right>troisième semaine de congés payés</Right>
            </PairingItem>
            <PairingItem>1962<Right>quatrième semaine de congés payés</Right>
            </PairingItem>
            <PairingItem>1981<Right>semaine de 39 heures et cinquième semaine de congés payés</Right>
            </PairingItem>
            <PairingItem>2000<Right>passage aux 35 heures</Right>
            </PairingItem>
         </Pairing>
      </div>
      <div/>
   </Ex>
   <Ex id="hufex2_l05_d03"
       title="La statistique"
       instr="Observez les statistiques et choisissez une des deux phrases proposées pour les commenter."
       tech_instr="MULTIPLE_CHOICE_TWO_STATES">
      <p>
         <a target="_blank"
            href="http://www.langmaster.cz/comcz/French2/l05/d/hufex2_l05_d03.htm">/French2/l05/d/hufex2_l05_d03.htm</a>
         <br/>
         <a target="_blank"
            href="http://www.langmaster.cz/comcz/French2/l05/d/home.htm">
                            cvičení 3</a>
      </p>
      <div class="row">
         <div class="col-md-2 ">
            <img src="/schools/eaimgmp3/french2/img/coursebook/lesson05/page48/1838h0034.jpg"/>
         </div>
         <div class="col-md-10 ">
            <table class="table table-bordered c-table">
               <tr>
                  <td class="c-table-default middle">Moyenne d’heures travaillées en 1996 par personne ayant un emploi</td>
                  <td class="c-table-default middle"> </td>
               </tr>
               <tr>
                  <td class=" middle">Allemagne</td>
                  <td class=" middle">1578</td>
               </tr>
               <tr>
                  <td class=" middle">France</td>
                  <td class=" middle">1645</td>
               </tr>
               <tr>
                  <td class=" middle">Italie</td>
                  <td class=" middle">1710</td>
               </tr>
               <tr>
                  <td class=" middle">Royaume-Uni</td>
                  <td class=" middle">1732</td>
               </tr>
               <tr>
                  <td class=" middle">Canada</td>
                  <td class=" middle">1732</td>
               </tr>
               <tr>
                  <td class=" middle">Japon</td>
                  <td class=" middle">1898</td>
               </tr>
               <tr>
                  <td class=" middle">Etats-Unis</td>
                  <td class=" middle">1951</td>
               </tr>
               <tr>
                  <td class=" middle"> </td>
                  <td class=" middle"> </td>
               </tr>
               <tr>
                  <td class=" middle"/>
                  <td class=" middle">(OECD)</td>
               </tr>
            </table>
         </div>
      </div>
      <div>
         <CheckItem id="o265" TextId="TrueFalse" CorrectValue="false"/>Dans le passé, la France était un des pays où la durée hebdomadaire de travail était la plus longue. Or, aujourd’hui, on constate que dans la plupart des grands pays, on travaille plus qu’en France.<br/>
         <CheckItem id="o272" TextId="TrueFalse" CorrectValue="true"/>Si l’on compare avec d’autres pays, on constate qu’aujourd’hui encore les Français ont une durée de travail plus longue que leurs voisins allemands.<br/>
      </div>
   </Ex>
   <Ex id="hufex2_l05_d04"
       title="Publicités"
       instr="Pour quelles professions est-ce qu’on y fait la publicité?"
       tech_instr="FILLING_IN">
      <p>
         <a target="_blank"
            href="http://www.langmaster.cz/comcz/French2/l05/d/hufex2_l05_d04.htm">/French2/l05/d/hufex2_l05_d04.htm</a>
         <br/>
         <a target="_blank"
            href="http://www.langmaster.cz/comcz/French2/l05/d/home.htm">
                            cvičení 4</a>
      </p>
      <div class="row">
         <div class="col-md-3 ">
            <img src="/schools/eaimgmp3/french2/img/coursebook/lesson05/page50/0418h0080.gif"/>
         </div>
         <div class="col-md-4 ">
        Vous ne voulez pas travailler à plein temps.<br/>Vous aimez les objets de valeur et les beaux tableaux.<br/>Vous n’avez pas peur de la police.<br/>Vous aimez la nuit.<br/>Vous aimez l’aventure...<br/>
            <br/>
            <br/>
            <table class="table table-bordered c-table">
               <tr>
                  <td>
            Devenez <GapFill id="g256" CorrectValue="cambrioleur" Width="200"/>.
          </td>
               </tr>
            </table>
         </div>
         <div class="col-md-4 ">
        Vous aimez faire le taxi.<br/>Vous aimez vous occuper des autres.<br/>Vous aimez les plantes.<br/>Vous aimez faire la cuisine.<br/>Vous n’aimez pas l’argent.<br/>Vous aimez rester à la maison...<br/>Vous voulez travailler 7 jours par semaine...<br/>
            <table class="table table-bordered c-table">
               <tr>
                  <td>
            Devenez <GapFill id="g388" CorrectValue="femme au foyer" Width="200"/>.
          </td>
               </tr>
            </table>
         </div>
      </div>
   </Ex>
   <Ex id="hufex2_l05_d05"
       title="Cherchez le substantif"
       instr="Les adjectifs suivants sont formés à partir des substantifs. Trouvez desquels."
       tech_instr="FILLING_IN">
      <p>
         <a target="_blank"
            href="http://www.langmaster.cz/comcz/French2/l05/d/hufex2_l05_d05.htm">/French2/l05/d/hufex2_l05_d05.htm</a>
         <br/>
         <a target="_blank"
            href="http://www.langmaster.cz/comcz/French2/l05/d/home.htm">
                            cvičení 5</a>
      </p>
      <div class="row">
         <div class="col-md-3 ">
            <img src="/schools/eaimgmp3/french2/img/coursebook/lesson05/page50/olympus045.jpg"/>
         </div>
         <div class="col-md-9 ">
            <table class="table table-bordered c-table">
               <tr>
                  <td class=" middle">la situation familiale</td>
                  <td class=" middle">
              la <GapFill id="g158" CorrectValue="famille" Width="200"/>
                  </td>
               </tr>
               <tr>
                  <td class=" middle">un enfant bilingue</td>
                  <td class=" middle">la langue</td>
               </tr>
               <tr>
                  <td class=" middle">le cadre administratif</td>
                  <td class=" middle">
              l’<GapFill id="g165" CorrectValue="administration" Width="200"/>
                  </td>
               </tr>
               <tr>
                  <td class=" middle">un salaire confortable</td>
                  <td class=" middle">
              le <GapFill id="g169" CorrectValue="confort" Width="200"/>
                  </td>
               </tr>
               <tr>
                  <td class=" middle">un cadeau royal</td>
                  <td class=" middle">
              le <GapFill id="g173" CorrectValue="roi" Width="200"/>
                  </td>
               </tr>
               <tr>
                  <td class=" middle">un record mondial</td>
                  <td class=" middle">
              le <GapFill id="g177" CorrectValue="monde" Width="200"/>
                  </td>
               </tr>
               <tr>
                  <td class=" middle">des activités criminelles</td>
                  <td class=" middle">
              le <GapFill id="g181" CorrectValue="crime" Width="200"/>
                  </td>
               </tr>
               <tr>
                  <td class=" middle">une revue mensuelle</td>
                  <td class=" middle">
              le <GapFill id="g185" CorrectValue="mois" Width="200"/>
                  </td>
               </tr>
            </table>
         </div>
      </div>
   </Ex>
</Module>
