﻿<?xml version="1.0" encoding="utf-8"?>
<Page id="hufex2_l03_b02">
  <p>
    <a href="http://www.langmaster.cz/comcz/French2/l03/b/hufex2_l03_b02.htm">/French2/l03/b/hufex2_l03_b02.htm</a>
    <br />
    <a href="http://www.langmaster.cz/comcz/French2/l03/b/home.htm">
                            cvičení 1</a>
  </p>
  <div>
    <ListGroup IsStriped="true">
      <Noop>
          Je lis Géo <GapFill id="g155" Width="200" CorrectValue="tous" InitValue="" /> les mois parce que <GapFill id="g156" Width="200" CorrectValue="toutes" InitValue="" /> les photos sont de bonne qualité.
        </Noop>
      <Noop>
          Alexis, c’est <GapFill id="g205" Width="200" CorrectValue="tout" InitValue="" /> le portrait de son père.
        </Noop>
      <Noop>
          Nous avons passé <GapFill id="g254" Width="200" CorrectValue="toutes" InitValue="" /> nos vacances en Bretagne et il a fait beau <GapFill id="g255" Width="200" CorrectValue="tout" InitValue="" /> le temps.
        </Noop>
      <Noop>
          Pour mon anniversaire, j’ai invité <GapFill id="g304" Width="200" CorrectValue="tous" InitValue="" /> mes amis. <GapFill id="g305" Width="200" CorrectValue="Tout" InitValue="" /> le monde est venu.
        </Noop>
      <Noop>
          Ne vous dépêchez pas ! J’ai <GapFill id="g354" Width="200" CorrectValue="tout" InitValue="" /> mon temps.
        </Noop>
      <Noop>
          Chez Pizza Quick, on peut commander des pizzas à <GapFill id="g403" Width="200" CorrectValue="toute" InitValue="" /> heure du jour et de la nuit.
        </Noop>
      <Noop>
          C’est <GapFill id="g452" Width="200" CorrectValue="toute" InitValue="" /> une histoire. – Allez, racontez!
        </Noop>
      <Noop>
          Il a passé <GapFill id="g501" Width="200" CorrectValue="tout" InitValue="" /> son week-end à lire «Internet pour les nuls» et il a <GapFill id="g502" Width="200" CorrectValue="tout" InitValue="" /> compris.
        </Noop>
    </ListGroup>
  </div>
  <div class="row">
    <div class="col-md-3 ">
      <img src="/schools/eaimgmp3/french2/img/coursebook/lesson03/page26/03_024_oben.gif" />
    </div>
    <div class="col-md-9 ">
      <div class="panel panel-info">
        <div class="panel-heading">
          <h3>Tout</h3>
        </div>
        <div class="panel-body">
          <p>
            {{Ttrans}}
          </p>
        </div>
      </div>
    </div>
  </div>
  <info title="Tout, toute, tous, toutes" instrTitle="Complétez les phrases par le pronom tout." instrs="FILLING_IN" />
</Page>