﻿<?xml version="1.0" encoding="utf-8"?>
<Page id="hufex2_l03_b07">
  <p>
    <a href="http://www.langmaster.cz/comcz/French2/l03/b/hufex2_l03_b07.htm">/French2/l03/b/hufex2_l03_b07.htm</a>
    <br />
    <a href="http://www.langmaster.cz/comcz/French2/l03/b/home.htm">
                            cvičení 6</a>
  </p>
  <div>
    <img src="/schools/eaimgmp3/french2/img/coursebook/lesson03/page26/c205h0009.jpg" />
  </div>
  <div>
    <div>
      <table class="table c-table">
        <tr>
          <td>
            <b>
                {{Ttrans}}:
              </b>
            <br />
              On lui demande son chemin dans la rue.<br /><GapFill id="g284" CorrectValue="au passant" InitValue="au passant" /></td>
        </tr>
      </table>
    </div>
    <ListGroup IsStriped="true">
      <Noop>
          Le guide leur fait visiter la ville.<br /><GapFill id="g384" Width="200" CorrectValue="aux touristes" InitValue="" /></Noop>
      <Noop>
          Il lui offre un diamant pour leur anniversaire de mariage.<br /><GapFill id="g482" Width="200" CorrectValue="à sa femme" InitValue="" /></Noop>
      <Noop>
          On leur recommande d’être prudents sur les routes.<br /><GapFill id="g580" Width="200" CorrectValue="aux automobilistes" InitValue="" /></Noop>
      <Noop>
          On lui montre son billet dans le train.<br /><GapFill id="g678" Width="200" CorrectValue="au contrôleur" InitValue="" /></Noop>
      <Noop>
          Le directeur leur paie le champagne pour la nouvelle année.<br /><GapFill id="g776" Width="200" CorrectValue="aux employés" InitValue="" /></Noop>
      <Noop>
          Le professeur leur explique la grammaire.<br /><GapFill id="g874" Width="200" CorrectValue="aux élèves" InitValue="" /></Noop>
      <Noop>
          On lui téléphone quand on est malade.<br /><GapFill id="g972" Width="200" CorrectValue="au docteur" InitValue="" /></Noop>
      <Noop>
          Les petits enfants lui écrivent pour Noël.<br /><GapFill id="g1070" Width="200" CorrectValue="au père Noël" InitValue="" /></Noop>
    </ListGroup>
  </div>
  <info title="Devinettes" instrTitle="Devinez de qui ou quoi on parle." instrs="FILLING_IN" />
</Page>