﻿<?xml version="1.0" encoding="utf-8"?>
<Page id="hufex2_l03_b08">
  <p>
    <a href="http://www.langmaster.cz/comcz/French2/l03/b/hufex2_l03_b08.htm">/French2/l03/b/hufex2_l03_b08.htm</a>
    <br />
    <a href="http://www.langmaster.cz/comcz/French2/l03/b/home.htm">
                            cvičení 7</a>
  </p>
  <div class="row">
    <div class="col-md-3 ">
      <img src="/schools/eaimgmp3/french2/img/homestudy/lesson03/page122/1818h0016.jpg" />
    </div>
    <div class="col-md-9 ">
      <div>
        <table class="table c-table">
          <tr>
            <td>
              <b>
                  {{Ttrans}}:
                </b>
              <br />
                Ecris à tes parents!<br /><GapFill id="g284" CorrectValue="Ecris-leur!" InitValue="Ecris-leur!" /></td>
          </tr>
        </table>
      </div>
      <ListGroup IsStriped="true">
        <Noop>
            N’oublie pas ta clé!<br /><GapFill id="g384" Width="200" CorrectValue="Ne l’oublie pas!" InitValue="" /></Noop>
        <Noop>
            Téléphone au dentiste!<br /><GapFill id="g482" Width="200" CorrectValue="Téléphone-lui!" InitValue="" /></Noop>
        <Noop>
            Ne parle pas à ces gens!<br /><GapFill id="g580" Width="200" CorrectValue="Ne leur parle pas!" InitValue="" /></Noop>
        <Noop>
            Mange tes spaghettis!<br /><GapFill id="g678" Width="200" CorrectValue="Mange-les!" InitValue="" /></Noop>
        <Noop>
            N’achète pas ces lunettes!<br /><GapFill id="g776" Width="200" CorrectValue="Ne les achète pas!" InitValue="" /></Noop>
        <Noop>
            Demandez à la serveuse!<br /><GapFill id="g874" Width="200" CorrectValue="Demandez-lui!" InitValue="" /></Noop>
        <Noop>
            Lisez cet excellent roman policier!<br /><GapFill id="g972" Width="200" CorrectValue="Lisez-le!" InitValue="" /></Noop>
        <Noop>
            Pense à remercier Sophie!<br /><GapFill id="g1070" Width="200" CorrectValue="Pense à la remercier!" InitValue="" /></Noop>
        <Noop>
            Aide ton frère à faire ses exercices!<br /><GapFill id="g1168" Width="200" CorrectValue="Aide-le à faire ses exercices!|Aide-le!" InitValue="" /></Noop>
      </ListGroup>
    </div>
  </div>
  <info title="Les pronoms personnels" instrTitle="Employez dans les phrases les pronoms personnels qui conviennent." instrs="FILLING_IN" />
</Page>