﻿<?xml version="1.0" encoding="utf-8"?>
<Page id="hufex2_l03_b09">
  <p>
    <a href="http://www.langmaster.cz/comcz/French2/l03/b/hufex2_l03_b09.htm">/French2/l03/b/hufex2_l03_b09.htm</a>
    <br />
    <a href="http://www.langmaster.cz/comcz/French2/l03/b/home.htm">
                            cvičení 8</a>
  </p>
  <div class="row">
    <div class="col-md-3 ">
      <img src="/schools/eaimgmp3/french2/img/homestudy/lesson03/page122/1388h0007.jpg" />
    </div>
    <div class="col-md-9 ">
      <i>
        <table class="table table-bordered c-table">
          <tr>
            <td>Chère Edith,</td>
          </tr>
          <tr>
            <td>
              Je <GapFill id="g200" Width="200" CorrectValue="t’" InitValue="" /> écris pour <GapFill id="g201" Width="200" CorrectValue="t’" InitValue="" /> annoncer une nouvelle formidable.
            </td>
          </tr>
          <tr>
            <td>
              Tu <GapFill id="g248" Width="200" CorrectValue="te" InitValue="" /> souviens de la petite annonce? Le brun? Ça y est, ça marche! Au fait, il <GapFill id="g249" Width="200" CorrectValue="s’" InitValue="" /> appelle Jean-Louis. Depuis notre première rencontre, il a téléphoné plusieurs fois. Il <GapFill id="g250" Width="200" CorrectValue="m’" InitValue="" /> a même invitée, à Biarritz, pour son anniversaire. Je <GapFill id="g251" Width="200" CorrectValue="lui" InitValue="" /> ai offert le dernier Goncourt. Il <GapFill id="g252" Width="200" CorrectValue="m’" InitValue="" /> a présentée à tous ses amis.
            </td>
          </tr>
          <tr>
            <td>
              J’ai parlé de Jean-Louis à mes parents et je <GapFill id="g299" Width="200" CorrectValue="leur" InitValue="" /> ai montré sa photo. Ils <GapFill id="g300" Width="200" CorrectValue="le" InitValue="" /> trouvent très bien et <GapFill id="g301" Width="200" CorrectValue="nous" InitValue="" /> invitent à dîner chez <GapFill id="g302" Width="200" CorrectValue="eux" InitValue="" /> le week-end prochain. Jean-Louis <GapFill id="g303" Width="200" CorrectValue="m’" InitValue="" /> a proposé de partir une semaine en vacances avec <GapFill id="g304" Width="200" CorrectValue="lui." InitValue="" /> Je ne <GapFill id="g305" Width="200" CorrectValue="lui" InitValue="" /> ai pas encore donné de réponse définitive. Finalement, je crois que je vais dire oui. Il <GapFill id="g306" Width="200" CorrectValue="me" InitValue="" /> plaît et j’ai l’impression que je <GapFill id="g307" Width="200" CorrectValue="lui" InitValue="" /> plais aussi.
            </td>
          </tr>
          <tr>
            <td>
              Je <GapFill id="g354" Width="200" CorrectValue="te" InitValue="" /> souhaite un bon séjour en Corse.
            </td>
          </tr>
          <tr>
            <td>Bises</td>
          </tr>
          <tr>
            <td>Sophie</td>
          </tr>
        </table>
      </i>
    </div>
  </div>
  <info title="La lettre" instrTitle="Voici la lettre de Sophie. Complétez-la avec les pronoms." instrs="FILLING_IN" />
</Page>