﻿<?xml version="1.0" encoding="utf-8"?>
<Module title="Chapitre B">
   <Ex id="hufex2_l03_b02"
       title="Tout, toute, tous, toutes"
       instr="Complétez les phrases par le pronom tout."
       tech_instr="FILLING_IN">
      <p>
         <a target="_blank"
            href="http://www.langmaster.cz/comcz/French2/l03/b/hufex2_l03_b02.htm">/French2/l03/b/hufex2_l03_b02.htm</a>
         <br/>
         <a target="_blank"
            href="http://www.langmaster.cz/comcz/French2/l03/b/home.htm">
                            cvičení 1</a>
      </p>
      <div>
         <ListGroup IsStriped="true">
            <Noop>
          Je lis Géo <GapFill id="g155" CorrectValue="tous" Width="200"/> les mois parce que <GapFill id="g156" CorrectValue="toutes" Width="200"/> les photos sont de bonne qualité.
        </Noop>
            <Noop>
          Alexis, c’est <GapFill id="g205" CorrectValue="tout" Width="200"/> le portrait de son père.
        </Noop>
            <Noop>
          Nous avons passé <GapFill id="g254" CorrectValue="toutes" Width="200"/> nos vacances en Bretagne et il a fait beau <GapFill id="g255" CorrectValue="tout" Width="200"/> le temps.
        </Noop>
            <Noop>
          Pour mon anniversaire, j’ai invité <GapFill id="g304" CorrectValue="tous" Width="200"/> mes amis. <GapFill id="g305" CorrectValue="Tout" Width="200"/> le monde est venu.
        </Noop>
            <Noop>
          Ne vous dépêchez pas ! J’ai <GapFill id="g354" CorrectValue="tout" Width="200"/> mon temps.
        </Noop>
            <Noop>
          Chez Pizza Quick, on peut commander des pizzas à <GapFill id="g403" CorrectValue="toute" Width="200"/> heure du jour et de la nuit.
        </Noop>
            <Noop>
          C’est <GapFill id="g452" CorrectValue="toute" Width="200"/> une histoire. – Allez, racontez!
        </Noop>
            <Noop>
          Il a passé <GapFill id="g501" CorrectValue="tout" Width="200"/> son week-end à lire «Internet pour les nuls» et il a <GapFill id="g502" CorrectValue="tout" Width="200"/> compris.
        </Noop>
         </ListGroup>
      </div>
      <div class="row">
         <div class="col-md-3 ">
            <img src="/schools/eaimgmp3/french2/img/coursebook/lesson03/page26/03_024_oben.gif"/>
         </div>
         <div class="col-md-9 ">
            <div class="panel panel-info">
               <div class="panel-heading">
                  <h3>Tout</h3>
               </div>
               <div class="panel-body">
                  <p>
            {{Ttrans}}
          </p>
               </div>
            </div>
         </div>
      </div>
   </Ex>
   <Ex id="hufex2_l03_b03"
       title="Quel prétentieux!"
       instr="Il sait tout. Complétez les phrases avec le pronom ou adjectif tout, toute, tous, toutes."
       tech_instr="FILLING_IN">
      <p>
         <a target="_blank"
            href="http://www.langmaster.cz/comcz/French2/l03/b/hufex2_l03_b03.htm">/French2/l03/b/hufex2_l03_b03.htm</a>
         <br/>
         <a target="_blank"
            href="http://www.langmaster.cz/comcz/French2/l03/b/home.htm">
                            cvičení 2</a>
      </p>
      <div class="row">
         <div class="col-md-3 ">
            <img src="/schools/eaimgmp3/french2/img/coursebook/lesson03/page24/1837h0105.jpg"/>
         </div>
         <div class="col-md-9 ">
            <table class="table table-bordered c-table">
               <tr>
                  <td>
            Il connaît <GapFill id="g156" CorrectValue="tout" Width="200"/> le monde.
          </td>
               </tr>
               <tr>
                  <td>
            Il a vu <GapFill id="g205" CorrectValue="tous" Width="200"/> les films de Woody Allen.
          </td>
               </tr>
               <tr>
                  <td>
            Il a voyagé dans <GapFill id="g254" CorrectValue="toute" Width="200"/> la France.
          </td>
               </tr>
               <tr>
                  <td>
            Il parle <GapFill id="g303" CorrectValue="toutes" Width="200"/> les langues européennes.
          </td>
               </tr>
               <tr>
                  <td>
            Il mange à «La Tour d’Argent» <GapFill id="g352" CorrectValue="tous" Width="200"/> les dimanches.
          </td>
               </tr>
               <tr>
                  <td>
            Il a lu <GapFill id="g401" CorrectValue="tous" Width="200"/> les prix Goncourt.
          </td>
               </tr>
               <tr>
                  <td>
            Il va voir <GapFill id="g450" CorrectValue="toutes" Width="200"/> les expositions au Grand Palais.
          </td>
               </tr>
               <tr>
                  <td>
            Il m’a raconté <GapFill id="g499" CorrectValue="tous" Width="200"/> ses exploits sportifs.
          </td>
               </tr>
               <tr>
                  <td>
            Il a parlé <GapFill id="g548" CorrectValue="tout" Width="200"/> le temps!
          </td>
               </tr>
               <tr>
                  <td>
            Il m’a gâché <GapFill id="g597" CorrectValue="toute" Width="200"/> ma soirée!
          </td>
               </tr>
            </table>
         </div>
      </div>
   </Ex>
   <Ex id="hufex2_l03_b04"
       title="Le présent progressif 1"
       instr="Répondez aux questions en utilisant le présent progressif et en remplaçant les substantifs par les pronoms."
       tech_instr="CORRECTION">
      <p>
         <a target="_blank"
            href="http://www.langmaster.cz/comcz/French2/l03/b/hufex2_l03_b04.htm">/French2/l03/b/hufex2_l03_b04.htm</a>
         <br/>
         <a target="_blank"
            href="http://www.langmaster.cz/comcz/French2/l03/b/home.htm">
                            cvičení 3</a>
      </p>
      <div>
         <img src="/schools/eaimgmp3/french2/img/coursebook/lesson03/page26/03_024_mitte.gif"/>
      </div>
      <div>
         <table class="table table-bordered c-table">
            <tr>
               <td>
          Tu as vu mon pantalon rose? - Oui, je <GapFill id="g281"
                           CorrectValue="suis en train de le repasser"
                           InitValue="repasser"
                           Width="200"/>.
        </td>
            </tr>
            <tr>
               <td>
          Tu as acheté le journal? - Oui, je <GapFill id="g330"
                           CorrectValue="suis en train de le lire"
                           InitValue="lire"
                           Width="200"/>.
        </td>
            </tr>
            <tr>
               <td>
          La machine à laver est en panne? - Oui, mais on <GapFill id="g379"
                           CorrectValue="est en train de la réparer"
                           InitValue="réparer"
                           Width="200"/>.
        </td>
            </tr>
            <tr>
               <td>
          Vous avez retrouvé mes lunettes? - Non, mais nous <GapFill id="g428"
                           CorrectValue="sommes en train de les chercher"
                           InitValue="chercher"
                           Width="200"/>.
        </td>
            </tr>
            <tr>
               <td>
          Je peux parler à ta maman? - Non, elle <GapFill id="g477"
                           CorrectValue="est en train de faire les courses"
                           InitValue="faire les courses"
                           Width="200"/>.
        </td>
            </tr>
            <tr>
               <td>
          Les Maugain habitent toujours rue de la Liberté? – Non, ils <GapFill id="g526"
                           CorrectValue="sont en train de déménager"
                           InitValue="déménager"
                           Width="200"/>.
        </td>
            </tr>
            <tr>
               <td>
          Vous savez vous servir d’un ordinateur? – Non, mais nous <GapFill id="g575"
                           CorrectValue="sommes en train d’apprendre"
                           InitValue="apprendre"
                           Width="200"/>.
        </td>
            </tr>
         </table>
      </div>
      <div class="col-md-6">
         <div class="panel panel-info">
            <div class="panel-body">
               <p>
          {{Ttrans}}
        </p>
            </div>
         </div>
      </div>
   </Ex>
   <Ex id="hufex2_l03_b05"
       title="Le présent progressif 2"
       instr="Complétez les phrases suivantes en utilisant le présent progressif et en remplaçant les substantifs par les pronoms."
       tech_instr="CORRECTION">
      <p>
         <a target="_blank"
            href="http://www.langmaster.cz/comcz/French2/l03/b/hufex2_l03_b05.htm">/French2/l03/b/hufex2_l03_b05.htm</a>
         <br/>
         <a target="_blank"
            href="http://www.langmaster.cz/comcz/French2/l03/b/home.htm">
                            cvičení 4</a>
      </p>
      <div>
         <img src="/schools/eaimgmp3/french2/img/homestudy/lesson03/page121/1608h0022.jpg"/>
      </div>
      <div>
         <div>
            <table class="table c-table">
               <tr>
                  <td>
                     <b>{{Ttrans}}:</b>
                     <br/>
              Je peux parler à Julien? - Non, il <GapFill id="g199"
                              CorrectValue="est en train de faire la sieste"
                              InitValue="est en train de faire la sieste"
                              Example="true"/>.
            </td>
               </tr>
            </table>
         </div>
         <table class="table table-bordered c-table">
            <tr>
               <td>
          Vous savez surfer sur Internet? - Non, mais je <GapFill id="g251"
                           CorrectValue="suis en train d’apprendre"
                           InitValue="apprendre"
                           Width="200"/>.
        </td>
            </tr>
            <tr>
               <td>
          Vous avez fini le dernier Goncourt? - Non, mais je <GapFill id="g300"
                           CorrectValue="suis en train de le lire"
                           InitValue="lire"
                           Width="200"/>.
        </td>
            </tr>
            <tr>
               <td>
          Vous connaissez toutes les librairies du quartier? - Non, mais je <GapFill id="g349"
                           CorrectValue="suis en train de les découvrir"
                           InitValue="découvrir"
                           Width="200"/>.
        </td>
            </tr>
            <tr>
               <td>
          Vous avez déjà choisi votre prochaine voiture? - Non, mais nous <GapFill id="g398"
                           CorrectValue="sommes en train de faire notre choix"
                           InitValue="faire son choix"
                           Width="200"/>.
        </td>
            </tr>
            <tr>
               <td>
          Les informations sont terminées? - Non, je <GapFill id="g447"
                           CorrectValue="suis en train de les regarder"
                           InitValue="regarder"
                           Width="200"/>.
        </td>
            </tr>
            <tr>
               <td>
          Il a fini le texte de la petite annonce? - Non, il <GapFill id="g496"
                           CorrectValue="est en train de l’écrire"
                           InitValue="écrire"
                           Width="200"/>.
        </td>
            </tr>
         </table>
      </div>
   </Ex>
   <Ex id="hufex2_l03_b06"
       title="Les pronoms compléments d’object indirect"
       instr="Complétez le dialogue par les pronoms qui manquent."
       tech_instr="FILLING_IN">
      <p>
         <a target="_blank"
            href="http://www.langmaster.cz/comcz/French2/l03/b/hufex2_l03_b06.htm">/French2/l03/b/hufex2_l03_b06.htm</a>
         <br/>
         <a target="_blank"
            href="http://www.langmaster.cz/comcz/French2/l03/b/home.htm">
                            cvičení 5</a>
      </p>
      <div class="row">
         <div class="col-md-5 ">
            <img src="/schools/eaimgmp3/french2/img/coursebook/lesson03/page27/03_025_07a.gif"/>
         </div>
         <div class="col-md-7 ">
            <div class="panel panel-info">
               <div class="panel-body">
                  <table class="table c-table">
                     <tr>
                        <td>
                           <p>
                  me
                </p>
                           <p>
                  te
                </p>
                           <p>
                  lui
                </p>
                        </td>
                        <td>
                           <p>
                  nous
                </p>
                           <p>
                  vous
                </p>
                           <p>
                  leur
                </p>
                        </td>
                     </tr>
                  </table>
               </div>
            </div>
         </div>
      </div>
      <div>
         <MediaDialog id="E65" IsPassive="true">
            <SndReplica Name="A">
               <SndSent>
          Bonjour, Monsieur. Nos lecteurs ont quelques questions à </SndSent>
               <SndSent>
                  <GapFill id="g167" CorrectValue="vous"/>
               </SndSent>
               <SndSent> poser. Je commence. Comment avez-vous fait la connaissance d’Internet?
        </SndSent>
            </SndReplica>
            <SndReplica Name="B">
               <SndSent>
          Je vais tout </SndSent>
               <SndSent>
                  <GapFill id="g174" CorrectValue="vous"/>
               </SndSent>
               <SndSent> raconter. D’abord, ma femme </SndSent>
               <SndSent>
                  <GapFill id="g175" CorrectValue="m’"/>
               </SndSent>
               <SndSent> a acheté «Internet pour nuls», puis mes enfants </SndSent>
               <SndSent>
                  <GapFill id="g176" CorrectValue="m’"/>
               </SndSent>
               <SndSent> ont offert un ordinateur et mes petits-enfants </SndSent>
               <SndSent>
                  <GapFill id="g177" CorrectValue="m’"/>
               </SndSent>
               <SndSent> ont appris à le faire marcher.
        </SndSent>
            </SndReplica>
            <SndReplica Name="A">
               <SndSent>
          lls </SndSent>
               <SndSent>
                  <GapFill id="g184" CorrectValue="vous"/>
               </SndSent>
               <SndSent> ont tout expliqué ?
        </SndSent>
            </SndReplica>
            <SndReplica Name="B">
               <SndSent>
          Oui. Nous </SndSent>
               <SndSent>
                  <GapFill id="g191" CorrectValue="nous"/>
               </SndSent>
               <SndSent> parlons souvent, vous savez. Je peux </SndSent>
               <SndSent>
                  <GapFill id="g192" CorrectValue="leur"/>
               </SndSent>
               <SndSent> demander de </SndSent>
               <SndSent>
                  <GapFill id="g193" CorrectValue="m’"/>
               </SndSent>
               <SndSent> expliquer encore une fois, si je n’ai pas compris. Ou bien je </SndSent>
               <SndSent>
                  <GapFill id="g194" CorrectValue="leur"/>
               </SndSent>
               <SndSent> téléphone, ils viennent et </SndSent>
               <SndSent>
                  <GapFill id="g195" CorrectValue="me"/>
               </SndSent>
               <SndSent> montrent comment faire.
        </SndSent>
            </SndReplica>
            <SndReplica Name="A">
               <SndSent>Vous connaissez beaucoup d’autres internautes?</SndSent>
            </SndReplica>
            <SndReplica Name="B">
               <SndSent>
          Oui. Tenez, par exemple, je </SndSent>
               <SndSent>
                  <GapFill id="g208" CorrectValue="me"/>
               </SndSent>
               <SndSent> suis fait un ami au Canada. Je </SndSent>
               <SndSent>
                  <GapFill id="g209" CorrectValue="lui"/>
               </SndSent>
               <SndSent> parle au moins une fois par semaine, il </SndSent>
               <SndSent>
                  <GapFill id="g210" CorrectValue="me"/>
               </SndSent>
               <SndSent> répond, nous communiquons.
        </SndSent>
            </SndReplica>
            <SndReplica Name="A">
               <SndSent>
          Je vous remercie et permettez-moi de </SndSent>
               <SndSent>
                  <GapFill id="g217" CorrectValue="vous"/>
               </SndSent>
               <SndSent> souhaiter bonne chance!
        </SndSent>
            </SndReplica>
         </MediaDialog>
      </div>
      <div class="row">
         <div class="col-md-3 ">
            <div class="panel panel-info">
               <div class="panel-heading">
                  <h3>Attention!</h3>
               </div>
               <div class="panel-body">
                  <p>
            téléphoner à, parler à
          </p>
               </div>
            </div>
         </div>
         <div class="col-md-3 ">
            <div class="panel panel-info">
               <div class="panel-heading">
                  <h3>Attention!</h3>
               </div>
               <div class="panel-body">
                  <p>
            Permettez-moi de...
          </p>
                  <p>
            Ne <b>me</b> réponds pas sur ce ton!
          </p>
               </div>
            </div>
         </div>
      </div>
   </Ex>
   <Ex id="hufex2_l03_b07"
       title="Devinettes"
       instr="Devinez de qui ou quoi on parle."
       tech_instr="FILLING_IN">
      <p>
         <a target="_blank"
            href="http://www.langmaster.cz/comcz/French2/l03/b/hufex2_l03_b07.htm">/French2/l03/b/hufex2_l03_b07.htm</a>
         <br/>
         <a target="_blank"
            href="http://www.langmaster.cz/comcz/French2/l03/b/home.htm">
                            cvičení 6</a>
      </p>
      <div>
         <img src="/schools/eaimgmp3/french2/img/coursebook/lesson03/page26/c205h0009.jpg"/>
      </div>
      <div>
         <div>
            <table class="table c-table">
               <tr>
                  <td>
                     <b>
                {{Ttrans}}:
              </b>
                     <br/>
              On lui demande son chemin dans la rue.<br/>
                     <GapFill id="g284"
                              CorrectValue="au passant"
                              InitValue="au passant"
                              Example="true"/>
                  </td>
               </tr>
            </table>
         </div>
         <ListGroup IsStriped="true">
            <Noop>
          Le guide leur fait visiter la ville.<br/>
               <GapFill id="g384" CorrectValue="aux touristes" Width="200"/>
            </Noop>
            <Noop>
          Il lui offre un diamant pour leur anniversaire de mariage.<br/>
               <GapFill id="g482" CorrectValue="à sa femme" Width="200"/>
            </Noop>
            <Noop>
          On leur recommande d’être prudents sur les routes.<br/>
               <GapFill id="g580" CorrectValue="aux automobilistes" Width="200"/>
            </Noop>
            <Noop>
          On lui montre son billet dans le train.<br/>
               <GapFill id="g678" CorrectValue="au contrôleur" Width="200"/>
            </Noop>
            <Noop>
          Le directeur leur paie le champagne pour la nouvelle année.<br/>
               <GapFill id="g776" CorrectValue="aux employés" Width="200"/>
            </Noop>
            <Noop>
          Le professeur leur explique la grammaire.<br/>
               <GapFill id="g874" CorrectValue="aux élèves" Width="200"/>
            </Noop>
            <Noop>
          On lui téléphone quand on est malade.<br/>
               <GapFill id="g972" CorrectValue="au docteur" Width="200"/>
            </Noop>
            <Noop>
          Les petits enfants lui écrivent pour Noël.<br/>
               <GapFill id="g1070" CorrectValue="au père Noël" Width="200"/>
            </Noop>
         </ListGroup>
      </div>
   </Ex>
   <Ex id="hufex2_l03_b08"
       title="Les pronoms personnels"
       instr="Employez dans les phrases les pronoms personnels qui conviennent."
       tech_instr="FILLING_IN">
      <p>
         <a target="_blank"
            href="http://www.langmaster.cz/comcz/French2/l03/b/hufex2_l03_b08.htm">/French2/l03/b/hufex2_l03_b08.htm</a>
         <br/>
         <a target="_blank"
            href="http://www.langmaster.cz/comcz/French2/l03/b/home.htm">
                            cvičení 7</a>
      </p>
      <div class="row">
         <div class="col-md-3 ">
            <img src="/schools/eaimgmp3/french2/img/homestudy/lesson03/page122/1818h0016.jpg"/>
         </div>
         <div class="col-md-9 ">
            <div>
               <table class="table c-table">
                  <tr>
                     <td>
                        <b>
                  {{Ttrans}}:
                </b>
                        <br/>
                Ecris à tes parents!<br/>
                        <GapFill id="g284"
                                 CorrectValue="Ecris-leur!"
                                 InitValue="Ecris-leur!"
                                 Example="true"/>
                     </td>
                  </tr>
               </table>
            </div>
            <ListGroup IsStriped="true">
               <Noop>
            N’oublie pas ta clé!<br/>
                  <GapFill id="g384" CorrectValue="Ne l’oublie pas!" Width="200"/>
               </Noop>
               <Noop>
            Téléphone au dentiste!<br/>
                  <GapFill id="g482" CorrectValue="Téléphone-lui!" Width="200"/>
               </Noop>
               <Noop>
            Ne parle pas à ces gens!<br/>
                  <GapFill id="g580" CorrectValue="Ne leur parle pas!" Width="200"/>
               </Noop>
               <Noop>
            Mange tes spaghettis!<br/>
                  <GapFill id="g678" CorrectValue="Mange-les!" Width="200"/>
               </Noop>
               <Noop>
            N’achète pas ces lunettes!<br/>
                  <GapFill id="g776" CorrectValue="Ne les achète pas!" Width="200"/>
               </Noop>
               <Noop>
            Demandez à la serveuse!<br/>
                  <GapFill id="g874" CorrectValue="Demandez-lui!" Width="200"/>
               </Noop>
               <Noop>
            Lisez cet excellent roman policier!<br/>
                  <GapFill id="g972" CorrectValue="Lisez-le!" Width="200"/>
               </Noop>
               <Noop>
            Pense à remercier Sophie!<br/>
                  <GapFill id="g1070" CorrectValue="Pense à la remercier!" Width="200"/>
               </Noop>
               <Noop>
            Aide ton frère à faire ses exercices!<br/>
                  <GapFill id="g1168"
                           CorrectValue="Aide-le à faire ses exercices!|Aide-le!"
                           Width="200"/>
               </Noop>
            </ListGroup>
         </div>
      </div>
   </Ex>
   <Ex id="hufex2_l03_b09"
       title="La lettre"
       instr="Voici la lettre de Sophie. Complétez-la avec les pronoms."
       tech_instr="FILLING_IN">
      <p>
         <a target="_blank"
            href="http://www.langmaster.cz/comcz/French2/l03/b/hufex2_l03_b09.htm">/French2/l03/b/hufex2_l03_b09.htm</a>
         <br/>
         <a target="_blank"
            href="http://www.langmaster.cz/comcz/French2/l03/b/home.htm">
                            cvičení 8</a>
      </p>
      <div class="row">
         <div class="col-md-3 ">
            <img src="/schools/eaimgmp3/french2/img/homestudy/lesson03/page122/1388h0007.jpg"/>
         </div>
         <div class="col-md-9 ">
            <i>
               <table class="table table-bordered c-table">
                  <tr>
                     <td>Chère Edith,</td>
                  </tr>
                  <tr>
                     <td>
              Je <GapFill id="g200" CorrectValue="t’" Width="200"/> écris pour <GapFill id="g201" CorrectValue="t’" Width="200"/> annoncer une nouvelle formidable.
            </td>
                  </tr>
                  <tr>
                     <td>
              Tu <GapFill id="g248" CorrectValue="te" Width="200"/> souviens de la petite annonce? Le brun? Ça y est, ça marche! Au fait, il <GapFill id="g249" CorrectValue="s’" Width="200"/> appelle Jean-Louis. Depuis notre première rencontre, il a téléphoné plusieurs fois. Il <GapFill id="g250" CorrectValue="m’" Width="200"/> a même invitée, à Biarritz, pour son anniversaire. Je <GapFill id="g251" CorrectValue="lui" Width="200"/> ai offert le dernier Goncourt. Il <GapFill id="g252" CorrectValue="m’" Width="200"/> a présentée à tous ses amis.
            </td>
                  </tr>
                  <tr>
                     <td>
              J’ai parlé de Jean-Louis à mes parents et je <GapFill id="g299" CorrectValue="leur" Width="200"/> ai montré sa photo. Ils <GapFill id="g300" CorrectValue="le" Width="200"/> trouvent très bien et <GapFill id="g301" CorrectValue="nous" Width="200"/> invitent à dîner chez <GapFill id="g302" CorrectValue="eux" Width="200"/> le week-end prochain. Jean-Louis <GapFill id="g303" CorrectValue="m’" Width="200"/> a proposé de partir une semaine en vacances avec <GapFill id="g304" CorrectValue="lui." Width="200"/> Je ne <GapFill id="g305" CorrectValue="lui" Width="200"/> ai pas encore donné de réponse définitive. Finalement, je crois que je vais dire oui. Il <GapFill id="g306" CorrectValue="me" Width="200"/> plaît et j’ai l’impression que je <GapFill id="g307" CorrectValue="lui" Width="200"/> plais aussi.
            </td>
                  </tr>
                  <tr>
                     <td>
              Je <GapFill id="g354" CorrectValue="te" Width="200"/> souhaite un bon séjour en Corse.
            </td>
                  </tr>
                  <tr>
                     <td>Bises</td>
                  </tr>
                  <tr>
                     <td>Sophie</td>
                  </tr>
               </table>
            </i>
         </div>
      </div>
   </Ex>
</Module>
