﻿<?xml version="1.0" encoding="utf-8"?>
<Page id="hufex1_l03_c05">
  <p>
    <a href="http://www.langmaster.cz/comcz/French1/l03/c/hufex1_l03_c05.htm">/French1/l03/c/hufex1_l03_c05.htm</a>
    <br />
    <a href="http://www.langmaster.cz/comcz/French1/l03/c/home.htm">
                            cvičení 5</a>
  </p>
  <div class="row">
    <div class="col-md-3 ">
      <img src="/schools/eaimgmp3/french1/img/homestudy/lesson03/page107/1621h0080.gif" />
    </div>
    <div class="col-md-9 ">
      <b>
          {{Ttrans}}
        </b>
      <br />
        l’amour: <GapFill id="g199" Width="200" CorrectValue="aimer" InitValue="aimer" /><table class="table table-bordered c-table"><tr><td class=" middle">
              chanter: <GapFill id="g251" Width="200" CorrectValue="la chanson|une chanson|le chanteur|un chanteur|la chanteuse|une chanteuse" InitValue="" /></td></tr><tr><td class=" middle">
              skier: <GapFill id="g306" Width="200" CorrectValue="le ski" InitValue="" /></td></tr><tr><td class=" middle">
              téléphoner: <GapFill id="g355" Width="200" CorrectValue="le téléphone|un téléphone" InitValue="" /></td></tr><tr><td class=" middle">
              la danse: <GapFill id="g406" Width="200" CorrectValue="danser|le danseur|un danseur|la danseuse|une danseuse" InitValue="" /></td></tr><tr><td class=" middle">
              un sportif: <GapFill id="g460" Width="200" CorrectValue="le sport|une sportive|un sport|la sportive" InitValue="" /></td></tr><tr><td class=" middle">
              un fleuriste: <GapFill id="g513" Width="200" CorrectValue="la fleur|une fleuriste|une fleur|la fleuriste" InitValue="" /></td></tr><tr><td class=" middle">
              un musicien: <GapFill id="g566" Width="200" CorrectValue="la musique|une musicienne|une musique|la musicienne" InitValue="" /></td></tr><tr><td class=" middle">
              un cinéaste: <GapFill id="g619" Width="200" CorrectValue="le cinéma|un cinéma" InitValue="" /></td></tr></table></div>
  </div>
  <info title="Maintenant à vous de découvrir!" instrTitle="{{Ahtmltitle}}" instrs="FILLING_IN" />
</Page>