﻿<?xml version="1.0" encoding="utf-8"?>
<Page id="hufex1_l03_c07">
  <p>
    <a href="http://www.langmaster.cz/comcz/French1/l03/c/hufex1_l03_c07.htm">/French1/l03/c/hufex1_l03_c07.htm</a>
    <br />
    <a href="http://www.langmaster.cz/comcz/French1/l03/c/home.htm">
                            cvičení 7</a>
  </p>
  <div class="row">
    <div class="col-md-2 ">
      <img src="/schools/eaimgmp3/french1/img/vocabulary/lesson03/page16/0413h0005.jpg" />
    </div>
    <div class="col-md-10 ">
      <table class="table table-bordered c-table">
        <tr>
          <td>
            <MacroListWordOrdering Width="600-800"><![CDATA[
m’appelle|Christine|Je
Je m’appelle Christine]]></MacroListWordOrdering>
          </td>
        </tr>
        <tr>
          <td>
            <MacroListWordOrdering Width="600-800"><![CDATA[
et|j’habite|architecte|suis|Je|Lyon|à
Je suis architecte et j’habite à Lyon]]></MacroListWordOrdering>
          </td>
        </tr>
        <tr>
          <td>
            <MacroListWordOrdering Width="600-800"><![CDATA[
musique|beaucoup|l’opéra|J’aime|j’adore|la|et
J’aime beaucoup la musique et j’adore l’opéra]]></MacroListWordOrdering>
          </td>
        </tr>
        <tr>
          <td>
            <MacroListWordOrdering Width="600-800"><![CDATA[
Je|dynamique|suis
Je suis dynamique]]></MacroListWordOrdering>
          </td>
        </tr>
        <tr>
          <td>
            <MacroListWordOrdering Width="600-800"><![CDATA[
n’aime|les|du|pas|Je|chats|tout
Je n’aime pas du tout les chats]]></MacroListWordOrdering>
          </td>
        </tr>
        <tr>
          <td>
            <MacroListWordOrdering Width="600-800"><![CDATA[
suis|Je|allergique
Je suis allergique]]></MacroListWordOrdering>
          </td>
        </tr>
      </table>
    </div>
  </div>
  <info title="Le texte mélangé" instrTitle="{{Ahtmltitle}}" instrs="WORD_SEQUENCING" />
</Page>