﻿<?xml version="1.0" encoding="utf-8"?>
<Module title="Chapitre C">
   <Ex id="hufex1_l03_c01"
       title="L’intonation"
       instr="{{Ahtmltitle}}"
       tech_instr="SINGLE_CHOICE SOUND_PLAYBACK">
      <p>
         <a target="_blank"
            href="http://www.langmaster.cz/comcz/French1/l03/c/hufex1_l03_c01.htm">/French1/l03/c/hufex1_l03_c01.htm</a>
         <br/>
         <a target="_blank"
            href="http://www.langmaster.cz/comcz/French1/l03/c/home.htm">
                            cvičení 1</a>
      </p>
      <div>
         <img src="/schools/eaimgmp3/french1/img/coursebook/lesson03/page25/zahnarzt.gif"/>
      </div>
      <div>
         <table class="table table-bordered c-table">
            <tr>
               <td class="c-table middle"/>
               <td>
                  <WordSelection id="o286" Words="#↑|↓"/>
               </td>
            </tr>
            <tr>
               <td class="c-table middle"/>
               <td>
                  <WordSelection id="o438" Words="↑|#↓"/>
               </td>
            </tr>
            <tr>
               <td class="c-table middle"/>
               <td>
                  <WordSelection id="o590" Words="↑|#↓"/>
               </td>
            </tr>
            <tr>
               <td class="c-table middle"/>
               <td>
                  <WordSelection id="o742" Words="#↑|↓"/>
               </td>
            </tr>
            <tr>
               <td class="c-table middle"/>
               <td>
                  <WordSelection id="o894" Words="↑|#↓"/>
               </td>
            </tr>
            <tr>
               <td class="c-table middle"/>
               <td>
                  <WordSelection id="o1046" Words="↑|#↓"/>
               </td>
            </tr>
            <tr>
               <td class="c-table middle"/>
               <td>
                  <WordSelection id="o1198" Words="#↑|↓"/>
               </td>
            </tr>
            <tr>
               <td class="c-table middle"/>
               <td>
                  <WordSelection id="o1350" Words="↑|#↓"/>
               </td>
            </tr>
            <tr>
               <td class="c-table middle"/>
               <td>
                  <WordSelection id="o1502" Words="#↑|↓"/>
               </td>
            </tr>
            <tr>
               <td class="c-table middle"/>
               <td>
                  <WordSelection id="o1654" Words="↑|#↓"/>
               </td>
            </tr>
         </table>
      </div>
      <div class="col-md-5">
         <div class="panel panel-info">
            <div class="panel-body">
               <p>
          {{Ttrans}}
          <br/>
                  <br/>
          {{Ttrans1}}
          <br/>
          {{Ttrans2}}
        </p>
            </div>
         </div>
      </div>
   </Ex>
   <Ex id="hufex1_l03_c02"
       title="La liaison"
       instr="{{Ahtmltitle}}"
       tech_instr="SOUND_PLAYBACK">
      <p>
         <a target="_blank"
            href="http://www.langmaster.cz/comcz/French1/l03/c/hufex1_l03_c02.htm">/French1/l03/c/hufex1_l03_c02.htm</a>
         <br/>
         <a target="_blank"
            href="http://www.langmaster.cz/comcz/French1/l03/c/home.htm">
                            cvičení 2</a>
      </p>
      <div class="row">
         <div class="col-md-3 ">
            <img src="/schools/eaimgmp3/french1/img/coursebook/lesson03/page25/0304h0021.jpg"/>
         </div>
         <div class="col-md-9 ">
            <MediaText id="snd0-1"
                       Url="/schools/eaimgmp3/french1wma/lesson03/hufex1_l03_c02.mp3"
                       Sequence="0-1"/>
            <br/>
            <MediaText id="snd2-3" Sequence="2-3" ContinueOf="snd0-1"/>
            <br/>
            <MediaText id="snd4-5" Sequence="4-5" ContinueOf="snd2-3"/>
            <br/>
            <MediaText id="snd6-7" Sequence="6-7" ContinueOf="snd4-5"/>
            <br/>
            <MediaText id="snd8-9" Sequence="8-9" ContinueOf="snd6-7"/>
            <br/>
            <MediaText id="snd10-11" Sequence="10-11" ContinueOf="snd8-9"/>
            <br/>
            <MediaText id="snd12-13" Sequence="12-13" ContinueOf="snd10-11"/>
            <br/>
            <MediaText id="snd14-15" Sequence="14-15" ContinueOf="snd12-13"/>
            <br/>
            <MediaText id="snd16-17" Sequence="16-17" ContinueOf="snd14-15"/>
            <br/>
            <MediaText id="snd18" Sequence="18" ContinueOf="snd16-17"/>
         </div>
      </div>
      <div class="row">
         <div class="col-md-4 ">
            <img src="/schools/eaimgmp3/french1/img/coursebook/lesson03/page25/had_komar.gif"/>
         </div>
         <div class="col-md-8 ">
            <div class="panel panel-info">
               <div class="panel-heading">
                  <h3>{{Aboxtitle}}</h3>
               </div>
               <div class="panel-body">
                  <hr/>
                  <p>
            {{Ttrans}}
          </p>
               </div>
            </div>
         </div>
      </div>
   </Ex>
   <Ex id="hufex1_l03_c03"
       title="Le poème"
       instr="{{Ahtmltitle}}"
       tech_instr="SOUND_PLAYBACK">
      <p>
         <a target="_blank"
            href="http://www.langmaster.cz/comcz/French1/l03/c/hufex1_l03_c03.htm">/French1/l03/c/hufex1_l03_c03.htm</a>
         <br/>
         <a target="_blank"
            href="http://www.langmaster.cz/comcz/French1/l03/c/home.htm">
                            cvičení 3</a>
      </p>
      <div class="row">
         <div class="col-md-4 ">
            <img src="/schools/eaimgmp3/french1/img/coursebook/lesson03/page25/schwimmendeorangen.gif"/>
         </div>
         <div class="col-md-8 ">
            <MediaText id="snd0"
                       Url="/schools/eaimgmp3/french1wma/lesson03/hufex1_l03_c03.mp3"
                       Sequence="0"/>
            <br/>
            <MediaText id="snd1" Sequence="1" ContinueOf="snd0"/>
            <br/>
            <MediaText id="snd2" Sequence="2" ContinueOf="snd1"/>
            <br/>
            <MediaText id="snd3" Sequence="3" ContinueOf="snd2"/>
            <br/>
            <MediaText id="snd4" Sequence="4" ContinueOf="snd3"/>
            <br/>
            <MediaText id="snd5" Sequence="5" ContinueOf="snd4"/>
            <br/>
            <MediaText id="snd6" Sequence="6" ContinueOf="snd5"/>
            <br/>
            <MediaText id="snd7" Sequence="7" ContinueOf="snd6"/>
            <br/>
            <MediaText id="snd8" Sequence="8" ContinueOf="snd7"/>
            <br/>
            <MediaText id="snd9" Sequence="9" ContinueOf="snd8"/>
            <br/>
            <MediaText id="snd10" Sequence="10" ContinueOf="snd9"/>
            <br/>
            <MediaText id="snd11" Sequence="11" ContinueOf="snd10"/>
         </div>
      </div>
   </Ex>
   <Ex id="hufex1_l03_c04"
       title="Mots croisés"
       instr="{{Ahtmltitle}}"
       tech_instr="FILLING_IN">
      <p>
         <a target="_blank"
            href="http://www.langmaster.cz/comcz/French1/l03/c/hufex1_l03_c04.htm">/French1/l03/c/hufex1_l03_c04.htm</a>
         <br/>
         <a target="_blank"
            href="http://www.langmaster.cz/comcz/French1/l03/c/home.htm">
                            cvičení 4</a>
      </p>
      <div>
         <img src="/schools/eaimgmp3/french1/img/homestudy/lesson03/page107/krizovka1.gif"/>
      </div>
      <div>
        TODO osmisměrka/křížovka, co s ní? ysearch
    </div>
      <div>
         <img src="/schools/eaimgmp3/french1/img/homestudy/lesson03/page107/krizovka2.gif"/>
      </div>
   </Ex>
   <Ex id="hufex1_l03_c05"
       title="Maintenant à vous de découvrir!"
       instr="{{Ahtmltitle}}"
       tech_instr="FILLING_IN">
      <p>
         <a target="_blank"
            href="http://www.langmaster.cz/comcz/French1/l03/c/hufex1_l03_c05.htm">/French1/l03/c/hufex1_l03_c05.htm</a>
         <br/>
         <a target="_blank"
            href="http://www.langmaster.cz/comcz/French1/l03/c/home.htm">
                            cvičení 5</a>
      </p>
      <div class="row">
         <div class="col-md-3 ">
            <img src="/schools/eaimgmp3/french1/img/homestudy/lesson03/page107/1621h0080.gif"/>
         </div>
         <div class="col-md-9 ">
            <b>
          {{Ttrans}}
        </b>
            <br/>
        l’amour: <GapFill id="g199"
                     CorrectValue="aimer"
                     InitValue="aimer"
                     Example="true"
                     Width="200"/>
            <table class="table table-bordered c-table">
               <tr>
                  <td class=" middle">
              chanter: <GapFill id="g251"
                              CorrectValue="la chanson|une chanson|le chanteur|un chanteur|la chanteuse|une chanteuse"
                              Width="200"/>
                  </td>
               </tr>
               <tr>
                  <td class=" middle">
              skier: <GapFill id="g306" CorrectValue="le ski" Width="200"/>
                  </td>
               </tr>
               <tr>
                  <td class=" middle">
              téléphoner: <GapFill id="g355" CorrectValue="le téléphone|un téléphone" Width="200"/>
                  </td>
               </tr>
               <tr>
                  <td class=" middle">
              la danse: <GapFill id="g406"
                              CorrectValue="danser|le danseur|un danseur|la danseuse|une danseuse"
                              Width="200"/>
                  </td>
               </tr>
               <tr>
                  <td class=" middle">
              un sportif: <GapFill id="g460"
                              CorrectValue="le sport|une sportive|un sport|la sportive"
                              Width="200"/>
                  </td>
               </tr>
               <tr>
                  <td class=" middle">
              un fleuriste: <GapFill id="g513"
                              CorrectValue="la fleur|une fleuriste|une fleur|la fleuriste"
                              Width="200"/>
                  </td>
               </tr>
               <tr>
                  <td class=" middle">
              un musicien: <GapFill id="g566"
                              CorrectValue="la musique|une musicienne|une musique|la musicienne"
                              Width="200"/>
                  </td>
               </tr>
               <tr>
                  <td class=" middle">
              un cinéaste: <GapFill id="g619" CorrectValue="le cinéma|un cinéma" Width="200"/>
                  </td>
               </tr>
            </table>
         </div>
      </div>
   </Ex>
   <Ex id="hufex1_l03_c06"
       title="L’intrus"
       instr="{{Ahtmltitle}}"
       tech_instr="SYLLABLE_SELECTION_ONE_CORRECT_OUT_OF_SEVERAL">
      <p>
         <a target="_blank"
            href="http://www.langmaster.cz/comcz/French1/l03/c/hufex1_l03_c06.htm">/French1/l03/c/hufex1_l03_c06.htm</a>
         <br/>
         <a target="_blank"
            href="http://www.langmaster.cz/comcz/French1/l03/c/home.htm">
                            cvičení 6</a>
      </p>
      <div class="row">
         <div class="col-md-2 ">
            <img src="/schools/eaimgmp3/french1/img/homestudy/lesson03/page107/1836h0067.jpg"/>
         </div>
         <div class="col-md-10 ">
            <table class="table c-table">
               <tr>
                  <td class=" middle"/>
                  <td class=" middle">
                     <WordSelection id="o198" Words="l’opéra|le blues|#l’italien|la chanson"/> –   –   – </td>
               </tr>
               <tr>
                  <td class=" middle"/>
                  <td class=" middle">
                     <WordSelection id="o212" Words="le jaune|le blanc|le noir|#le chat"/> –   –   – </td>
               </tr>
               <tr>
                  <td class=" middle"/>
                  <td class=" middle">
                     <WordSelection id="o226" Words="la marguerite|le moustique|la musette|#la pétanque"/> –   –   – </td>
               </tr>
               <tr>
                  <td class=" middle"/>
                  <td class=" middle">
                     <WordSelection id="o240" Words="#ah bon|bonsoir|salut|au revoir"/> –   –   – </td>
               </tr>
               <tr>
                  <td class=" middle"/>
                  <td class=" middle">
                     <WordSelection id="o254" Words="l’athlétisme|#le cinéma|le volley-ball|le yoga"/> –   –   – </td>
               </tr>
            </table>
         </div>
      </div>
      <div class="col-md-7">
         <div class="panel panel-info">
            <div class="panel-heading">
               <h3>{{Aboxtitle}}</h3>
            </div>
            <div class="panel-body">
               <p>
          {{Ttrans}}
          <br/>
          {{Ttrans1}}
          <br/>
          {{Ttrans2}}
        
      </p>
            </div>
         </div>
      </div>
   </Ex>
   <Ex id="hufex1_l03_c07"
       title="Le texte mélangé"
       instr="{{Ahtmltitle}}"
       tech_instr="WORD_SEQUENCING">
      <p>
         <a target="_blank"
            href="http://www.langmaster.cz/comcz/French1/l03/c/hufex1_l03_c07.htm">/French1/l03/c/hufex1_l03_c07.htm</a>
         <br/>
         <a target="_blank"
            href="http://www.langmaster.cz/comcz/French1/l03/c/home.htm">
                            cvičení 7</a>
      </p>
      <div class="row">
         <div class="col-md-2 ">
            <img src="/schools/eaimgmp3/french1/img/vocabulary/lesson03/page16/0413h0005.jpg"/>
         </div>
         <div class="col-md-10 ">
            <table class="table table-bordered c-table">
               <tr>
                  <td>
                     <MacroListWordOrdering Width="600-800" InlineType="GapFill"><![CDATA[
Christine|Je|m’appelle
Je m’appelle Christine]]></MacroListWordOrdering>
                  </td>
               </tr>
               <tr>
                  <td>
                     <MacroListWordOrdering Width="600-800" InlineType="GapFill"><![CDATA[
Je|et|j’habite|Lyon|architecte|à|suis
Je suis architecte et j’habite à Lyon]]></MacroListWordOrdering>
                  </td>
               </tr>
               <tr>
                  <td>
                     <MacroListWordOrdering Width="600-800" InlineType="GapFill"><![CDATA[
la|musique|j’adore|et|J’aime|beaucoup|l’opéra
J’aime beaucoup la musique et j’adore l’opéra]]></MacroListWordOrdering>
                  </td>
               </tr>
               <tr>
                  <td>
                     <MacroListWordOrdering Width="600-800" InlineType="GapFill"><![CDATA[
dynamique|Je|suis
Je suis dynamique]]></MacroListWordOrdering>
                  </td>
               </tr>
               <tr>
                  <td>
                     <MacroListWordOrdering Width="600-800" InlineType="GapFill"><![CDATA[
Je|tout|n’aime|les|pas|du|chats
Je n’aime pas du tout les chats]]></MacroListWordOrdering>
                  </td>
               </tr>
               <tr>
                  <td>
                     <MacroListWordOrdering Width="600-800" InlineType="GapFill"><![CDATA[
allergique|suis|Je
Je suis allergique]]></MacroListWordOrdering>
                  </td>
               </tr>
            </table>
         </div>
      </div>
   </Ex>
</Module>
