﻿<?xml version="1.0" encoding="utf-8"?>
<Page id="hufex2_l07_a01">
  <p>
    <a href="http://www.langmaster.cz/comcz/French2/l07/a/hufex2_l07_a01.htm">/French2/l07/a/hufex2_l07_a01.htm</a>
    <br />
    <a href="http://www.langmaster.cz/comcz/French2/l07/a/home.htm">
                            cvičení 1</a>
  </p>
  <DragSource />
  <table class="table table-bordered c-table">
    <tr>
      <td class=" middle">
        <img src="/schools/eaimgmp3/french2/img/coursebook/lesson07/page61/59_1.gif" />
      </td>
      <td class=" middle">
        <img src="/schools/eaimgmp3/french2/img/coursebook/lesson07/page61/59_2.gif" />
      </td>
    </tr>
    <tr>
      <td class=" middle">
        <DragTarget id="g210" Width="200" CorrectValue="fier comme un paon" />
      </td>
      <td class=" middle">
        <DragTarget id="g212" Width="200" CorrectValue="têtu comme une mule" />
      </td>
    </tr>
    <tr>
      <td class=" middle">
        <img src="/schools/eaimgmp3/french2/img/coursebook/lesson07/page61/59_4.gif" />
      </td>
      <td class=" middle">
        <img src="/schools/eaimgmp3/french2/img/coursebook/lesson07/page61/59_5.gif" />
      </td>
    </tr>
    <tr>
      <td class=" middle">
        <DragTarget id="g228" Width="200" CorrectValue="doux comme un agneau" />
      </td>
      <td class=" middle">
        <DragTarget id="g230" Width="200" CorrectValue="heureux comme un poisson dans l’eau" />
      </td>
    </tr>
    <tr>
      <td class=" middle">
        <img src="/schools/eaimgmp3/french2/img/coursebook/lesson07/page61/59_3.gif" />
      </td>
      <td class=" middle">
        <img src="/schools/eaimgmp3/french2/img/coursebook/lesson07/page61/59_7.gif" />
      </td>
    </tr>
    <tr>
      <td class=" middle">
        <DragTarget id="g246" Width="200" CorrectValue="rusé comme un renard" />
      </td>
      <td class=" middle">
        <DragTarget id="g248" Width="200" CorrectValue="avoir une faim de loup" />
      </td>
    </tr>
    <tr>
      <td class=" middle">
        <img src="/schools/eaimgmp3/french2/img/coursebook/lesson07/page61/59_6.gif" />
      </td>
      <td class=" middle">
        <img src="/schools/eaimgmp3/french2/img/coursebook/lesson07/page61/59_8.gif" />
      </td>
    </tr>
    <tr>
      <td class=" middle">
        <DragTarget id="g264" Width="200" CorrectValue="avoir un chat dans la gorge" />
      </td>
      <td class=" middle">
        <DragTarget id="g266" Width="200" CorrectValue="il fait un froid de canard" />
      </td>
    </tr>
    <tr>
      <td class=" middle">
        <img src="/schools/eaimgmp3/french2/img/coursebook/lesson07/page61/59_9.gif" />
      </td>
      <td class=" middle">
        <img src="/schools/eaimgmp3/french2/img/coursebook/lesson07/page61/59_10.gif" />
      </td>
    </tr>
    <tr>
      <td class=" middle">
        <DragTarget id="g282" Width="200" CorrectValue="avoir la chair de poule" />
      </td>
      <td class=" middle">
        <DragTarget id="g284" Width="200" CorrectValue="avoir des fourmis dans les jambes" />
      </td>
    </tr>
  </table>
  <info title="Les expressions" instrTitle="Faites correspondre les expressions et les illustrations." instrs="FILLING_IN_FROM_A_LIST" />
</Page>