﻿<?xml version="1.0" encoding="utf-8"?>
<Page id="hufex2_l07_a02">
  <p>
    <a href="http://www.langmaster.cz/comcz/French2/l07/a/hufex2_l07_a02.htm">/French2/l07/a/hufex2_l07_a02.htm</a>
    <br />
    <a href="http://www.langmaster.cz/comcz/French2/l07/a/home.htm">
                            cvičení 2</a>
  </p>
  <div class="row">
    <div class="col-md-2 ">
      <img src="/schools/eaimgmp3/french2/img/homestudy/lesson07/page147/1516h0012.jpg" />
    </div>
    <div class="col-md-10 ">
      <div>
        <table class="table c-table">
          <tr>
            <td>
              <b>
                  {{Ttrans}}:
                </b>
              <br />
                Moi, je prends un jus d’ananas.<br /><GapFill id="g284" CorrectValue="Qu’est-ce que tu prends?" InitValue="Qu’est-ce que tu prends?" /></td>
          </tr>
        </table>
      </div>
      <table>
        <tr>
          <td class=" middle" />
          <td class=" middle">
              Je pense qu’un CD de Vivaldi lui ferait plaisir.<br /><GapFill id="g384" Width="200" CorrectValue="Qu’est-ce qui lui ferait plaisir?" InitValue="" /></td>
        </tr>
        <tr>
          <td class=" middle" />
          <td class=" middle">
              On pourrait aller au théâtre pour changer un peu.<br /><GapFill id="g482" Width="200" CorrectValue="Qu’est-ce qu’on fait?" InitValue="" /></td>
        </tr>
        <tr>
          <td class=" middle" />
          <td class=" middle">
              Tu sais bien qu’à part le foot, rien ne l’intéresse.<br /><GapFill id="g580" Width="200" CorrectValue="Qu’est-ce qui l’intéresse?" InitValue="" /></td>
        </tr>
        <tr>
          <td class=" middle" />
          <td class=" middle">
              Les histoires belges font rire les Français.<br /><GapFill id="g678" Width="200" CorrectValue="Qu’est-ce qui fait rire les Français?" InitValue="" /></td>
        </tr>
        <tr>
          <td class=" middle" />
          <td class=" middle">
              Il attend que le courrier arrive.<br /><GapFill id="g776" Width="200" CorrectValue="Qu’est-ce qu’il attend?" InitValue="" /></td>
        </tr>
        <tr>
          <td class=" middle" />
          <td class=" middle">
              Chez un homme, c’est surtout le regard qui m’attire.<br /><GapFill id="g874" Width="200" CorrectValue="Qu’est-ce qui t’attire chez un homme?" InitValue="" /></td>
        </tr>
        <tr>
          <td class=" middle" />
          <td class=" middle">
              Il m’a dit de m’occuper de mes affaires.<br /><GapFill id="g972" Width="200" CorrectValue="Qu’est-ce qu’il t’a dit?" InitValue="" /></td>
        </tr>
        <tr>
          <td class=" middle" />
          <td class=" middle">
              Un aller-retour Paris-Lyon, s’il vous plaît.<br /><GapFill id="g1070" Width="200" CorrectValue="Qu’est-ce que vous voulez?" InitValue="" /></td>
        </tr>
        <tr>
          <td class=" middle" />
          <td class=" middle">
              Il n’a rien répondu.<br /><GapFill id="g1168" Width="200" CorrectValue="Qu’est-ce qu’il a répondu?" InitValue="" /></td>
        </tr>
        <tr>
          <td class=" middle" />
          <td class=" middle">
              Il ne s’est rien passé, heureusement.<br /><GapFill id="g1266" Width="200" CorrectValue="Qu’est-ce qui s’est passé?" InitValue="" /></td>
        </tr>
      </table>
    </div>
  </div>
  <info title="Qu’est-ce qui? Qu’est-ce que?" instrTitle="Trouvez les questions qui conviennent aux réponses suivantes." instrs="FILLING_IN" />
</Page>