﻿<?xml version="1.0" encoding="utf-8"?>
<Page id="hufex2_l07_a04">
  <p>
    <a href="http://www.langmaster.cz/comcz/French2/l07/a/hufex2_l07_a04.htm">/French2/l07/a/hufex2_l07_a04.htm</a>
    <br />
    <a href="http://www.langmaster.cz/comcz/French2/l07/a/home.htm">
                            cvičení 4</a>
  </p>
  <div>
    <b> Qui mange qui?</b>
    <br />
    <br />
    <div class="row">
      <div class="col-md-2 ">
        <img src="/schools/eaimgmp3/french2/img/coursebook/lesson07/page62/c041h0076.jpg" />
      </div>
      <div class="col-md-10 ">
        <Pairing id="E319">
          <PairingItem>le renard mange<Right>la poule</Right></PairingItem>
          <PairingItem>le loup mange<Right>l’agneau</Right></PairingItem>
          <PairingItem>le chat mange<Right>la souris</Right></PairingItem>
          <PairingItem>la mouette mange<Right>le poisson</Right></PairingItem>
          <PairingItem>le boa mange<Right>le lapin</Right></PairingItem>
        </Pairing>
      </div>
    </div>
  </div>
  <div>
    <b> Qui est comment?</b>
    <br />
    <br />
    <div class="row">
      <div class="col-md-2 ">
        <img src="/schools/eaimgmp3/french2/img/coursebook/lesson07/page62/dscf0894.jpg" />
      </div>
      <div class="col-md-10 ">
        <Pairing id="E786">
          <PairingItem>le chien est<Right>fidèle</Right></PairingItem>
          <PairingItem>le chat est<Right>indépendant</Right></PairingItem>
          <PairingItem>le renard est<Right>rusé</Right></PairingItem>
          <PairingItem>l’agneau est<Right>doux</Right></PairingItem>
          <PairingItem>le paon est<Right>fier</Right></PairingItem>
          <PairingItem>la mule est<Right>têtue</Right></PairingItem>
          <PairingItem>le poisson dans l’eau est<Right>heureux</Right></PairingItem>
          <PairingItem>la tortue est<Right>lente</Right></PairingItem>
        </Pairing>
      </div>
    </div>
  </div>
  <div>
    <b> Qui fait quoi?</b>
    <br />
    <br />
    <div class="row">
      <div class="col-md-2 ">
        <img src="/schools/eaimgmp3/french2/img/coursebook/lesson07/page62/c634h0063.jpg" />
      </div>
      <div class="col-md-10 ">
        <Pairing id="E1481">
          <PairingItem>le chien<Right>mord</Right></PairingItem>
          <PairingItem>le poisson rouge<Right>nage</Right></PairingItem>
          <PairingItem>le perroquet<Right>parle</Right></PairingItem>
          <PairingItem>la fourmi<Right>travaille</Right></PairingItem>
          <PairingItem>la cigale<Right>s’amuse</Right></PairingItem>
          <PairingItem>l’oiseau<Right>vole</Right></PairingItem>
        </Pairing>
      </div>
    </div>
  </div>
  <div>
    <b> Qui habite où?</b>
    <br />
    <br />
    <div class="row">
      <div class="col-md-2 ">
        <img src="/schools/eaimgmp3/french2/img/coursebook/lesson07/page62/0008h0001.jpg" />
      </div>
      <div class="col-md-10 ">
        <Pairing id="E2024">
          <PairingItem>le canari<Right>la cage</Right></PairingItem>
          <PairingItem>le poisson rouge<Right>l’aquarium</Right></PairingItem>
          <PairingItem>le chameau<Right>le désert</Right></PairingItem>
          <PairingItem>le chat<Right>le sofa</Right></PairingItem>
          <PairingItem>la tortue<Right>le jardin</Right></PairingItem>
          <PairingItem>le chien<Right>la niche</Right></PairingItem>
        </Pairing>
      </div>
    </div>
  </div>
  <div>
    <b> Qui pour qui?</b>
    <br />
    <br />
    <div class="row">
      <div class="col-md-2 ">
        <img src="/schools/eaimgmp3/french2/img/coursebook/lesson07/page62/1410h0027.jpg" />
      </div>
      <div class="col-md-10 ">
        <Pairing id="E2567">
          <PairingItem>le perroquet<Right>le psychologue</Right></PairingItem>
          <PairingItem>le chat<Right>l’intellectuel</Right></PairingItem>
          <PairingItem>le chien<Right>le facteur</Right></PairingItem>
          <PairingItem>le canari<Right>la grand-mère</Right></PairingItem>
          <PairingItem>le lapin<Right>le chasseur</Right></PairingItem>
          <PairingItem>le boa<Right>Cléopâtre</Right></PairingItem>
          <PairingItem>le moustique<Right>le vacancier</Right></PairingItem>
        </Pairing>
      </div>
    </div>
  </div>
  <info title="Qui, qui, qui???" instrTitle="Reliez les mots qui appartiennent l’un à l’autre." instrs="PAIRING" />
</Page>