﻿<?xml version="1.0" encoding="utf-8"?>
<Module title="Chapitre A">
   <Ex id="hufex2_l07_a01"
       title="Les expressions"
       instr="Faites correspondre les expressions et les illustrations."
       tech_instr="FILLING_IN_FROM_A_LIST">
      <p>
         <a target="_blank"
            href="http://www.langmaster.cz/comcz/French2/l07/a/hufex2_l07_a01.htm">/French2/l07/a/hufex2_l07_a01.htm</a>
         <br/>
         <a target="_blank"
            href="http://www.langmaster.cz/comcz/French2/l07/a/home.htm">
                            cvičení 1</a>
      </p>
      <DragSource/>
      <table class="table table-bordered c-table">
         <tr>
            <td class=" middle">
               <img src="/schools/eaimgmp3/french2/img/coursebook/lesson07/page61/59_1.gif"/>
            </td>
            <td class=" middle">
               <img src="/schools/eaimgmp3/french2/img/coursebook/lesson07/page61/59_2.gif"/>
            </td>
         </tr>
         <tr>
            <td class=" middle">
               <DragTarget id="g210" CorrectValue="fier comme un paon" Width="200"/>
            </td>
            <td class=" middle">
               <DragTarget id="g212" CorrectValue="têtu comme une mule" Width="200"/>
            </td>
         </tr>
         <tr>
            <td class=" middle">
               <img src="/schools/eaimgmp3/french2/img/coursebook/lesson07/page61/59_4.gif"/>
            </td>
            <td class=" middle">
               <img src="/schools/eaimgmp3/french2/img/coursebook/lesson07/page61/59_5.gif"/>
            </td>
         </tr>
         <tr>
            <td class=" middle">
               <DragTarget id="g228" CorrectValue="doux comme un agneau" Width="200"/>
            </td>
            <td class=" middle">
               <DragTarget id="g230"
                           CorrectValue="heureux comme un poisson dans l’eau"
                           Width="200"/>
            </td>
         </tr>
         <tr>
            <td class=" middle">
               <img src="/schools/eaimgmp3/french2/img/coursebook/lesson07/page61/59_3.gif"/>
            </td>
            <td class=" middle">
               <img src="/schools/eaimgmp3/french2/img/coursebook/lesson07/page61/59_7.gif"/>
            </td>
         </tr>
         <tr>
            <td class=" middle">
               <DragTarget id="g246" CorrectValue="rusé comme un renard" Width="200"/>
            </td>
            <td class=" middle">
               <DragTarget id="g248" CorrectValue="avoir une faim de loup" Width="200"/>
            </td>
         </tr>
         <tr>
            <td class=" middle">
               <img src="/schools/eaimgmp3/french2/img/coursebook/lesson07/page61/59_6.gif"/>
            </td>
            <td class=" middle">
               <img src="/schools/eaimgmp3/french2/img/coursebook/lesson07/page61/59_8.gif"/>
            </td>
         </tr>
         <tr>
            <td class=" middle">
               <DragTarget id="g264" CorrectValue="avoir un chat dans la gorge" Width="200"/>
            </td>
            <td class=" middle">
               <DragTarget id="g266" CorrectValue="il fait un froid de canard" Width="200"/>
            </td>
         </tr>
         <tr>
            <td class=" middle">
               <img src="/schools/eaimgmp3/french2/img/coursebook/lesson07/page61/59_9.gif"/>
            </td>
            <td class=" middle">
               <img src="/schools/eaimgmp3/french2/img/coursebook/lesson07/page61/59_10.gif"/>
            </td>
         </tr>
         <tr>
            <td class=" middle">
               <DragTarget id="g282" CorrectValue="avoir la chair de poule" Width="200"/>
            </td>
            <td class=" middle">
               <DragTarget id="g284"
                           CorrectValue="avoir des fourmis dans les jambes"
                           Width="200"/>
            </td>
         </tr>
      </table>
   </Ex>
   <Ex id="hufex2_l07_a02"
       title="Qu’est-ce qui? Qu’est-ce que?"
       instr="Trouvez les questions qui conviennent aux réponses suivantes."
       tech_instr="FILLING_IN">
      <p>
         <a target="_blank"
            href="http://www.langmaster.cz/comcz/French2/l07/a/hufex2_l07_a02.htm">/French2/l07/a/hufex2_l07_a02.htm</a>
         <br/>
         <a target="_blank"
            href="http://www.langmaster.cz/comcz/French2/l07/a/home.htm">
                            cvičení 2</a>
      </p>
      <div class="row">
         <div class="col-md-2 ">
            <img src="/schools/eaimgmp3/french2/img/homestudy/lesson07/page147/1516h0012.jpg"/>
         </div>
         <div class="col-md-10 ">
            <div>
               <table class="table c-table">
                  <tr>
                     <td>
                        <b>
                  {{Ttrans}}:
                </b>
                        <br/>
                Moi, je prends un jus d’ananas.<br/>
                        <GapFill id="g284"
                                 CorrectValue="Qu’est-ce que tu prends?"
                                 InitValue="Qu’est-ce que tu prends?"
                                 Example="true"/>
                     </td>
                  </tr>
               </table>
            </div>
            <table class="table c-table">
               <tr>
                  <td class=" middle"/>
                  <td class=" middle">
              Je pense qu’un CD de Vivaldi lui ferait plaisir.<br/>
                     <GapFill id="g384"
                              CorrectValue="Qu’est-ce qui lui ferait plaisir?"
                              Width="200"/>
                  </td>
               </tr>
               <tr>
                  <td class=" middle"/>
                  <td class=" middle">
              On pourrait aller au théâtre pour changer un peu.<br/>
                     <GapFill id="g482" CorrectValue="Qu’est-ce qu’on fait?" Width="200"/>
                  </td>
               </tr>
               <tr>
                  <td class=" middle"/>
                  <td class=" middle">
              Tu sais bien qu’à part le foot, rien ne l’intéresse.<br/>
                     <GapFill id="g580" CorrectValue="Qu’est-ce qui l’intéresse?" Width="200"/>
                  </td>
               </tr>
               <tr>
                  <td class=" middle"/>
                  <td class=" middle">
              Les histoires belges font rire les Français.<br/>
                     <GapFill id="g678"
                              CorrectValue="Qu’est-ce qui fait rire les Français?"
                              Width="200"/>
                  </td>
               </tr>
               <tr>
                  <td class=" middle"/>
                  <td class=" middle">
              Il attend que le courrier arrive.<br/>
                     <GapFill id="g776" CorrectValue="Qu’est-ce qu’il attend?" Width="200"/>
                  </td>
               </tr>
               <tr>
                  <td class=" middle"/>
                  <td class=" middle">
              Chez un homme, c’est surtout le regard qui m’attire.<br/>
                     <GapFill id="g874"
                              CorrectValue="Qu’est-ce qui t’attire chez un homme?"
                              Width="200"/>
                  </td>
               </tr>
               <tr>
                  <td class=" middle"/>
                  <td class=" middle">
              Il m’a dit de m’occuper de mes affaires.<br/>
                     <GapFill id="g972" CorrectValue="Qu’est-ce qu’il t’a dit?" Width="200"/>
                  </td>
               </tr>
               <tr>
                  <td class=" middle"/>
                  <td class=" middle">
              Un aller-retour Paris-Lyon, s’il vous plaît.<br/>
                     <GapFill id="g1070" CorrectValue="Qu’est-ce que vous voulez?" Width="200"/>
                  </td>
               </tr>
               <tr>
                  <td class=" middle"/>
                  <td class=" middle">
              Il n’a rien répondu.<br/>
                     <GapFill id="g1168" CorrectValue="Qu’est-ce qu’il a répondu?" Width="200"/>
                  </td>
               </tr>
               <tr>
                  <td class=" middle"/>
                  <td class=" middle">
              Il ne s’est rien passé, heureusement.<br/>
                     <GapFill id="g1266" CorrectValue="Qu’est-ce qui s’est passé?" Width="200"/>
                  </td>
               </tr>
            </table>
         </div>
      </div>
   </Ex>
   <Ex id="hufex2_l07_a03"
       title="A vous!"
       instr="Reliez les deux parts des expressions et trouvez leur traduction."
       tech_instr="FILLING_IN PAIRING">
      <p>
         <a target="_blank"
            href="http://www.langmaster.cz/comcz/French2/l07/a/hufex2_l07_a03.htm">/French2/l07/a/hufex2_l07_a03.htm</a>
         <br/>
         <a target="_blank"
            href="http://www.langmaster.cz/comcz/French2/l07/a/home.htm">
                            cvičení 3</a>
      </p>
      <div>
         <Pairing id="E67">
            <PairingItem>1. avoir un chat<Right>dans le gorge</Right>
            </PairingItem>
            <PairingItem>2. avoir une faim<Right>de loup</Right>
            </PairingItem>
            <PairingItem>3. il fait un froid<Right>de canard</Right>
            </PairingItem>
            <PairingItem>4. avoir la chair<Right>de poule</Right>
            </PairingItem>
            <PairingItem>5. avoir des fourmis<Right>dans les jambes</Right>
            </PairingItem>
         </Pairing>
      </div>
      <div class="row">
         <div class="col-md-3 ">
            <img src="/schools/eaimgmp3/french2/img/coursebook/lesson08/page77/77_oben.gif"/>
         </div>
         <div class="col-md-9 ">
            <table class="table table-bordered c-table">
               <tr>
                  <td class=" middle">
                     <GapFill id="g626"
                              CorrectValue="2"
                              InitValue="2"
                              Example="true"
                              Width="2em"/>
                  </td>
                  <td class=" middle">
              {{Ttrans}}
            </td>
               </tr>
               <tr>
                  <td class=" middle">
                     <GapFill id="g633" CorrectValue="5" Width="2em"/>
                  </td>
                  <td class=" middle">
              {{Ttrans1}}
            </td>
               </tr>
               <tr>
                  <td class=" middle">
                     <GapFill id="g637" CorrectValue="3" Width="2em"/>
                  </td>
                  <td class=" middle">
              {{Ttrans2}}
            </td>
               </tr>
               <tr>
                  <td class=" middle">
                     <GapFill id="g641" CorrectValue="1" Width="2em"/>
                  </td>
                  <td class=" middle">
              {{Ttrans3}}
            </td>
               </tr>
               <tr>
                  <td class=" middle">
                     <GapFill id="g645" CorrectValue="4" Width="2em"/>
                  </td>
                  <td class=" middle">
              {{Ttrans4}}
            </td>
               </tr>
            </table>
         </div>
      </div>
   </Ex>
   <Ex id="hufex2_l07_a04"
       title="Qui, qui, qui???"
       instr="Reliez les mots qui appartiennent l’un à l’autre."
       tech_instr="PAIRING">
      <p>
         <a target="_blank"
            href="http://www.langmaster.cz/comcz/French2/l07/a/hufex2_l07_a04.htm">/French2/l07/a/hufex2_l07_a04.htm</a>
         <br/>
         <a target="_blank"
            href="http://www.langmaster.cz/comcz/French2/l07/a/home.htm">
                            cvičení 4</a>
      </p>
      <div>
         <b> Qui mange qui?</b>
         <br/>
         <br/>
         <div class="row">
            <div class="col-md-2 ">
               <img src="/schools/eaimgmp3/french2/img/coursebook/lesson07/page62/c041h0076.jpg"/>
            </div>
            <div class="col-md-10 ">
               <Pairing id="E319">
                  <PairingItem>le renard mange<Right>la poule</Right>
                  </PairingItem>
                  <PairingItem>le loup mange<Right>l’agneau</Right>
                  </PairingItem>
                  <PairingItem>le chat mange<Right>la souris</Right>
                  </PairingItem>
                  <PairingItem>la mouette mange<Right>le poisson</Right>
                  </PairingItem>
                  <PairingItem>le boa mange<Right>le lapin</Right>
                  </PairingItem>
               </Pairing>
            </div>
         </div>
      </div>
      <div>
         <b> Qui est comment?</b>
         <br/>
         <br/>
         <div class="row">
            <div class="col-md-2 ">
               <img src="/schools/eaimgmp3/french2/img/coursebook/lesson07/page62/dscf0894.jpg"/>
            </div>
            <div class="col-md-10 ">
               <Pairing id="E786">
                  <PairingItem>le chien est<Right>fidèle</Right>
                  </PairingItem>
                  <PairingItem>le chat est<Right>indépendant</Right>
                  </PairingItem>
                  <PairingItem>le renard est<Right>rusé</Right>
                  </PairingItem>
                  <PairingItem>l’agneau est<Right>doux</Right>
                  </PairingItem>
                  <PairingItem>le paon est<Right>fier</Right>
                  </PairingItem>
                  <PairingItem>la mule est<Right>têtue</Right>
                  </PairingItem>
                  <PairingItem>le poisson dans l’eau est<Right>heureux</Right>
                  </PairingItem>
                  <PairingItem>la tortue est<Right>lente</Right>
                  </PairingItem>
               </Pairing>
            </div>
         </div>
      </div>
      <div>
         <b> Qui fait quoi?</b>
         <br/>
         <br/>
         <div class="row">
            <div class="col-md-2 ">
               <img src="/schools/eaimgmp3/french2/img/coursebook/lesson07/page62/c634h0063.jpg"/>
            </div>
            <div class="col-md-10 ">
               <Pairing id="E1481">
                  <PairingItem>le chien<Right>mord</Right>
                  </PairingItem>
                  <PairingItem>le poisson rouge<Right>nage</Right>
                  </PairingItem>
                  <PairingItem>le perroquet<Right>parle</Right>
                  </PairingItem>
                  <PairingItem>la fourmi<Right>travaille</Right>
                  </PairingItem>
                  <PairingItem>la cigale<Right>s’amuse</Right>
                  </PairingItem>
                  <PairingItem>l’oiseau<Right>vole</Right>
                  </PairingItem>
               </Pairing>
            </div>
         </div>
      </div>
      <div>
         <b> Qui habite où?</b>
         <br/>
         <br/>
         <div class="row">
            <div class="col-md-2 ">
               <img src="/schools/eaimgmp3/french2/img/coursebook/lesson07/page62/0008h0001.jpg"/>
            </div>
            <div class="col-md-10 ">
               <Pairing id="E2024">
                  <PairingItem>le canari<Right>la cage</Right>
                  </PairingItem>
                  <PairingItem>le poisson rouge<Right>l’aquarium</Right>
                  </PairingItem>
                  <PairingItem>le chameau<Right>le désert</Right>
                  </PairingItem>
                  <PairingItem>le chat<Right>le sofa</Right>
                  </PairingItem>
                  <PairingItem>la tortue<Right>le jardin</Right>
                  </PairingItem>
                  <PairingItem>le chien<Right>la niche</Right>
                  </PairingItem>
               </Pairing>
            </div>
         </div>
      </div>
      <div>
         <b> Qui pour qui?</b>
         <br/>
         <br/>
         <div class="row">
            <div class="col-md-2 ">
               <img src="/schools/eaimgmp3/french2/img/coursebook/lesson07/page62/1410h0027.jpg"/>
            </div>
            <div class="col-md-10 ">
               <Pairing id="E2567">
                  <PairingItem>le perroquet<Right>le psychologue</Right>
                  </PairingItem>
                  <PairingItem>le chat<Right>l’intellectuel</Right>
                  </PairingItem>
                  <PairingItem>le chien<Right>le facteur</Right>
                  </PairingItem>
                  <PairingItem>le canari<Right>la grand-mère</Right>
                  </PairingItem>
                  <PairingItem>le lapin<Right>le chasseur</Right>
                  </PairingItem>
                  <PairingItem>le boa<Right>Cléopâtre</Right>
                  </PairingItem>
                  <PairingItem>le moustique<Right>le vacancier</Right>
                  </PairingItem>
               </Pairing>
            </div>
         </div>
      </div>
   </Ex>
   <Ex id="hufex2_l07_a05"
       title="Pour ou contre un impôt chien?"
       instr="Ecoutez une enquête d’un grand journal parisien auprès de ses lecteurs. Complétez le tableau."
       tech_instr="FILLING_IN SOUND_PLAYBACK">
      <p>
         <a target="_blank"
            href="http://www.langmaster.cz/comcz/French2/l07/a/hufex2_l07_a05.htm">/French2/l07/a/hufex2_l07_a05.htm</a>
         <br/>
         <a target="_blank"
            href="http://www.langmaster.cz/comcz/French2/l07/a/home.htm">
                            cvičení 5</a>
      </p>
      <div>
         <img src="/schools/eaimgmp3/french2/img/homestudy/lesson07/page147/1391h0032.jpg"/>
      </div>
      <div class="row">
         <div class="col-md-1 ">
            <MediaBigMark Url="/schools/eaimgmp3/french2wma/lesson07/hufex2_l07_a05.mp3"
                          Sequence="9-"/>
         </div>
         <div class="col-md-11 ">
            <table class="table table-bordered c-table">
               <tr>
                  <td class="c-table-default middle"/>
                  <td class="c-table-default middle">pour ou contre impôt chien?</td>
                  <td class="c-table-default middle">leurs arguments?</td>
               </tr>
               <tr>
                  <td class=" middle">
              1<sup>ère </sup>personne
            </td>
                  <td class=" middle">
                     <GapFill id="g179" CorrectValue="pour" Width="200"/>
                  </td>
                  <td class=" middle">
              le <GapFill id="g175" CorrectValue="nettoyage" Width="200"/> des trottoirs coûte cher
            </td>
               </tr>
               <tr>
                  <td class=" middle">
              2<sup>ème </sup>personne
            </td>
                  <td class=" middle">
                     <GapFill id="g173" CorrectValue="pour" Width="200"/>
                  </td>
                  <td class=" middle">
              pour responsabiliser les <GapFill id="g181" CorrectValue="propriétaires" Width="200"/>, il y aurait moins de chiens <GapFill id="g182" CorrectValue="abandonnés" Width="200"/>
                  </td>
               </tr>
               <tr>
                  <td class=" middle">
              3<sup>ème</sup> personne
            </td>
                  <td class=" middle">
                     <GapFill id="g687" CorrectValue="contre" Width="200"/>
                  </td>
                  <td class=" middle">
                     <GapFill id="g188" CorrectValue="pénaliser" Width="200"/> les personnes qui ont un animal est une <GapFill id="g189" CorrectValue="injustice" Width="200"/>
                  </td>
               </tr>
            </table>
         </div>
      </div>
   </Ex>
   <Ex id="hufex2_l07_a06"
       title="Adjectif"
       instr="Trouvez un adjectif auprès de chaque substantif."
       tech_instr="FILLING_IN">
      <p>
         <a target="_blank"
            href="http://www.langmaster.cz/comcz/French2/l07/a/hufex2_l07_a06.htm">/French2/l07/a/hufex2_l07_a06.htm</a>
         <br/>
         <a target="_blank"
            href="http://www.langmaster.cz/comcz/French2/l07/a/home.htm">
                            cvičení 6</a>
      </p>
      <div class="row">
         <div class="col-md-3 ">
            <img src="/schools/eaimgmp3/french2/img/coursebook/lesson07/page63/0281h0015.jpg"/>
         </div>
         <div class="col-md-9 ">
            <table class="table table-bordered c-table">
               <tr>
                  <td class=" middle">la légèreté</td>
                  <td class=" middle">
                     <GapFill id="g158" CorrectValue="léger" Width="200"/>
                  </td>
                  <td class=" middle">l’indépendance</td>
                  <td class=" middle">
                     <GapFill id="g161" CorrectValue="indépendant" Width="200"/>
                  </td>
               </tr>
               <tr>
                  <td class=" middle">la fierté</td>
                  <td class=" middle">
                     <GapFill id="g165" CorrectValue="fier" Width="200"/>
                  </td>
                  <td class=" middle">la tristesse</td>
                  <td class=" middle">
                     <GapFill id="g168" CorrectValue="triste" Width="200"/>
                  </td>
               </tr>
               <tr>
                  <td class=" middle">l’agressivité</td>
                  <td class=" middle">
                     <GapFill id="g172" CorrectValue="agressif" Width="200"/>
                  </td>
                  <td class=" middle">l’égalité</td>
                  <td class=" middle">
                     <GapFill id="g175" CorrectValue="égal" Width="200"/>
                  </td>
               </tr>
               <tr>
                  <td class=" middle">la liberté</td>
                  <td class=" middle">
                     <GapFill id="g179" CorrectValue="libre" Width="200"/>
                  </td>
                  <td class=" middle">la politesse</td>
                  <td class=" middle">
                     <GapFill id="g182" CorrectValue="poli" Width="200"/>
                  </td>
               </tr>
               <tr>
                  <td class=" middle">la douceur</td>
                  <td class=" middle">
                     <GapFill id="g186" CorrectValue="doux" Width="200"/>
                  </td>
                  <td class=" middle">la neutralité</td>
                  <td class=" middle">
                     <GapFill id="g189" CorrectValue="neutre" Width="200"/>
                  </td>
               </tr>
               <tr>
                  <td class=" middle">la solitude</td>
                  <td class=" middle">
                     <GapFill id="g193" CorrectValue="seul" Width="200"/>
                  </td>
                  <td class=" middle">la difficulté</td>
                  <td class=" middle">
                     <GapFill id="g196" CorrectValue="difficile" Width="200"/>
                  </td>
               </tr>
            </table>
         </div>
      </div>
   </Ex>
</Module>
