﻿<?xml version="1.0" encoding="utf-8"?>
<Module title="The EU and Ecology">
   <Ex id="ex0"
       title="Ecology in the EU"
       instr="{{:~CSLocalize(null,'Read through the paragraphs, taken from one of the EU's websites and match the correct heading to each one.')}}"
       tech_instr="FILLING_IN_FROM_A_LIST">
      <div>
         <DragSource/>
      </div>
      <div class="row">
         <div class="col-md-12">
            <div>
          A)<DragTarget id="d1e23"
                           CorrectValue="Farming And The Environment"
                           InitValue=""
                           Example=""/>
               <br/>
          The task of the agriculture sector is to integrate environmental concerns into the Common Agricultural Policy of the EU. Agriculture has intensified and increased pressure on the environment. One of the solutions to this problem is organic farming. The ideal relationship between agriculture and the environment can be described by the term "sustainable agriculture". Apart from other things this also means good management of natural resources.
        </div>
            <div>
          B)<DragTarget id="d1e232"
                           CorrectValue="The Air We Breathe"
                           InitValue=""
                           Example=""/>
               <br/>
          Air pollution has been one of Europe’s main political concerns since the late 1970s. EU policy on air includes the control of emissions from mobile sources, improving fuel quality and promoting protection standards. The focus for the next ten years will be not only be the implementation of air quality standards but also the coherence of air legislation.
        </div>
            <div>
          C)<DragTarget id="d1e233"
                           CorrectValue="The Changing Climate"
                           InitValue=""
                           Example=""/>
               <br/>
          The EU is at the forefront of world efforts to combat climate change. The Earth’s surface temperature rose by around 0.6°C during the 20th century, and scientists say that most of the warming is because of human activities, such as burning fossil fuels and deforestation, which cause emissions of carbon dioxide (CO2) and other ‘greenhouse’ gases.
        </div>
            <div>
          D)<DragTarget id="d1e234"
                           CorrectValue="Protection From Radiation"
                           InitValue=""
                           Example=""/>
               <br/>
          Another important task is to protect the public against the dangers of radiation, resulting from practices using radiation or radioactive substances e.g. medical and industrial use. In addition to natural radiation sources, artificial radioactivity is present in the environment, in particular as a result of nuclear installations, fallout from weapons testing and from nuclear accidents.
        </div>
         </div>
      </div>
   </Ex>
   <Ex id="ex1"
       title="Ecology Vocabulary in Context"
       instr="{{:~CSLocalize(null,'Read the paragraphs and choose the words or phrases from the text which best match the definitions.')}}"
       tech_instr="FILLING_IN_FROM_A_LIST">
      <div class="row">
         <div class="col-md-12">
            <div>
          A) The task of the agriculture sector is to integrate environmental
          into the Common Agricultural Policy of the EU. Agriculture has intensified and increased pressure on.
          The ideal relationship between agriculture and the environment can be described by the term "sustainable agriculture".
          Apart from other things this also means good management of natural resources.
        </div>
            <div>
          B) Air pollution has been one of Europe’s main political concerns since the late 1970s. EU policy on air includes the
          control of emissions from mobile sources, improving
          fuel quality and promoting protection standards. The focus for the next ten years will be not only be the
          implementation of air quality standards but also the coherence of air legislation.
        </div>
            <div>
          C) The EU is at the forefront of world efforts to combat climate change. The Earth’s surface temperature rose
          by around 0.6°C during the 20th century, and scientists say that most of the warming is because of human
          activities, such as burning fossil fuels and deforestation , which cause emissions of carbon dioxide (CO2) and other ‘greenhouse’
          gases.
        </div>
            <div>
          D) Another important task is to protect the public against the dangers of radiation, resulting from practices
          using radiation or radioactive substances substances e.g. medical and industrial use. In addition to natural radiation sources,
          artificial radioactivity is present in the environment, in particular as a result of nuclear installations,
          fallout from weapons testing and from nuclear accidents.
        </div>
            <div>
          E) A topic worrying most Europeans is waste
          production. EU countries generate around 2,000 million tons of waste each year. Over 40 million tons are
          classified as hazardous. Over the last six years, the amount of waste has grown by 10 % a year. It is clear
          that we must stop and reverse this trend if we want to avoid being covered by rubbish. The EU is following a
          strategy to that end.
        </div>
            <div>
          F) For most people in the EU access to
          clean water in quite abundant quantities
          is taken for granted. All polluted water, whether polluted by households, industry or agriculture, returns,
          one way or another, to the environment and may cause damage to human health or the environment.
        </div>
         </div>
      </div>
      <div>
         <DragSource/>
      </div>
      <div class="row">
         <div class="col-md-12">
            <table class="table table-bordered c-table">
               <tr>
                  <td class="c-table-default middle center">
                     <b>1. </b>
                  </td>
                  <td class=" middle">serious worries about the natural world we live in (A) </td>
                  <td class="c-table-default middle center">
                     <b>1. </b>
                  </td>
                  <td class=" middle">
                     <DragTarget id="d1e49"
                                 CorrectValue="environmental concerns"
                                 InitValue=""
                                 Example=""/>
                  </td>
               </tr>
               <tr>
                  <td class="c-table-default middle center">
                     <b>2. </b>
                  </td>
                  <td class=" middle">using only natural not chemical products to grow plants and keep animals (A) </td>
                  <td class="c-table-default middle center">
                     <b>2. </b>
                  </td>
                  <td class=" middle">
                     <DragTarget id="d1e4927"
                                 CorrectValue="organic farming"
                                 InitValue=""
                                 Example=""/>
                  </td>
               </tr>
               <tr>
                  <td class="c-table-default middle center">
                     <b>3. </b>
                  </td>
                  <td class=" middle">when laws make sense, are logical and easy to read and follow (B)	</td>
                  <td class="c-table-default middle center">
                     <b>3. </b>
                  </td>
                  <td class=" middle">
                     <DragTarget id="d1e4928"
                                 CorrectValue="coherent legislation"
                                 InitValue=""
                                 Example=""/>
                  </td>
               </tr>
               <tr>
                  <td class="c-table-default middle center">
                     <b>4. </b>
                  </td>
                  <td class=" middle">the process of cutting down all trees in an area (C)</td>
                  <td class="c-table-default middle center">
                     <b>4. </b>
                  </td>
                  <td class=" middle">
                     <DragTarget id="d1e4929"
                                 CorrectValue="deforestation"
                                 InitValue=""
                                 Example=""/>
                  </td>
               </tr>
               <tr>
                  <td class="c-table-default middle center">
                     <b>5. </b>
                  </td>
                  <td class=" middle">the radiation that affects an area after new nuclear bombs have been tried out (D)</td>
                  <td class="c-table-default middle center">
                     <b>5. </b>
                  </td>
                  <td class=" middle">
                     <DragTarget id="d1e4930"
                                 CorrectValue="fallout from weapons testing"
                                 InitValue=""
                                 Example=""/>
                  </td>
               </tr>
               <tr>
                  <td class="c-table-default middle center">
                     <b>6. </b>
                  </td>
                  <td class=" middle">material which has been used and is no longer wanted (E)	</td>
                  <td class="c-table-default middle center">
                     <b>6. </b>
                  </td>
                  <td class=" middle">
                     <DragTarget id="d1e4931" CorrectValue="waste" InitValue="" Example=""/>
                  </td>
               </tr>
               <tr>
                  <td class="c-table-default middle center">
                     <b>7. </b>
                  </td>
                  <td class=" middle">action plan that should achieve a certain result (E)	</td>
                  <td class="c-table-default middle center">
                     <b>7. </b>
                  </td>
                  <td class=" middle">
                     <DragTarget id="d1e4932"
                                 CorrectValue="strategy to that end"
                                 InitValue=""
                                 Example=""/>
                  </td>
               </tr>
               <tr>
                  <td class="c-table-default middle center">
                     <b>8. </b>
                  </td>
                  <td class=" middle">a big amount of something (F)</td>
                  <td class="c-table-default middle center">
                     <b>8. </b>
                  </td>
                  <td class=" middle">
                     <DragTarget id="d1e4933"
                                 CorrectValue="abundant quantities"
                                 InitValue=""
                                 Example=""/>
                  </td>
               </tr>
            </table>
         </div>
      </div>
   </Ex>
   <Ex id="ex2"
       title="Verb Collocations"
       instr="{{:~CSLocalize(null,'Find the following verbs in the text and note down which noun or phrase goes with each one.')}}"
       tech_instr="FILLING_IN">
      <div class="row">
         <div class="col-md-12">
        A) The task of the agriculture sector is to integrate environmental concerns into the Common Agricultural Policy of the EU. Agriculture has intensified and increased pressure on the environment. One of the solutions to this problem is organic farming. The ideal relationship between agriculture and the environment can be described by the term "sustainable agriculture". Apart from other things this also means good management of natural resources.
        <br/>
        B) Air pollution has been one of Europe’s main political concerns since the late 1970s. EU policy on air includes the control of emissions from mobile sources, improving fuel quality and promoting protection standards. The focus for the next ten years will be not only be the implementation of air quality standards but also the coherence of air legislation.
        <br/>
        C) The EU is at the forefront of world efforts to combat climate change. The Earth’s surface temperature rose by around 0.6°C during the 20th century, and scientists say that most of the warming is because of human activities, such as burning fossil fuels and deforestation, which cause emissions of carbon dioxide (CO2) and other ‘greenhouse’ gases.
        <br/>
        D) Another important task is to protect the public against the dangers of radiation, resulting from practices using radiation or radioactive substances e.g. medical and industrial use. In addition to natural radiation sources, artificial radioactivity is present in the environment, in particular as a result of nuclear installations, fallout from weapons testing and from nuclear accidents.
        <br/>
        E) A topic worrying most Europeans is waste production. EU countries generate around 2,000 million tons of waste each year. Over 40 million tons are classified as hazardous. Over the last six years, the amount of waste has grown by 10 % a year. It is clear that we must stop and reverse this trend if we want to avoid being covered by rubbish. The EU is following a strategy to that end.
        <br/>
        F) For most people in the EU access to clean water in quite abundant quantities is taken for granted. All polluted water, whether polluted by households, industry or agriculture, returns, one way or another, to the environment and may cause damage to human health or the environment.

      </div>
      </div>
      <div class="row">
         <div class="col-md-12">
            <table class="table table-bordered c-table">
               <tr>
                  <td class="c-table-default middle center">
                     <b>1. </b>
                  </td>
                  <td class=" middle">
              to improve <b>fuel quality</b>
                  </td>
               </tr>
               <tr>
                  <td class="c-table-default middle center">
                     <b>2. </b>
                  </td>
                  <td class=" middle">
              to integrate <GapFill id="d1e25"
                              CorrectValue="environmental concerns"
                              InitValue=""
                              Example=""/> into <GapFill id="dd1e25"
                              CorrectValue="the Common Agricultural Policy"
                              InitValue=""
                              Example=""/>
                  </td>
               </tr>
               <tr>
                  <td class="c-table-default middle center">
                     <b>3. </b>
                  </td>
                  <td class=" middle">
              to increase <GapFill id="d1e30" CorrectValue="pressure" InitValue="" Example=""/> on <GapFill id="d1e3d0"
                              CorrectValue="the environment"
                              InitValue=""
                              Example=""/>
                  </td>
               </tr>
               <tr>
                  <td class="c-table-default middle center">
                     <b>4. </b>
                  </td>
                  <td class=" middle">
              to implement <GapFill id="d1e253"
                              CorrectValue="air quality standards"
                              InitValue=""
                              Example=""/>
                  </td>
               </tr>
               <tr>
                  <td class="c-table-default middle center">
                     <b>5. </b>
                  </td>
                  <td class=" middle">
              to combat <GapFill id="d1e304"
                              CorrectValue="climate change"
                              InitValue=""
                              Example=""/>
                  </td>
               </tr>
               <tr>
                  <td class="c-table-default middle center">
                     <b>6. </b>
                  </td>
                  <td class=" middle">
              to generate (2,000 million tons of) <GapFill id="d1e255" CorrectValue="waste" InitValue="" Example=""/>
                  </td>
               </tr>
               <tr>
                  <td class="c-table-default middle center">
                     <b>7. </b>
                  </td>
                  <td class=" middle">
              to reverse <GapFill id="d1e306" CorrectValue="this trend" InitValue="" Example=""/>
                  </td>
               </tr>
               <tr>
                  <td class="c-table-default middle center">
                     <b>8. </b>
                  </td>
                  <td class=" middle">
              to avoid <GapFill id="d1e257"
                              CorrectValue="being covered"
                              InitValue=""
                              Example=""/>
                  </td>
               </tr>
               <tr>
                  <td class="c-table-default middle center">
                     <b>9. </b>
                  </td>
                  <td class=" middle">
              to take <GapFill id="d1e308"
                              CorrectValue="access to clean water"
                              InitValue=""
                              Example=""/> for granted
            </td>
               </tr>
               <tr>
                  <td class="c-table-default middle center">
                     <b>10. </b>
                  </td>
                  <td class=" middle">
              to cause <GapFill id="d1e259" CorrectValue="damage" InitValue="" Example=""/>
                  </td>
               </tr>
            </table>
         </div>
      </div>
   </Ex>
   <Ex id="ex3"
       title="Word Jumble"
       instr="{{:~CSLocalize(null,'Unjumble and fill in the correct words so that they correspond to the explanation.')}}"
       tech_instr="FILLING_IN">
      <div>
         <table class="table table-bordered c-table">
            <tr>
               <td class=" middle">
                  <i>usatlaeinbs</i> agriculture
          </td>
               <td class=" middle">
                  <GapFill id="d1e49" CorrectValue="sustainable" InitValue="" Example=""/> agriculture
          </td>
               <td class=" middle">(agriculture which can last a long time)</td>
            </tr>
            <tr>
               <td class=" middle">
            natural <i>seoreurcs</i>
               </td>
               <td class=" middle">
            natural <GapFill id="d1e492" CorrectValue="resources" InitValue="" Example=""/>
               </td>
               <td class=" middle">(useful things from the nature such as coal, oil or land)</td>
            </tr>
            <tr>
               <td class=" middle">
            control of <i>semonisis</i>
               </td>
               <td class=" middle">
            control of <GapFill id="d1e493" CorrectValue="emissions" InitValue="" Example=""/>
               </td>
               <td class=" middle">(checking how much gas or radiation enters the atmosphere)</td>
            </tr>
            <tr>
               <td class=" middle">
                  <i>silfos</i> fuels
          </td>
               <td class=" middle">
                  <GapFill id="d1e494" CorrectValue="fossil" InitValue="" Example=""/> fuels
          </td>
               <td class=" middle">(fuels such as coal or oil that are formed from dead plants or animals)</td>
            </tr>
            <tr>
               <td class=" middle">
                  <i>nhousegree</i> gases
          </td>
               <td class=" middle">
                  <GapFill id="d1e495" CorrectValue="greenhouse" InitValue="" Example=""/> gasses
          </td>
               <td class=" middle">(gases which make it difficult for heat to escape into the atmosphere)</td>
            </tr>
            <tr>
               <td class=" middle">
            radioactive <i>
              cubstaness
            </i>
               </td>
               <td class=" middle">
            radioactive <GapFill id="d1e496" CorrectValue="substances" InitValue="" Example=""/>
               </td>
               <td class=" middle">(different elements or materials that radiation consists of) </td>
            </tr>
         </table>
      </div>
   </Ex>
   <Ex id="ex4"
       title="EU Ecology Website Notes"
       instr="{{:~CSLocalize(null,'Here are some notes taken by a student who read the EU and Ecology web page. Fill in the gaps with vocabulary from this lesson. The first letter has been provided as a clue. Remember to change words/phrases grammatically where needed.')}}"
       tech_instr="FILLING_IN">
      <div class="row">
         <div class="col-md-12">
            <div>
               <table>
                  <tr>
                     <td class=" middle">
                - environmental c<GapFill id="d1e25" CorrectValue="oncerns" InitValue="" Example=""/>
                need to be i<GapFill id="d1e251" CorrectValue="ntegrated" InitValue="" Example=""/> into the Common Agricultural Policy.
              </td>
                  </tr>
                  <tr>
                     <td class=" middle">
                - agriculture has i<GapFill id="d1e30" CorrectValue="ncreased" InitValue="" Example=""/>
                pressure o<GapFill id="d1e252" CorrectValue="n" InitValue="" Example=""/> the environment
              </td>
                  </tr>
                  <tr>
                     <td class=" middle">
                - s<GapFill id="d1e303" CorrectValue="ustainable" InitValue="" Example=""/> agriculture – an ideal relationship between agriculture and the environment
              </td>
                  </tr>
               </table>
            </div>
            <div>
               <table>
                  <tr>
                     <td class=" middle">
                - air p<GapFill id="d1e254" CorrectValue="ollution" InitValue="" Example=""/> - a problem since the late 70s
              </td>
                  </tr>
                  <tr>
                     <td class=" middle">
                - policy: control of e<GapFill id="d1e305" CorrectValue="missions" InitValue="" Example=""/> , better quality of f<GapFill id="d1e256" CorrectValue="uel" InitValue="" Example=""/>, etc.
              </td>
                  </tr>
                  <tr>
                     <td class=" middle">
                - important to make air legislation c<GapFill id="d1e307" CorrectValue="oherent" InitValue="" Example=""/>
                     </td>
                  </tr>
               </table>
            </div>
            <div>
               <table>
                  <tr>
                     <td class=" middle">
                - we really need to c<GapFill id="d1e258" CorrectValue="ombat" InitValue="" Example=""/> climate change
              </td>
                  </tr>
                  <tr>
                     <td class=" middle">
                - temperature gone up by 0.6 degrees during C 20th .
              </td>
                  </tr>
                  <tr>
                     <td class=" middle">
                - bad when we: burn f<GapFill id="d1e3010" CorrectValue="ossil" InitValue="" Example=""/>
                f<GapFill id="d1e2511" CorrectValue="uels" InitValue="" Example=""/>, d<GapFill id="d1e2512"
                                 CorrectValue="eforestation"
                                 InitValue=""
                                 Example=""/> areas of land, etc.
              </td>
                  </tr>
               </table>
            </div>
            <div>
               <table>
                  <tr>
                     <td class=" middle">
                - we need to protect the public against the danger of radiation
              </td>
                  </tr>
                  <tr>
                     <td class=" middle">
                - two kinds of radioactivity: natural and a<GapFill id="d1e3013" CorrectValue="rtificial" InitValue="" Example=""/>, e.g. 
          f<GapFill id="d1e2514" CorrectValue="allout" InitValue="" Example=""/> from weapons testing
              </td>
                  </tr>
               </table>
            </div>
            <div>
               <table>
                  <tr>
                     <td class=" middle">
                - w<GapFill id="d1e2515" CorrectValue="aste" InitValue="" Example=""/>
                production in Europe is i<GapFill id="d1e2516" CorrectValue="ncreasing" InitValue="" Example=""/>, more rubbish every year
              </td>
                  </tr>
                  <tr>
                     <td class=" middle">
                - EU countries g<GapFill id="d1e3017" CorrectValue="enerate" InitValue="" Example=""/> 2,000 million tons a year, 40 million tons is 
                h<GapFill id="d1e2518" CorrectValue="azardous" InitValue="" Example=""/>
                     </td>
                  </tr>
                  <tr>
                     <td class=" middle">
                - we must r<GapFill id="d1e3019" CorrectValue="everse" InitValue="" Example=""/> this trend
              </td>
                  </tr>
               </table>
            </div>
            <div>
               <table>
                  <tr>
                     <td class=" middle">
                - people take water for g<GapFill id="d1e2520" CorrectValue="ranted" InitValue="" Example=""/>, they use it in a<GapFill id="d1e2521" CorrectValue="bundant" InitValue="" Example=""/> quantities
              </td>
                  </tr>
                  <tr>
                     <td class=" middle">
                - polluted water can c<GapFill id="d1e3022" CorrectValue="ause" InitValue="" Example=""/> damage to people and environment
              </td>
                  </tr>
               </table>
            </div>
         </div>
      </div>
   </Ex>
</Module>
