﻿<?xml version="1.0" encoding="utf-8"?>
<Page id="hufex2_l08_c05">
  <p>
    <a href="http://www.langmaster.cz/comcz/French2/l08/c/hufex2_l08_c05.htm">/French2/l08/c/hufex2_l08_c05.htm</a>
    <br />
    <a href="http://www.langmaster.cz/comcz/French2/l08/c/home.htm">
                            cvičení 5</a>
  </p>
  <DragSource />
  <div>
    <table class="table table-bordered c-table">
      <tr>
        <td class=" middle">
          <img src="/schools/eaimgmp3/french2/img/coursebook/lesson08/page76/76_a.gif" />
        </td>
        <td class=" middle">
          <b>inquiet</b>
        </td>
        <td class=" middle">
            Je me demande <DragTarget id="g204" Width="200" CorrectValue="ce qu’" /> il a.<br />Dites-moi <DragTarget id="g205" Width="200" CorrectValue="ce que" /> je peux faire pour vous.
          </td>
      </tr>
      <tr>
        <td class=" middle">
          <img src="/schools/eaimgmp3/french2/img/coursebook/lesson08/page76/76_b.gif" />
        </td>
        <td class=" middle">
          <b>curieux</b>
        </td>
        <td class=" middle">
            Dites-moi <DragTarget id="g215" Width="200" CorrectValue="ce qui" /> ne va pas.<br />Racontez-moi tout <DragTarget id="g216" Width="200" CorrectValue="ce que" /> vous avez fait.
          </td>
      </tr>
      <tr>
        <td class=" middle">
          <img src="/schools/eaimgmp3/french2/img/coursebook/lesson08/page76/76_c.gif" />
        </td>
        <td class=" middle">
          <b>menaçant</b>
        </td>
        <td class=" middle">
            Faites attention à <DragTarget id="g226" Width="200" CorrectValue="ce que" /> vous dites!
          </td>
      </tr>
      <tr>
        <td class=" middle">
          <img src="/schools/eaimgmp3/french2/img/coursebook/lesson08/page76/76_d.gif" />
        </td>
        <td class=" middle">
          <b>fataliste</b>
        </td>
        <td class=" middle">
            Dans la vie, on ne fait pas toujours <DragTarget id="g236" Width="200" CorrectValue="ce qu’" /> on veut.
          </td>
      </tr>
    </table>
  </div>
  <info title="Sur tous les tons" instrTitle="Complétez les phrases suivantes avec «ce qui» et «ce que»." instrs="FILLING_IN_FROM_A_LIST" />
</Page>