﻿<?xml version="1.0" encoding="utf-8"?>
<Page id="hufex2_l08_c06">
  <p>
    <a href="http://www.langmaster.cz/comcz/French2/l08/c/hufex2_l08_c06.htm">/French2/l08/c/hufex2_l08_c06.htm</a>
    <br />
    <a href="http://www.langmaster.cz/comcz/French2/l08/c/home.htm">
                            cvičení 6</a>
  </p>
  <DragSource />
  <div class="row">
    <div class="col-md-4 ">
      <img src="/schools/eaimgmp3/french2/img/homestudy/lesson08/page159/149.gif" />
    </div>
    <div class="col-md-8 ">
      <table class="table table-bordered c-table">
        <tr>
          <td>
            Je ne comprends pas <DragTarget id="g195" Width="200" CorrectValue="ce que" /> tu as.
          </td>
        </tr>
        <tr>
          <td>
            Je t’achète tout <DragTarget id="g244" Width="200" CorrectValue="ce qui" /> te fait plaisir.
          </td>
        </tr>
        <tr>
          <td>
            Tu ne dis jamais <DragTarget id="g293" Width="200" CorrectValue="ce que" /> tu penses.
          </td>
        </tr>
        <tr>
          <td>
            On ne sait jamais <DragTarget id="g342" Width="200" CorrectValue="ce qui" /> te plaît.
          </td>
        </tr>
        <tr>
          <td>
            Si! Le foot. C’est tout <DragTarget id="g391" Width="200" CorrectValue="ce qui" /> t’intéresse.
          </td>
        </tr>
        <tr>
          <td>
            Tu ne racontes jamais <DragTarget id="g440" Width="200" CorrectValue="ce que" /> tu fais.
          </td>
        </tr>
        <tr>
          <td>
            Alors, dis-moi <DragTarget id="g489" Width="200" CorrectValue="ce qui" /> ne va pas!
          </td>
        </tr>
        <tr>
          <td>
            Je me demande <DragTarget id="g538" Width="200" CorrectValue="ce qui" /> te rend si triste.
          </td>
        </tr>
        <tr>
          <td>
            <DragTarget id="g587" Width="200" CorrectValue="Ce que" /> je te reproche, c’est de faire tout le temps la tête.
          </td>
        </tr>
        <tr>
          <td>
            <DragTarget id="g636" Width="200" CorrectValue="Ce qu‘" />il te faudrait, c’est quoi au juste?
          </td>
        </tr>
        <tr>
          <td>
            Je ne sais plus <DragTarget id="g685" Width="200" CorrectValue="ce que" /> je dois faire.
          </td>
        </tr>
      </table>
    </div>
  </div>
  <info title="«Ce qui» ou «ce que»?" instrTitle="Avez-vous déjà appris les formes «ce qui» et «ce que»? Alors, à vous de compléter!" instrs="FILLING_IN_FROM_A_LIST" />
</Page>