﻿<?xml version="1.0" encoding="utf-8"?>
<Page id="hufex2_l08_c08">
  <p>
    <a href="http://www.langmaster.cz/comcz/French2/l08/c/hufex2_l08_c08.htm">/French2/l08/c/hufex2_l08_c08.htm</a>
    <br />
    <a href="http://www.langmaster.cz/comcz/French2/l08/c/home.htm">
                            cvičení 8</a>
  </p>
  <div>
    <img src="/schools/eaimgmp3/french2/img/coursebook/lesson08/page76/1309h0001.jpg" />
  </div>
  <div>
    <table class="table table-bordered c-table">
      <tr>
        <td>
          Tu as nettoyé la maison? - Oui, je <GapFill id="g203" Width="200" CorrectValue="l’ai nettoyée" InitValue="" />.
        </td>
      </tr>
      <tr>
        <td>
          Tu as arrosé les plantes? - Oui, je <GapFill id="g252" Width="200" CorrectValue="les ai arrosées" InitValue="" />.
        </td>
      </tr>
      <tr>
        <td>
          Tu as mis les valises dans le coffre? - Oui, je <GapFill id="g301" Width="200" CorrectValue="les y ai mises|les ai mises dans le coffre" InitValue="" />.
        </td>
      </tr>
      <tr>
        <td>
          Tu as pris les cartes d’identité? - Oui, je <GapFill id="g352" Width="200" CorrectValue="les ai prises" InitValue="" />.
        </td>
      </tr>
      <tr>
        <td>
          Tu n’as pas oublié les chèques de voyage? - Non, je <GapFill id="g401" Width="200" CorrectValue="ne les ai pas oubliés" InitValue="" />.
        </td>
      </tr>
      <tr>
        <td>
          Tu as informé les voisins de notre départ? - Oui, <GapFill id="g450" Width="200" CorrectValue="je les en ai informés|je les ai informés de notre départ" InitValue="" />.
        </td>
      </tr>
    </table>
  </div>
  <info title="Départ en vacances" instrTitle="Répondez aux questions suivantes en remplaçant le complément d’objet direct par le pronom personnel correspondant. Faites attention à l’accord du participe passé!" instrs="FILLING_IN" />
</Page>