﻿<?xml version="1.0" encoding="utf-8"?>
<Page id="hufex2_l08_c09">
  <p>
    <a href="http://www.langmaster.cz/comcz/French2/l08/c/hufex2_l08_c09.htm">/French2/l08/c/hufex2_l08_c09.htm</a>
    <br />
    <a href="http://www.langmaster.cz/comcz/French2/l08/c/home.htm">
                            cvičení 9</a>
  </p>
  <div class="row">
    <div class="col-md-3 ">
      <img src="/schools/eaimgmp3/french2/img/homestudy/lesson08/page159/olympus32008.jpg" />
    </div>
    <div class="col-md-9 ">
      <div>
        <table class="table c-table">
          <tr>
            <td>
              <b>{{Ttrans}}:</b>
              <br />
                Je n’ai pas vu Sabine et Fred depuis un mois.Sabine et Fred, je <GapFill id="g246" CorrectValue="ne les ai pas vus depuis un mois" InitValue="ne les ai pas vus depuis un mois" />.
              </td>
          </tr>
        </table>
      </div>
      <table class="table table-bordered c-table">
        <tr>
          <td>
            J’avais complètement oublié toutes ces lumières.Toutes ces lumières, je <GapFill id="g298" Width="200" CorrectValue="les avais complètement oubliées" InitValue="" />.
          </td>
        </tr>
        <tr>
          <td>
            J’ai eu mon VTT pour mon anniversaire.Mon VTT, je <GapFill id="g347" Width="200" CorrectValue="l'ai eu pour mon anniversaire" InitValue="" />.
          </td>
        </tr>
        <tr>
          <td>
            On a garé les vélos dans une salle fermée à clef.Les vélos, on <GapFill id="g396" Width="200" CorrectValue="les a garés dans une salle fermée à clef" InitValue="" />.
          </td>
        </tr>
        <tr>
          <td>
            Il faudrait plus de pistes cyclables.Des pistes cyclables, <GapFill id="g445" Width="200" CorrectValue="il en faudrait plus" InitValue="" />.
          </td>
        </tr>
        <tr>
          <td>
            J’ai payé l’amende immédiatement.L’amende, <GapFill id="g494" Width="200" CorrectValue="je l'ai payée immédiatement" InitValue="" />.
          </td>
        </tr>
      </table>
    </div>
  </div>
  <info title="A vous!" instrTitle="Transformez les phrases suivantes d’après le modèle." instrs="FILLING_IN" />
</Page>