﻿<?xml version="1.0" encoding="utf-8"?>
<Module title="Chapitre C">
   <Ex id="hufex2_l08_c01"
       title="Prononciation"
       instr="Voilà un exercice de prononciation! Ecoutez les phrases suivantes et écrivez combien de fois vous entendez le son [ø]."
       tech_instr="FILLING_IN SOUND_PLAYBACK">
      <p>
         <a target="_blank"
            href="http://www.langmaster.cz/comcz/French2/l08/c/hufex2_l08_c01.htm">/French2/l08/c/hufex2_l08_c01.htm</a>
         <br/>
         <a target="_blank"
            href="http://www.langmaster.cz/comcz/French2/l08/c/home.htm">
                            cvičení 1</a>
      </p>
      <div class="row">
         <div class="col-md-3 ">
            <img src="/schools/eaimgmp3/french2/img/coursebook/lesson08/page77/77_oben.gif"/>
         </div>
         <div class="col-md-1 ">
            <MediaBigMark Url="/schools/eaimgmp3/french2wma/lesson08/hufex2_l08_c01.mp3"
                          Sequence=""/>
         </div>
         <div class="col-md-8 ">
            <table class="table table-bordered c-table">
               <tr>
                  <td class=" middle">
                     <b>a.</b>
                  </td>
                  <td class=" middle">
                     <GapFill id="g158" CorrectValue="1" Width="2em"/>
                  </td>
               </tr>
               <tr>
                  <td class=" middle">
                     <b>b.</b>
                  </td>
                  <td class=" middle">
                     <GapFill id="g162" CorrectValue="0" Width="2em"/>
                  </td>
               </tr>
               <tr>
                  <td class=" middle">
                     <b>c.</b>
                  </td>
                  <td class=" middle">
                     <GapFill id="g166" CorrectValue="2" Width="2em"/>
                  </td>
               </tr>
               <tr>
                  <td class=" middle">
                     <b>d.</b>
                  </td>
                  <td class=" middle">
                     <GapFill id="g170" CorrectValue="1" Width="2em"/>
                  </td>
               </tr>
               <tr>
                  <td class=" middle">
                     <b>e.</b>
                  </td>
                  <td class=" middle">
                     <GapFill id="g174" CorrectValue="3" Width="2em"/>
                  </td>
               </tr>
               <tr>
                  <td class=" middle">
                     <b>f.</b>
                  </td>
                  <td class=" middle">
                     <GapFill id="g178" CorrectValue="1" Width="2em"/>
                  </td>
               </tr>
               <tr>
                  <td class=" middle">
                     <b>g.</b>
                  </td>
                  <td class=" middle">
                     <GapFill id="g182" CorrectValue="1" Width="2em"/>
                  </td>
               </tr>
               <tr>
                  <td class=" middle">
                     <b>h.</b>
                  </td>
                  <td class=" middle">
                     <GapFill id="g186" CorrectValue="0" Width="2em"/>
                  </td>
               </tr>
               <tr>
                  <td class=" middle">
                     <b>i.</b>
                  </td>
                  <td class=" middle">
                     <GapFill id="g190" CorrectValue="1" Width="2em"/>
                  </td>
               </tr>
               <tr>
                  <td class=" middle">
                     <b>j.</b>
                  </td>
                  <td class=" middle">
                     <GapFill id="g194" CorrectValue="1" Width="2em"/>
                  </td>
               </tr>
            </table>
         </div>
      </div>
   </Ex>
   <Ex id="hufex2_l08_c02"
       title="Mots croisés"
       instr="Tous les mots que vous devez trouver contiennent le son [ø]. Complétez à l’aide des phrases ci-dessous."
       tech_instr="FILLING_IN">
      <p>
         <a target="_blank"
            href="http://www.langmaster.cz/comcz/French2/l08/c/hufex2_l08_c02.htm">/French2/l08/c/hufex2_l08_c02.htm</a>
         <br/>
         <a target="_blank"
            href="http://www.langmaster.cz/comcz/French2/l08/c/home.htm">
                            cvičení 2</a>
      </p>
      <div class="row">
         <div class="col-md-2 ">
            <img src="/schools/eaimgmp3/french2/img/coursebook/lesson08/page77/0800h1187.jpg"/>
         </div>
         <div class="col-md-10 ">
            <b>a.</b> Il est guide de haute ….<br/>
            <b>b.</b> N’oubliez pas de … en bas de la page.<br/>
            <b>c.</b> Je voudrais un petit verre de ….<br/>
            <b>d.</b> Elle cherche des … dans la forêt.<br/>
            <b>e.</b> Elle est … dans un lycée.<br/>
            <b>f.</b> Il y a beaucoup de volcans en ….<br/>
            <b>g.</b> Ils ont … au loto.<br/>
            <b>h.</b> Il est doux comme un ….<br/>
         </div>
      </div>
      <div>
        TODO osmisměrka/křížovka, co s ní? ysearch
    </div>
      <div>
         <b>
            <i>Quelle est la solution? -  </i>
         </b>
         <GapFill id="g623" CorrectValue="Araignée" Width="200"/>
      </div>
   </Ex>
   <Ex id="hufex2_l08_c03"
       title="L’intonation"
       instr="Ecoutez les phrases suivantes et cochez la bonne case. La personne est..."
       tech_instr="SINGLE_CHOICE SOUND_PLAYBACK">
      <p>
         <a target="_blank"
            href="http://www.langmaster.cz/comcz/French2/l08/c/hufex2_l08_c03.htm">/French2/l08/c/hufex2_l08_c03.htm</a>
         <br/>
         <a target="_blank"
            href="http://www.langmaster.cz/comcz/French2/l08/c/home.htm">
                            cvičení 3</a>
      </p>
      <div class="row">
         <div class="col-md-3 ">
            <MediaBigMark Url="/schools/eaimgmp3/french2wma/lesson08/hufex2_l08_c03.mp3"
                          Sequence=""/>
            <br/>
            <br/>
            <img src="/schools/eaimgmp3/french2/img/coursebook/lesson08/page77/0281h0015.jpg"/>
         </div>
         <div class="col-md-9 ">
            <table class="table table-bordered c-table">
               <tr>
                  <td class="c-table middle">
                     <b>a.</b>
                  </td>
                  <td>
                     <WordSelection id="o356" Words="surprise|impatiente|contente|#mécontente / déçue"/>
                  </td>
               </tr>
               <tr>
                  <td class="c-table middle">
                     <b>b.</b>
                  </td>
                  <td>
                     <WordSelection id="o605" Words="#surprise|impatiente|contente|mécontente / déçue"/>
                  </td>
               </tr>
               <tr>
                  <td class="c-table middle">
                     <b>c.</b>
                  </td>
                  <td>
                     <WordSelection id="o854" Words="surprise|#impatiente|contente|mécontente / déçue"/>
                  </td>
               </tr>
               <tr>
                  <td class="c-table middle">
                     <b>d.</b>
                  </td>
                  <td>
                     <WordSelection id="o1103" Words="surprise|impatiente|#contente|mécontente / déçue"/>
                  </td>
               </tr>
               <tr>
                  <td class="c-table middle">
                     <b>e.</b>
                  </td>
                  <td>
                     <WordSelection id="o1352" Words="#surprise|impatiente|contente|mécontente / déçue"/>
                  </td>
               </tr>
               <tr>
                  <td class="c-table middle">
                     <b>f.</b>
                  </td>
                  <td>
                     <WordSelection id="o1601" Words="surprise|impatiente|contente|#mécontente / déçue"/>
                  </td>
               </tr>
               <tr>
                  <td class="c-table middle">
                     <b>g.</b>
                  </td>
                  <td>
                     <WordSelection id="o1850" Words="surprise|impatiente|#contente|mécontente / déçue"/>
                  </td>
               </tr>
               <tr>
                  <td class="c-table middle">
                     <b>h.</b>
                  </td>
                  <td>
                     <WordSelection id="o2099" Words="surprise|#impatiente|contente|mécontente / déçue"/>
                  </td>
               </tr>
               <tr>
                  <td class="c-table middle">
                     <b>i.</b>
                  </td>
                  <td>
                     <WordSelection id="o2348" Words="surprise|impatiente|#contente|mécontente / déçue"/>
                  </td>
               </tr>
            </table>
         </div>
      </div>
   </Ex>
   <Ex id="hufex2_l08_c04"
       title="«Ce qui», «ce que»"
       instr="Observez ces deux phrases et puis cochez la bonne réponse."
       tech_instr="SYLLABLE_SELECTION_ONE_CORRECT_OUT_OF_SEVERAL">
      <p>
         <a target="_blank"
            href="http://www.langmaster.cz/comcz/French2/l08/c/hufex2_l08_c04.htm">/French2/l08/c/hufex2_l08_c04.htm</a>
         <br/>
         <a target="_blank"
            href="http://www.langmaster.cz/comcz/French2/l08/c/home.htm">
                            cvičení 4</a>
      </p>
      <div>
         <table class="table table-bordered c-table">
            <tr>
               <td>
                  <b>
            ce qui – ce que<br/>Ce qui
          </b> me plaît, c’est d’être plus autonome.<br/>
                  <b>Ce que</b> nous souhaiterions, c’est plus de pistes cyclables.
        </td>
            </tr>
         </table>
      </div>
      <div>
         <table class="table c-table">
            <tr>
               <td class=" middle"/>
               <td class=" middle">
            Vous êtes très ouverts. Vous dites toujours 
              <WordSelection id="o369" Words="#ce que|ce qui"/> vous pensez.
          </td>
            </tr>
            <tr>
               <td class=" middle"/>
               <td class=" middle">
            Il veut toujours savoir 
              <WordSelection id="o481" Words="ce que|#ce qui"/> m’intéresse.
          </td>
            </tr>
         </table>
      </div>
      <div class="col-md-6">
         <div class="panel panel-info">
            <div class="panel-heading">
               <h3>{{Aboxtitle}}</h3>
            </div>
            <div class="panel-body">
               <p>
                  <b>Ce qui</b>
          - {{Ttrans}}
        </p>
               <p>
                  <b>Ce que</b>
          - {{Ttrans1}}
        </p>
            </div>
         </div>
      </div>
   </Ex>
   <Ex id="hufex2_l08_c05"
       title="Sur tous les tons"
       instr="Complétez les phrases suivantes avec «ce qui» et «ce que»."
       tech_instr="FILLING_IN_FROM_A_LIST">
      <p>
         <a target="_blank"
            href="http://www.langmaster.cz/comcz/French2/l08/c/hufex2_l08_c05.htm">/French2/l08/c/hufex2_l08_c05.htm</a>
         <br/>
         <a target="_blank"
            href="http://www.langmaster.cz/comcz/French2/l08/c/home.htm">
                            cvičení 5</a>
      </p>
      <DragSource/>
      <div>
         <table class="table table-bordered c-table">
            <tr>
               <td class=" middle">
                  <img src="/schools/eaimgmp3/french2/img/coursebook/lesson08/page76/76_a.gif"/>
               </td>
               <td class=" middle">
                  <b>inquiet</b>
               </td>
               <td class=" middle">
            Je me demande <DragTarget id="g204" CorrectValue="ce qu’" Width="200"/> il a.<br/>Dites-moi <DragTarget id="g205" CorrectValue="ce que" Width="200"/> je peux faire pour vous.
          </td>
            </tr>
            <tr>
               <td class=" middle">
                  <img src="/schools/eaimgmp3/french2/img/coursebook/lesson08/page76/76_b.gif"/>
               </td>
               <td class=" middle">
                  <b>curieux</b>
               </td>
               <td class=" middle">
            Dites-moi <DragTarget id="g215" CorrectValue="ce qui" Width="200"/> ne va pas.<br/>Racontez-moi tout <DragTarget id="g216" CorrectValue="ce que" Width="200"/> vous avez fait.
          </td>
            </tr>
            <tr>
               <td class=" middle">
                  <img src="/schools/eaimgmp3/french2/img/coursebook/lesson08/page76/76_c.gif"/>
               </td>
               <td class=" middle">
                  <b>menaçant</b>
               </td>
               <td class=" middle">
            Faites attention à <DragTarget id="g226" CorrectValue="ce que" Width="200"/> vous dites!
          </td>
            </tr>
            <tr>
               <td class=" middle">
                  <img src="/schools/eaimgmp3/french2/img/coursebook/lesson08/page76/76_d.gif"/>
               </td>
               <td class=" middle">
                  <b>fataliste</b>
               </td>
               <td class=" middle">
            Dans la vie, on ne fait pas toujours <DragTarget id="g236" CorrectValue="ce qu’" Width="200"/> on veut.
          </td>
            </tr>
         </table>
      </div>
   </Ex>
   <Ex id="hufex2_l08_c06"
       title="«Ce qui» ou «ce que»?"
       instr="Avez-vous déjà appris les formes «ce qui» et «ce que»? Alors, à vous de compléter!"
       tech_instr="FILLING_IN_FROM_A_LIST">
      <p>
         <a target="_blank"
            href="http://www.langmaster.cz/comcz/French2/l08/c/hufex2_l08_c06.htm">/French2/l08/c/hufex2_l08_c06.htm</a>
         <br/>
         <a target="_blank"
            href="http://www.langmaster.cz/comcz/French2/l08/c/home.htm">
                            cvičení 6</a>
      </p>
      <DragSource/>
      <div class="row">
         <div class="col-md-4 ">
            <img src="/schools/eaimgmp3/french2/img/homestudy/lesson08/page159/149.gif"/>
         </div>
         <div class="col-md-8 ">
            <table class="table table-bordered c-table">
               <tr>
                  <td>
            Je ne comprends pas <DragTarget id="g195" CorrectValue="ce que" Width="200"/> tu as.
          </td>
               </tr>
               <tr>
                  <td>
            Je t’achète tout <DragTarget id="g244" CorrectValue="ce qui" Width="200"/> te fait plaisir.
          </td>
               </tr>
               <tr>
                  <td>
            Tu ne dis jamais <DragTarget id="g293" CorrectValue="ce que" Width="200"/> tu penses.
          </td>
               </tr>
               <tr>
                  <td>
            On ne sait jamais <DragTarget id="g342" CorrectValue="ce qui" Width="200"/> te plaît.
          </td>
               </tr>
               <tr>
                  <td>
            Si! Le foot. C’est tout <DragTarget id="g391" CorrectValue="ce qui" Width="200"/> t’intéresse.
          </td>
               </tr>
               <tr>
                  <td>
            Tu ne racontes jamais <DragTarget id="g440" CorrectValue="ce que" Width="200"/> tu fais.
          </td>
               </tr>
               <tr>
                  <td>
            Alors, dis-moi <DragTarget id="g489" CorrectValue="ce qui" Width="200"/> ne va pas!
          </td>
               </tr>
               <tr>
                  <td>
            Je me demande <DragTarget id="g538" CorrectValue="ce qui" Width="200"/> te rend si triste.
          </td>
               </tr>
               <tr>
                  <td>
                     <DragTarget id="g587" CorrectValue="Ce que" Width="200"/> je te reproche, c’est de faire tout le temps la tête.
          </td>
               </tr>
               <tr>
                  <td>
                     <DragTarget id="g636" CorrectValue="Ce qu‘" Width="200"/>il te faudrait, c’est quoi au juste?
          </td>
               </tr>
               <tr>
                  <td>
            Je ne sais plus <DragTarget id="g685" CorrectValue="ce que" Width="200"/> je dois faire.
          </td>
               </tr>
            </table>
         </div>
      </div>
   </Ex>
   <Ex id="hufex2_l08_c07"
       title="L’accord"
       instr="Lisez ces deux phrases et observez. Puis marquez le complément d’objet direct dans chaque phrase et cochez la bonne réponse."
       tech_instr="TEXT_SECTION_SELECTING_ONE_OR_MORE_CORRECT_ANSWERS SYLLABLE_SELECTION_ONE_CORRECT_OUT_OF_SEVERAL">
      <p>
         <a target="_blank"
            href="http://www.langmaster.cz/comcz/French2/l08/c/hufex2_l08_c07.htm">/French2/l08/c/hufex2_l08_c07.htm</a>
         <br/>
         <a target="_blank"
            href="http://www.langmaster.cz/comcz/French2/l08/c/home.htm">
                            cvičení 7</a>
      </p>
      <div>
         <table class="table table-bordered c-table">
            <tr>
               <td class=" middle"/>
               <td class=" middle">TODO POZOR, více správných hodnot, ruční předělávka ysearch<WordSelection id="o122" Words="Tu|as|fait|#les|#courses"/> 
              
              
              
             ?
          </td>
            </tr>
            <tr>
               <td class=" middle"/>
               <td class=" middle">TODO POZOR, více správných hodnot, ruční předělávka ysearch<WordSelection id="o137" Words="#Les|#courses|tu|#les|as|faites"/> 
             ,
              
              
              
             ?
          </td>
            </tr>
         </table>
      </div>
      <div>
        Le participe passé s’accorde avec le COD quand il est placé
        <WordSelection id="o320" Words="#avant le verbe|après le verbe"/>.
      </div>
      <div class="row">
         <div class="col-md-2 ">
            <img src="/schools/eaimgmp3/french2/img/coursebook/lesson08/page76/0244h0048.jpg"/>
         </div>
         <div class="col-md-10 ">
            <div class="panel panel-info">
               <div class="panel-heading">
                  <h3>{{Aboxtitle}}</h3>
               </div>
               <div class="panel-body">
                  <p>
            {{Ttrans}}.
          </p>
               </div>
            </div>
         </div>
      </div>
   </Ex>
   <Ex id="hufex2_l08_c08"
       title="Départ en vacances"
       instr="Répondez aux questions suivantes en remplaçant le complément d’objet direct par le pronom personnel correspondant. Faites attention à l’accord du participe passé!"
       tech_instr="FILLING_IN">
      <p>
         <a target="_blank"
            href="http://www.langmaster.cz/comcz/French2/l08/c/hufex2_l08_c08.htm">/French2/l08/c/hufex2_l08_c08.htm</a>
         <br/>
         <a target="_blank"
            href="http://www.langmaster.cz/comcz/French2/l08/c/home.htm">
                            cvičení 8</a>
      </p>
      <div>
         <img src="/schools/eaimgmp3/french2/img/coursebook/lesson08/page76/1309h0001.jpg"/>
      </div>
      <div>
         <table class="table table-bordered c-table">
            <tr>
               <td>
          Tu as nettoyé la maison? - Oui, je <GapFill id="g203" CorrectValue="l’ai nettoyée" Width="200"/>.
        </td>
            </tr>
            <tr>
               <td>
          Tu as arrosé les plantes? - Oui, je <GapFill id="g252" CorrectValue="les ai arrosées" Width="200"/>.
        </td>
            </tr>
            <tr>
               <td>
          Tu as mis les valises dans le coffre? - Oui, je <GapFill id="g301"
                           CorrectValue="les y ai mises|les ai mises dans le coffre"
                           Width="200"/>.
        </td>
            </tr>
            <tr>
               <td>
          Tu as pris les cartes d’identité? - Oui, je <GapFill id="g352" CorrectValue="les ai prises" Width="200"/>.
        </td>
            </tr>
            <tr>
               <td>
          Tu n’as pas oublié les chèques de voyage? - Non, je <GapFill id="g401" CorrectValue="ne les ai pas oubliés" Width="200"/>.
        </td>
            </tr>
            <tr>
               <td>
          Tu as informé les voisins de notre départ? - Oui, <GapFill id="g450"
                           CorrectValue="je les en ai informés|je les ai informés de notre départ"
                           Width="200"/>.
        </td>
            </tr>
         </table>
      </div>
   </Ex>
   <Ex id="hufex2_l08_c09"
       title="A vous!"
       instr="Transformez les phrases suivantes d’après le modèle."
       tech_instr="FILLING_IN">
      <p>
         <a target="_blank"
            href="http://www.langmaster.cz/comcz/French2/l08/c/hufex2_l08_c09.htm">/French2/l08/c/hufex2_l08_c09.htm</a>
         <br/>
         <a target="_blank"
            href="http://www.langmaster.cz/comcz/French2/l08/c/home.htm">
                            cvičení 9</a>
      </p>
      <div class="row">
         <div class="col-md-3 ">
            <img src="/schools/eaimgmp3/french2/img/homestudy/lesson08/page159/olympus32008.jpg"/>
         </div>
         <div class="col-md-9 ">
            <div>
               <table class="table c-table">
                  <tr>
                     <td>
                        <b>{{Ttrans}}:</b>
                        <br/>
                Je n’ai pas vu Sabine et Fred depuis un mois.Sabine et Fred, je <GapFill id="g246"
                                 CorrectValue="ne les ai pas vus depuis un mois"
                                 InitValue="ne les ai pas vus depuis un mois"
                                 Example="true"/>.
              </td>
                  </tr>
               </table>
            </div>
            <table class="table table-bordered c-table">
               <tr>
                  <td>
            J’avais complètement oublié toutes ces lumières.Toutes ces lumières, je <GapFill id="g298"
                              CorrectValue="les avais complètement oubliées"
                              Width="200"/>.
          </td>
               </tr>
               <tr>
                  <td>
            J’ai eu mon VTT pour mon anniversaire.Mon VTT, je <GapFill id="g347" CorrectValue="l'ai eu pour mon anniversaire" Width="200"/>.
          </td>
               </tr>
               <tr>
                  <td>
            On a garé les vélos dans une salle fermée à clef.Les vélos, on <GapFill id="g396"
                              CorrectValue="les a garés dans une salle fermée à clef"
                              Width="200"/>.
          </td>
               </tr>
               <tr>
                  <td>
            Il faudrait plus de pistes cyclables.Des pistes cyclables, <GapFill id="g445" CorrectValue="il en faudrait plus" Width="200"/>.
          </td>
               </tr>
               <tr>
                  <td>
            J’ai payé l’amende immédiatement.L’amende, <GapFill id="g494" CorrectValue="je l'ai payée immédiatement" Width="200"/>.
          </td>
               </tr>
            </table>
         </div>
      </div>
   </Ex>
   <Ex id="hufex2_l08_c10"
       title="Dictée"
       instr="Ecrivez les phrases entendues!"
       tech_instr="SOUND_PLAYBACK DICTATION">
      <p>
         <a target="_blank"
            href="http://www.langmaster.cz/comcz/French2/l08/c/hufex2_l08_c10.htm">/French2/l08/c/hufex2_l08_c10.htm</a>
         <br/>
         <a target="_blank"
            href="http://www.langmaster.cz/comcz/French2/l08/c/home.htm">
                            cvičení 10</a>
      </p>
      <div class="row">
         <div class="col-md-2 ">
            <img src="/schools/eaimgmp3/french2/img/homestudy/lesson08/page160/1757h0035.jpg"/>
         </div>
         <div class="col-md-10 ">
            <div>
               <table class="table c-table">
                  <tr>
                     <td>
                        <b>
                  {{Ttrans}}:
                </b>
                        <br/>
                        <MediaBigMark Url="/schools/eaimgmp3/french2wma/lesson08/hufex2_l08_c10.mp3"
                                      Sequence="0"/>
                        <GapFill id="s001"
                                 CorrectValue="Je ne l’ai jamais mise parce qu’elle ne me plaît pas."
                                 InitValue="Je ne l’ai jamais mise parce qu’elle ne me plaît pas."
                                 Example="true"
                                 Width="40"/>
                     </td>
                  </tr>
               </table>
            </div>
            <table class="table table-bordered c-table">
               <tr>
                  <td class=" middle">
                     <MediaBigMark Url="/schools/eaimgmp3/french2wma/lesson08/hufex2_l08_c10.mp3"
                                   Sequence="1-2"/>
                  </td>
                  <td class=" middle">
                     <GapFill id="s002"
                              CorrectValue="Elle les a tous mangés et maintenant elle est malade."
                              Width="40"/>
                  </td>
               </tr>
               <tr>
                  <td class=" middle">
                     <MediaBigMark Url="/schools/eaimgmp3/french2wma/lesson08/hufex2_l08_c10.mp3"
                                   Sequence="3-4"/>
                  </td>
                  <td class=" middle">
                     <GapFill id="s003"
                              CorrectValue="Il les a offertes à Marie pour son anniversaire."
                              Width="40"/>
                  </td>
               </tr>
               <tr>
                  <td class=" middle">
                     <MediaBigMark Url="/schools/eaimgmp3/french2wma/lesson08/hufex2_l08_c10.mp3"
                                   Sequence="5-6"/>
                  </td>
                  <td class=" middle">
                     <GapFill id="s004"
                              CorrectValue="Je l’ai ouverte parce qu’il faisait trop chaud."
                              Width="40"/>
                  </td>
               </tr>
               <tr>
                  <td class=" middle">
                     <MediaBigMark Url="/schools/eaimgmp3/french2wma/lesson08/hufex2_l08_c10.mp3"
                                   Sequence="7-8"/>
                  </td>
                  <td class=" middle">
                     <GapFill id="s005"
                              CorrectValue="On l’a pris pour aller en Irlande."
                              Width="40"/>
                  </td>
               </tr>
               <tr>
                  <td class=" middle">
                     <MediaBigMark Url="/schools/eaimgmp3/french2wma/lesson08/hufex2_l08_c10.mp3"
                                   Sequence="9-10"/>
                  </td>
                  <td class=" middle">
                     <GapFill id="s006"
                              CorrectValue="Ce n’est pas lui qui les a écrits."
                              Width="40"/>
                  </td>
               </tr>
               <tr>
                  <td class=" middle">
                     <MediaBigMark Url="/schools/eaimgmp3/french2wma/lesson08/hufex2_l08_c10.mp3"
                                   Sequence="11-12"/>
                  </td>
                  <td class=" middle">
                     <GapFill id="s007"
                              CorrectValue="Je les ai donnés à ma sœur. On a la même taille."
                              Width="40"/>
                  </td>
               </tr>
               <tr>
                  <td class=" middle">
                     <MediaBigMark Url="/schools/eaimgmp3/french2wma/lesson08/hufex2_l08_c10.mp3"
                                   Sequence="13-14"/>
                  </td>
                  <td class=" middle">
                     <GapFill id="s008" CorrectValue="Elle l’a traduite en anglais." Width="40"/>
                  </td>
               </tr>
            </table>
         </div>
      </div>
   </Ex>
   <Ex id="hufex2_l08_c11"
       title="De quoi s’agit-il?"
       instr="Ecoutez et marquez de quoi il s’agit."
       tech_instr="SINGLE_CHOICE SOUND_PLAYBACK">
      <p>
         <a target="_blank"
            href="http://www.langmaster.cz/comcz/French2/l08/c/hufex2_l08_c11.htm">/French2/l08/c/hufex2_l08_c11.htm</a>
         <br/>
         <a target="_blank"
            href="http://www.langmaster.cz/comcz/French2/l08/c/home.htm">
                            cvičení 11</a>
      </p>
      <div>
         <img src="/schools/eaimgmp3/french2/img/homestudy/lesson08/page160/1781h0040.jpg"/>
      </div>
      <div class="row">
         <div class="col-md-1 ">
            <MediaBigMark Url="/schools/eaimgmp3/french2wma/lesson08/hufex2_l08_c10.mp3"
                          Sequence=""/>
         </div>
         <div class="col-md-11 ">
          {{Ttrans}}
        <table class="table c-table">
               <tr>
                  <td class=" middle">
                     <div class="panel panel-default c-panel" Width="400-800">
                        <div class="panel-body">
                           <SingleChoice id="t199">
                              <Data>
                                 <string>ce pantalon</string>
                                 <string>#cette robe</string>
                                 <string>ces chaussures</string>
                              </Data>
                           </SingleChoice>
                        </div>
                     </div>
                  </td>
                  <td class=" middle">
                     <div class="panel panel-default c-panel" Width="400-800">
                        <div class="panel-heading">a.</div>
                        <div class="panel-body">
                           <SingleChoice id="t395">
                              <Data>
                                 <string>#les bonbons</string>
                                 <string>le gâteau</string>
                                 <string>les fraises</string>
                              </Data>
                           </SingleChoice>
                        </div>
                     </div>
                  </td>
               </tr>
               <tr>
                  <td class=" middle">
                     <div class="panel panel-default c-panel" Width="400-800">
                        <div class="panel-heading">b.</div>
                        <div class="panel-body">
                           <SingleChoice id="t585">
                              <Data>
                                 <string>ce collier</string>
                                 <string>#ces boucles d’oreille</string>
                                 <string>cette montre</string>
                              </Data>
                           </SingleChoice>
                        </div>
                     </div>
                  </td>
                  <td class=" middle">
                     <div class="panel panel-default c-panel" Width="400-800">
                        <div class="panel-heading">c.</div>
                        <div class="panel-body">
                           <SingleChoice id="t775">
                              <Data>
                                 <string>les fenêtres</string>
                                 <string>la lettre</string>
                                 <string>#la porte</string>
                              </Data>
                           </SingleChoice>
                        </div>
                     </div>
                  </td>
               </tr>
               <tr>
                  <td class=" middle">
                     <div class="panel panel-default c-panel" Width="400-800">
                        <div class="panel-heading">d.</div>
                        <div class="panel-body">
                           <SingleChoice id="t965">
                              <Data>
                                 <string>le vélo</string>
                                 <string>la voiture</string>
                                 <string>#l’avion</string>
                              </Data>
                           </SingleChoice>
                        </div>
                     </div>
                  </td>
                  <td class=" middle">
                     <div class="panel panel-default c-panel" Width="400-800">
                        <div class="panel-heading">e.</div>
                        <div class="panel-body">
                           <SingleChoice id="t1155">
                              <Data>
                                 <string>#ces poèmes</string>
                                 <string>ces lettres</string>
                                 <string>ce livre</string>
                              </Data>
                           </SingleChoice>
                        </div>
                     </div>
                  </td>
               </tr>
               <tr>
                  <td class=" middle">
                     <div class="panel panel-default c-panel" Width="400-800">
                        <div class="panel-heading">f.</div>
                        <div class="panel-body">
                           <SingleChoice id="t1345">
                              <Data>
                                 <string>les cassettes vidéo</string>
                                 <string>#les vêtements</string>
                                 <string>la veste</string>
                              </Data>
                           </SingleChoice>
                        </div>
                     </div>
                  </td>
                  <td class=" middle">
                     <div class="panel panel-default c-panel" Width="400-800">
                        <div class="panel-heading">g.</div>
                        <div class="panel-body">
                           <SingleChoice id="t1535">
                              <Data>
                                 <string>#la nouvelle</string>
                                 <string>l’article</string>
                                 <string>le roman</string>
                              </Data>
                           </SingleChoice>
                        </div>
                     </div>
                  </td>
               </tr>
            </table>
         </div>
      </div>
   </Ex>
</Module>
