﻿<?xml version="1.0" encoding="utf-8"?>
<Page id="hufex1_l07_c10">
  <p>
    <a href="http://www.langmaster.cz/comcz/French1/l07/c/hufex1_l07_c10.htm">/French1/l07/c/hufex1_l07_c10.htm</a>
    <br />
    <a href="http://www.langmaster.cz/comcz/French1/l07/c/home.htm">
                            cvičení 11</a>
  </p>
  <div class="row">
    <div class="col-md-6 ">
      <div>
        <table class="table c-table">
          <tr>
            <td>
              <b>
                  {{Ttrans}}
                </b>
              <br />
                méditer<br /><GapFill id="g284" Width="200" CorrectValue="la méditation" InitValue="la méditation" /></td>
          </tr>
        </table>
      </div>
      <table class="table table-bordered c-table">
        <tr>
          <td class=" middle">
              danser<br /><GapFill id="g1602" Width="200" CorrectValue="la danse|la danseuse|le danseur" InitValue="" /> 
            </td>
        </tr>
        <tr>
          <td class=" middle">
              dessiner<br /><GapFill id="g1584" Width="200" CorrectValue="le dessinateur|la dessinatrice|le dessin" InitValue="" /></td>
        </tr>
        <tr>
          <td class=" middle">
              vendre<br /><GapFill id="g1586" Width="200" CorrectValue="le vendeur|la vendeuse|la vente" InitValue="" /></td>
        </tr>
        <tr>
          <td class=" middle">
              chanter<br /><GapFill id="g1608" Width="200" CorrectValue="la chanson|le chanteur|la chanteuse" InitValue="" /></td>
        </tr>
      </table>
    </div>
    <div class="col-md-6 ">
      <div>
        <table class="table c-table">
          <tr>
            <td>
              <b>
                  {{Ttrans1}}
                </b>
              <br />
                l’exotisme<br /><GapFill id="g1259" Width="200" CorrectValue="exotique" InitValue="exotique" /></td>
          </tr>
        </table>
      </div>
      <table class="table table-bordered c-table">
        <tr>
          <td class=" middle">
              la discrétion<br /><GapFill id="g1049" Width="200" CorrectValue="discret|discrète|discret / discrète" InitValue="" /></td>
        </tr>
        <tr>
          <td class=" middle">
              l’Europe<br /><GapFill id="g1154" Width="200" CorrectValue="européen|européenne|européen / européenne" InitValue="" /></td>
        </tr>
        <tr>
          <td class=" middle">
              le sport<br /><GapFill id="g946" Width="200" CorrectValue="sportif|sportive" InitValue="" /></td>
        </tr>
        <tr>
          <td class=" middle">
              l’activité<br /><GapFill id="g1357" Width="200" CorrectValue="actif|active|actif / active" InitValue="" /></td>
        </tr>
      </table>
    </div>
  </div>
  <div class="row">
    <div class="col-md-3 ">
      <img src="/schools/eaimgmp3/french1/img/vocabulary/lesson07/page67/1858h0009.jpg" />
    </div>
    <div class="col-md-9 ">
      <div class="panel panel-info">
        <div class="panel-body">
          <p>
            <b>
              {{Ttrans2}}
            </b>
          </p>
          <p>
            {{Ttrans3}}
            <br /><i>
              {{Ttrans4}}
            </i><b> le bijoux - la bijouterie</b></p>
        </div>
      </div>
    </div>
  </div>
  <info title="Le mot et sa famille" instrTitle="{{Ahtmltitle}}" instrs="FILLING_IN" />
</Page>