﻿<?xml version="1.0" encoding="utf-8"?>
<Page id="hufex2_l03_a03">
  <p>
    <a href="http://www.langmaster.cz/comcz/French2/l03/a/hufex2_l03_a03.htm">/French2/l03/a/hufex2_l03_a03.htm</a>
    <br />
    <a href="http://www.langmaster.cz/comcz/French2/l03/a/home.htm">
                            cvičení 3</a>
  </p>
  <div>
    <img src="/schools/eaimgmp3/french2/img/coursebook/lesson03/page23/noviny.gif" />
  </div>
  <div>
    <Pairing id="E64">
      <PairingItem>Le Dakar sur le départ<Right>L’Equipe</Right></PairingItem>
      <PairingItem>Lionel Jospin confirme les engagements du gouvernement en faveur des chômeurs<Right>Le Monde</Right></PairingItem>
      <PairingItem>Grand voyage au bout du français<Right>Géo</Right></PairingItem>
      <PairingItem>40 écrivains répondent<Right>Lire</Right></PairingItem>
      <PairingItem>Cuisinez les petits plats de vos vacances<Right>Femme Actuelle</Right></PairingItem>
      <PairingItem>Fini les téléfilms! Pour la rentrée 1998, les télés françaises nous préparent une nouvelle génération de fictions. Ton neuf, format plus court (26 ou 52 minutes) et diffusion à 20 h 30!<Right>Télérama</Right></PairingItem>
      <PairingItem>Gagnez plus en payant moins de charges<Right>Les Echos</Right></PairingItem>
    </Pairing>
  </div>
  <info title="Les titres d’articles" instrTitle="Dans quel journal ou magazine peut-on trouver ces titres d’articles? Reliez les titres et les journaux." instrs="PAIRING" />
</Page>