﻿<?xml version="1.0" encoding="utf-8"?>
<Page id="hufex2_l03_a05">
  <p>
    <a href="http://www.langmaster.cz/comcz/French2/l03/a/hufex2_l03_a05.htm">/French2/l03/a/hufex2_l03_a05.htm</a>
    <br />
    <a href="http://www.langmaster.cz/comcz/French2/l03/a/home.htm">
                            cvičení 5</a>
  </p>
  <div class="row">
    <div class="col-md-1 ">
      <img src="/schools/eaimgmp3/french2/img/coursebook/lesson03/page24/0414h0097.gif" />
    </div>
    <div class="col-md-11 ">
      <table class="table table-bordered c-table">
        <tr>
          <td>
            <i>fin/faim</i>
            <br />C’est un très gros mangeur: à la <GapFill id="g853" Width="200" CorrectValue="fin" InitValue="" /> du déjeuner, il a toujours <GapFill id="g854" Width="200" CorrectValue="faim" InitValue="" />.
          </td>
        </tr>
        <tr>
          <td>
            <i>sans/cent</i>
            <br />A <GapFill id="g855" Width="200" CorrectValue="cent" InitValue="" /> ans, on est <GapFill id="g856" Width="200" CorrectValue="sans" InitValue="" /> dents.
          </td>
        </tr>
        <tr>
          <td>
            <i>vingt/vin</i>
            <br />Nous avons commandé <GapFill id="g857" Width="200" CorrectValue="vingt" InitValue="" /> bouteilles de <GapFill id="g858" Width="200" CorrectValue="vin" InitValue="" />.
          </td>
        </tr>
        <tr>
          <td>
            <i>vert/verre</i>
            <br />Boire dans un <GapFill id="g859" Width="200" CorrectValue="verre" InitValue="" /><GapFill id="g860" Width="200" CorrectValue="vert" InitValue="" />, est-ce plus écologique?
          </td>
        </tr>
        <tr>
          <td>
            <i>mère/mer</i>
            <br />Ma <GapFill id="g861" Width="200" CorrectValue="mère" InitValue="" /> adore la <GapFill id="g862" Width="200" CorrectValue="mer" InitValue="" />.
          </td>
        </tr>
        <tr>
          <td>
            <i>où/ou</i>
            <br />
            <GapFill id="g863" Width="200" CorrectValue="Où" InitValue="" /> allez-vous cet été? A Nice <GapFill id="g864" Width="200" CorrectValue="ou" InitValue="" /> à Cannes?
          </td>
        </tr>
        <tr>
          <td>
            <i>court/cours</i>
            <br />Le <GapFill id="g865" Width="200" CorrectValue="cours" InitValue="" /> de français est toujours trop <GapFill id="g866" Width="200" CorrectValue="court" InitValue="" />.
          </td>
        </tr>
      </table>
    </div>
  </div>
  <info title="A vous!" instrTitle="Les mots suivants sont écrits différemment, mais sont prononcés pareillement. Complétez tous les deux mots dans une phrase." instrs="FILLING_IN" />
</Page>