﻿<?xml version="1.0" encoding="utf-8"?>
<Page id="hufex2_l03_a07">
  <p>
    <a href="http://www.langmaster.cz/comcz/French2/l03/a/hufex2_l03_a07.htm">/French2/l03/a/hufex2_l03_a07.htm</a>
    <br />
    <a href="http://www.langmaster.cz/comcz/French2/l03/a/home.htm">
                            cvičení 7</a>
  </p>
  <div>
    <img src="/schools/eaimgmp3/french2/img/coursebook/lesson03/page24/1305h0039.jpg" />
  </div>
  <div class="row">
    <div class="col-md-6 ">
      <ListGroup IsStriped="true">
        <Noop>
            {{Ttrans}}
            <br /><GapFill id="g249" Width="200" CorrectValue="le cybercafé" InitValue="" /></Noop>
        <Noop>
            {{Ttrans1}}
            <br /><GapFill id="g449" Width="200" CorrectValue="surfer sur internet" InitValue="" /></Noop>
        <Noop>
            {{Ttrans2}}
            <br /><GapFill id="g649" Width="200" CorrectValue="le kilobit" InitValue="" /></Noop>
        <Noop>
            {{Ttrans3}}
            <br /><GapFill id="g849" Width="200" CorrectValue="le multimedia" InitValue="" /></Noop>
      </ListGroup>
    </div>
    <div class="col-md-6 ">
      <ListGroup IsStriped="true">
        <Noop>
            {{Ttrans4}}
            <br /><GapFill id="g349" Width="200" CorrectValue="le cyberfan" InitValue="" /></Noop>
        <Noop>
            {{Ttrans5}}
            <br /><GapFill id="g549" Width="200" CorrectValue="interactif" InitValue="" /></Noop>
        <Noop>
            {{Ttrans6}}
            <br /><GapFill id="g749" Width="200" CorrectValue="le e-mail" InitValue="" /></Noop>
        <Noop />
      </ListGroup>
    </div>
  </div>
  <info title="La traduction" instrTitle="Traduisez les mots suivants." instrs="FILLING_IN" />
</Page>