﻿<?xml version="1.0" encoding="utf-8"?>
<Page id="hufex2_l03_a08">
  <p>
    <a href="http://www.langmaster.cz/comcz/French2/l03/a/hufex2_l03_a08.htm">/French2/l03/a/hufex2_l03_a08.htm</a>
    <br />
    <a href="http://www.langmaster.cz/comcz/French2/l03/a/home.htm">
                            cvičení 8</a>
  </p>
  <div>
    <img src="/schools/eaimgmp3/french2/img/coursebook/lesson03/page24/1468h0016.gif" />
  </div>
  <div>
    <Pairing id="E64">
      <PairingItem>Tout nouveau, tout beau.<Right>
            {{Ttrans}}
          </Right></PairingItem>
      <PairingItem>Tout est bien qui finit bien.<Right>
            {{Ttrans1}}
          </Right></PairingItem>
      <PairingItem>Le soleil brille pour tout le monde.<Right>
            {{Ttrans2}}
          </Right></PairingItem>
      <PairingItem>Tous les chemins mènent à Rome.<Right>
            {{Ttrans3}}
          </Right></PairingItem>
      <PairingItem>Tous pour un, un pour tous.<Right>
            {{Ttrans4}}
          </Right></PairingItem>
    </Pairing>
  </div>
  <info title="Les expressions" instrTitle="Il y a des expressions avec tout. Trouvez la traduction." instrs="PAIRING" />
</Page>