﻿<?xml version="1.0" encoding="utf-8"?>
<Module title="Chapitre A">
   <Ex id="hufex2_l03_a01"
       title="La lecture"
       instr="Voilà quatre interviews. Ecoutez-les et retrouvez le genre de chaque publication et complétez le tableau."
       tech_instr="FILLING_IN_FROM_A_LIST SOUND_PLAYBACK">
      <p>
         <a target="_blank"
            href="http://www.langmaster.cz/comcz/French2/l03/a/hufex2_l03_a01.htm">/French2/l03/a/hufex2_l03_a01.htm</a>
         <br/>
         <a target="_blank"
            href="http://www.langmaster.cz/comcz/French2/l03/a/home.htm">
                            cvičení 1</a>
      </p>
      <DragSource/>
      <div>
         <table class="table c-table">
            <tr>
               <td class=" middle">1.</td>
               <td class=" middle">
                  <MediaBigMark Url="/schools/eaimgmp3/french2wma/lesson03/hufex2_l03_a01.mp3"
                                Sequence="0-33"/>
               </td>
               <td class=" middle">2.</td>
               <td class=" middle">
                  <MediaBigMark Url="/schools/eaimgmp3/french2wma/lesson03/hufex2_l03_a01.mp3"
                                Sequence="34-38"/>
               </td>
               <td class=" middle">3.</td>
               <td class=" middle">
                  <MediaBigMark Url="/schools/eaimgmp3/french2wma/lesson03/hufex2_l03_a01.mp3"
                                Sequence="39-47"/>
               </td>
               <td class=" middle">4.</td>
               <td class=" middle">
                  <MediaBigMark Url="/schools/eaimgmp3/french2wma/lesson03/hufex2_l03_a01.mp3"
                                Sequence="48-"/>
               </td>
            </tr>
         </table>
      </div>
      <div>
         <img src="/schools/eaimgmp3/french2/img/coursebook/lesson03/page23/obalky.gif"/>
      </div>
      <div>
         <table class="table c-table">
            <tr>
               <td class=" middle">le mensuel (tous les mois):</td>
               <td class=" middle">
                  <DragTarget id="g199" CorrectValue="Géo" Width="200"/>
               </td>
               <td class=" middle"/>
            </tr>
            <tr>
               <td class=" middle">l’hebdomadaire (toutes les semaines):</td>
               <td class=" middle">
                  <DragTarget id="g204" CorrectValue="L’Express|le Nouvel Observateur"/>,
            <DragTarget id="g205" CorrectValue="L’Express|le Nouvel Observateur"/>
               </td>
               <td class=" middle"/>
            </tr>
            <tr>
               <td class=" middle">le quotidien (tous les jours):</td>
               <td class=" middle">
                  <DragTarget id="g210" CorrectValue="le Monde|L’Equipe"/>, 
            <DragTarget id="g211" CorrectValue="le Monde|L’Equipe"/>
               </td>
               <td class=" middle"/>
            </tr>
            <tr>
               <td class=" middle">le roman:</td>
               <td class=" middle">
                  <DragTarget id="g215" CorrectValue="La Bataille" Width="200"/>
               </td>
               <td class=" middle"/>
            </tr>
            <tr>
               <td class=" middle">le roman policier (le polar):</td>
               <td class=" middle">
                  <DragTarget id="g219" CorrectValue="San-Antonio" Width="200"/>
               </td>
               <td class=" middle"/>
            </tr>
            <tr>
               <td class=" middle">le guide pratique:</td>
               <td class=" middle">
                  <DragTarget id="g223" CorrectValue="Internet pour les nuls" Width="200"/>
               </td>
               <td class=" middle"/>
            </tr>
         </table>
      </div>
   </Ex>
   <Ex id="hufex2_l03_a02"
       title="Les interviews"
       instr="Réecoutez les interviews et cochez la réponse exacte."
       tech_instr="SINGLE_CHOICE SOUND_PLAYBACK">
      <p>
         <a target="_blank"
            href="http://www.langmaster.cz/comcz/French2/l03/a/hufex2_l03_a02.htm">/French2/l03/a/hufex2_l03_a02.htm</a>
         <br/>
         <a target="_blank"
            href="http://www.langmaster.cz/comcz/French2/l03/a/home.htm">
                            cvičení 2</a>
      </p>
      <div>
         <table class="table c-table">
            <tr>
               <td class=" middle">1.</td>
               <td class=" middle">
                  <MediaBigMark Url="/schools/eaimgmp3/french2wma/lesson03/hufex2_l03_a01.mp3"
                                Sequence="0-33"/>
               </td>
               <td class=" middle">2.</td>
               <td class=" middle">
                  <MediaBigMark Url="/schools/eaimgmp3/french2wma/lesson03/hufex2_l03_a01.mp3"
                                Sequence="34-38"/>
               </td>
               <td class=" middle">3.</td>
               <td class=" middle">
                  <MediaBigMark Url="/schools/eaimgmp3/french2wma/lesson03/hufex2_l03_a01.mp3"
                                Sequence="39-47"/>
               </td>
               <td class=" middle">4.</td>
               <td class=" middle">
                  <MediaBigMark Url="/schools/eaimgmp3/french2wma/lesson03/hufex2_l03_a01.mp3"
                                Sequence="48-"/>
               </td>
            </tr>
         </table>
      </div>
      <div class="row">
         <div class="col-md-4 ">
            <img src="/schools/eaimgmp3/french2/img/coursebook/lesson03/page23/casopisy.gif"/>
         </div>
         <div class="col-md-8 ">
            <table class="table table-bordered c-table">
               <tr>
                  <td>
                     <div class="panel panel-default c-panel" Width="400-800">
                        <div class="panel-heading">Les clients de la maison de la presse lisent...</div>
                        <div class="panel-body">
                           <SingleChoice id="t119">
                              <Data>
                                 <string>plus de quotidiens que de magazines.</string>
                                 <string>#plus de magazines que de quotidiens.</string>
                              </Data>
                           </SingleChoice>
                        </div>
                     </div>
                  </td>
               </tr>
               <tr>
                  <td>
                     <div class="panel panel-default c-panel" Width="400-800">
                        <div class="panel-heading">La moitié de la clientèle (50%) lit régulièrement...</div>
                        <div class="panel-body">
                           <SingleChoice id="t266">
                              <Data>
                                 <string>#un quotidien.</string>
                                 <string>un mensuel.</string>
                              </Data>
                           </SingleChoice>
                        </div>
                     </div>
                  </td>
               </tr>
               <tr>
                  <td>
                     <div class="panel panel-default c-panel" Width="400-800">
                        <div class="panel-heading">Le multimédia...</div>
                        <div class="panel-body">
                           <SingleChoice id="t413">
                              <Data>
                                 <string>menace le livre.</string>
                                 <string>#fait vendre des livres.</string>
                              </Data>
                           </SingleChoice>
                        </div>
                     </div>
                  </td>
               </tr>
               <tr>
                  <td>
                     <div class="panel panel-default c-panel" Width="400-800">
                        <div class="panel-heading">Les plus «gros lecteurs» de romans sont...</div>
                        <div class="panel-body">
                           <SingleChoice id="t560">
                              <Data>
                                 <string>les hommes.</string>
                                 <string>#les femmes.</string>
                              </Data>
                           </SingleChoice>
                        </div>
                     </div>
                  </td>
               </tr>
               <tr>
                  <td>
                     <div class="panel panel-default c-panel" Width="400-800">
                        <div class="panel-heading">La lecture d’un quotidien comme L’Equipe prend...</div>
                        <div class="panel-body">
                           <SingleChoice id="t707">
                              <Data>
                                 <string>une heure et demie.</string>
                                 <string>#une demi-heure.</string>
                              </Data>
                           </SingleChoice>
                        </div>
                     </div>
                  </td>
               </tr>
            </table>
         </div>
      </div>
   </Ex>
   <Ex id="hufex2_l03_a03"
       title="Les titres d’articles"
       instr="Dans quel journal ou magazine peut-on trouver ces titres d’articles? Reliez les titres et les journaux."
       tech_instr="PAIRING">
      <p>
         <a target="_blank"
            href="http://www.langmaster.cz/comcz/French2/l03/a/hufex2_l03_a03.htm">/French2/l03/a/hufex2_l03_a03.htm</a>
         <br/>
         <a target="_blank"
            href="http://www.langmaster.cz/comcz/French2/l03/a/home.htm">
                            cvičení 3</a>
      </p>
      <div>
         <img src="/schools/eaimgmp3/french2/img/coursebook/lesson03/page23/noviny.gif"/>
      </div>
      <div>
         <Pairing id="E64">
            <PairingItem>Le Dakar sur le départ<Right>L’Equipe</Right>
            </PairingItem>
            <PairingItem>Lionel Jospin confirme les engagements du gouvernement en faveur des chômeurs<Right>Le Monde</Right>
            </PairingItem>
            <PairingItem>Grand voyage au bout du français<Right>Géo</Right>
            </PairingItem>
            <PairingItem>40 écrivains répondent<Right>Lire</Right>
            </PairingItem>
            <PairingItem>Cuisinez les petits plats de vos vacances<Right>Femme Actuelle</Right>
            </PairingItem>
            <PairingItem>Fini les téléfilms! Pour la rentrée 1998, les télés françaises nous préparent une nouvelle génération de fictions. Ton neuf, format plus court (26 ou 52 minutes) et diffusion à 20 h 30!<Right>Télérama</Right>
            </PairingItem>
            <PairingItem>Gagnez plus en payant moins de charges<Right>Les Echos</Right>
            </PairingItem>
         </Pairing>
      </div>
   </Ex>
   <Ex id="hufex2_l03_a04"
       title="Portrait"
       instr="Voici le portrait de Robert Guédiguian, metteur en scène. Lisez et mettez ces événements dans l’ordre chronologique."
       tech_instr="FILLING_IN">
      <p>
         <a target="_blank"
            href="http://www.langmaster.cz/comcz/French2/l03/a/hufex2_l03_a04.htm">/French2/l03/a/hufex2_l03_a04.htm</a>
         <br/>
         <a target="_blank"
            href="http://www.langmaster.cz/comcz/French2/l03/a/home.htm">
                            cvičení 4</a>
      </p>
      <div>
         <img src="/schools/eaimgmp3/french2/img/homestudy/lesson03/page120/0434h0025.jpg"/>
      </div>
      <div>
         <table class="table table-bordered c-table">
            <tr>
               <td>
            Après son bac, il entre en sciences économiques à l’université d’Aix-en-Provence.
          </td>
               <td>
                  <GapFill id="gf01" CorrectValue="4"/>
               </td>
            </tr>
            <tr>
               <td>
            Robert Guédiguian est né là, dans une de ces petites maisons. Sur le port tout proche, son père est docker.
          </td>
               <td>
                  <GapFill id="gf02" CorrectValue="2"/>
               </td>
            </tr>
            <tr>
               <td>
            Ariane part pour Paris, au Conservatoire. Robert la suit et finit ses études dans la capitale. C’est là qu’il lui propose le mariage.
          </td>
               <td>
                  <GapFill id="gf03" CorrectValue="6"/>
               </td>
            </tr>
            <tr>
               <td>
            L’histoire commence il y a 43 ans à l’Estaque, un quartier populaire au nord de Marseille.
          </td>
               <td>
                  <GapFill id="gf04" CorrectValue="1" InitValue="1" Example="true"/>
               </td>
            </tr>
            <tr>
               <td>
            Ce film, très applaudi après sa projection, raconte une histoire d’amour toute simple. Il a eu un grand succès auprès du public.
          </td>
               <td>
                  <GapFill id="gf05" CorrectValue="9"/>
               </td>
            </tr>
            <tr>
               <td>
            En 1996, son dernier film «Marius et Jeannette» est présenté en sélection officielle au festival de Cannes.
          </td>
               <td>
                  <GapFill id="gf06" CorrectValue="8"/>
               </td>
            </tr>
            <tr>
               <td>
            C’est là qu’il rencontre une jeune fille brune, étudiante en sociologie et qui ne rêve que de théâtre: Ariane Ascaride.
          </td>
               <td>
                  <GapFill id="gf07" CorrectValue="5"/>
               </td>
            </tr>
            <tr>
               <td>
            A l’âge de 5 ans, il rencontre Gérard Meylan qui va devenir son ami inséparable et un des principaux acteurs de tous ses films.
          </td>
               <td>
                  <GapFill id="gf08" CorrectValue="3"/>
               </td>
            </tr>
            <tr>
               <td>
            Ariane Ascaride, sa femme, va être la muse et le modèle de tous les films de Robert Guédiguian.
          </td>
               <td>
                  <GapFill id="gf09" CorrectValue="7"/>
               </td>
            </tr>
         </table>
      </div>
   </Ex>
   <Ex id="hufex2_l03_a05"
       title="A vous!"
       instr="Les mots suivants sont écrits différemment, mais sont prononcés pareillement. Complétez tous les deux mots dans une phrase."
       tech_instr="FILLING_IN">
      <p>
         <a target="_blank"
            href="http://www.langmaster.cz/comcz/French2/l03/a/hufex2_l03_a05.htm">/French2/l03/a/hufex2_l03_a05.htm</a>
         <br/>
         <a target="_blank"
            href="http://www.langmaster.cz/comcz/French2/l03/a/home.htm">
                            cvičení 5</a>
      </p>
      <div class="row">
         <div class="col-md-1 ">
            <img src="/schools/eaimgmp3/french2/img/coursebook/lesson03/page24/0414h0097.gif"/>
         </div>
         <div class="col-md-11 ">
            <table class="table table-bordered c-table">
               <tr>
                  <td>
                     <i>fin/faim</i>
                     <br/>C’est un très gros mangeur: à la <GapFill id="g853" CorrectValue="fin" Width="200"/> du déjeuner, il a toujours <GapFill id="g854" CorrectValue="faim" Width="200"/>.
          </td>
               </tr>
               <tr>
                  <td>
                     <i>sans/cent</i>
                     <br/>A <GapFill id="g855" CorrectValue="cent" Width="200"/> ans, on est <GapFill id="g856" CorrectValue="sans" Width="200"/> dents.
          </td>
               </tr>
               <tr>
                  <td>
                     <i>vingt/vin</i>
                     <br/>Nous avons commandé <GapFill id="g857" CorrectValue="vingt" Width="200"/> bouteilles de <GapFill id="g858" CorrectValue="vin" Width="200"/>.
          </td>
               </tr>
               <tr>
                  <td>
                     <i>vert/verre</i>
                     <br/>Boire dans un <GapFill id="g859" CorrectValue="verre" Width="200"/>
                     <GapFill id="g860" CorrectValue="vert" Width="200"/>, est-ce plus écologique?
          </td>
               </tr>
               <tr>
                  <td>
                     <i>mère/mer</i>
                     <br/>Ma <GapFill id="g861" CorrectValue="mère" Width="200"/> adore la <GapFill id="g862" CorrectValue="mer" Width="200"/>.
          </td>
               </tr>
               <tr>
                  <td>
                     <i>où/ou</i>
                     <br/>
                     <GapFill id="g863" CorrectValue="Où" Width="200"/> allez-vous cet été? A Nice <GapFill id="g864" CorrectValue="ou" Width="200"/> à Cannes?
          </td>
               </tr>
               <tr>
                  <td>
                     <i>court/cours</i>
                     <br/>Le <GapFill id="g865" CorrectValue="cours" Width="200"/> de français est toujours trop <GapFill id="g866" CorrectValue="court" Width="200"/>.
          </td>
               </tr>
            </table>
         </div>
      </div>
   </Ex>
   <Ex id="hufex2_l03_a06"
       title="La révision du passé composé"
       instr="Reconstruisez les phrases et trouvez huit passés composés."
       tech_instr="FILLING_IN">
      <p>
         <a target="_blank"
            href="http://www.langmaster.cz/comcz/French2/l03/a/hufex2_l03_a06.htm">/French2/l03/a/hufex2_l03_a06.htm</a>
         <br/>
         <a target="_blank"
            href="http://www.langmaster.cz/comcz/French2/l03/a/home.htm">
                            cvičení 6</a>
      </p>
      <div>
         <img src="/schools/eaimgmp3/french2/img/coursebook/lesson03/page24/1691h0048.jpg"/>
      </div>
      <div>
      ilestpartisansmarieelleapleurétoutelanuitnoussommesvenuslui<br/>
      parlerelleestalléetravaillerellen’estpasrevenueetnousavonsattendu<br/>
      longtempsetpuisnoussommesrepartisnousn’avonsriendit
    </div>
      <div class="row">
         <div class="col-md-6 ">
            <ListGroup IsStriped="true">
               <Noop>
            1.<br/>
                  <GapFill id="g261" CorrectValue="il est parti" Width="200"/>
               </Noop>
               <Noop>
            3.<br/>
                  <GapFill id="g457" CorrectValue="nous sommes venus" Width="200"/>
               </Noop>
               <Noop>
            5.<br/>
                  <GapFill id="g653" CorrectValue="elle n’est pas revenue" Width="200"/>
               </Noop>
               <Noop>
            7.<br/>
                  <GapFill id="g849" CorrectValue="nous sommes repartis" Width="200"/>
               </Noop>
            </ListGroup>
         </div>
         <div class="col-md-6 ">
            <ListGroup IsStriped="true">
               <Noop>
            2.<br/>
                  <GapFill id="g359" CorrectValue="elle a pleuré" Width="200"/>
               </Noop>
               <Noop>
            4.<br/>
                  <GapFill id="g555" CorrectValue="elle est allée" Width="200"/>
               </Noop>
               <Noop>
            6.<br/>
                  <GapFill id="g751" CorrectValue="nous avons attendu" Width="200"/>
               </Noop>
               <Noop>
            8.<br/>
                  <GapFill id="g947" CorrectValue="nous n’avons rien dit" Width="200"/>
               </Noop>
            </ListGroup>
         </div>
      </div>
   </Ex>
   <Ex id="hufex2_l03_a07"
       title="La traduction"
       instr="Traduisez les mots suivants."
       tech_instr="FILLING_IN">
      <p>
         <a target="_blank"
            href="http://www.langmaster.cz/comcz/French2/l03/a/hufex2_l03_a07.htm">/French2/l03/a/hufex2_l03_a07.htm</a>
         <br/>
         <a target="_blank"
            href="http://www.langmaster.cz/comcz/French2/l03/a/home.htm">
                            cvičení 7</a>
      </p>
      <div>
         <img src="/schools/eaimgmp3/french2/img/coursebook/lesson03/page24/1305h0039.jpg"/>
      </div>
      <div class="row">
         <div class="col-md-6 ">
            <ListGroup IsStriped="true">
               <Noop>
            {{Ttrans}}
            <br/>
                  <GapFill id="g249" CorrectValue="le cybercafé" Width="200"/>
               </Noop>
               <Noop>
            {{Ttrans1}}
            <br/>
                  <GapFill id="g449" CorrectValue="surfer sur internet" Width="200"/>
               </Noop>
               <Noop>
            {{Ttrans2}}
            <br/>
                  <GapFill id="g649" CorrectValue="le kilobit" Width="200"/>
               </Noop>
               <Noop>
            {{Ttrans3}}
            <br/>
                  <GapFill id="g849" CorrectValue="le multimedia" Width="200"/>
               </Noop>
            </ListGroup>
         </div>
         <div class="col-md-6 ">
            <ListGroup IsStriped="true">
               <Noop>
            {{Ttrans4}}
            <br/>
                  <GapFill id="g349" CorrectValue="le cyberfan" Width="200"/>
               </Noop>
               <Noop>
            {{Ttrans5}}
            <br/>
                  <GapFill id="g549" CorrectValue="interactif" Width="200"/>
               </Noop>
               <Noop>
            {{Ttrans6}}
            <br/>
                  <GapFill id="g749" CorrectValue="le e-mail" Width="200"/>
               </Noop>
               <Noop/>
            </ListGroup>
         </div>
      </div>
   </Ex>
   <Ex id="hufex2_l03_a08"
       title="Les expressions"
       instr="Il y a des expressions avec tout. Trouvez la traduction."
       tech_instr="PAIRING">
      <p>
         <a target="_blank"
            href="http://www.langmaster.cz/comcz/French2/l03/a/hufex2_l03_a08.htm">/French2/l03/a/hufex2_l03_a08.htm</a>
         <br/>
         <a target="_blank"
            href="http://www.langmaster.cz/comcz/French2/l03/a/home.htm">
                            cvičení 8</a>
      </p>
      <div>
         <img src="/schools/eaimgmp3/french2/img/coursebook/lesson03/page24/1468h0016.gif"/>
      </div>
      <div>
         <Pairing id="E64">
            <PairingItem>Tout nouveau, tout beau.<Right>
            {{Ttrans}}
          </Right>
            </PairingItem>
            <PairingItem>Tout est bien qui finit bien.<Right>
            {{Ttrans1}}
          </Right>
            </PairingItem>
            <PairingItem>Le soleil brille pour tout le monde.<Right>
            {{Ttrans2}}
          </Right>
            </PairingItem>
            <PairingItem>Tous les chemins mènent à Rome.<Right>
            {{Ttrans3}}
          </Right>
            </PairingItem>
            <PairingItem>Tous pour un, un pour tous.<Right>
            {{Ttrans4}}
          </Right>
            </PairingItem>
         </Pairing>
      </div>
   </Ex>
</Module>
