﻿<?xml version="1.0" encoding="utf-8"?>
<Page id="hufex2_l02_c04">
  <p>
    <a href="http://www.langmaster.cz/comcz/French2/l02/c/hufex2_l02_c04.htm">/French2/l02/c/hufex2_l02_c04.htm</a>
    <br />
    <a href="http://www.langmaster.cz/comcz/French2/l02/c/home.htm">
                            cvičení 4</a>
  </p>
  <div class="row">
    <div class="col-md-5 ">
      <img src="/schools/eaimgmp3/french2/img/coursebook/lesson02/page18/loga.gif" />
    </div>
    <div class="col-md-7 ">
      <table class="table table-bordered c-table">
        <tr>
          <td class="c-table-default middle">
            <b>(++)</b>
          </td>
          <td class="c-table-default middle">
            <b>(--)</b>
          </td>
        </tr>
        <tr>
          <td class=" middle">la plus confortable</td>
          <td class=" middle">la moins gourmande</td>
        </tr>
        <tr>
          <td class=" middle">
            TODO group_set ysearch
        <GapFill id="g289" Width="25" CorrectValue="la plus proche|le plus beau|le meilleur|la meilleure" InitValue="" />
            TODO group_set ysearch
        <GapFill id="g290" Width="25" CorrectValue="la plus proche|le plus beau|le meilleur|la meilleure" InitValue="" />
            TODO group_set ysearch
        <GapFill id="g291" Width="25" CorrectValue="la plus proche|le plus beau|le meilleur|la meilleure" InitValue="" />
            TODO group_set ysearch
        <GapFill id="g292" Width="25" CorrectValue="la plus proche|le plus beau|le meilleur|la meilleure" InitValue="" /></td>
          <td class=" middle">
            TODO group_set ysearch
        <GapFill id="g294" Width="25" CorrectValue="les moins polluées" InitValue="" /></td>
        </tr>
      </table>
    </div>
  </div>
  <br />
  <div class="col-md-6">
    <div class="panel panel-info">
      <div class="panel-body">
        <p>RATP (Régie autonome des transports parisiens)
          - {{Ttrans}}
        </p>
        <p>
          Lacoste - {{Ttrans1}}
        </p>
      </div>
    </div>
  </div>
  <info title="Le superlatif" instrTitle="Lisez les slogans ci-dessous, retrouvez les superlatifs et classez-les selon l’exemple." instrs="FILLING_IN" />
</Page>