﻿<?xml version="1.0" encoding="utf-8"?>
<Page id="hufex2_l02_c05">
  <p>
    <a href="http://www.langmaster.cz/comcz/French2/l02/c/hufex2_l02_c05.htm">/French2/l02/c/hufex2_l02_c05.htm</a>
    <br />
    <a href="http://www.langmaster.cz/comcz/French2/l02/c/home.htm">
                            cvičení 5</a>
  </p>
  <div class="row">
    <div class="col-md-2 ">
      <img src="/schools/eaimgmp3/french2/img/coursebook/lesson02/page18/1647h0119.gif" />
    </div>
    <div class="col-md-10 ">
      <div>
        <table class="table c-table">
          <tr>
            <td>
              <b>
                  {{Ttrans}}:
                </b>
              <br />
                L’Inde est un pays très peuplé, mais la Chine <GapFill id="g199" CorrectValue="est le pays le plus peuplé" InitValue="est le pays le plus peuplé" />.
              </td>
          </tr>
        </table>
      </div>
      <table class="table table-bordered c-table">
        <tr>
          <td>
            Le Liechtenstein est un petit pays, mais Monaco <GapFill id="g251" Width="200" CorrectValue="est le plus petit pays d’Europe" InitValue="" />.
          </td>
        </tr>
        <tr>
          <td>
            Le tennis est un sport très populaire, mais le football <GapFill id="g300" Width="200" CorrectValue="est le sport le plus populaire" InitValue="" />.
          </td>
        </tr>
        <tr>
          <td>
            Le Figaro est un bon journal, mais je trouve que le Monde <GapFill id="g349" Width="200" CorrectValue="est le meilleur journal" InitValue="" />.
          </td>
        </tr>
        <tr>
          <td>
            En France, les touristes belges sont très nombreux, mais les touristes hollandais <GapFill id="g398" Width="200" CorrectValue="sont les plus nombreux" InitValue="" />.
          </td>
        </tr>
        <tr>
          <td>
            Les voitures autrichiennes sont souvent équipées en pots catalytiques (43%), mais les voitures suisses <GapFill id="g447" Width="200" CorrectValue="sont les plus équipées en pots catalytiques" InitValue="" />.
          </td>
        </tr>
        <tr>
          <td>
            L’alcool est une cause fréquente d’accidents, mais la vitesse <GapFill id="g496" Width="200" CorrectValue="est la cause la plus fréquente" InitValue="" />.
          </td>
        </tr>
        <tr>
          <td>
            Marseille est une grande métropole, mais Paris <GapFill id="g545" Width="200" CorrectValue="est la plus grande ville de France" InitValue="" />.
          </td>
        </tr>
        <tr>
          <td>
            Le Mont Blanc est une haute montagne, mais l’Everest <GapFill id="g594" Width="200" CorrectValue="est la plus haute montagne du monde" InitValue="" />.
          </td>
        </tr>
        <tr>
          <td>
            Les Français sont de gros consommateurs de vin, mais les Portugais et les Italiens <GapFill id="g643" Width="200" CorrectValue="sont les plus gros consommateurs" InitValue="" />.
          </td>
        </tr>
      </table>
    </div>
  </div>
  <info title="La Chine est le pays le plus peuplé" instrTitle="Il faut connaître bien le superlatif. Complétez ces phrases d’après le modèle." instrs="FILLING_IN" />
</Page>