﻿<?xml version="1.0" encoding="utf-8"?>
<Page id="hufex2_l02_c07">
  <p>
    <a href="http://www.langmaster.cz/comcz/French2/l02/c/hufex2_l02_c07.htm">/French2/l02/c/hufex2_l02_c07.htm</a>
    <br />
    <a href="http://www.langmaster.cz/comcz/French2/l02/c/home.htm">
                            cvičení 7</a>
  </p>
  <div>
    <img src="/schools/eaimgmp3/french2/img/coursebook/lesson02/page19/03_01_db_20031_a5.jpg" />
  </div>
  <div>
    <div>
      <table class="table c-table">
        <tr>
          <td>
            <b>{{Ttrans}}</b>
            <br />
              Train/-/être polluant/la voiture<br /><GapFill id="g284" CorrectValue="Le train est moins polluant que la voiture." InitValue="Le train est moins polluant que la voiture." /></td>
        </tr>
      </table>
    </div>
    <ListGroup IsStriped="true">
      <Noop>
          Voiture familiale/-/être maniable/une Porsche<br /><GapFill id="g384" Width="200" CorrectValue="Une voiture familiale est moins maniable qu’une Porsche." InitValue="" /></Noop>
      <Noop>
          Les Dupont/=/être sympathique/leurs amis<br /><GapFill id="g482" Width="200" CorrectValue="Les Dupont sont aussi sympathiques que leurs amis." InitValue="" /></Noop>
      <Noop>
          Son nouveau copain/+/avoir bon caractère/l’ancien<br /><GapFill id="g580" Width="200" CorrectValue="Son nouveau copain a meilleur caractère que l’ancien." InitValue="" /></Noop>
      <Noop>
          Locations au bord de la mer/+/être cher/les gîtes ruraux<br /><GapFill id="g678" Width="200" CorrectValue="Les locations au bord de la mer sont plus chères que les gîtes ruraux." InitValue="" /></Noop>
    </ListGroup>
  </div>
  <info title="Plus ou moins?" instrTitle="Comparez d’après le modèle. Faites les phrases entières. (+ plus, - moins, = aussi)" instrs="FILLING_IN" />
</Page>