﻿<?xml version="1.0" encoding="utf-8"?>
<Page id="hufex2_l02_c08">
  <p>
    <a href="http://www.langmaster.cz/comcz/French2/l02/c/hufex2_l02_c08.htm">/French2/l02/c/hufex2_l02_c08.htm</a>
    <br />
    <a href="http://www.langmaster.cz/comcz/French2/l02/c/home.htm">
                            cvičení 8</a>
  </p>
  <div>
    <img src="/schools/eaimgmp3/french2/img/coursebook/lesson02/page19/0548h0152.gif" />
  </div>
  <div>
    <div>
      <table class="table c-table">
        <tr>
          <td>
            <b>
                {{Ttrans}}
              </b>
            <br />
              Moto/-/consommer de l’essence/voiture<br /><GapFill id="g283" CorrectValue="Une moto consomme moins d’essence qu’une voiture." InitValue="Une moto consomme moins d’essence qu’une voiture." /></td>
        </tr>
      </table>
    </div>
    <ListGroup IsStriped="true">
      <Noop>
          Secrétaire/-/gagner de l’argent/directeur commercial<br /><GapFill id="g383" Width="200" CorrectValue="Une secrétaire gagne moins d’argent qu’un directeur commercial." InitValue="" /></Noop>
      <Noop>
          Daniel/=/avoir des qualités/Eric<br /><GapFill id="g481" Width="200" CorrectValue="Daniel a autant de qualités qu’Eric." InitValue="" /></Noop>
      <Noop>
          Toulouse/+/avoir des habitants/Avignon<br /><GapFill id="g579" Width="200" CorrectValue="Toulouse a plus d’habitants qu’Avignon." InitValue="" /></Noop>
      <Noop>
          Aujourd’hui, on/-/manger du pain/autrefois<br /><GapFill id="g677" Width="200" CorrectValue="Aujourd’hui, on mange moins de pain qu’autrefois." InitValue="" /></Noop>
      <Noop>
          Elle/=/avoir reçu des réponses/la première semaine<br /><GapFill id="g775" Width="200" CorrectValue="Elle a reçu autant de réponses que la première semaine." InitValue="" /></Noop>
    </ListGroup>
  </div>
  <info title="Encore une comparaison" instrTitle="Comparez en formant les phrases entières." instrs="FILLING_IN" />
</Page>