﻿<?xml version="1.0" encoding="utf-8"?>
<Module title="Chapitre C">
   <Ex id="hufex2_l02_c01"
       title="[D] ou [t]?"
       instr="Vous allez distinguer les deux consonnes. Ecoutez et cochez la phrase que vous entendez."
       tech_instr="SINGLE_CHOICE SOUND_PLAYBACK">
      <p>
         <a target="_blank"
            href="http://www.langmaster.cz/comcz/French2/l02/c/hufex2_l02_c01.htm">/French2/l02/c/hufex2_l02_c01.htm</a>
         <br/>
         <a target="_blank"
            href="http://www.langmaster.cz/comcz/French2/l02/c/home.htm">
                            cvičení 1</a>
      </p>
      <div>
         <img src="/schools/eaimgmp3/french2/img/coursebook/lesson02/page21/02_021_1.gif"/>
      </div>
      <div class="row">
         <div class="col-md-1 ">
            <MediaBigMark Url="/schools/eaimgmp3/french2wma/lesson02/hufex2_l02_c01.mp3"
                          Sequence=""/>
         </div>
         <div class="col-md-11 ">
            <table class="table c-table">
               <tr>
                  <td class=" middle">
                     <div class="panel panel-default c-panel" Width="400-800">
                        <div class="panel-heading">a.</div>
                        <div class="panel-body">
                           <SingleChoice id="t119">
                              <Data>
                                 <string>#C’est tout.</string>
                                 <string>C’est doux.</string>
                              </Data>
                           </SingleChoice>
                        </div>
                     </div>
                  </td>
                  <td class=" middle">
                     <div class="panel panel-default c-panel" Width="400-800">
                        <div class="panel-heading">e.</div>
                        <div class="panel-body">
                           <SingleChoice id="t707">
                              <Data>
                                 <string>#Apporte tes disques.</string>
                                 <string>Apporte des disques.</string>
                              </Data>
                           </SingleChoice>
                        </div>
                     </div>
                  </td>
               </tr>
               <tr>
                  <td class=" middle">
                     <div class="panel panel-default c-panel" Width="400-800">
                        <div class="panel-heading">b.</div>
                        <div class="panel-body">
                           <SingleChoice id="t266">
                              <Data>
                                 <string>#Pardon?</string>
                                 <string>Partons!</string>
                              </Data>
                           </SingleChoice>
                        </div>
                     </div>
                  </td>
                  <td class=" middle">
                     <div class="panel panel-default c-panel" Width="400-800">
                        <div class="panel-heading">f.</div>
                        <div class="panel-body">
                           <SingleChoice id="t854">
                              <Data>
                                 <string>Voilà deux thés.</string>
                                 <string>#Voilà deux dés.</string>
                              </Data>
                           </SingleChoice>
                        </div>
                     </div>
                  </td>
               </tr>
               <tr>
                  <td class=" middle">
                     <div class="panel panel-default c-panel" Width="400-800">
                        <div class="panel-heading">c.</div>
                        <div class="panel-body">
                           <SingleChoice id="t413">
                              <Data>
                                 <string>Il a tort.</string>
                                 <string>#Il adore.</string>
                              </Data>
                           </SingleChoice>
                        </div>
                     </div>
                  </td>
                  <td class=" middle">
                     <div class="panel panel-default c-panel" Width="400-800">
                        <div class="panel-heading">g.</div>
                        <div class="panel-body">
                           <SingleChoice id="t1001">
                              <Data>
                                 <string>#C’est un homme solitaire.</string>
                                 <string>C’est un homme solidaire.</string>
                              </Data>
                           </SingleChoice>
                        </div>
                     </div>
                  </td>
               </tr>
               <tr>
                  <td class=" middle">
                     <div class="panel panel-default c-panel" Width="400-800">
                        <div class="panel-heading">d.</div>
                        <div class="panel-body">
                           <SingleChoice id="t560">
                              <Data>
                                 <string>Il a une voiture.</string>
                                 <string>#Il a une voix dure.</string>
                              </Data>
                           </SingleChoice>
                        </div>
                     </div>
                  </td>
                  <td class=" middle"/>
               </tr>
            </table>
         </div>
      </div>
   </Ex>
   <Ex id="hufex2_l02_c02"
       title="Divertissement"
       instr="Voici un poème. Ecoutez-le et répétez. Attention à la bonne prononciation."
       tech_instr="SOUND_PLAYBACK">
      <p>
         <a target="_blank"
            href="http://www.langmaster.cz/comcz/French2/l02/c/hufex2_l02_c02.htm">/French2/l02/c/hufex2_l02_c02.htm</a>
         <br/>
         <a target="_blank"
            href="http://www.langmaster.cz/comcz/French2/l02/c/home.htm">
                            cvičení 2</a>
      </p>
      <div class="row">
         <div class="col-md-2 ">
            <img src="/schools/eaimgmp3/french2/img/coursebook/lesson02/page21/1641h0014.jpg"/>
         </div>
         <div class="col-md-10 ">
            <MediaText id="snd0"
                       Url="/schools/eaimgmp3/french2wma/lesson02/hufex2_l02_c02.mp3"
                       Sequence="0"/>
            <br/>
            <MediaText id="snd1" Sequence="1" ContinueOf="snd0"/>
            <br/>
            <MediaText id="snd2" Sequence="2" ContinueOf="snd1"/>
            <br/>
            <MediaText id="snd3" Sequence="3" ContinueOf="snd2"/>
            <br/>
            <MediaText id="snd4" Sequence="4" ContinueOf="snd3"/>
            <br/>
            <MediaText id="snd5" Sequence="5" ContinueOf="snd4"/>
         </div>
      </div>
   </Ex>
   <Ex id="hufex2_l02_c03"
       title="Imaginez leur caractère"
       instr="Classez les adjectifs suivants d’après le caractère de ces deux femmes. Utilisez les formes féminines."
       tech_instr="SORTING_INTO_GROUPS_WRITING">
      <p>
         <a target="_blank"
            href="http://www.langmaster.cz/comcz/French2/l02/c/hufex2_l02_c03.htm">/French2/l02/c/hufex2_l02_c03.htm</a>
         <br/>
         <a target="_blank"
            href="http://www.langmaster.cz/comcz/French2/l02/c/home.htm">
                            cvičení 3</a>
      </p>
      <div>
         <img src="/schools/eaimgmp3/french2/img/coursebook/lesson02/page21/02_021.gif"/>
      </div>
      <table class="table table-bordered c-table">
         <tr>
            <td class="c-table-default middle">grande</td>
            <td>
               <WordSelection id="ce330" Words="Rolande|#Edith"/>
            </td>
         </tr>
         <tr>
            <td class="c-table-default middle">séduisante</td>
            <td>
               <WordSelection id="ce229" Words="#Rolande|Edith"/>
            </td>
         </tr>
         <tr>
            <td class="c-table-default middle">patiente</td>
            <td>
               <WordSelection id="ce221" Words="#Rolande|Edith"/>
            </td>
         </tr>
         <tr>
            <td class="c-table-default middle">gourmande</td>
            <td>
               <WordSelection id="ce338" Words="Rolande|#Edith"/>
            </td>
         </tr>
         <tr>
            <td class="c-table-default middle">amusante</td>
            <td>
               <WordSelection id="ce346" Words="Rolande|#Edith"/>
            </td>
         </tr>
         <tr>
            <td class="c-table-default middle">souriante</td>
            <td>
               <WordSelection id="ce314" Words="Rolande|#Edith"/>
            </td>
         </tr>
         <tr>
            <td class="c-table-default middle">froide</td>
            <td>
               <WordSelection id="ce213" Words="#Rolande|Edith"/>
            </td>
         </tr>
         <tr>
            <td class="c-table-default middle">élégante</td>
            <td>
               <WordSelection id="ce205" Words="#Rolande|Edith"/>
            </td>
         </tr>
         <tr>
            <td class="c-table-default middle">timide</td>
            <td>
               <WordSelection id="ce245" Words="#Rolande|Edith"/>
            </td>
         </tr>
         <tr>
            <td class="c-table-default middle">bavarde</td>
            <td>
               <WordSelection id="ce322" Words="Rolande|#Edith"/>
            </td>
         </tr>
         <tr>
            <td class="c-table-default middle">discrète</td>
            <td>
               <WordSelection id="ce237" Words="#Rolande|Edith"/>
            </td>
         </tr>
      </table>
   </Ex>
   <Ex id="hufex2_l02_c04"
       title="Le superlatif"
       instr="Lisez les slogans ci-dessous, retrouvez les superlatifs et classez-les selon l’exemple."
       tech_instr="FILLING_IN">
      <p>
         <a target="_blank"
            href="http://www.langmaster.cz/comcz/French2/l02/c/hufex2_l02_c04.htm">/French2/l02/c/hufex2_l02_c04.htm</a>
         <br/>
         <a target="_blank"
            href="http://www.langmaster.cz/comcz/French2/l02/c/home.htm">
                            cvičení 4</a>
      </p>
      <div class="row">
         <div class="col-md-5 ">
            <img src="/schools/eaimgmp3/french2/img/coursebook/lesson02/page18/loga.gif"/>
         </div>
         <div class="col-md-7 ">
            <table class="table table-bordered c-table">
               <tr>
                  <td class="c-table-default middle">
                     <b>(++)</b>
                  </td>
                  <td class="c-table-default middle">
                     <b>(--)</b>
                  </td>
               </tr>
               <tr>
                  <td class=" middle">la plus confortable</td>
                  <td class=" middle">la moins gourmande</td>
               </tr>
               <tr>
                  <td class=" middle">
                     <GapFill id="g289"
                              CorrectValue="la plus proche|le plus beau|le meilleur|la meilleure"
                              Width="25"/>
                     <GapFill id="g290"
                              CorrectValue="la plus proche|le plus beau|le meilleur|la meilleure"
                              Width="25"/>
                     <GapFill id="g291"
                              CorrectValue="la plus proche|le plus beau|le meilleur|la meilleure"
                              Width="25"/>
                     <GapFill id="g292"
                              CorrectValue="la plus proche|le plus beau|le meilleur|la meilleure"
                              Width="25"/>
                  </td>
                  <td class=" middle">
                     <GapFill id="g294" CorrectValue="les moins polluées" Width="25"/>
                  </td>
               </tr>
            </table>
         </div>
      </div>
      <br/>
      <div class="col-md-7">
         <div class="panel panel-info">
            <div class="panel-body">
               <p>RATP (Régie autonome des transports parisiens)
          - {{Ttrans}}
        </p>
               <p>
          Lacoste - {{Ttrans1}}
        </p>
            </div>
         </div>
      </div>
   </Ex>
   <Ex id="hufex2_l02_c05"
       title="La Chine est le pays le plus peuplé"
       instr="Il faut connaître bien le superlatif. Complétez ces phrases d’après le modèle."
       tech_instr="FILLING_IN">
      <p>
         <a target="_blank"
            href="http://www.langmaster.cz/comcz/French2/l02/c/hufex2_l02_c05.htm">/French2/l02/c/hufex2_l02_c05.htm</a>
         <br/>
         <a target="_blank"
            href="http://www.langmaster.cz/comcz/French2/l02/c/home.htm">
                            cvičení 5</a>
      </p>
      <div class="row">
         <div class="col-md-2 ">
            <img src="/schools/eaimgmp3/french2/img/coursebook/lesson02/page18/1647h0119.gif"/>
         </div>
         <div class="col-md-10 ">
            <div>
               <table class="table c-table">
                  <tr>
                     <td>
                        <b>
                  {{Ttrans}}:
                </b>
                        <br/>
                L’Inde est un pays très peuplé, mais la Chine <GapFill id="g199"
                                 CorrectValue="est le pays le plus peuplé"
                                 InitValue="est le pays le plus peuplé"
                                 Example="true"/>.
              </td>
                  </tr>
               </table>
            </div>
            <table class="table table-bordered c-table">
               <tr>
                  <td>
            Le Liechtenstein est un petit pays, mais Monaco <GapFill id="g251"
                              CorrectValue="est le plus petit pays d’Europe"
                              Width="200"/>.
          </td>
               </tr>
               <tr>
                  <td>
            Le tennis est un sport très populaire, mais le football <GapFill id="g300" CorrectValue="est le sport le plus populaire" Width="200"/>.
          </td>
               </tr>
               <tr>
                  <td>
            Le Figaro est un bon journal, mais je trouve que le Monde <GapFill id="g349" CorrectValue="est le meilleur journal" Width="200"/>.
          </td>
               </tr>
               <tr>
                  <td>
            En France, les touristes belges sont très nombreux, mais les touristes hollandais <GapFill id="g398" CorrectValue="sont les plus nombreux" Width="200"/>.
          </td>
               </tr>
               <tr>
                  <td>
            Les voitures autrichiennes sont souvent équipées en pots catalytiques (43%), mais les voitures suisses <GapFill id="g447"
                              CorrectValue="sont les plus équipées en pots catalytiques"
                              Width="200"/>.
          </td>
               </tr>
               <tr>
                  <td>
            L’alcool est une cause fréquente d’accidents, mais la vitesse <GapFill id="g496" CorrectValue="est la cause la plus fréquente" Width="200"/>.
          </td>
               </tr>
               <tr>
                  <td>
            Marseille est une grande métropole, mais Paris <GapFill id="g545"
                              CorrectValue="est la plus grande ville de France"
                              Width="200"/>.
          </td>
               </tr>
               <tr>
                  <td>
            Le Mont Blanc est une haute montagne, mais l’Everest <GapFill id="g594"
                              CorrectValue="est la plus haute montagne du monde"
                              Width="200"/>.
          </td>
               </tr>
               <tr>
                  <td>
            Les Français sont de gros consommateurs de vin, mais les Portugais et les Italiens <GapFill id="g643"
                              CorrectValue="sont les plus gros consommateurs"
                              Width="200"/>.
          </td>
               </tr>
            </table>
         </div>
      </div>
   </Ex>
   <Ex id="hufex2_l02_c06"
       title="Le comparatif"
       instr="Voici plusieurs slogans qui comprennent des comparatifs. Retrouvez-les et classez selon le modèle."
       tech_instr="FILLING_IN">
      <p>
         <a target="_blank"
            href="http://www.langmaster.cz/comcz/French2/l02/c/hufex2_l02_c06.htm">/French2/l02/c/hufex2_l02_c06.htm</a>
         <br/>
         <a target="_blank"
            href="http://www.langmaster.cz/comcz/French2/l02/c/home.htm">
                            cvičení 6</a>
      </p>
      <div>
         <img src="/schools/eaimgmp3/french2/img/coursebook/lesson02/page19/komparativy.gif"/>
      </div>
      <div>
         <table class="table table-bordered c-table">
            <tr>
               <td class="c-table-default middle">Comparatif (+/=/-) de l’adjectif</td>
               <td class="c-table-default middle">Comparatif (+/=/-) du substantif</td>
            </tr>
            <tr>
               <td class=" middle">plus sérieux (+)</td>
               <td class=" middle">autant de réponses (=)</td>
            </tr>
            <tr>
               <td class=" middle">
                  <GapFill id="g211"
                           CorrectValue="plus rapide (+)|aussi jeune (=)|plus belle (+)|meilleur (+)"
                           Width="30"/>
                  <GapFill id="g212"
                           CorrectValue="plus rapide (+)|aussi jeune (=)|plus belle (+)|meilleur (+)"
                           Width="30"/>
                  <GapFill id="g213"
                           CorrectValue="plus rapide (+)|aussi jeune (=)|plus belle (+)|meilleur (+)"
                           Width="30"/>
                  <GapFill id="g214"
                           CorrectValue="plus rapide (+)|aussi jeune (=)|plus belle (+)|meilleur (+)"
                           Width="30"/>
               </td>
               <td class=" middle">
                  <GapFill id="g217"
                           CorrectValue="plus de performances (+)|plus de confort (+)|plus de sécurité (+)|plus de rentabilité (+)"
                           Width="30"/>
                  <GapFill id="g218"
                           CorrectValue="plus de performances (+)|plus de confort (+)|plus de sécurité (+)|plus de rentabilité (+)"
                           Width="30"/>
                  <GapFill id="g219"
                           CorrectValue="plus de performances (+)|plus de confort (+)|plus de sécurité (+)|plus de rentabilité (+)"
                           Width="30"/>
                  <GapFill id="g220"
                           CorrectValue="plus de performances (+)|plus de confort (+)|plus de sécurité (+)|plus de rentabilité (+)"
                           Width="30"/>
               </td>
            </tr>
         </table>
      </div>
   </Ex>
   <Ex id="hufex2_l02_c07"
       title="Plus ou moins?"
       instr="Comparez d’après le modèle. Faites les phrases entières. (+ plus, - moins, = aussi)"
       tech_instr="FILLING_IN">
      <p>
         <a target="_blank"
            href="http://www.langmaster.cz/comcz/French2/l02/c/hufex2_l02_c07.htm">/French2/l02/c/hufex2_l02_c07.htm</a>
         <br/>
         <a target="_blank"
            href="http://www.langmaster.cz/comcz/French2/l02/c/home.htm">
                            cvičení 7</a>
      </p>
      <div>
         <img src="/schools/eaimgmp3/french2/img/coursebook/lesson02/page19/03_01_db_20031_a5.jpg"/>
      </div>
      <div>
         <div>
            <table class="table c-table">
               <tr>
                  <td>
                     <b>{{Ttrans}}</b>
                     <br/>
              Train/-/être polluant/la voiture<br/>
                     <GapFill id="g284"
                              CorrectValue="Le train est moins polluant que la voiture."
                              InitValue="Le train est moins polluant que la voiture."
                              Example="true"/>
                  </td>
               </tr>
            </table>
         </div>
         <ListGroup IsStriped="true">
            <Noop>
          Voiture familiale/-/être maniable/une Porsche<br/>
               <GapFill id="g384"
                        CorrectValue="Une voiture familiale est moins maniable qu’une Porsche."
                        Width="200"/>
            </Noop>
            <Noop>
          Les Dupont/=/être sympathique/leurs amis<br/>
               <GapFill id="g482"
                        CorrectValue="Les Dupont sont aussi sympathiques que leurs amis."
                        Width="200"/>
            </Noop>
            <Noop>
          Son nouveau copain/+/avoir bon caractère/l’ancien<br/>
               <GapFill id="g580"
                        CorrectValue="Son nouveau copain a meilleur caractère que l’ancien."
                        Width="200"/>
            </Noop>
            <Noop>
          Locations au bord de la mer/+/être cher/les gîtes ruraux<br/>
               <GapFill id="g678"
                        CorrectValue="Les locations au bord de la mer sont plus chères que les gîtes ruraux."
                        Width="200"/>
            </Noop>
         </ListGroup>
      </div>
   </Ex>
   <Ex id="hufex2_l02_c08"
       title="Encore une comparaison"
       instr="Comparez en formant les phrases entières."
       tech_instr="FILLING_IN">
      <p>
         <a target="_blank"
            href="http://www.langmaster.cz/comcz/French2/l02/c/hufex2_l02_c08.htm">/French2/l02/c/hufex2_l02_c08.htm</a>
         <br/>
         <a target="_blank"
            href="http://www.langmaster.cz/comcz/French2/l02/c/home.htm">
                            cvičení 8</a>
      </p>
      <div>
         <img src="/schools/eaimgmp3/french2/img/coursebook/lesson02/page19/0548h0152.gif"/>
      </div>
      <div>
         <div>
            <table class="table c-table">
               <tr>
                  <td>
                     <b>
                {{Ttrans}}
              </b>
                     <br/>
              Moto/-/consommer de l’essence/voiture<br/>
                     <GapFill id="g283"
                              CorrectValue="Une moto consomme moins d’essence qu’une voiture."
                              InitValue="Une moto consomme moins d’essence qu’une voiture."
                              Example="true"/>
                  </td>
               </tr>
            </table>
         </div>
         <ListGroup IsStriped="true">
            <Noop>
          Secrétaire/-/gagner de l’argent/directeur commercial<br/>
               <GapFill id="g383"
                        CorrectValue="Une secrétaire gagne moins d’argent qu’un directeur commercial."
                        Width="200"/>
            </Noop>
            <Noop>
          Daniel/=/avoir des qualités/Eric<br/>
               <GapFill id="g481"
                        CorrectValue="Daniel a autant de qualités qu’Eric."
                        Width="200"/>
            </Noop>
            <Noop>
          Toulouse/+/avoir des habitants/Avignon<br/>
               <GapFill id="g579"
                        CorrectValue="Toulouse a plus d’habitants qu’Avignon."
                        Width="200"/>
            </Noop>
            <Noop>
          Aujourd’hui, on/-/manger du pain/autrefois<br/>
               <GapFill id="g677"
                        CorrectValue="Aujourd’hui, on mange moins de pain qu’autrefois."
                        Width="200"/>
            </Noop>
            <Noop>
          Elle/=/avoir reçu des réponses/la première semaine<br/>
               <GapFill id="g775"
                        CorrectValue="Elle a reçu autant de réponses que la première semaine."
                        Width="200"/>
            </Noop>
         </ListGroup>
      </div>
   </Ex>
   <Ex id="hufex2_l02_c09"
       title="Du plus positif au plus négatif"
       instr="Ecoutez et classez les avis suivants du plus positif au plus négatif."
       tech_instr="FILLING_IN SOUND_PLAYBACK">
      <p>
         <a target="_blank"
            href="http://www.langmaster.cz/comcz/French2/l02/c/hufex2_l02_c09.htm">/French2/l02/c/hufex2_l02_c09.htm</a>
         <br/>
         <a target="_blank"
            href="http://www.langmaster.cz/comcz/French2/l02/c/home.htm">
                            cvičení 9</a>
      </p>
      <div>
         <img src="/schools/eaimgmp3/french2/img/homestudy/lesson02/page114/olympus32016.jpg"/>
      </div>
      <div class="row">
         <div class="col-md-1 ">
            <MediaBigMark Url="/schools/eaimgmp3/french2wma/lesson02/hufex2_l02_c09.mp3"
                          Sequence=""/>
         </div>
         <div class="col-md-11 ">
            <table class="table table-bordered c-table">
               <tr>
                  <td class="c-table-default middle"/>
                  <td class="c-table-default middle">1.</td>
                  <td class="c-table-default middle">2.</td>
                  <td class="c-table-default middle">3.</td>
                  <td class="c-table-default middle">4.</td>
                  <td class="c-table-default middle">5.</td>
               </tr>
               <tr>
                  <td class=" middle">
                     <b>Une personne</b>
                  </td>
                  <td class=" middle">
                     <GapFill id="g388"
                              CorrectValue="b"
                              Width="gap_fill-eval_mode:ignoreCase;2em"/>
                  </td>
                  <td class=" middle">
                     <GapFill id="g390"
                              CorrectValue="e"
                              Width="gap_fill-eval_mode:ignoreCase;2em"/>
                  </td>
                  <td class=" middle">
                     <GapFill id="g392"
                              CorrectValue="a"
                              Width="gap_fill-eval_mode:ignoreCase;2em"/>
                  </td>
                  <td class=" middle">
                     <GapFill id="g394"
                              CorrectValue="c"
                              Width="gap_fill-eval_mode:ignoreCase;2em"/>
                  </td>
                  <td class=" middle">
                     <GapFill id="g396"
                              CorrectValue="d"
                              Width="gap_fill-eval_mode:ignoreCase;2em"/>
                  </td>
               </tr>
               <tr>
                  <td class=" middle">
                     <b>Un objet</b>
                  </td>
                  <td class=" middle">
                     <GapFill id="g400"
                              CorrectValue="c"
                              Width="gap_fill-eval_mode:ignoreCase;2em"/>
                  </td>
                  <td class=" middle">
                     <GapFill id="g402"
                              CorrectValue="a"
                              Width="gap_fill-eval_mode:ignoreCase;2em"/>
                  </td>
                  <td class=" middle">
                     <GapFill id="g404"
                              CorrectValue="d"
                              Width="gap_fill-eval_mode:ignoreCase;2em"/>
                  </td>
                  <td class=" middle">
                     <GapFill id="g406"
                              CorrectValue="b"
                              Width="gap_fill-eval_mode:ignoreCase;2em"/>
                  </td>
                  <td class=" middle">
                     <GapFill id="g408"
                              CorrectValue="e"
                              Width="gap_fill-eval_mode:ignoreCase;2em"/>
                  </td>
               </tr>
               <tr>
                  <td class=" middle">
                     <b>Une activité</b>
                  </td>
                  <td class=" middle">
                     <GapFill id="g412"
                              CorrectValue="a"
                              Width="gap_fill-eval_mode:ignoreCase;2em"/>
                  </td>
                  <td class=" middle">
                     <GapFill id="g414"
                              CorrectValue="d"
                              Width="gap_fill-eval_mode:ignoreCase;2em"/>
                  </td>
                  <td class=" middle">
                     <GapFill id="g416"
                              CorrectValue="c"
                              Width="gap_fill-eval_mode:ignoreCase;2em"/>
                  </td>
                  <td class=" middle">
                     <GapFill id="g418"
                              CorrectValue="e"
                              Width="gap_fill-eval_mode:ignoreCase;2em"/>
                  </td>
                  <td class=" middle">
                     <GapFill id="g420"
                              CorrectValue="b"
                              Width="gap_fill-eval_mode:ignoreCase;2em"/>
                  </td>
               </tr>
            </table>
         </div>
      </div>
   </Ex>
   <Ex id="hufex2_l02_c10"
       title="De quoi parle-t-on?"
       instr="Ecoutez les dialogues suivants. De qui ou de quoi parle-t-on? Cochez la bonne réponse."
       tech_instr="MULTIPLE_CHOICE_TWO_STATES SOUND_PLAYBACK">
      <p>
         <a target="_blank"
            href="http://www.langmaster.cz/comcz/French2/l02/c/hufex2_l02_c10.htm">/French2/l02/c/hufex2_l02_c10.htm</a>
         <br/>
         <a target="_blank"
            href="http://www.langmaster.cz/comcz/French2/l02/c/home.htm">
                            cvičení 10</a>
      </p>
      <div class="row">
         <div class="col-md-2 ">
            <MediaBigMark Url="/schools/eaimgmp3/french2wma/lesson02/hufex2_l02_c10.mp3"
                          Sequence=""/>
            <br/>
            <br/>
            <img src="/schools/eaimgmp3/french2/img/homestudy/lesson02/page116/0771h0182.gif"/>
         </div>
         <div class="col-md-10 ">
            <table class="table c-table">
               <tr>
                  <td class=" middle">
                     <div class="panel panel-default c-panel" Width="400-800">
                        <div class="panel-heading">a.</div>
                        <div class="panel-body">
                           <SingleChoice id="t120">
                              <Data>
                                 <string>une femme</string>
                                 <string>#une voiture</string>
                              </Data>
                           </SingleChoice>
                        </div>
                     </div>
                  </td>
                  <td class=" middle">
                     <div class="panel panel-default c-panel" Width="400-800">
                        <div class="panel-heading">b.</div>
                        <div class="panel-body">
                           <SingleChoice id="t267">
                              <Data>
                                 <string>#un chien</string>
                                 <string>un ami</string>
                              </Data>
                           </SingleChoice>
                        </div>
                     </div>
                  </td>
               </tr>
               <tr>
                  <td class=" middle">
                     <div class="panel panel-default c-panel" Width="400-800">
                        <div class="panel-heading">c.</div>
                        <div class="panel-body">
                           <SingleChoice id="t414">
                              <Data>
                                 <string>#un film</string>
                                 <string>un voyage</string>
                              </Data>
                           </SingleChoice>
                        </div>
                     </div>
                  </td>
                  <td class=" middle">
                     <div class="panel panel-default c-panel" Width="400-800">
                        <div class="panel-heading">d.</div>
                        <div class="panel-body">
                           <SingleChoice id="t561">
                              <Data>
                                 <string>un quartier</string>
                                 <string>#un appartement</string>
                              </Data>
                           </SingleChoice>
                        </div>
                     </div>
                  </td>
               </tr>
               <tr>
                  <td class=" middle">
                     <div class="panel panel-default c-panel" Width="400-800">
                        <div class="panel-heading">e.</div>
                        <div class="panel-body">
                           <SingleChoice id="t708">
                              <Data>
                                 <string>un homme</string>
                                 <string>#un robot-ménager</string>
                              </Data>
                           </SingleChoice>
                        </div>
                     </div>
                  </td>
                  <td class=" middle"/>
               </tr>
            </table>
         </div>
      </div>
   </Ex>
</Module>
