﻿<?xml version="1.0" encoding="utf-8"?>
<Page id="hufex1_l07_d01">
  <p>
    <a href="http://www.langmaster.cz/comcz/French1/l07/d/hufex1_l07_d01.htm">/French1/l07/d/hufex1_l07_d01.htm</a>
    <br />
    <a href="http://www.langmaster.cz/comcz/French1/l07/d/home.htm">
                            cvičení 1</a>
  </p>
  <div class="row">
    <div class="col-md-4 ">
      <img src="/schools/eaimgmp3/french1/img/coursebook/lesson07/page66/image67.jpg" />
    </div>
    <div class="col-md-8 ">
      <p>Six Français sur dix partent en vacances au moins une fois dans l’année. Les vacances d’été restent la période préférée et surtout la première semaine du mois d’août. 30 % des Français seulement partent en hiver; ce sont, en général, des vacances complémentaires.</p>
      <p>La destination préférée des vacanciers, c’est la Mer Méditerranée, la «grande bleue». 45 % des séjours en été ont lieu au bord de la mer contre 20 % à la campagne et 14 % à la montagne. Les circuits touristiques représentent 10 % seulement des séjours. La Bretagne, la côte Atlantique et la côte méditerranéenne accueillent plus de 40 % des séjours. 20 % des Français choisissent comme destination l’étranger, en particulier les pays de l’Europe de l’Ouest. L’Espagne enregistre la plus grande affluence de touristes français (24 %), suivie du Portugal (11 %) et de l’Italie (9 %).</p>
      <p>
          Un Français sur dix passe ses vacances dans sa résidence secondaire. A l’étranger, les Français vont souvent à l’hôtel mais, en France, ils préfèrent la location. Enfin, à cause de la crise économique, beaucoup de Français, environ 40 %, choisissent l’hébergement chez des parents ou des amis.
          <i>(d’après Les Clés de l’Information, 1996)</i></p>
    </div>
  </div>
  <div>
    <table class="table table-bordered c-table">
      <tr>
        <td class=" middle">
            Les Français partent en vacances surtout en été; la période préférée est la première semaine d’<GapFill id="g222" Width="200" CorrectValue="août" InitValue="" />.
          </td>
      </tr>
      <tr>
        <td class=" middle">
            Les départs en <GapFill id="g271" Width="200" CorrectValue="hiver" InitValue="" /> sont plutôt des vacances complémentaires.
          </td>
      </tr>
      <tr>
        <td class=" middle">
            Les Français aiment beaucoup passer les vacances au bord de la <GapFill id="g320" Width="200" CorrectValue="mer" InitValue="" />.
          </td>
      </tr>
      <tr>
        <td class=" middle">
            Mais 20% des séjours en été ont lieu à la <GapFill id="g369" Width="200" CorrectValue="campagne" InitValue="" />.
          </td>
      </tr>
      <tr>
        <td class=" middle">
            20% des Français partent à l’<GapFill id="g418" Width="200" CorrectValue="étranger" InitValue="" /> pour les vacances.
          </td>
      </tr>
      <tr>
        <td class=" middle">
            Leur pays préféré est l’<GapFill id="g467" Width="200" CorrectValue="Espagne" InitValue="" />.
          </td>
      </tr>
      <tr>
        <td class=" middle">
            Quand ils restent en France, ils vont souvent en <GapFill id="g516" Width="200" CorrectValue="Bretagne" InitValue="" />.
          </td>
      </tr>
    </table>
  </div>
  <div class="col-md-6">
    <div class="panel panel-info">
      <div class="panel-heading">
        <h3>Attention!</h3>
      </div>
      <div class="panel-body">
        <p>
          <b>
            {{Ttrans}}
            <br /></b>
          {{Ttrans1}}
        </p>
      </div>
    </div>
  </div>
  <info title="Les vacances des Français" instrTitle="{{Ahtmltitle}}" instrs="FILLING_IN" />
</Page>