﻿<?xml version="1.0" encoding="utf-8"?>
<Page id="hufex1_l07_d04">
  <p>
    <a href="http://www.langmaster.cz/comcz/French1/l07/d/hufex1_l07_d04.htm">/French1/l07/d/hufex1_l07_d04.htm</a>
    <br />
    <a href="http://www.langmaster.cz/comcz/French1/l07/d/home.htm">
                            cvičení 4</a>
  </p>
  <div>
    <img src="/schools/eaimgmp3/french1/img/vocabulary/lesson07/page70/image18.jpg" />
  </div>
  <div>
    <Pairing id="E65">
      <PairingItem>le calme<Right>le silence</Right></PairingItem>
      <PairingItem>c’est super!<Right>c’est formidable!</Right></PairingItem>
      <PairingItem>évidemment<Right>bien sûr</Right></PairingItem>
      <PairingItem>adorer<Right>être passionné, e de...</Right></PairingItem>
      <PairingItem>dynamique<Right>actif/active</Right></PairingItem>
      <PairingItem>des vacances idéales<Right>des vacances de rêve</Right></PairingItem>
      <PairingItem>au mois de mars<Right>en mars</Right></PairingItem>
    </Pairing>
  </div>
  <info title="Les synonymes" instrTitle="{{Ahtmltitle}}" instrs="PAIRING" />
</Page>