﻿<?xml version="1.0" encoding="utf-8"?>
<Page id="hufex1_l07_d05">
  <p>
    <a href="http://www.langmaster.cz/comcz/French1/l07/d/hufex1_l07_d05.htm">/French1/l07/d/hufex1_l07_d05.htm</a>
    <br />
    <a href="http://www.langmaster.cz/comcz/French1/l07/d/home.htm">
                            cvičení 5</a>
  </p>
  <div>
    <img src="/schools/eaimgmp3/french1/img/vocabulary/lesson07/page70/0237h0001.jpg" />
  </div>
  <div>
    <Pairing id="E65">
      <PairingItem>le travail<Right>les vacances</Right></PairingItem>
      <PairingItem>monter<Right>descendre</Right></PairingItem>
      <PairingItem>partir<Right>rester</Right></PairingItem>
      <PairingItem>petit<Right>grand</Right></PairingItem>
      <PairingItem>il fait chaud<Right>il fait froid</Right></PairingItem>
      <PairingItem>un pays chaud<Right>un pays froid</Right></PairingItem>
      <PairingItem>la ville<Right>la campagne</Right></PairingItem>
    </Pairing>
  </div>
  <info title="Les contraires" instrTitle="{{Ahtmltitle}}" instrs="PAIRING" />
</Page>