﻿<?xml version="1.0" encoding="utf-8"?>
<Page id="hufex1_l07_d06">
  <p>
    <a href="http://www.langmaster.cz/comcz/French1/l07/d/hufex1_l07_d06.htm">/French1/l07/d/hufex1_l07_d06.htm</a>
    <br />
    <a href="http://www.langmaster.cz/comcz/French1/l07/d/home.htm">
                            cvičení 6</a>
  </p>
  <div class="row">
    <div class="col-md-2 ">
      <img src="/schools/eaimgmp3/french1/img/vocabulary/lesson07/page70/0775h3705.jpg" />
    </div>
    <div class="col-md-10 ">
      <table class="table table-bordered c-table">
        <tr>
          <td class="c-table-default middle">les saisons</td>
        </tr>
        <tr>
          <td class=" middle">
            <GapFill id="g159" Width="200" CorrectValue="le printemps" InitValue="" />
          </td>
        </tr>
        <tr>
          <td class=" middle">
            <GapFill id="g162" Width="200" CorrectValue="l’été" InitValue="" />
          </td>
        </tr>
        <tr>
          <td class=" middle">
            <GapFill id="g165" Width="200" CorrectValue="l’automne" InitValue="" />
          </td>
        </tr>
        <tr>
          <td class=" middle">
            <GapFill id="g168" Width="200" CorrectValue="l’hiver" InitValue="" />
          </td>
        </tr>
      </table>
    </div>
  </div>
  <info title="Les saisons" instrTitle="{{Ahtmltitle}}" instrs="FILLING_IN" />
</Page>