﻿<?xml version="1.0" encoding="utf-8"?>
<Module title="Chapitre D">
   <Ex id="hufex1_l07_d01"
       title="Les vacances des Français"
       instr="{{Ahtmltitle}}"
       tech_instr="FILLING_IN">
      <p>
         <a target="_blank"
            href="http://www.langmaster.cz/comcz/French1/l07/d/hufex1_l07_d01.htm">/French1/l07/d/hufex1_l07_d01.htm</a>
         <br/>
         <a target="_blank"
            href="http://www.langmaster.cz/comcz/French1/l07/d/home.htm">
                            cvičení 1</a>
      </p>
      <div class="row">
         <div class="col-md-4 ">
            <img src="/schools/eaimgmp3/french1/img/coursebook/lesson07/page66/image67.jpg"/>
         </div>
         <div class="col-md-8 ">
            <p>Six Français sur dix partent en vacances au moins une fois dans l’année. Les vacances d’été restent la période préférée et surtout la première semaine du mois d’août. 30 % des Français seulement partent en hiver; ce sont, en général, des vacances complémentaires.</p>
            <p>La destination préférée des vacanciers, c’est la Mer Méditerranée, la «grande bleue». 45 % des séjours en été ont lieu au bord de la mer contre 20 % à la campagne et 14 % à la montagne. Les circuits touristiques représentent 10 % seulement des séjours. La Bretagne, la côte Atlantique et la côte méditerranéenne accueillent plus de 40 % des séjours. 20 % des Français choisissent comme destination l’étranger, en particulier les pays de l’Europe de l’Ouest. L’Espagne enregistre la plus grande affluence de touristes français (24 %), suivie du Portugal (11 %) et de l’Italie (9 %).</p>
            <p>
          Un Français sur dix passe ses vacances dans sa résidence secondaire. A l’étranger, les Français vont souvent à l’hôtel mais, en France, ils préfèrent la location. Enfin, à cause de la crise économique, beaucoup de Français, environ 40 %, choisissent l’hébergement chez des parents ou des amis.
          <i>(d’après Les Clés de l’Information, 1996)</i>
            </p>
         </div>
      </div>
      <div>
         <table class="table table-bordered c-table">
            <tr>
               <td class=" middle">
            Les Français partent en vacances surtout en été; la période préférée est la première semaine d’<GapFill id="g222" CorrectValue="août" Width="200"/>.
          </td>
            </tr>
            <tr>
               <td class=" middle">
            Les départs en <GapFill id="g271" CorrectValue="hiver" Width="200"/> sont plutôt des vacances complémentaires.
          </td>
            </tr>
            <tr>
               <td class=" middle">
            Les Français aiment beaucoup passer les vacances au bord de la <GapFill id="g320" CorrectValue="mer" Width="200"/>.
          </td>
            </tr>
            <tr>
               <td class=" middle">
            Mais 20% des séjours en été ont lieu à la <GapFill id="g369" CorrectValue="campagne" Width="200"/>.
          </td>
            </tr>
            <tr>
               <td class=" middle">
            20% des Français partent à l’<GapFill id="g418" CorrectValue="étranger" Width="200"/> pour les vacances.
          </td>
            </tr>
            <tr>
               <td class=" middle">
            Leur pays préféré est l’<GapFill id="g467" CorrectValue="Espagne" Width="200"/>.
          </td>
            </tr>
            <tr>
               <td class=" middle">
            Quand ils restent en France, ils vont souvent en <GapFill id="g516" CorrectValue="Bretagne" Width="200"/>.
          </td>
            </tr>
         </table>
      </div>
      <div class="col-md-6">
         <div class="panel panel-info">
            <div class="panel-heading">
               <h3>Attention!</h3>
            </div>
            <div class="panel-body">
               <p>
                  <b>
            {{Ttrans}}
            <br/>
                  </b>
          {{Ttrans1}}
        </p>
            </div>
         </div>
      </div>
   </Ex>
   <Ex id="hufex1_l07_d02"
       title="Mots fléchés"
       instr="{{Ahtmltitle}}"
       tech_instr="FILLING_IN">
      <p>
         <a target="_blank"
            href="http://www.langmaster.cz/comcz/French1/l07/d/hufex1_l07_d02.htm">/French1/l07/d/hufex1_l07_d02.htm</a>
         <br/>
         <a target="_blank"
            href="http://www.langmaster.cz/comcz/French1/l07/d/home.htm">
                            cvičení 2</a>
      </p>
      <div class="row">
         <div class="col-md-3 ">
            <img src="/schools/eaimgmp3/french1/img/homestudy/lesson07/page131/1834h0038.gif"/>
         </div>
         <div class="col-md-9 ">
        1. La papaye est un fruit...<br/>
        2. Dans le Midi, il y a beaucoup de...<br/>
        3. En été, les touristes aiment... sur la plage.<br/>
        4. Il part seul au Pérou. Il aime l’...<br/>
        5. Elle préfère les... organisés.<br/>
        6. Ils cherchent une... pour le mois d’août.<br/>
        7. Elle fait un voyage à l’...<br/>
        8. Le... de Cannes a lieu en mai.<br/>
        9. Les vacances à la..., c’est plus calme.<br/>
       10. Dans le..., il peut faire 50°.
      </div>
      </div>
      <div>
        TODO osmisměrka/křížovka, co s ní? ysearch
    </div>
      <div>
         <b>Avec toutes les lettres des cases grises, trouvez une région touristique française:</b>
         <br/>
         <GapFill id="g800" CorrectValue="Bretagne" Width="200"/>
      </div>
   </Ex>
   <Ex id="hufex1_l07_d03"
       title="Quelque chose ne correspond pas"
       instr="{{Ahtmltitle}}"
       tech_instr="TEXT_SECTION_SELECTING_ONE_OR_MORE_CORRECT_ANSWERS">
      <p>
         <a target="_blank"
            href="http://www.langmaster.cz/comcz/French1/l07/d/hufex1_l07_d03.htm">/French1/l07/d/hufex1_l07_d03.htm</a>
         <br/>
         <a target="_blank"
            href="http://www.langmaster.cz/comcz/French1/l07/d/home.htm">
                            cvičení 3</a>
      </p>
      <div>
         <img src="/schools/eaimgmp3/french1/img/vocabulary/lesson07/page69/cafe.gif"/>
      </div>
      <div>
         <p>Mon chéri!</p>
         <p>
            <WordSelection id="o172"
                           Words=" Je suis bien arrivée à Florac.| Le stage de méditation se passe très bien.| Je fais aussi beaucoup de sport.| Le matin, je médite et je fais de la poterie.|# Il ne fait pas beau, il pleut souvent."/> 
            
            
            
          </p>
         <p>
          Alors, TODO POZOR, více správných hodnot, ruční předělávka ysearch<WordSelection id="o185"
                           Words="#je ne peux pas aller souvent en ville.|# j’adore le calme.|# Je reste à la ferme pour me détendre.|# J’aime beaucoup la campagne,"/>
          Mais ce n’est pas grave, parce que   
            
            tu sais.
        </p>
         <CheckItem id="t189" TextId="TrueFalse" CorrectValue="false"> Je pense à toi!</CheckItem>
         <CheckItem id="t198" TextId="TrueFalse" CorrectValue="true"> Je ne fume plus depuis 3 jours.</CheckItem>
         <p>Grosses bises ta femme qui t’aime</p>
      </div>
   </Ex>
   <Ex id="hufex1_l07_d04"
       title="Les synonymes"
       instr="{{Ahtmltitle}}"
       tech_instr="PAIRING">
      <p>
         <a target="_blank"
            href="http://www.langmaster.cz/comcz/French1/l07/d/hufex1_l07_d04.htm">/French1/l07/d/hufex1_l07_d04.htm</a>
         <br/>
         <a target="_blank"
            href="http://www.langmaster.cz/comcz/French1/l07/d/home.htm">
                            cvičení 4</a>
      </p>
      <div>
         <img src="/schools/eaimgmp3/french1/img/vocabulary/lesson07/page70/image18.jpg"/>
      </div>
      <div>
         <Pairing id="E65">
            <PairingItem>le calme<Right>le silence</Right>
            </PairingItem>
            <PairingItem>c’est super!<Right>c’est formidable!</Right>
            </PairingItem>
            <PairingItem>évidemment<Right>bien sûr</Right>
            </PairingItem>
            <PairingItem>adorer<Right>être passionné, e de...</Right>
            </PairingItem>
            <PairingItem>dynamique<Right>actif/active</Right>
            </PairingItem>
            <PairingItem>des vacances idéales<Right>des vacances de rêve</Right>
            </PairingItem>
            <PairingItem>au mois de mars<Right>en mars</Right>
            </PairingItem>
         </Pairing>
      </div>
   </Ex>
   <Ex id="hufex1_l07_d05"
       title="Les contraires"
       instr="{{Ahtmltitle}}"
       tech_instr="PAIRING">
      <p>
         <a target="_blank"
            href="http://www.langmaster.cz/comcz/French1/l07/d/hufex1_l07_d05.htm">/French1/l07/d/hufex1_l07_d05.htm</a>
         <br/>
         <a target="_blank"
            href="http://www.langmaster.cz/comcz/French1/l07/d/home.htm">
                            cvičení 5</a>
      </p>
      <div>
         <img src="/schools/eaimgmp3/french1/img/vocabulary/lesson07/page70/0237h0001.jpg"/>
      </div>
      <div>
         <Pairing id="E65">
            <PairingItem>le travail<Right>les vacances</Right>
            </PairingItem>
            <PairingItem>monter<Right>descendre</Right>
            </PairingItem>
            <PairingItem>partir<Right>rester</Right>
            </PairingItem>
            <PairingItem>petit<Right>grand</Right>
            </PairingItem>
            <PairingItem>il fait chaud<Right>il fait froid</Right>
            </PairingItem>
            <PairingItem>un pays chaud<Right>un pays froid</Right>
            </PairingItem>
            <PairingItem>la ville<Right>la campagne</Right>
            </PairingItem>
         </Pairing>
      </div>
   </Ex>
   <Ex id="hufex1_l07_d06"
       title="Les saisons"
       instr="{{Ahtmltitle}}"
       tech_instr="FILLING_IN">
      <p>
         <a target="_blank"
            href="http://www.langmaster.cz/comcz/French1/l07/d/hufex1_l07_d06.htm">/French1/l07/d/hufex1_l07_d06.htm</a>
         <br/>
         <a target="_blank"
            href="http://www.langmaster.cz/comcz/French1/l07/d/home.htm">
                            cvičení 6</a>
      </p>
      <div class="row">
         <div class="col-md-2 ">
            <img src="/schools/eaimgmp3/french1/img/vocabulary/lesson07/page70/0775h3705.jpg"/>
         </div>
         <div class="col-md-10 ">
            <table class="table table-bordered c-table">
               <tr>
                  <td class="c-table-default middle">les saisons</td>
               </tr>
               <tr>
                  <td class=" middle">
                     <GapFill id="g159" CorrectValue="le printemps" Width="200"/>
                  </td>
               </tr>
               <tr>
                  <td class=" middle">
                     <GapFill id="g162" CorrectValue="l’été" Width="200"/>
                  </td>
               </tr>
               <tr>
                  <td class=" middle">
                     <GapFill id="g165" CorrectValue="l’automne" Width="200"/>
                  </td>
               </tr>
               <tr>
                  <td class=" middle">
                     <GapFill id="g168" CorrectValue="l’hiver" Width="200"/>
                  </td>
               </tr>
            </table>
         </div>
      </div>
   </Ex>
</Module>
