﻿<?xml version="1.0" encoding="utf-8"?>
<Page id="hufex2_l07_b01">
  <p>
    <a href="http://www.langmaster.cz/comcz/French2/l07/b/hufex2_l07_b01.htm">/French2/l07/b/hufex2_l07_b01.htm</a>
    <br />
    <a href="http://www.langmaster.cz/comcz/French2/l07/b/home.htm">
                            cvičení 1</a>
  </p>
  <div class="row">
    <div class="col-md-3 ">
      <img src="/schools/eaimgmp3/french2/img/coursebook/lesson07/page63/1358h0035.jpg" />
    </div>
    <div class="col-md-9 ">
      <table class="table table-bordered c-table">
        <tr>
          <td class=" middle">
              je compter<GapFill id="g156" Width="200" CorrectValue="ais" InitValue="" /></td>
          <td class=" middle">
              nous compter<GapFill id="g158" Width="200" CorrectValue="ions" InitValue="" /></td>
        </tr>
        <tr>
          <td class=" middle">
              tu compter<GapFill id="g161" Width="200" CorrectValue="ais" InitValue="" /></td>
          <td class=" middle">
              vous compter<GapFill id="g163" Width="200" CorrectValue="iez" InitValue="" /></td>
        </tr>
        <tr>
          <td class=" middle">
              il/elle compter<GapFill id="g166" Width="200" CorrectValue="ait" InitValue="" /></td>
          <td class=" middle">
              ils/elles compter<GapFill id="g168" Width="200" CorrectValue="aient" InitValue="" /></td>
        </tr>
      </table>
    </div>
  </div>
  <div class="col-md-5">
    <div class="panel panel-info">
      <div class="panel-body">
        <p>
          {{Ttrans}}
        </p>
      </div>
    </div>
  </div>
  <info title="Conditionnel présent" instrTitle="Complétez la conjugaison au conditionnel présent du verbe compter." instrs="FILLING_IN" />
</Page>