﻿<?xml version="1.0" encoding="utf-8"?>
<Page id="hufex2_l07_b02">
  <p>
    <a href="http://www.langmaster.cz/comcz/French2/l07/b/hufex2_l07_b02.htm">/French2/l07/b/hufex2_l07_b02.htm</a>
    <br />
    <a href="http://www.langmaster.cz/comcz/French2/l07/b/home.htm">
                            cvičení 2</a>
  </p>
  <div>
    <table class="table c-table">
      <tr>
        <td>
          <b>
            {{Ttrans}}:
            </b>
          <br />
            Le chat est <span class="text-danger">apparemment</span> l’animal préféré des intellectuels.<br /><GapFill id="g283" CorrectValue="Le chat serait l’animal préféré des intellectuels." InitValue="Le chat serait l’animal préféré des intellectuels." /></td>
      </tr>
    </table>
  </div>
  <table class="table c-table">
    <tr>
      <td class=" middle" />
      <td class=" middle">
        <span class="text-danger">Il paraît que</span> les possesseurs d’animaux ont des relations privilégiées avec eux.<br /><GapFill id="g383" Width="200" CorrectValue="Les possesseurs d’animaux auraient des relations privilégiées avec eux." InitValue="" /></td>
    </tr>
    <tr>
      <td class=" middle" />
      <td class=" middle">
          Le choix d’un animal de compagnie n’est <span class="text-danger">apparemment</span> pas neutre.<br /><GapFill id="g481" Width="200" CorrectValue="Le choix d’un animal de compagnie ne serait pas neutre." InitValue="" /></td>
    </tr>
    <tr>
      <td class=" middle" />
      <td class=" middle">
        <span class="text-danger">On dit que</span> le quart des ménages français ont au moins un chien.<br /><GapFill id="g579" Width="200" CorrectValue="Le quart des ménages français auraient au moins un chien." InitValue="" /></td>
    </tr>
    <tr>
      <td class=" middle" />
      <td class=" middle">
          Le succès de film «Le grand Bleu» s’explique <span class="text-danger">peut-être</span> par le mal de vivre actuel.<br /><GapFill id="g677" Width="200" CorrectValue="Le succès de film «Le grand Bleu» s’expliquerait par le mal de vivre actuel." InitValue="" /></td>
    </tr>
    <tr>
      <td class=" middle" />
      <td class=" middle">
        <span class="text-danger">Il semble que</span> les animaux jouent un rôle affectif auprès des enfants et des adultes.<br /><GapFill id="g775" Width="200" CorrectValue="Les animaux joueraient un rôle affectif auprès des enfants et des adultes." InitValue="" /></td>
    </tr>
    <tr>
      <td class=" middle" />
      <td class=" middle">
        <span class="text-danger">On estime que</span> 4000 facteurs sont mordus chaque année par des chiens.<br /><GapFill id="g873" Width="200" CorrectValue="4000 facteurs seraient mordus chaque année par des chiens." InitValue="" /></td>
    </tr>
    <tr>
      <td class=" middle" />
      <td class=" middle">
        <span class="text-danger">Il semble que</span> les caniches viennent en tête parmi les animaux abandonnés.<br /><GapFill id="g971" Width="200" CorrectValue="Les caniches viendraient en tête parmi les animaux abandonnés." InitValue="" /></td>
    </tr>
    <tr>
      <td class=" middle" />
      <td class=" middle">
          La présence d’animaux familiers améliore <span class="text-danger">apparemment</span> la qualité de vie humaine.<br /><GapFill id="g1069" Width="200" CorrectValue="La présence d’animaux familiers améliorerait la qualité de vie humaine." InitValue="" /></td>
    </tr>
  </table>
  <div class="row">
    <div class="col-md-2 ">
      <img src="/schools/eaimgmp3/french2/img/coursebook/lesson07/page63/c825h0045.jpg" />
    </div>
    <div class="col-md-10 ">
      <div class="panel panel-info">
        <div class="panel-heading">
          <h3>Emploi:</h3>
        </div>
        <div class="panel-body">
          <p>
            <b>Doute, nouvelle incertaine </b>
          </p>
          <p>
            Il y <b>aurait</b> en France 42 millions d’animaux = on dit qu’il y en a 42 millions, mais on n’est pas tout à fait sûr
            du chiffre.
          </p>
          <p>
            <b>Demande ou reproche polis, conseil, souhait, éventualité</b>
          </p>
        </div>
      </div>
    </div>
  </div>
  <info title="Emploi" instrTitle="Transformez les phrases en supprimant l’élément souligné." instrs="FILLING_IN" courseSeeAlsoStr="" />
</Page>