﻿<?xml version="1.0" encoding="utf-8"?>
<Page id="hufex2_l07_b03">
  <p>
    <a href="http://www.langmaster.cz/comcz/French2/l07/b/hufex2_l07_b03.htm">/French2/l07/b/hufex2_l07_b03.htm</a>
    <br />
    <a href="http://www.langmaster.cz/comcz/French2/l07/b/home.htm">
                            cvičení 3</a>
  </p>
  <Possibilities Words="je préférerais ne pas le savoir|il y aurait moins de guerres|je regretterais de ne pas être une femme|les aires de jeux seraient plus propres|je m’en passerais" />
  <div class="row">
    <div class="col-md-2 ">
      <img src="/schools/eaimgmp3/french2/img/coursebook/lesson07/page66/1863h0102.gif" />
    </div>
    <div class="col-md-10 ">
      <table class="table table-bordered c-table">
        <tr>
          <td>S’il me restait 5 minutes à vivre, <GapFill id="g156" Width="200" CorrectValue="je préférerais ne pas le savoir" InitValue="" />.</td>
        </tr>
        <tr>
          <td>S’il y avait plus d’enfants et moins de chiens, <GapFill id="g205" Width="200" CorrectValue="les aires de jeux seraient plus propres" InitValue="" />.</td>
        </tr>
        <tr>
          <td>Si j’étais un homme, <GapFill id="g254" Width="200" CorrectValue="je regretterais de ne pas être une femme" InitValue="" />.</td>
        </tr>
        <tr>
          <td>Si tous les hommes étaient égaux, <GapFill id="g303" Width="200" CorrectValue="il y aurait moins de guerres" InitValue="" />.</td>
        </tr>
        <tr>
          <td>Si la télévision n’existait pas, <GapFill id="g352" Width="200" CorrectValue="je m’en passerais" InitValue="" />.</td>
        </tr>
      </table>
    </div>
  </div>
  <div class="col-md-5">
    <div class="panel panel-info">
      <div class="panel-body">
        <p>
          {{Ttrans}}
        </p>
      </div>
    </div>
  </div>
  <info title="S’il me reste ..." instrTitle="Complétez les phrases en utilisant les verbes proposés." instrs="FILLING_IN" />
</Page>