﻿<?xml version="1.0" encoding="utf-8"?>
<Page id="hufex2_l07_b04">
  <p>
    <a href="http://www.langmaster.cz/comcz/French2/l07/b/hufex2_l07_b04.htm">/French2/l07/b/hufex2_l07_b04.htm</a>
    <br />
    <a href="http://www.langmaster.cz/comcz/French2/l07/b/home.htm">
                            cvičení 4</a>
  </p>
  <div>
    <img src="/schools/eaimgmp3/french2/img/coursebook/lesson07/page66/dscf0155.jpg" />
  </div>
  <ListGroup IsStriped="true">
    <Noop>Que <GapFill id="g156" Width="200" CorrectValue="deviendraient" InitValue="devenir" /> mes patientes si elles n’<GapFill id="g157" Width="200" CorrectValue="avaient" InitValue="avoir" /> pas d’animal?</Noop>
    <Noop>Si nous <GapFill id="g206" Width="200" CorrectValue="allions" InitValue="aller" /> en Provence, nous <GapFill id="g207" Width="200" CorrectValue="visiterions" InitValue="visiter" /> Avignon et Aix, mais nous <GapFill id="g208" Width="200" CorrectValue="irions" InitValue="aller" /> aussi faire un tour du côté des vieux villages perchés.</Noop>
    <Noop>Si vous <GapFill id="g257" Width="200" CorrectValue="deviez" InitValue="devoir" /> changer de profession, qu’est-ce que vous <GapFill id="g258" Width="200" CorrectValue="feriez" InitValue="faire" />?</Noop>
    <Noop>Si tu <GapFill id="g307" Width="200" CorrectValue="voulais" InitValue="vouloir" />, tu <GapFill id="g308" Width="200" CorrectValue="aurais" InitValue="avoir" /> de meilleurs résultats.</Noop>
    <Noop>Si nous <GapFill id="g357" Width="200" CorrectValue="étions" InitValue="être" /> en vacances, nous <GapFill id="g358" Width="200" CorrectValue="aurions" InitValue="avoir" /> les pieds dans l’eau et la tête dans les étoiles.</Noop>
    <Noop>Est-ce que les Français <GapFill id="g407" Width="200" CorrectValue="liraient" InitValue="lire" /> plus de livres s’ils <GapFill id="g408" Width="200" CorrectValue="dépensaient" InitValue="dépenser" /> moins d’argent pour leurs animaux?</Noop>
    <Noop>Si on m’<GapFill id="g457" Width="200" CorrectValue="accordait" InitValue="accorder" /> un congé d’un an, je <GapFill id="g458" Width="200" CorrectValue="ferais" InitValue="faire" /> le tour du monde.</Noop>
  </ListGroup>
  <info title="Encore une fois le conditionnel" instrTitle="Remplacez les infinitifs par les formes des verbes correctes." instrs="CORRECTION" />
</Page>