﻿<?xml version="1.0" encoding="utf-8"?>
<Page id="hufex2_l07_b05">
  <p>
    <a href="http://www.langmaster.cz/comcz/French2/l07/b/hufex2_l07_b05.htm">/French2/l07/b/hufex2_l07_b05.htm</a>
    <br />
    <a href="http://www.langmaster.cz/comcz/French2/l07/b/home.htm">
                            cvičení 5</a>
  </p>
  <div>
    <Pairing id="E592">
      <PairingItem>Si tu mangeais moins de gâteaux,<Right>tu ne (être) pas si grosse.</Right></PairingItem>
      <PairingItem>Si on habitait à Paris,<Right>on (passer) tous nos week-ends dans les musées.</Right></PairingItem>
      <PairingItem>Si vous lisiez les journaux plus souvent,<Right>vous (savoir) ce qui se passe dans le monde.</Right></PairingItem>
      <PairingItem>S’il y avait moins de circulation en ville,<Right>il y (avoir) moins de pollution.</Right></PairingItem>
      <PairingItem>Si j’avais un chat,<Right>je l’(appeler) Grigri.</Right></PairingItem>
      <PairingItem>Si j’avais trois mois de vacances,<Right>je (faire) un grand voyage en Chine.</Right></PairingItem>
      <PairingItem>S’il faisait beau demain,<Right>nous (aller) nous promener.</Right></PairingItem>
      <PairingItem>Si ma télévision tombait en panne,<Right>j’(essayer) de m’en passer définitivement.</Right></PairingItem>
      <PairingItem>Si notre appartement était situé au dernier étage,<Right>on (voir) la mer.</Right></PairingItem>
    </Pairing>
  </div>
  <div class="row">
    <div class="col-md-3 ">
      <img src="/schools/eaimgmp3/french2/img/homestudy/lesson07/page150/c205h0062.jpg" />
    </div>
    <div class="col-md-9 ">
      <table class="table table-bordered c-table">
        <tr>
          <td>
        ... il y <GapFill id="g157" Width="200" CorrectValue="aurait" InitValue="avoir" /> moins de pollution.
      </td>
        </tr>
        <tr>
          <td>
        ... je <GapFill id="g206" Width="200" CorrectValue="ferais" InitValue="faire" /> un grand voyage en Chine.
      </td>
        </tr>
        <tr>
          <td>
        ... nous <GapFill id="g255" Width="200" CorrectValue="irions" InitValue="aller" /> nous promener.
      </td>
        </tr>
        <tr>
          <td>
        ... tu ne <GapFill id="g304" Width="200" CorrectValue="serais" InitValue="être" /> pas si grosse.
      </td>
        </tr>
        <tr>
          <td>
        ... j’ <GapFill id="g353" Width="200" CorrectValue="essaierais" InitValue="essayer" /> de m’en passer définitivement.
      </td>
        </tr>
        <tr>
          <td>
        ... on <GapFill id="g402" Width="200" CorrectValue="verrait" InitValue="voir" /> la mer.
      </td>
        </tr>
        <tr>
          <td>
        ... on <GapFill id="g451" Width="200" CorrectValue="passerait" InitValue="passer" /> tous nos week-ends dans les musées.
      </td>
        </tr>
        <tr>
          <td>
        ... je l’ <GapFill id="g500" Width="200" CorrectValue="appellerais" InitValue="appeler" /> Grigri.
      </td>
        </tr>
        <tr>
          <td>
        ... vous <GapFill id="g549" Width="200" CorrectValue="sauriez" InitValue="savoir" /> ce qui se passe dans le monde.
      </td>
        </tr>
      </table>
    </div>
  </div>
  <info title="Les phrases conditionnelles" instrTitle="Complétez et reliez les phrases." instrs="CORRECTION PAIRING" />
</Page>