﻿<?xml version="1.0" encoding="utf-8"?>
<Page id="hufex2_l07_b07">
  <p>
    <a href="http://www.langmaster.cz/comcz/French2/l07/b/hufex2_l07_b07.htm">/French2/l07/b/hufex2_l07_b07.htm</a>
    <br />
    <a href="http://www.langmaster.cz/comcz/French2/l07/b/home.htm">
                            cvičení 7</a>
  </p>
  <div class="row">
    <div class="col-md-3 ">
      <img src="/schools/eaimgmp3/french2/img/homestudy/lesson07/page148/249500038a.jpg" />
    </div>
    <div class="col-md-9 ">
      <div class="panel panel-info">
        <div class="panel-body">
          <p>
            je voudrais...<br />
            pourriez-vous...?<br />
            est-ce que vous auriez...?
          </p>
        </div>
      </div>
    </div>
  </div>
  <div>
    <table class="table c-table">
      <tr>
        <td>
          <b>
            {{Ttrans}}:
            </b>
          <br />
            Répétez!<br /><GapFill id="g284" CorrectValue="Pourriez-vous répéter, s’il vous plaît?" InitValue="Pourriez-vous répéter, s’il vous plaît?" /></td>
      </tr>
    </table>
  </div>
  <table class="table c-table">
    <tr>
      <td class=" middle" />
      <td class=" middle">
          Le Monde, vous l’avez?<br /><GapFill id="g384" Width="200" CorrectValue="Est-ce que vous auriez Le Monde, s’il vous plaît?" InitValue="" /></td>
    </tr>
    <tr>
      <td class=" middle" />
      <td class=" middle">
          Apportez-moi le courrier!<br /><GapFill id="g1281" Width="200" CorrectValue="Pourriez-vous m’apporter le courrier, s’il vous plaît?" InitValue="" /></td>
    </tr>
    <tr>
      <td class=" middle" />
      <td class=" middle">
          Un aller-retour pour Lyon!<br /><GapFill id="g694" Width="200" CorrectValue="Je voudrais un aller-retour pour Lyon, s’il vous plaît." InitValue="" /></td>
    </tr>
    <tr>
      <td class=" middle" />
      <td class=" middle">
          Passe-moi le pain!<br /><GapFill id="g797" Width="200" CorrectValue="Est-ce que tu pourrais me passer le pain, s’il te plaît?" InitValue="" /></td>
    </tr>
    <tr>
      <td class=" middle" />
      <td class=" middle">
          Alors la porte, tu la fermes ou pas?<br /><GapFill id="g1287" Width="200" CorrectValue="Est-ce que tu pourrais fermer la porte, s’il te plaît?|Pourrais-tu fermer la porte, s’il te plaît?" InitValue="" /></td>
    </tr>
    <tr>
      <td class=" middle" />
      <td class=" middle">
          L’addition!<br /><GapFill id="g1100" Width="200" CorrectValue="Pourriez-vous m’apporter l’addition, s’il vous plaît?" InitValue="" /></td>
    </tr>
  </table>
  <info title="Tous les gens ne sont pas très polis!" instrTitle="Reformulez leurs demandes poliment en employant le conditionnel." instrs="FILLING_IN" />
</Page>