﻿<?xml version="1.0" encoding="utf-8"?>
<Page id="hufex2_l07_b08">
  <p>
    <a href="http://www.langmaster.cz/comcz/French2/l07/b/hufex2_l07_b08.htm">/French2/l07/b/hufex2_l07_b08.htm</a>
    <br />
    <a href="http://www.langmaster.cz/comcz/French2/l07/b/home.htm">
                            cvičení 8</a>
  </p>
  <DragSource />
  <div class="row">
    <div class="col-md-2 ">
      <img src="/schools/eaimgmp3/french2/img/homestudy/lesson07/page149/1621h0080.gif" />
    </div>
    <div class="col-md-10 ">
      <div>
        <table class="table c-table">
          <tr>
            <td>
              <b>
                {{Ttrans}}:
                </b>
              <br />
                Un de vos amis souffre d’insomnies. A ta place, <br /><DragTarget id="g323" CorrectValue="je travaillerais moins" />.
              </td>
          </tr>
        </table>
      </div>
      <table class="table c-table">
        <tr>
          <td class=" middle" />
          <td class=" middle">
              Elle a tendance à grossir. Tu devrais <br /><DragTarget id="g423" CorrectValue="manger moins de gâteaux" />.
            </td>
        </tr>
        <tr>
          <td class=" middle" />
          <td class=" middle">
              Il aimerait avoir un animal de compagnie. A ta place, <br /><DragTarget id="g521" CorrectValue="je prendrais un chat: c’est indépendant" />.
            </td>
        </tr>
        <tr>
          <td class=" middle" />
          <td class=" middle">
              Il fait le même travail depuis 20 ans et il s’ennuie profondément. Tu pourrais <br /><DragTarget id="g619" CorrectValue="faire un stage de recyclage" />.
            </td>
        </tr>
        <tr>
          <td class=" middle" />
          <td class=" middle">
              Elle voudrait faire du sport, mais elle ne sait pas quel sport choisir. A ta place, <br /><DragTarget id="g717" CorrectValue="j’essaierais la natation" />.
            </td>
        </tr>
        <tr>
          <td class=" middle" />
          <td class=" middle">
              Ils aimeraient partir en vacances, mais que faire du chat? Tu devrais <br /><DragTarget id="g815" CorrectValue="demander aux voisins s’ils peuvent s’en occuper" />.
            </td>
        </tr>
      </table>
    </div>
  </div>
  <div class="col-md-2">
    <div class="panel panel-info">
      <div class="panel-body">
        <p>
          tu devrais...<br />
          tu pourrais...<br />
          à ta place, ...
        </p>
      </div>
    </div>
  </div>
  <info title="Les conseils" instrTitle="Donnez des conseils à vos amis. L’exemple vous aide." instrs="FILLING_IN_FROM_A_LIST" />
</Page>