﻿<?xml version="1.0" encoding="utf-8"?>
<Module title="Chapitre B">
   <Ex id="hufex2_l07_b01"
       title="Conditionnel présent"
       instr="Complétez la conjugaison au conditionnel présent du verbe compter."
       tech_instr="FILLING_IN">
      <p>
         <a target="_blank"
            href="http://www.langmaster.cz/comcz/French2/l07/b/hufex2_l07_b01.htm">/French2/l07/b/hufex2_l07_b01.htm</a>
         <br/>
         <a target="_blank"
            href="http://www.langmaster.cz/comcz/French2/l07/b/home.htm">
                            cvičení 1</a>
      </p>
      <div class="row">
         <div class="col-md-3 ">
            <img src="/schools/eaimgmp3/french2/img/coursebook/lesson07/page63/1358h0035.jpg"/>
         </div>
         <div class="col-md-9 ">
            <table class="table table-bordered c-table">
               <tr>
                  <td class=" middle">
              je compter<GapFill id="g156" CorrectValue="ais" Width="200"/>
                  </td>
                  <td class=" middle">
              nous compter<GapFill id="g158" CorrectValue="ions" Width="200"/>
                  </td>
               </tr>
               <tr>
                  <td class=" middle">
              tu compter<GapFill id="g161" CorrectValue="ais" Width="200"/>
                  </td>
                  <td class=" middle">
              vous compter<GapFill id="g163" CorrectValue="iez" Width="200"/>
                  </td>
               </tr>
               <tr>
                  <td class=" middle">
              il/elle compter<GapFill id="g166" CorrectValue="ait" Width="200"/>
                  </td>
                  <td class=" middle">
              ils/elles compter<GapFill id="g168" CorrectValue="aient" Width="200"/>
                  </td>
               </tr>
            </table>
         </div>
      </div>
      <div class="col-md-5">
         <div class="panel panel-info">
            <div class="panel-body">
               <p>
          {{Ttrans}}
        </p>
            </div>
         </div>
      </div>
   </Ex>
   <Ex id="hufex2_l07_b02"
       title="Emploi"
       instr="Transformez les phrases en supprimant l’élément souligné."
       tech_instr="FILLING_IN">
      <p>
         <a target="_blank"
            href="http://www.langmaster.cz/comcz/French2/l07/b/hufex2_l07_b02.htm">/French2/l07/b/hufex2_l07_b02.htm</a>
         <br/>
         <a target="_blank"
            href="http://www.langmaster.cz/comcz/French2/l07/b/home.htm">
                            cvičení 2</a>
      </p>
      <div>
         <table class="table c-table">
            <tr>
               <td>
                  <b>
            {{Ttrans}}:
            </b>
                  <br/>
            Le chat est <span class="text-danger">apparemment</span> l’animal préféré des intellectuels.<br/>
                  <GapFill id="g283"
                           CorrectValue="Le chat serait l’animal préféré des intellectuels."
                           InitValue="Le chat serait l’animal préféré des intellectuels."
                           Example="true"/>
               </td>
            </tr>
         </table>
      </div>
      <table class="table c-table">
         <tr>
            <td class=" middle"/>
            <td class=" middle">
               <span class="text-danger">Il paraît que</span> les possesseurs d’animaux ont des relations privilégiées avec eux.<br/>
               <GapFill id="g383"
                        CorrectValue="Les possesseurs d’animaux auraient des relations privilégiées avec eux."
                        Width="200"/>
            </td>
         </tr>
         <tr>
            <td class=" middle"/>
            <td class=" middle">
          Le choix d’un animal de compagnie n’est <span class="text-danger">apparemment</span> pas neutre.<br/>
               <GapFill id="g481"
                        CorrectValue="Le choix d’un animal de compagnie ne serait pas neutre."
                        Width="200"/>
            </td>
         </tr>
         <tr>
            <td class=" middle"/>
            <td class=" middle">
               <span class="text-danger">On dit que</span> le quart des ménages français ont au moins un chien.<br/>
               <GapFill id="g579"
                        CorrectValue="Le quart des ménages français auraient au moins un chien."
                        Width="200"/>
            </td>
         </tr>
         <tr>
            <td class=" middle"/>
            <td class=" middle">
          Le succès de film «Le grand Bleu» s’explique <span class="text-danger">peut-être</span> par le mal de vivre actuel.<br/>
               <GapFill id="g677"
                        CorrectValue="Le succès de film «Le grand Bleu» s’expliquerait par le mal de vivre actuel."
                        Width="200"/>
            </td>
         </tr>
         <tr>
            <td class=" middle"/>
            <td class=" middle">
               <span class="text-danger">Il semble que</span> les animaux jouent un rôle affectif auprès des enfants et des adultes.<br/>
               <GapFill id="g775"
                        CorrectValue="Les animaux joueraient un rôle affectif auprès des enfants et des adultes."
                        Width="200"/>
            </td>
         </tr>
         <tr>
            <td class=" middle"/>
            <td class=" middle">
               <span class="text-danger">On estime que</span> 4000 facteurs sont mordus chaque année par des chiens.<br/>
               <GapFill id="g873"
                        CorrectValue="4000 facteurs seraient mordus chaque année par des chiens."
                        Width="200"/>
            </td>
         </tr>
         <tr>
            <td class=" middle"/>
            <td class=" middle">
               <span class="text-danger">Il semble que</span> les caniches viennent en tête parmi les animaux abandonnés.<br/>
               <GapFill id="g971"
                        CorrectValue="Les caniches viendraient en tête parmi les animaux abandonnés."
                        Width="200"/>
            </td>
         </tr>
         <tr>
            <td class=" middle"/>
            <td class=" middle">
          La présence d’animaux familiers améliore <span class="text-danger">apparemment</span> la qualité de vie humaine.<br/>
               <GapFill id="g1069"
                        CorrectValue="La présence d’animaux familiers améliorerait la qualité de vie humaine."
                        Width="200"/>
            </td>
         </tr>
      </table>
      <div class="row">
         <div class="col-md-2 ">
            <img src="/schools/eaimgmp3/french2/img/coursebook/lesson07/page63/c825h0045.jpg"/>
         </div>
         <div class="col-md-10 ">
            <div class="panel panel-info">
               <div class="panel-heading">
                  <h3>Emploi:</h3>
               </div>
               <div class="panel-body">
                  <p>
                     <b>Doute, nouvelle incertaine </b>
                  </p>
                  <p>
            Il y <b>aurait</b> en France 42 millions d’animaux = on dit qu’il y en a 42 millions, mais on n’est pas tout à fait sûr
            du chiffre.
          </p>
                  <p>
                     <b>Demande ou reproche polis, conseil, souhait, éventualité</b>
                  </p>
               </div>
            </div>
         </div>
      </div>
   </Ex>
   <Ex id="hufex2_l07_b03"
       title="S’il me reste ..."
       instr="Complétez les phrases en utilisant les verbes proposés."
       tech_instr="FILLING_IN">
      <p>
         <a target="_blank"
            href="http://www.langmaster.cz/comcz/French2/l07/b/hufex2_l07_b03.htm">/French2/l07/b/hufex2_l07_b03.htm</a>
         <br/>
         <a target="_blank"
            href="http://www.langmaster.cz/comcz/French2/l07/b/home.htm">
                            cvičení 3</a>
      </p>
      <Possibilities Words="il y aurait moins de guerres|je m’en passerais|je préférerais ne pas le savoir|je regretterais de ne pas être une femme|les aires de jeux seraient plus propres"/>
      <div class="row">
         <div class="col-md-2 ">
            <img src="/schools/eaimgmp3/french2/img/coursebook/lesson07/page66/1863h0102.gif"/>
         </div>
         <div class="col-md-10 ">
            <table class="table table-bordered c-table">
               <tr>
                  <td>S’il me restait 5 minutes à vivre, <GapFill id="g156"
                              CorrectValue="je préférerais ne pas le savoir"
                              Width="200"/>.</td>
               </tr>
               <tr>
                  <td>S’il y avait plus d’enfants et moins de chiens, <GapFill id="g205"
                              CorrectValue="les aires de jeux seraient plus propres"
                              Width="200"/>.</td>
               </tr>
               <tr>
                  <td>Si j’étais un homme, <GapFill id="g254"
                              CorrectValue="je regretterais de ne pas être une femme"
                              Width="200"/>.</td>
               </tr>
               <tr>
                  <td>Si tous les hommes étaient égaux, <GapFill id="g303" CorrectValue="il y aurait moins de guerres" Width="200"/>.</td>
               </tr>
               <tr>
                  <td>Si la télévision n’existait pas, <GapFill id="g352" CorrectValue="je m’en passerais" Width="200"/>.</td>
               </tr>
            </table>
         </div>
      </div>
      <div class="col-md-5">
         <div class="panel panel-info">
            <div class="panel-body">
               <p>
          {{Ttrans}}
        </p>
            </div>
         </div>
      </div>
   </Ex>
   <Ex id="hufex2_l07_b04"
       title="Encore une fois le conditionnel"
       instr="Remplacez les infinitifs par les formes des verbes correctes."
       tech_instr="CORRECTION">
      <p>
         <a target="_blank"
            href="http://www.langmaster.cz/comcz/French2/l07/b/hufex2_l07_b04.htm">/French2/l07/b/hufex2_l07_b04.htm</a>
         <br/>
         <a target="_blank"
            href="http://www.langmaster.cz/comcz/French2/l07/b/home.htm">
                            cvičení 4</a>
      </p>
      <div>
         <img src="/schools/eaimgmp3/french2/img/coursebook/lesson07/page66/dscf0155.jpg"/>
      </div>
      <ListGroup IsStriped="true">
         <Noop>Que <GapFill id="g156"
                     CorrectValue="deviendraient"
                     InitValue="devenir"
                     Width="200"/> mes patientes si elles n’<GapFill id="g157" CorrectValue="avaient" InitValue="avoir" Width="200"/> pas d’animal?</Noop>
         <Noop>Si nous <GapFill id="g206" CorrectValue="allions" InitValue="aller" Width="200"/> en Provence, nous <GapFill id="g207"
                     CorrectValue="visiterions"
                     InitValue="visiter"
                     Width="200"/> Avignon et Aix, mais nous <GapFill id="g208" CorrectValue="irions" InitValue="aller" Width="200"/> aussi faire un tour du côté des vieux villages perchés.</Noop>
         <Noop>Si vous <GapFill id="g257" CorrectValue="deviez" InitValue="devoir" Width="200"/> changer de profession, qu’est-ce que vous <GapFill id="g258" CorrectValue="feriez" InitValue="faire" Width="200"/>?</Noop>
         <Noop>Si tu <GapFill id="g307"
                     CorrectValue="voulais"
                     InitValue="vouloir"
                     Width="200"/>, tu <GapFill id="g308" CorrectValue="aurais" InitValue="avoir" Width="200"/> de meilleurs résultats.</Noop>
         <Noop>Si nous <GapFill id="g357" CorrectValue="étions" InitValue="être" Width="200"/> en vacances, nous <GapFill id="g358" CorrectValue="aurions" InitValue="avoir" Width="200"/> les pieds dans l’eau et la tête dans les étoiles.</Noop>
         <Noop>Est-ce que les Français <GapFill id="g407" CorrectValue="liraient" InitValue="lire" Width="200"/> plus de livres s’ils <GapFill id="g408"
                     CorrectValue="dépensaient"
                     InitValue="dépenser"
                     Width="200"/> moins d’argent pour leurs animaux?</Noop>
         <Noop>Si on m’<GapFill id="g457"
                     CorrectValue="accordait"
                     InitValue="accorder"
                     Width="200"/> un congé d’un an, je <GapFill id="g458" CorrectValue="ferais" InitValue="faire" Width="200"/> le tour du monde.</Noop>
      </ListGroup>
   </Ex>
   <Ex id="hufex2_l07_b05"
       title="Les phrases conditionnelles"
       instr="Complétez et reliez les phrases."
       tech_instr="CORRECTION PAIRING">
      <p>
         <a target="_blank"
            href="http://www.langmaster.cz/comcz/French2/l07/b/hufex2_l07_b05.htm">/French2/l07/b/hufex2_l07_b05.htm</a>
         <br/>
         <a target="_blank"
            href="http://www.langmaster.cz/comcz/French2/l07/b/home.htm">
                            cvičení 5</a>
      </p>
      <div>
         <Pairing id="E592">
            <PairingItem>Si tu mangeais moins de gâteaux,<Right>tu ne (être) pas si grosse.</Right>
            </PairingItem>
            <PairingItem>Si on habitait à Paris,<Right>on (passer) tous nos week-ends dans les musées.</Right>
            </PairingItem>
            <PairingItem>Si vous lisiez les journaux plus souvent,<Right>vous (savoir) ce qui se passe dans le monde.</Right>
            </PairingItem>
            <PairingItem>S’il y avait moins de circulation en ville,<Right>il y (avoir) moins de pollution.</Right>
            </PairingItem>
            <PairingItem>Si j’avais un chat,<Right>je l’(appeler) Grigri.</Right>
            </PairingItem>
            <PairingItem>Si j’avais trois mois de vacances,<Right>je (faire) un grand voyage en Chine.</Right>
            </PairingItem>
            <PairingItem>S’il faisait beau demain,<Right>nous (aller) nous promener.</Right>
            </PairingItem>
            <PairingItem>Si ma télévision tombait en panne,<Right>j’(essayer) de m’en passer définitivement.</Right>
            </PairingItem>
            <PairingItem>Si notre appartement était situé au dernier étage,<Right>on (voir) la mer.</Right>
            </PairingItem>
         </Pairing>
      </div>
      <div class="row">
         <div class="col-md-3 ">
            <img src="/schools/eaimgmp3/french2/img/homestudy/lesson07/page150/c205h0062.jpg"/>
         </div>
         <div class="col-md-9 ">
            <table class="table table-bordered c-table">
               <tr>
                  <td>
        ... il y <GapFill id="g157" CorrectValue="aurait" InitValue="avoir" Width="200"/> moins de pollution.
      </td>
               </tr>
               <tr>
                  <td>
        ... je <GapFill id="g206" CorrectValue="ferais" InitValue="faire" Width="200"/> un grand voyage en Chine.
      </td>
               </tr>
               <tr>
                  <td>
        ... nous <GapFill id="g255" CorrectValue="irions" InitValue="aller" Width="200"/> nous promener.
      </td>
               </tr>
               <tr>
                  <td>
        ... tu ne <GapFill id="g304" CorrectValue="serais" InitValue="être" Width="200"/> pas si grosse.
      </td>
               </tr>
               <tr>
                  <td>
        ... j’ <GapFill id="g353"
                              CorrectValue="essaierais"
                              InitValue="essayer"
                              Width="200"/> de m’en passer définitivement.
      </td>
               </tr>
               <tr>
                  <td>
        ... on <GapFill id="g402" CorrectValue="verrait" InitValue="voir" Width="200"/> la mer.
      </td>
               </tr>
               <tr>
                  <td>
        ... on <GapFill id="g451"
                              CorrectValue="passerait"
                              InitValue="passer"
                              Width="200"/> tous nos week-ends dans les musées.
      </td>
               </tr>
               <tr>
                  <td>
        ... je l’ <GapFill id="g500"
                              CorrectValue="appellerais"
                              InitValue="appeler"
                              Width="200"/> Grigri.
      </td>
               </tr>
               <tr>
                  <td>
        ... vous <GapFill id="g549" CorrectValue="sauriez" InitValue="savoir" Width="200"/> ce qui se passe dans le monde.
      </td>
               </tr>
            </table>
         </div>
      </div>
   </Ex>
   <Ex id="hufex2_l07_b06"
       title="Le rêve de Cendrillon"
       instr="Rédigez le rêve de Cendrillon au conditionnel présent."
       tech_instr="CORRECTION">
      <p>
         <a target="_blank"
            href="http://www.langmaster.cz/comcz/French2/l07/b/hufex2_l07_b06.htm">/French2/l07/b/hufex2_l07_b06.htm</a>
         <br/>
         <a target="_blank"
            href="http://www.langmaster.cz/comcz/French2/l07/b/home.htm">
                            cvičení 6</a>
      </p>
      <div class="row">
         <div class="col-md-3 ">
            <img src="/schools/eaimgmp3/french2/img/homestudy/lesson07/page148/148_oben.gif"/>
         </div>
         <div class="col-md-9 ">
        «Ah! Comme la vie <GapFill id="g154" CorrectValue="serait" InitValue="est"/> belle! Je ne <GapFill id="g155" CorrectValue="serais" InitValue="suis"/> plus une pauvre servante et je ne <GapFill id="g156" CorrectValue="ferais" InitValue="fais"/> plus tous les travaux ménagers. Je m’<GapFill id="g157" CorrectValue="entendrais" InitValue="entends"/> bien avec mes sœurs et nous <GapFill id="g158" CorrectValue="irions" InitValue="allons"/> souvent danser. J’<GapFill id="g159" CorrectValue="aurais" InitValue="ai"/> de belles robes et je <GapFill id="g160" CorrectValue="pourrais" InitValue="peux"/> rentrer après minuit. Je <GapFill id="g161" CorrectValue="rencontrerais" InitValue="rencontre"/> le prince charmant au bal et il <GapFill id="g162" CorrectValue="tomberait" InitValue="tombe"/> amoureux de moi. On se <GapFill id="g163" CorrectValue="marierait" InitValue="marie"/> peu de temps après. Nous <GapFill id="g164" CorrectValue="vivrions" InitValue="vivons"/> dans un beau château et nous <GapFill id="g165" CorrectValue="aurions" InitValue="avons"/> beaucoup de domestiques.»
      </div>
      </div>
   </Ex>
   <Ex id="hufex2_l07_b07"
       title="Tous les gens ne sont pas très polis!"
       instr="Reformulez leurs demandes poliment en employant le conditionnel."
       tech_instr="FILLING_IN">
      <p>
         <a target="_blank"
            href="http://www.langmaster.cz/comcz/French2/l07/b/hufex2_l07_b07.htm">/French2/l07/b/hufex2_l07_b07.htm</a>
         <br/>
         <a target="_blank"
            href="http://www.langmaster.cz/comcz/French2/l07/b/home.htm">
                            cvičení 7</a>
      </p>
      <div class="row">
         <div class="col-md-3 ">
            <img src="/schools/eaimgmp3/french2/img/homestudy/lesson07/page148/249500038a.jpg"/>
         </div>
         <div class="col-md-9 ">
            <div class="panel panel-info">
               <div class="panel-body">
                  <p>
            je voudrais...<br/>
            pourriez-vous...?<br/>
            est-ce que vous auriez...?
          </p>
               </div>
            </div>
         </div>
      </div>
      <div>
         <table class="table c-table">
            <tr>
               <td>
                  <b>
            {{Ttrans}}:
            </b>
                  <br/>
            Répétez!<br/>
                  <GapFill id="g284"
                           CorrectValue="Pourriez-vous répéter, s’il vous plaît?"
                           InitValue="Pourriez-vous répéter, s’il vous plaît?"
                           Example="true"/>
               </td>
            </tr>
         </table>
      </div>
      <table class="table c-table">
         <tr>
            <td class=" middle"/>
            <td class=" middle">
          Le Monde, vous l’avez?<br/>
               <GapFill id="g384"
                        CorrectValue="Est-ce que vous auriez Le Monde, s’il vous plaît?"
                        Width="200"/>
            </td>
         </tr>
         <tr>
            <td class=" middle"/>
            <td class=" middle">
          Apportez-moi le courrier!<br/>
               <GapFill id="g1281"
                        CorrectValue="Pourriez-vous m’apporter le courrier, s’il vous plaît?"
                        Width="200"/>
            </td>
         </tr>
         <tr>
            <td class=" middle"/>
            <td class=" middle">
          Un aller-retour pour Lyon!<br/>
               <GapFill id="g694"
                        CorrectValue="Je voudrais un aller-retour pour Lyon, s’il vous plaît."
                        Width="200"/>
            </td>
         </tr>
         <tr>
            <td class=" middle"/>
            <td class=" middle">
          Passe-moi le pain!<br/>
               <GapFill id="g797"
                        CorrectValue="Est-ce que tu pourrais me passer le pain, s’il te plaît?"
                        Width="200"/>
            </td>
         </tr>
         <tr>
            <td class=" middle"/>
            <td class=" middle">
          Alors la porte, tu la fermes ou pas?<br/>
               <GapFill id="g1287"
                        CorrectValue="Est-ce que tu pourrais fermer la porte, s’il te plaît?|Pourrais-tu fermer la porte, s’il te plaît?"
                        Width="200"/>
            </td>
         </tr>
         <tr>
            <td class=" middle"/>
            <td class=" middle">
          L’addition!<br/>
               <GapFill id="g1100"
                        CorrectValue="Pourriez-vous m’apporter l’addition, s’il vous plaît?"
                        Width="200"/>
            </td>
         </tr>
      </table>
   </Ex>
   <Ex id="hufex2_l07_b08"
       title="Les conseils"
       instr="Donnez des conseils à vos amis. L’exemple vous aide."
       tech_instr="FILLING_IN_FROM_A_LIST">
      <p>
         <a target="_blank"
            href="http://www.langmaster.cz/comcz/French2/l07/b/hufex2_l07_b08.htm">/French2/l07/b/hufex2_l07_b08.htm</a>
         <br/>
         <a target="_blank"
            href="http://www.langmaster.cz/comcz/French2/l07/b/home.htm">
                            cvičení 8</a>
      </p>
      <DragSource/>
      <div class="row">
         <div class="col-md-2 ">
            <img src="/schools/eaimgmp3/french2/img/homestudy/lesson07/page149/1621h0080.gif"/>
         </div>
         <div class="col-md-10 ">
            <div>
               <table class="table c-table">
                  <tr>
                     <td>
                        <b>
                {{Ttrans}}:
                </b>
                        <br/>
                Un de vos amis souffre d’insomnies. A ta place, <br/>
                        <DragTarget id="g323"
                                    CorrectValue="je travaillerais moins"
                                    InitValue="je travaillerais moins"
                                    Example="true"/>.
              </td>
                  </tr>
               </table>
            </div>
            <table class="table c-table">
               <tr>
                  <td class=" middle"/>
                  <td class=" middle">
              Elle a tendance à grossir. Tu devrais <br/>
                     <DragTarget id="g423" CorrectValue="manger moins de gâteaux"/>.
            </td>
               </tr>
               <tr>
                  <td class=" middle"/>
                  <td class=" middle">
              Il aimerait avoir un animal de compagnie. A ta place, <br/>
                     <DragTarget id="g521" CorrectValue="je prendrais un chat: c’est indépendant"/>.
            </td>
               </tr>
               <tr>
                  <td class=" middle"/>
                  <td class=" middle">
              Il fait le même travail depuis 20 ans et il s’ennuie profondément. Tu pourrais <br/>
                     <DragTarget id="g619" CorrectValue="faire un stage de recyclage"/>.
            </td>
               </tr>
               <tr>
                  <td class=" middle"/>
                  <td class=" middle">
              Elle voudrait faire du sport, mais elle ne sait pas quel sport choisir. A ta place, <br/>
                     <DragTarget id="g717" CorrectValue="j’essaierais la natation"/>.
            </td>
               </tr>
               <tr>
                  <td class=" middle"/>
                  <td class=" middle">
              Ils aimeraient partir en vacances, mais que faire du chat? Tu devrais <br/>
                     <DragTarget id="g815"
                                 CorrectValue="demander aux voisins s’ils peuvent s’en occuper"/>.
            </td>
               </tr>
            </table>
         </div>
      </div>
      <div class="col-md-2">
         <div class="panel panel-info">
            <div class="panel-body">
               <p>
          tu devrais...<br/>
          tu pourrais...<br/>
          à ta place, ...
        </p>
            </div>
         </div>
      </div>
   </Ex>
</Module>
