﻿<?xml version="1.0" encoding="utf-8"?>
<Page id="hufex2_l10_a01">
  <p>
    <a href="http://www.langmaster.cz/comcz/French2/l10/a/hufex2_l10_a01.htm">/French2/l10/a/hufex2_l10_a01.htm</a>
    <br />
    <a href="http://www.langmaster.cz/comcz/French2/l10/a/home.htm">
                            cvičení 1</a>
  </p>
  <DragSource />
  <div>
    <img src="/schools/eaimgmp3/french2/img/coursebook/lesson10/page93/en1u18c.gif" />
  </div>
  <div class="row">
    <div class="col-md-6 ">
      <table class="table table-bordered c-table">
        <tr>
          <td>
            Allemagne: <DragTarget id="g197" Width="200" CorrectValue="Schnaps" /></td>
        </tr>
        <tr>
          <td>
            Autriche: <DragTarget id="g246" Width="200" CorrectValue="Glühwein" /></td>
        </tr>
        <tr>
          <td>
            Belgique: <DragTarget id="g295" Width="200" CorrectValue="Gueuze" /></td>
        </tr>
        <tr>
          <td>
            Danemark: <DragTarget id="g344" Width="200" CorrectValue="Carlsberg" /></td>
        </tr>
        <tr>
          <td>
            Espagne: <DragTarget id="g393" Width="200" CorrectValue="Rioja" /></td>
        </tr>
        <tr>
          <td>
            France: <DragTarget id="g442" Width="200" CorrectValue="Suze" /></td>
        </tr>
        <tr>
          <td>
            Grande-Bretagne: <DragTarget id="g491" Width="200" CorrectValue="Ginn" /></td>
        </tr>
      </table>
    </div>
    <div class="col-md-6 ">
      <table class="table table-bordered c-table">
        <tr>
          <td>
            Grèce: <DragTarget id="g540" Width="200" CorrectValue="Ouzo" /></td>
        </tr>
        <tr>
          <td>
            Irlande: <DragTarget id="g589" Width="200" CorrectValue="Guiness" /></td>
        </tr>
        <tr>
          <td>
            Italie: <DragTarget id="g638" Width="200" CorrectValue="Chianti" /></td>
        </tr>
        <tr>
          <td>
            Pays-Bas: <DragTarget id="g687" Width="200" CorrectValue="Bols" /></td>
        </tr>
        <tr>
          <td>
            Portugal: <DragTarget id="g736" Width="200" CorrectValue="Porto" /></td>
        </tr>
        <tr>
          <td>
            Suède: <DragTarget id="g785" Width="200" CorrectValue="Aquavit" /></td>
        </tr>
      </table>
    </div>
  </div>
  <div class="col-md-5">
    <div class="panel panel-info">
      <div class="panel-body">
        <p>
          <b>Gueuze</b>
          - {{Ttrans}}
        </p>
        <p>
          <b>Glögg</b>
          - {{Ttrans1}}
        </p>
        <p>
          <b>Suze</b>
          - {{Ttrans2}}
        </p>
      </div>
    </div>
  </div>
  <info title="Quelle boisson dans quel pays?" instrTitle="Quelle boisson boit-on dans quel pays? Traitez de le deviner et complétez en utilisant les boissons données." instrs="FILLING_IN_FROM_A_LIST" />
</Page>