﻿<?xml version="1.0" encoding="utf-8"?>
<Page id="hufex2_l10_a02">
  <p>
    <a href="http://www.langmaster.cz/comcz/French2/l10/a/hufex2_l10_a02.htm">/French2/l10/a/hufex2_l10_a02.htm</a>
    <br />
    <a href="http://www.langmaster.cz/comcz/French2/l10/a/home.htm">
                            cvičení 2</a>
  </p>
  <div class="row">
    <div class="col-md-3 ">
      <img src="/schools/eaimgmp3/french2/img/vocabulary/lesson09/page104/evropa.jpg" />
    </div>
    <div class="col-md-9 ">
      <table>
        <tr>
          <td class=" middle">
            <GapFill id="g157" Width="200" CorrectValue="la Belgique" InitValue="la Belgique" />
          </td>
          <td class=" middle">Tintin et Milou en viennent</td>
        </tr>
        <tr>
          <td class=" middle">
            <GapFill id="g164" Width="200" CorrectValue="la Grèce" InitValue="" />
          </td>
          <td class=" middle">C’est le pays d’origine des Jeux Olympiques</td>
        </tr>
        <tr>
          <td class=" middle">
            <GapFill id="g168" Width="200" CorrectValue="la France" InitValue="" />
          </td>
          <td class=" middle">On l’appelle aussi l’Hexagone</td>
        </tr>
        <tr>
          <td class=" middle">
            <GapFill id="g172" Width="200" CorrectValue="l’Autriche" InitValue="" />
          </td>
          <td class=" middle">L’Euro y remplacera le schilling</td>
        </tr>
        <tr>
          <td class=" middle">
            <GapFill id="g176" Width="200" CorrectValue="l’Allemagne" InitValue="" />
          </td>
          <td class=" middle">C’est le pays de la bonne bière</td>
        </tr>
        <tr>
          <td class=" middle">
            <GapFill id="g180" Width="200" CorrectValue="la Suède" InitValue="" />
          </td>
          <td class=" middle">Son nom commence par un S, celui de sa capitale aussi!</td>
        </tr>
        <tr>
          <td class=" middle">
            <GapFill id="g184" Width="200" CorrectValue="la Norvège" InitValue="" />
          </td>
          <td class=" middle">Ce pays compte 483 îles</td>
        </tr>
        <tr>
          <td class=" middle">
            <GapFill id="g188" Width="200" CorrectValue="l’Irlande" InitValue="" />
          </td>
          <td class=" middle">On l’appelle aussi l’Ile verte</td>
        </tr>
        <tr>
          <td class=" middle">
            <GapFill id="g192" Width="200" CorrectValue="le Luxembourg" InitValue="" />
          </td>
          <td class=" middle">C’est le plus petit pays de l’Europe des 15</td>
        </tr>
        <tr>
          <td class=" middle">
            <GapFill id="g196" Width="200" CorrectValue="les Pays-Bas" InitValue="" />
          </td>
          <td class=" middle">Le gouda et les tulipes, ça vous dit quelque chose?</td>
        </tr>
        <tr>
          <td class=" middle">
            <GapFill id="g200" Width="200" CorrectValue="l’Italie" InitValue="" />
          </td>
          <td class=" middle">Dans ce pays une tour risque de tomber</td>
        </tr>
        <tr>
          <td class=" middle">
            <GapFill id="g204" Width="200" CorrectValue="l’Espagne" InitValue="" />
          </td>
          <td class=" middle">Son symbole est un animal qui n’aime pas le rouge</td>
        </tr>
        <tr>
          <td class=" middle">
            <GapFill id="g208" Width="200" CorrectValue="la Finlande" InitValue="" />
          </td>
          <td class=" middle">On y trouve 187.888 lacs!</td>
        </tr>
        <tr>
          <td class=" middle">
            <GapFill id="g212" Width="200" CorrectValue="le Portugal" InitValue="" />
          </td>
          <td class=" middle">Dans son nom, il y a le mot «port»</td>
        </tr>
        <tr>
          <td class=" middle">
            <GapFill id="g216" Width="200" CorrectValue="l’Angleterre|la Grande Bretagne" InitValue="" />
          </td>
          <td class=" middle">Il n’y a pas de roi, mais il y a une reine</td>
        </tr>
      </table>
    </div>
  </div>
  <info title="Les pays d’Europe" instrTitle="Faites la connaissance des pays d’ Europe et trouvez les pays caractérisés par les définitions suivantes." instrs="FILLING_IN" />
</Page>