﻿<?xml version="1.0" encoding="utf-8"?>
<Page id="hufex2_l10_a05">
  <p>
    <a href="http://www.langmaster.cz/comcz/French2/l10/a/hufex2_l10_a05.htm">/French2/l10/a/hufex2_l10_a05.htm</a>
    <br />
    <a href="http://www.langmaster.cz/comcz/French2/l10/a/home.htm">
                            cvičení 5</a>
  </p>
  <div>
    <b>a.</b> Période de travail dans une entreprise pour se former ou se perfectionner.<br /><b>b.</b> Personne qui est envoyée dans une entreprise pour un remplacement par exemple.<br /><b>c.</b> Personne qui effectue pour une entreprise une partie du travail de cette entreprise.<br /><b>d.</b> Petit groupe de salariés permanents qui prennent les décisions.<br /><b>e.</b> Situation d’une personne qui travaille moins de 18 à 20 heures par semaine.<br /><b>f.</b> Personne qui touche un salaire.<br /><b>g.</b> Contraire d’un emploi permanent.<br /><b>h.</b> Travailler chez soi grâce à la télématique.<br /></div>
  <div class="row">
    <div class="col-md-2 ">
      <img src="/schools/eaimgmp3/french2/img/coursebook/lesson10/page94/1704h0015.jpg" />
    </div>
    <div class="col-md-10 ">
      <div>
        <table class="table c-table">
          <tr>
            <td>
              <b>{{Ttrans}}:</b>
              <br />
              <GapFill id="g199" CorrectValue="d" InitValue="d" /> noyau dur
              </td>
          </tr>
        </table>
      </div>
      <table class="table table-bordered c-table">
        <tr>
          <td>
            <GapFill id="g251" Width="gap_fill-eval_mode:ignoreCase;2em" CorrectValue="g" InitValue="" /> contrat à durée déterminée (CDD)
          </td>
        </tr>
        <tr>
          <td>
            <GapFill id="g300" Width="gap_fill-eval_mode:ignoreCase;2em" CorrectValue="a" InitValue="" /> stage
          </td>
        </tr>
        <tr>
          <td>
            <GapFill id="g349" Width="gap_fill-eval_mode:ignoreCase;2em" CorrectValue="e" InitValue="" /> emploi à temps partiel
          </td>
        </tr>
        <tr>
          <td>
            <GapFill id="g398" Width="gap_fill-eval_mode:ignoreCase;2em" CorrectValue="c" InitValue="" /> sous-traitant
          </td>
        </tr>
        <tr>
          <td>
            <GapFill id="g447" Width="gap_fill-eval_mode:ignoreCase;2em" CorrectValue="b" InitValue="" /> intérimaire
          </td>
        </tr>
        <tr>
          <td>
            <GapFill id="g496" Width="gap_fill-eval_mode:ignoreCase;2em" CorrectValue="h" InitValue="" /> télétravail
          </td>
        </tr>
        <tr>
          <td>
            <GapFill id="g545" Width="gap_fill-eval_mode:ignoreCase;2em" CorrectValue="f" InitValue="" /> salarié
          </td>
        </tr>
      </table>
    </div>
  </div>
  <info title="La vie professionnelle" instrTitle="Voici quelques expressions en rapport avec le travail. Retrouvez les définitions de ces termes et écrivez la lettre correspondante dans les cases libres." instrs="FILLING_IN" />
</Page>