﻿<?xml version="1.0" encoding="utf-8"?>
<Module title="Chapitre A">
   <Ex id="hufex2_l10_a01"
       title="Quelle boisson dans quel pays?"
       instr="Quelle boisson boit-on dans quel pays? Traitez de le deviner et complétez en utilisant les boissons données."
       tech_instr="FILLING_IN_FROM_A_LIST">
      <p>
         <a target="_blank"
            href="http://www.langmaster.cz/comcz/French2/l10/a/hufex2_l10_a01.htm">/French2/l10/a/hufex2_l10_a01.htm</a>
         <br/>
         <a target="_blank"
            href="http://www.langmaster.cz/comcz/French2/l10/a/home.htm">
                            cvičení 1</a>
      </p>
      <DragSource/>
      <div>
         <img src="/schools/eaimgmp3/french2/img/coursebook/lesson10/page93/en1u18c.gif"/>
      </div>
      <div class="row">
         <div class="col-md-6 ">
            <table class="table table-bordered c-table">
               <tr>
                  <td>
            Allemagne: <DragTarget id="g197" CorrectValue="Schnaps" Width="200"/>
                  </td>
               </tr>
               <tr>
                  <td>
            Autriche: <DragTarget id="g246" CorrectValue="Glühwein" Width="200"/>
                  </td>
               </tr>
               <tr>
                  <td>
            Belgique: <DragTarget id="g295" CorrectValue="Gueuze" Width="200"/>
                  </td>
               </tr>
               <tr>
                  <td>
            Danemark: <DragTarget id="g344" CorrectValue="Carlsberg" Width="200"/>
                  </td>
               </tr>
               <tr>
                  <td>
            Espagne: <DragTarget id="g393" CorrectValue="Rioja" Width="200"/>
                  </td>
               </tr>
               <tr>
                  <td>
            France: <DragTarget id="g442" CorrectValue="Suze" Width="200"/>
                  </td>
               </tr>
               <tr>
                  <td>
            Grande-Bretagne: <DragTarget id="g491" CorrectValue="Ginn" Width="200"/>
                  </td>
               </tr>
            </table>
         </div>
         <div class="col-md-6 ">
            <table class="table table-bordered c-table">
               <tr>
                  <td>
            Grèce: <DragTarget id="g540" CorrectValue="Ouzo" Width="200"/>
                  </td>
               </tr>
               <tr>
                  <td>
            Irlande: <DragTarget id="g589" CorrectValue="Guiness" Width="200"/>
                  </td>
               </tr>
               <tr>
                  <td>
            Italie: <DragTarget id="g638" CorrectValue="Chianti" Width="200"/>
                  </td>
               </tr>
               <tr>
                  <td>
            Pays-Bas: <DragTarget id="g687" CorrectValue="Bols" Width="200"/>
                  </td>
               </tr>
               <tr>
                  <td>
            Portugal: <DragTarget id="g736" CorrectValue="Porto" Width="200"/>
                  </td>
               </tr>
               <tr>
                  <td>
            Suède: <DragTarget id="g785" CorrectValue="Aquavit" Width="200"/>
                  </td>
               </tr>
            </table>
         </div>
      </div>
      <div class="col-md-5">
         <div class="panel panel-info">
            <div class="panel-body">
               <p>
                  <b>Gueuze</b>
          - {{Ttrans}}
        </p>
               <p>
                  <b>Glögg</b>
          - {{Ttrans1}}
        </p>
               <p>
                  <b>Suze</b>
          - {{Ttrans2}}
        </p>
            </div>
         </div>
      </div>
   </Ex>
   <Ex id="hufex2_l10_a02"
       title="Les pays d’Europe"
       instr="Faites la connaissance des pays d’ Europe et trouvez les pays caractérisés par les définitions suivantes."
       tech_instr="FILLING_IN">
      <p>
         <a target="_blank"
            href="http://www.langmaster.cz/comcz/French2/l10/a/hufex2_l10_a02.htm">/French2/l10/a/hufex2_l10_a02.htm</a>
         <br/>
         <a target="_blank"
            href="http://www.langmaster.cz/comcz/French2/l10/a/home.htm">
                            cvičení 2</a>
      </p>
      <div class="row">
         <div class="col-md-3 ">
            <img src="/schools/eaimgmp3/french2/img/vocabulary/lesson09/page104/evropa.jpg"/>
         </div>
         <div class="col-md-9 ">
            <table class="table c-table">
               <tr>
                  <td class=" middle">
                     <GapFill id="g157"
                              CorrectValue="la Belgique"
                              InitValue="la Belgique"
                              Example="true"
                              Width="200"/>
                  </td>
                  <td class=" middle">Tintin et Milou en viennent</td>
               </tr>
               <tr>
                  <td class=" middle">
                     <GapFill id="g164" CorrectValue="la Grèce" Width="200"/>
                  </td>
                  <td class=" middle">C’est le pays d’origine des Jeux Olympiques</td>
               </tr>
               <tr>
                  <td class=" middle">
                     <GapFill id="g168" CorrectValue="la France" Width="200"/>
                  </td>
                  <td class=" middle">On l’appelle aussi l’Hexagone</td>
               </tr>
               <tr>
                  <td class=" middle">
                     <GapFill id="g172" CorrectValue="l’Autriche" Width="200"/>
                  </td>
                  <td class=" middle">L’Euro y remplacera le schilling</td>
               </tr>
               <tr>
                  <td class=" middle">
                     <GapFill id="g176" CorrectValue="l’Allemagne" Width="200"/>
                  </td>
                  <td class=" middle">C’est le pays de la bonne bière</td>
               </tr>
               <tr>
                  <td class=" middle">
                     <GapFill id="g180" CorrectValue="la Suède" Width="200"/>
                  </td>
                  <td class=" middle">Son nom commence par un S, celui de sa capitale aussi!</td>
               </tr>
               <tr>
                  <td class=" middle">
                     <GapFill id="g184" CorrectValue="la Norvège" Width="200"/>
                  </td>
                  <td class=" middle">Ce pays compte 483 îles</td>
               </tr>
               <tr>
                  <td class=" middle">
                     <GapFill id="g188" CorrectValue="l’Irlande" Width="200"/>
                  </td>
                  <td class=" middle">On l’appelle aussi l’Ile verte</td>
               </tr>
               <tr>
                  <td class=" middle">
                     <GapFill id="g192" CorrectValue="le Luxembourg" Width="200"/>
                  </td>
                  <td class=" middle">C’est le plus petit pays de l’Europe des 15</td>
               </tr>
               <tr>
                  <td class=" middle">
                     <GapFill id="g196" CorrectValue="les Pays-Bas" Width="200"/>
                  </td>
                  <td class=" middle">Le gouda et les tulipes, ça vous dit quelque chose?</td>
               </tr>
               <tr>
                  <td class=" middle">
                     <GapFill id="g200" CorrectValue="l’Italie" Width="200"/>
                  </td>
                  <td class=" middle">Dans ce pays une tour risque de tomber</td>
               </tr>
               <tr>
                  <td class=" middle">
                     <GapFill id="g204" CorrectValue="l’Espagne" Width="200"/>
                  </td>
                  <td class=" middle">Son symbole est un animal qui n’aime pas le rouge</td>
               </tr>
               <tr>
                  <td class=" middle">
                     <GapFill id="g208" CorrectValue="la Finlande" Width="200"/>
                  </td>
                  <td class=" middle">On y trouve 187.888 lacs!</td>
               </tr>
               <tr>
                  <td class=" middle">
                     <GapFill id="g212" CorrectValue="le Portugal" Width="200"/>
                  </td>
                  <td class=" middle">Dans son nom, il y a le mot «port»</td>
               </tr>
               <tr>
                  <td class=" middle">
                     <GapFill id="g216"
                              CorrectValue="l’Angleterre|la Grande Bretagne"
                              Width="200"/>
                  </td>
                  <td class=" middle">Il n’y a pas de roi, mais il y a une reine</td>
               </tr>
            </table>
         </div>
      </div>
   </Ex>
   <Ex id="hufex2_l10_a03"
       title="Les prépositions"
       instr="Révisez quelques prépositions françaises! A vous de compléter avec les prépositions qui correspondent."
       tech_instr="FILLING_IN">
      <p>
         <a target="_blank"
            href="http://www.langmaster.cz/comcz/French2/l10/a/hufex2_l10_a03.htm">/French2/l10/a/hufex2_l10_a03.htm</a>
         <br/>
         <a target="_blank"
            href="http://www.langmaster.cz/comcz/French2/l10/a/home.htm">
                            cvičení 3</a>
      </p>
      <div class="row">
         <div class="col-md-3 ">
            <img src="/schools/eaimgmp3/french2/img/vocabulary/lesson10/page120/wanderer.gif"/>
         </div>
         <div class="col-md-9 ">
            <table class="table table-bordered c-table">
               <tr>
                  <td>
                     <MediaDialog id="E65" IsPassive="true">
                        <SndReplica Name="A">
                           <SndSent>
                Savez-vous </SndSent>
                           <SndSent>
                              <GapFill id="g718" CorrectValue="à"/>
                           </SndSent>
                           <SndSent> quelle heure il arrive?
              </SndSent>
                        </SndReplica>
                        <SndReplica Name="B">
                           <SndSent>
                Il arrive </SndSent>
                           <SndSent>
                              <GapFill id="g173" CorrectValue="à"/>
                           </SndSent>
                           <SndSent> 6 heures.
              </SndSent>
                        </SndReplica>
                     </MediaDialog>
                  </td>
               </tr>
               <tr>
                  <td>
                     <MediaDialog id="E226" IsPassive="true">
                        <SndReplica Name="A">
                           <SndSent>
                Vient-il à pied ou </SndSent>
                           <SndSent>
                              <GapFill id="g328" CorrectValue="en"/>
                           </SndSent>
                           <SndSent> voiture?
              </SndSent>
                        </SndReplica>
                        <SndReplica Name="B">
                           <SndSent>
                Il vient </SndSent>
                           <SndSent>
                              <GapFill id="g719" CorrectValue="en"/>
                           </SndSent>
                           <SndSent> voiture.
              </SndSent>
                        </SndReplica>
                     </MediaDialog>
                  </td>
               </tr>
               <tr>
                  <td>
                     <MediaDialog id="E387" IsPassive="true">
                        <SndReplica Name="A">
                           <SndSent>
                              <GapFill id="g720" CorrectValue="De"/>
                           </SndSent>
                           <SndSent> quel pays est-il originaire?
              </SndSent>
                        </SndReplica>
                        <SndReplica Name="B">
                           <SndSent>
                Il est originaire </SndSent>
                           <SndSent>
                              <GapFill id="g495" CorrectValue="de"/>
                           </SndSent>
                           <SndSent> France.
              </SndSent>
                        </SndReplica>
                     </MediaDialog>
                  </td>
               </tr>
               <tr>
                  <td>
                     <MediaDialog id="E548" IsPassive="true">
                        <SndReplica Name="A">
                           <SndSent>
                              <GapFill id="g650" CorrectValue="Par"/>
                           </SndSent>
                           <SndSent> quelle route veulent-ils venir?
              </SndSent>
                        </SndReplica>
                        <SndReplica Name="B">
                           <SndSent>
                Ils viennent </SndSent>
                           <SndSent>
                              <GapFill id="g721" CorrectValue="par"/>
                           </SndSent>
                           <SndSent> l’autoroute
              </SndSent>
                        </SndReplica>
                     </MediaDialog>
                  </td>
               </tr>
            </table>
         </div>
      </div>
   </Ex>
   <Ex id="hufex2_l10_a04"
       title="La chaîne brisée"
       instr="Voici plusieurs groupes de mots. Dans chacun d’entre eux, il y en a un à double sens qui déroge la chaîne. Marquez-le."
       tech_instr="FILLING_IN_FROM_A_LIST">
      <p>
         <a target="_blank"
            href="http://www.langmaster.cz/comcz/French2/l10/a/hufex2_l10_a04.htm">/French2/l10/a/hufex2_l10_a04.htm</a>
         <br/>
         <a target="_blank"
            href="http://www.langmaster.cz/comcz/French2/l10/a/home.htm">
                            cvičení 4</a>
      </p>
      <DragSource/>
      <div>
         <img src="/schools/eaimgmp3/french2/img/vocabulary/lesson10/page122/0057h0079.gif"/>
      </div>
      <div>
         <div>
            <table class="table c-table">
               <tr>
                  <td>
                     <b>{{Ttrans}}:</b>
                     <br/>
              banque, richesse, or, argent, change, <DragTarget id="g239" CorrectValue="pièce" InitValue="pièce" Example="true"/>, chambre, salle de bain, savon
            </td>
               </tr>
            </table>
         </div>
         <table class="table table-bordered c-table">
            <tr>
               <td>
          école, savoir, bibliothèque, lecture, <DragTarget id="g291" CorrectValue="livre" Width="200"/>, beurre, vache, boucher
        </td>
            </tr>
            <tr>
               <td>
          rendez-vous, l’heure, les minutes, les secondes, <DragTarget id="g340" CorrectValue="le temps" Width="200"/>, la pluie, le soleil, la plage, le scooter de mer
        </td>
            </tr>
            <tr>
               <td>
          saison, printemps, été, automne, <DragTarget id="g389" CorrectValue="feuilles" Width="200"/>, papier, écrire, lettre, poste
        </td>
            </tr>
            <tr>
               <td>
          sport, équipe, match de foot, <DragTarget id="g438" CorrectValue="gagner" Width="200"/>, salaire, travailler, horaire fixe, grève, syndicat
        </td>
            </tr>
            <tr>
               <td>
          vache, cochon, ferme, <DragTarget id="g487" CorrectValue="bête" Width="200"/>, rusé, intelligent, intellectuel, académicien
        </td>
            </tr>
         </table>
      </div>
   </Ex>
   <Ex id="hufex2_l10_a05"
       title="La vie professionnelle"
       instr="Voici quelques expressions en rapport avec le travail. Retrouvez les définitions de ces termes et écrivez la lettre correspondante dans les cases libres."
       tech_instr="FILLING_IN">
      <p>
         <a target="_blank"
            href="http://www.langmaster.cz/comcz/French2/l10/a/hufex2_l10_a05.htm">/French2/l10/a/hufex2_l10_a05.htm</a>
         <br/>
         <a target="_blank"
            href="http://www.langmaster.cz/comcz/French2/l10/a/home.htm">
                            cvičení 5</a>
      </p>
      <div>
         <b>a.</b> Période de travail dans une entreprise pour se former ou se perfectionner.<br/>
         <b>b.</b> Personne qui est envoyée dans une entreprise pour un remplacement par exemple.<br/>
         <b>c.</b> Personne qui effectue pour une entreprise une partie du travail de cette entreprise.<br/>
         <b>d.</b> Petit groupe de salariés permanents qui prennent les décisions.<br/>
         <b>e.</b> Situation d’une personne qui travaille moins de 18 à 20 heures par semaine.<br/>
         <b>f.</b> Personne qui touche un salaire.<br/>
         <b>g.</b> Contraire d’un emploi permanent.<br/>
         <b>h.</b> Travailler chez soi grâce à la télématique.<br/>
      </div>
      <div class="row">
         <div class="col-md-2 ">
            <img src="/schools/eaimgmp3/french2/img/coursebook/lesson10/page94/1704h0015.jpg"/>
         </div>
         <div class="col-md-10 ">
            <div>
               <table class="table c-table">
                  <tr>
                     <td>
                        <b>{{Ttrans}}:</b>
                        <br/>
                        <GapFill id="g199" CorrectValue="d" InitValue="d" Example="true"/> noyau dur
              </td>
                  </tr>
               </table>
            </div>
            <table class="table table-bordered c-table">
               <tr>
                  <td>
                     <GapFill id="g251"
                              CorrectValue="g"
                              Width="gap_fill-eval_mode:ignoreCase;2em"/> contrat à durée déterminée (CDD)
          </td>
               </tr>
               <tr>
                  <td>
                     <GapFill id="g300"
                              CorrectValue="a"
                              Width="gap_fill-eval_mode:ignoreCase;2em"/> stage
          </td>
               </tr>
               <tr>
                  <td>
                     <GapFill id="g349"
                              CorrectValue="e"
                              Width="gap_fill-eval_mode:ignoreCase;2em"/> emploi à temps partiel
          </td>
               </tr>
               <tr>
                  <td>
                     <GapFill id="g398"
                              CorrectValue="c"
                              Width="gap_fill-eval_mode:ignoreCase;2em"/> sous-traitant
          </td>
               </tr>
               <tr>
                  <td>
                     <GapFill id="g447"
                              CorrectValue="b"
                              Width="gap_fill-eval_mode:ignoreCase;2em"/> intérimaire
          </td>
               </tr>
               <tr>
                  <td>
                     <GapFill id="g496"
                              CorrectValue="h"
                              Width="gap_fill-eval_mode:ignoreCase;2em"/> télétravail
          </td>
               </tr>
               <tr>
                  <td>
                     <GapFill id="g545"
                              CorrectValue="f"
                              Width="gap_fill-eval_mode:ignoreCase;2em"/> salarié
          </td>
               </tr>
            </table>
         </div>
      </div>
   </Ex>
   <Ex id="hufex2_l10_a06"
       title="Notre travail"
       instr="Ecoutez l’interview radiophonique et cochez les réponses exactes."
       tech_instr="SINGLE_CHOICE SOUND_PLAYBACK">
      <p>
         <a target="_blank"
            href="http://www.langmaster.cz/comcz/French2/l10/a/hufex2_l10_a06.htm">/French2/l10/a/hufex2_l10_a06.htm</a>
         <br/>
         <a target="_blank"
            href="http://www.langmaster.cz/comcz/French2/l10/a/home.htm">
                            cvičení 6</a>
      </p>
      <div>
         <img src="/schools/eaimgmp3/french2/img/homestudy/lesson10/page178/1661h0171.gif"/>
      </div>
      <div class="row">
         <div class="col-md-1 ">
            <MediaBigMark Url="/schools/eaimgmp3/french2wma/lesson10/hufex2_l10_a06.mp3"
                          Sequence=""/>
         </div>
         <div class="col-md-11 ">
            <table class="table table-bordered c-table">
               <tr>
                  <td>
                     <div class="panel panel-default c-panel" Width="400-800">
                        <div class="panel-heading">Jacques Bollard est</div>
                        <div class="panel-body">
                           <SingleChoice id="t118">
                              <Data>
                                 <string>ethnologue.</string>
                                 <string>psychologue.</string>
                                 <string>#sociologue.</string>
                              </Data>
                           </SingleChoice>
                        </div>
                     </div>
                  </td>
               </tr>
               <tr>
                  <td>
                     <div class="panel panel-default c-panel" Width="400-800">
                        <div class="panel-heading">Son dernier livre parle</div>
                        <div class="panel-body">
                           <SingleChoice id="t308">
                              <Data>
                                 <string>du travail au Moyen Âge.</string>
                                 <string>#du travail de demain.</string>
                                 <string>du télétravail.</string>
                              </Data>
                           </SingleChoice>
                        </div>
                     </div>
                  </td>
               </tr>
               <tr>
                  <td>
                     <div class="panel panel-default c-panel" Width="400-800">
                        <div class="panel-heading">Monsieur Bollard dit que</div>
                        <div class="panel-body">
                           <SingleChoice id="t498">
                              <Data>
                                 <string>30 % des Britanniques et 25 % des Italiens n’ont plus de lien concret avec leur entreprise.</string>
                                 <string>30 % des Britanniques et 25 % des Autrichiens n’ont plus de lien concret avec leur entreprise.</string>
                                 <string>#27 % des Britanniques et 30 % des Italiens n’ont plus de lien concret avec leur entreprise.</string>
                              </Data>
                           </SingleChoice>
                        </div>
                     </div>
                  </td>
               </tr>
               <tr>
                  <td>
                     <div class="panel panel-default c-panel" Width="400-800">
                        <div class="panel-heading">Pour Jacques Bollard, le travail de demain présente</div>
                        <div class="panel-body">
                           <SingleChoice id="t688">
                              <Data>
                                 <string>surtout des aspects positifs.</string>
                                 <string>surtout des aspects négatifs.</string>
                                 <string>#des aspects positifs et négatifs.</string>
                              </Data>
                           </SingleChoice>
                        </div>
                     </div>
                  </td>
               </tr>
            </table>
         </div>
      </div>
   </Ex>
</Module>
