﻿<?xml version="1.0" encoding="utf-8"?>
<Module title="Funding Programmes in the EU">
   <Ex id="ex1"
       title="EU Assistance"
       instr="{{:~CSLocalize(null,'You may know that the EU provides assistance to countries which have applied to join the EU in order to help them carry out the required reforms. This assistance is provided through three main programmes namely, Phare, ISPA and SAPARD. Test your knowledge by reading the text and filling in the three missing programmes corresponding to the areas they cover.')}}"
       tech_instr="FILLING_IN">
      <div>
      In order to help the countries that have applied to become members of the European Union to carry out
      the reforms required, the Union is providing financial assistance in different areas. With regard to
      Eastern and Central Europe, these include institutional building measures and economic and social
      cohesion through the <GapFill id="d1e26" CorrectValue="Phare" InitValue="" Example=""/> programme; environment and transport investment support under the <GapFill id="d1e28" CorrectValue="ISPA" InitValue="" Example=""/>
      programme; and agricultural and rural development support by means of the <GapFill id="d1e2d8" CorrectValue="SAPARD" InitValue="" Example=""/> programme. All the above-mentioned programmes constitute pre-accession help.
      <br/>
      New member states from the most recent accession are now eligible for aid from a much wider range of financial instruments which are at the disposal of all members. Phare, ISPA and SAPARD programmes are currently available to new candidate countries as a form of pre-accession aid.

    </div>
      <div class="row">
         <div class="col-md-12">
            <img src="img/15970241.jpg"/>
         </div>
      </div>
   </Ex>
   <Ex id="ex2"
       title="Pre-accession aid"
       instr="{{:~CSLocalize(null,'Arrange the explanations on the right to match the words on the left.')}}"
       tech_instr="PAIRING">
      <div>
         <Pairing id="pairing1">
            <PairingItem>financial assistance<Right>providing grants</Right>
            </PairingItem>
            <PairingItem>institution building measures<Right>standards for creating and changing the structure of organizations</Right>
            </PairingItem>
            <PairingItem>economic cohesion<Right>similarity and interdependence of the economy</Right>
            </PairingItem>
            <PairingItem>transport investment support<Right>providing financial help in the area of transport</Right>
            </PairingItem>
            <PairingItem>rural development support<Right>helping to create better conditions in villages</Right>
            </PairingItem>
         </Pairing>
      </div>
   </Ex>
   <Ex id="ex3"
       title="Words in Context"
       instr="{{:~CSLocalize(null,'Read the first text and fill in the gaps in the second text using the words given in the right format. Use each word only once.')}}"
       tech_instr="FILLING_IN">
      <div>
      The European Union has special financial instruments of the Structural Funds Policy, which the European Commission proposes the member states adopt in order to support measures that will help resolve socio-economic inadequacies at European Union level.
      Phare, one of the financial instruments of the EU, provides aid in a number of areas, for example: restructuring state enterprises, private sector development, justice and home affairs, public administration and institutional reform, telecommunications infrastructure and many others. Phare‘s most important projects are twinning of administrations and agencies and investment projects.
      <br/>
      Twinning provides the framework for administrations and semi-public organisations in the candidate countries to work with their counterparts in member states. Twinning aims to help the candidate countries in the development of modern and efficient administrations, with structures, human resources and management skills.
      <br/>
      Investment has taken two forms since 2000: investment to strengthen the regulatory infrastructure needed to ensure compliance with the acquis and investment in Economic and Social Cohesion. Around 70% of Phare resources are allocated to investment, this percentage being equally divided between the two types of investment.
    </div>
      <div>
         <Possibilities Words="administration|acquis|comply|investments|enterprises|twinning"/>
      </div>
      <div>
         <table class="table table-bordered c-table">
            <tr>
               <td class="c-table-default middle center">
                  <b>1. </b>
               </td>
               <td class=" middle">
            Our country had to face the task of strengthening its institutions and <GapFill id="d1e25" CorrectValue="complying" InitValue="" Example=""/> with the acquis to be able to join the EU.
          </td>
            </tr>
            <tr>
               <td class="c-table-default middle center">
                  <b>2. </b>
               </td>
               <td class=" middle">
            Phare will remain a tool to address the priorities identified in the Accession Partnerships, the National Programme for the Adoption of the <GapFill id="d1e252" CorrectValue="Acquis" InitValue="" Example=""/> and Regular Reports.
          </td>
            </tr>
            <tr>
               <td class="c-table-default middle center">
                  <b>3. </b>
               </td>
               <td class=" middle">
                  <GapFill id="d1e253" CorrectValue="Twinning" InitValue="" Example=""/> provides the framework for administrations and semi-public organisations in the candidate countries to work with their counterparts in member states.
          </td>
            </tr>
            <tr>
               <td class="c-table-default middle center">
                  <b>4. </b>
               </td>
               <td class=" middle">
            Institution building means strengthening democratic institutions, public <GapFill id="d1e254"
                           CorrectValue="administration"
                           InitValue=""
                           Example=""/> and organisations that have a responsibility in implementing and enforcing Community legislation.
          </td>
            </tr>
            <tr>
               <td class="c-table-default middle center">
                  <b>5. </b>
               </td>
               <td class=" middle">
                  <GapFill id="d1e255" CorrectValue="Investments" InitValue="" Example=""/> in regulatory infrastructure enhance candidate countries' abilities to meet the EU's accession requirements and to cope with competitive pressure.
          </td>
            </tr>
            <tr>
               <td class="c-table-default middle center">
                  <b>6. </b>
               </td>
               <td class=" middle">
            New member states had to adapt their <GapFill id="d1e256" CorrectValue="enterprises" InitValue="" Example=""/> and main infrastructure to respect Community norms and standards.
          </td>
            </tr>
         </table>
      </div>
   </Ex>
   <Ex id="ex4"
       title="Defining terms"
       instr="{{:~CSLocalize(null,'Arrange the definitions on the right to match the expressions on the left.')}}"
       tech_instr="PAIRING">
      <div>
         <Pairing id="pairing1">
            <PairingItem>financial instrument<Right>a tool that helps to pay the costs of something</Right>
            </PairingItem>
            <PairingItem>semi-public<Right>being half connected with ordinary people in society in general</Right>
            </PairingItem>
            <PairingItem>regulatory<Right>having the power to control an area of business or industry and make sure that it is operating fairly</Right>
            </PairingItem>
            <PairingItem>allocate<Right>to give something officially to somebody for a particular purpose</Right>
            </PairingItem>
            <PairingItem>inadequacy<Right>a state of not being enough or good enough</Right>
            </PairingItem>
         </Pairing>
      </div>
   </Ex>
   <Ex id="ex5"
       title="Phare objectives"
       instr="{{:~CSLocalize(null,'Here are the names of some projects that have received Phare's financial assistance in the past. Click and drag each project into the column corresponding to its objective.')}}"
       tech_instr="SORTING_INTO_GROUPS_DRAG_AND_DROP">
      <table class="table table-bordered c-table">
         <tr>
            <td class="c-table-default middle"> Development of tourism</td>
            <td>
               <WordSelection id="d1e29"
                              Words="#Economic and Social Cohesion|Justice and Home Affairs|Internal Market Regulation|Strengthen institutional and administrative capacity"/>
            </td>
         </tr>
         <tr>
            <td class="c-table-default middle">Statistical Information System</td>
            <td>
               <WordSelection id="d1e42"
                              Words="Economic and Social Cohesion|Justice and Home Affairs|Internal Market Regulation|#Strengthen institutional and administrative capacity"/>
            </td>
         </tr>
         <tr>
            <td class="c-table-default middle">Migration and asylum policy</td>
            <td>
               <WordSelection id="d1e402"
                              Words="Economic and Social Cohesion|Justice and Home Affairs|Internal Market Regulation|#Strengthen institutional and administrative capacity"/>
            </td>
         </tr>
         <tr>
            <td class="c-table-default middle">Strengthen Tax Administration</td>
            <td>
               <WordSelection id="d1e44"
                              Words="Economic and Social Cohesion|Justice and Home Affairs|Internal Market Regulation|#Strengthen institutional and administrative capacity"/>
            </td>
         </tr>
         <tr>
            <td class="c-table-default middle">Promotion of SME development</td>
            <td>
               <WordSelection id="d1e25"
                              Words="#Economic and Social Cohesion|Justice and Home Affairs|Internal Market Regulation|Strengthen institutional and administrative capacity"/>
            </td>
         </tr>
         <tr>
            <td class="c-table-default middle">Fight against crime</td>
            <td>
               <WordSelection id="d1e38"
                              Words="Economic and Social Cohesion|#Justice and Home Affairs|Internal Market Regulation|Strengthen institutional and administrative capacity"/>
            </td>
         </tr>
         <tr>
            <td class="c-table-default middle">Twinning for border and visa policy</td>
            <td>
               <WordSelection id="d1e40"
                              Words="Economic and Social Cohesion|#Justice and Home Affairs|Internal Market Regulation|Strengthen institutional and administrative capacity"/>
            </td>
         </tr>
         <tr>
            <td class="c-table-default middle">Competition policy and consumer protection</td>
            <td>
               <WordSelection id="d1e2o5"
                              Words="Economic and Social Cohesion|Justice and Home Affairs|#Internal Market Regulation|Strengthen institutional and administrative capacity"/>
            </td>
         </tr>
         <tr>
            <td class="c-table-default middle">Transport Infrastructure Solec area</td>
            <td>
               <WordSelection id="d1e27"
                              Words="#Economic and Social Cohesion|Justice and Home Affairs|Internal Market Regulation|Strengthen institutional and administrative capacity"/>
            </td>
         </tr>
         <tr>
            <td class="c-table-default middle">Polish railway restructuring</td>
            <td>
               <WordSelection id="d1e381"
                              Words="Economic and Social Cohesion|Justice and Home Affairs|Internal Market Regulation|#Strengthen institutional and administrative capacity"/>
            </td>
         </tr>
      </table>
   </Ex>
   <Ex id="ex7"
       title="Funding verbs"
       instr="{{:~CSLocalize(null,'Create verbs from these nouns used when speaking about funding.')}}"
       tech_instr="FILLING_IN">
      <div>
         <table class="table table-bordered c-table">
            <tr>
               <td class="c-table-default middle">
                  <b>noun</b>
               </td>
               <td class="c-table-default middle">
                  <b>verb</b>
               </td>
            </tr>
            <tr>
               <td class=" middle">fund</td>
               <td class=" middle">
                  <GapFill id="d1e49" CorrectValue="fund" InitValue="" Example=""/>
               </td>
            </tr>
            <tr>
               <td class=" middle">contribution</td>
               <td class=" middle">
                  <GapFill id="d1e59" CorrectValue="contribute" InitValue="" Example=""/>
               </td>
            </tr>
            <tr>
               <td class=" middle">grant</td>
               <td class=" middle">
                  <GapFill id="d1e593" CorrectValue="grant" InitValue="" Example=""/>
               </td>
            </tr>
            <tr>
               <td class=" middle">cost</td>
               <td class=" middle">
                  <GapFill id="d1e594" CorrectValue="cost" InitValue="" Example=""/>
               </td>
            </tr>
            <tr>
               <td class=" middle">finance</td>
               <td class=" middle">
                  <GapFill id="d1e595" CorrectValue="finance" InitValue="" Example=""/>
               </td>
            </tr>
            <tr>
               <td class=" middle">assistance</td>
               <td class=" middle">
                  <GapFill id="d1e596" CorrectValue="assist" InitValue="" Example=""/>
               </td>
            </tr>
         </table>
      </div>
   </Ex>
   <Ex id="ex8"
       title="Further Funds"
       instr="{{:~CSLocalize(null,'Structural Funds, Cohesion Funds and Community Programmes provide financial aid to new member states. Read the text and fill in the missing words from the list below.')}}"
       tech_instr="FILLING_IN">
      <div>
         <Possibilities Words="on the basis|instead of|aid|appropriate|relating|levels|problems|average|enterprises|sector|allow|policies|aim|achieve|contributes"/>
      </div>
      <div class="row">
         <div class="col-md-12">
            <b>Structural Funds</b>
            <br/>
        At present, four Structural Funds <GapFill id="d1e25" CorrectValue="allow" InitValue="" Example=""/>
        the European Union to grant financial <GapFill id="d1e30" CorrectValue="aid" InitValue="" Example=""/>
        to resolve structural, economic and social <GapFill id="d1e301" CorrectValue="problems" InitValue="" Example=""/>:
        <br/>
            <b>European Regional Development Funds</b>
        (ERDF), whose principal <GapFill id="d1e302" CorrectValue="aim" InitValue="" Example=""/> is to promote economic and social cohesion within the European Union through the reduction of imbalances between regions or social groups;
        <br/>
        (ESF), the main financial instrument allowing the Union to <GapFill id="d1e253" CorrectValue="achieve" InitValue="" Example=""/> the strategic objectives of its employment
        <GapFill id="d1e304" CorrectValue="policies" InitValue="" Example=""/>;
        <br/>
            <b>European Agricultural Guidance and Guarantee Fund</b>
        (EAGGF - Guidance Section), which <GapFill id="d1e255" CorrectValue="contributes" InitValue="" Example=""/> to the structural reform of the agriculture sector and to the development of rural areas;
        <br/>
            <b>European Social Fund</b>
        (FIFG), the specific Fund for the structural reform of the fisheries <GapFill id="d1e256" CorrectValue="sector" InitValue="" Example=""/>.
        <br/>
        To be able to get financial support from structural funds, the Czech Republic had to set up, with the cooperation of the European Commission, an <GapFill id="d1e257" CorrectValue="appropriate" InitValue="" Example=""/> implementing structure.
        <br/>
        This implementing structure, for all Operational Programmes (e.g. Infrastructure, Industry and Enterprise, Human Resource Development etc.), Single Programming Documents as well as for the Community Support Framework, is based on different authorities operating on different
      <GapFill id="d1e2d58" CorrectValue="levels" InitValue="" Example=""/>.
    </div>
      </div>
      <div class="row">
         <div class="col-md-12">
            <b>Cohesion Funds</b>
            <br/>
        Cohesion funds contribute to measures relating to the environment and trans-European networks. It can be used by member states with GDP lower than 90 % of the Community <GapFill id="d1e258" CorrectValue="average" InitValue="" Example=""/>
        . Currently these are: the 10 new member states, Greece and Portugal. In future, Cohesion Funds together with ERDF will contribute to long-term investment programmes operated in a decentralized way – <GapFill id="d1e309" CorrectValue="instead of" InitValue="" Example=""/>
         of single projects approved at Commission level.
      </div>
      </div>
      <div class="row">
         <div class="col-md-12">
            <b>Community Programmes</b>
            <br/>
        The term "Community Programmes" refers to an integrated set of actions adopted by the European Community in order to promote cooperation among its member states in different specific fields <GapFill id="d1e2510" CorrectValue="relating" InitValue="" Example=""/>
        to Community policies, over a period of several years. They have been conceived, in principle, exclusively, for member states,<GapFill id="d1e3011"
                     CorrectValue="on the basis"
                     InitValue=""
                     Example=""/> of a specific allocation from the general budget of the European Union.
        <br/>
        Examples of these are for instance Small and Medium-Sized <GapFill id="d1e3012" CorrectValue="Enterprises" InitValue="" Example=""/> , Equal Opportunities, SAVE II., Socrates II. and Leonardo da Vinci II.
      </div>
      </div>
   </Ex>
</Module>
