﻿<?xml version="1.0" encoding="utf-8"?>
<Page id="hufex2_l01_a03">
  <p>
    <a href="http://www.langmaster.cz/comcz/French2/l01/a/hufex2_l01_a03.htm">/French2/l01/a/hufex2_l01_a03.htm</a>
    <br />
    <a href="http://www.langmaster.cz/comcz/French2/l01/a/home.htm">
                            cvičení 3</a>
  </p>
  <table class="table table-bordered c-table">
    <tr>
      <td class="c-table-default middle">commencer</td>
      <td>
        <WordSelection id="ce323" CorrectValue="0" Words="#à|de" />
      </td>
    </tr>
    <tr>
      <td class="c-table-default middle">finir</td>
      <td>
        <WordSelection id="ce424" CorrectValue="0" Words="à|#de" />
      </td>
    </tr>
    <tr>
      <td class="c-table-default middle">s’intéresser</td>
      <td>
        <WordSelection id="ce347" CorrectValue="0" Words="#à|de" />
      </td>
    </tr>
    <tr>
      <td class="c-table-default middle">se souvenir</td>
      <td>
        <WordSelection id="ce432" CorrectValue="0" Words="à|#de" />
      </td>
    </tr>
    <tr>
      <td class="c-table-default middle">être attaché</td>
      <td>
        <WordSelection id="ce339" CorrectValue="0" Words="#à|de" />
      </td>
    </tr>
    <tr>
      <td class="c-table-default middle">s’occuper</td>
      <td>
        <WordSelection id="ce440" CorrectValue="0" Words="à|#de" />
      </td>
    </tr>
    <tr>
      <td class="c-table-default middle">se dépêcher</td>
      <td>
        <WordSelection id="ce448" CorrectValue="0" Words="à|#de" />
      </td>
    </tr>
    <tr>
      <td class="c-table-default middle">penser</td>
      <td>
        <WordSelection id="ce355" CorrectValue="0" Words="#à|de" />
      </td>
    </tr>
    <tr>
      <td class="c-table-default middle">écrire</td>
      <td>
        <WordSelection id="ce331" CorrectValue="0" Words="#à|de" />
      </td>
    </tr>
  </table>
  <img src="/schools/eaimgmp3/french2/img/coursebook/lesson01/page11/1608h0046.jpg" />
  <div class="panel panel-info">
    <div class="panel-body">
      <p>
          {{Ttrans}}venir de..., aller à... {{Ttrans1}}
        </p>
    </div>
  </div>
  <info title="Les prépositions" instrTitle="Avez-vous appris les verbes avec leurs prépositions? On verra. Complétez le tableau avec les verbes." instrs="SORTING_INTO_GROUPS_DRAG_AND_DROP" />
</Page>