﻿<?xml version="1.0" encoding="utf-8"?>
<Page id="hufex2_l01_a04">
  <p>
    <a href="http://www.langmaster.cz/comcz/French2/l01/a/hufex2_l01_a04.htm">/French2/l01/a/hufex2_l01_a04.htm</a>
    <br />
    <a href="http://www.langmaster.cz/comcz/French2/l01/a/home.htm">
                            cvičení 4</a>
  </p>
  <Possibilities Words="se marier|méditer|résister|réserver|naître|informer|installer|relaxer|garer|tourner|passer" />
  <div class="row">
    <div class="col-md-3 ">
      <img src="/schools/eaimgmp3/french2/img/coursebook/lesson01/page11/svatba.jpg" />
    </div>
    <div class="col-md-9 ">
      <table class="table table-bordered c-table">
        <tr>
          <td class="c-table-default middle">-ance</td>
          <td class="c-table-default middle">-ation</td>
          <td class="c-table-default middle">-age</td>
        </tr>
        <tr>
          <td class=" middle">
                la connaissance<GapFill id="g162" Width="20" CorrectValue="la naissance|la résistance" InitValue="" /><GapFill id="g163" Width="20" CorrectValue="la naissance|la résistance" InitValue="" /></td>
          <td class=" middle">
            <GapFill id="g166" Width="20" CorrectValue="l’information|la réservation|l’installation|la méditation|la relaxation" InitValue="" />
            <GapFill id="g167" Width="20" CorrectValue="l’information|la réservation|l’installation|la méditation|la relaxation" InitValue="" />
            <GapFill id="g168" Width="20" CorrectValue="l’information|la réservation|l’installation|la méditation|la relaxation" InitValue="" />
            <GapFill id="g169" Width="20" CorrectValue="l’information|la réservation|l’installation|la méditation|la relaxation" InitValue="" />
            <GapFill id="g170" Width="20" CorrectValue="l’information|la réservation|l’installation|la méditation|la relaxation" InitValue="" />
          </td>
          <td class=" middle">
            <GapFill id="g173" Width="20" CorrectValue="le mariage|le garage|le passage|le tournage" InitValue="" />
            <GapFill id="g174" Width="20" CorrectValue="le mariage|le garage|le passage|le tournage" InitValue="" />
            <GapFill id="g175" Width="20" CorrectValue="le mariage|le garage|le passage|le tournage" InitValue="" />
            <GapFill id="g176" Width="20" CorrectValue="le mariage|le garage|le passage|le tournage" InitValue="" />
          </td>
        </tr>
      </table>
    </div>
  </div>
  <info title="Les suffixes" instrTitle="Trouvez le bon suffixe et faites les substantifs." instrs="FILLING_IN" courseSeeAlsoStr="" />
</Page>