﻿<?xml version="1.0" encoding="utf-8"?>
<Page id="hufex2_l01_a06">
  <p>
    <a href="http://www.langmaster.cz/comcz/French2/l01/a/hufex2_l01_a06.htm">/French2/l01/a/hufex2_l01_a06.htm</a>
    <br />
    <a href="http://www.langmaster.cz/comcz/French2/l01/a/home.htm">
                            cvičení 6</a>
  </p>
  <table class="table table-bordered c-table">
    <tr>
      <td class="c-table-default middle">il a fait faillite</td>
      <td>
        <WordSelection id="ce331" CorrectValue="0" Words="positif|#négatif" />
      </td>
    </tr>
    <tr>
      <td class="c-table-default middle">il s’est bien amusé</td>
      <td>
        <WordSelection id="ce230" CorrectValue="0" Words="#positif|négatif" />
      </td>
    </tr>
    <tr>
      <td class="c-table-default middle">il n’a pas eu de chance</td>
      <td>
        <WordSelection id="ce315" CorrectValue="0" Words="positif|#négatif" />
      </td>
    </tr>
    <tr>
      <td class="c-table-default middle">sa femme l’a quitté</td>
      <td>
        <WordSelection id="ce307" CorrectValue="0" Words="positif|#négatif" />
      </td>
    </tr>
    <tr>
      <td class="c-table-default middle">il s’est marié</td>
      <td>
        <WordSelection id="ce198" CorrectValue="0" Words="#positif|négatif" />
      </td>
    </tr>
    <tr>
      <td class="c-table-default middle">il a connu des difficultés</td>
      <td>
        <WordSelection id="ce299" CorrectValue="0" Words="positif|#négatif" />
      </td>
    </tr>
    <tr>
      <td class="c-table-default middle">il a eu de la chance</td>
      <td>
        <WordSelection id="ce214" CorrectValue="0" Words="#positif|négatif" />
      </td>
    </tr>
    <tr>
      <td class="c-table-default middle">il s’est bien adapté</td>
      <td>
        <WordSelection id="ce206" CorrectValue="0" Words="#positif|négatif" />
      </td>
    </tr>
    <tr>
      <td class="c-table-default middle">il s’est occupé d’un projet intéressant</td>
      <td>
        <WordSelection id="ce222" CorrectValue="0" Words="#positif|négatif" />
      </td>
    </tr>
    <tr>
      <td class="c-table-default middle">il s’est retrouvé seul</td>
      <td>
        <WordSelection id="ce323" CorrectValue="0" Words="positif|#négatif" />
      </td>
    </tr>
  </table>
  <img src="/schools/eaimgmp3/french2/img/coursebook/lesson01/page08/1244h0011.gif" />
  <info title="Positif ou négatif?" instrTitle="Complétez les phrases dans le tableau. Il y a des phrases négatives et des phrases positives." instrs="SORTING_INTO_GROUPS_DRAG_AND_DROP" />
</Page>