﻿<?xml version="1.0" encoding="utf-8"?>
<Page id="hufex2_l04_c05">
  <p>
    <a href="http://www.langmaster.cz/comcz/French2/l04/c/hufex2_l04_c05.htm">/French2/l04/c/hufex2_l04_c05.htm</a>
    <br />
    <a href="http://www.langmaster.cz/comcz/French2/l04/c/home.htm">
                            cvičení 4</a>
  </p>
  <DragSource />
  <div class="row">
    <div class="col-md-2 ">
      <img src="/schools/eaimgmp3/french2/img/homestudy/lesson04/page129/0848h0101.gif" />
    </div>
    <div class="col-md-10 ">
      <table class="table table-bordered c-table">
        <tr>
          <td class="c-table-default middle">personnes</td>
          <td class="c-table-default middle">verbes</td>
          <td class="c-table-default middle">objets</td>
          <td class="c-table-default middle">adjectifs/adverbes</td>
        </tr>
        <tr>
          <td class=" middle">le père</td>
          <td class=" middle">faire</td>
          <td class=" middle">la mer</td>
          <td class=" middle">vert(e)</td>
        </tr>
        <tr>
          <td class=" middle">la princesse</td>
          <td class=" middle">chercher</td>
          <td class=" middle">la maison</td>
          <td class=" middle">cher (chère)</td>
        </tr>
        <tr>
          <td class=" middle">Molière</td>
          <td class=" middle">allait</td>
          <td class=" middle">la bière</td>
          <td class=" middle">près</td>
        </tr>
        <tr>
          <td class=" middle">
            <DragTarget id="g218" CorrectValue="l’élève" />
            <DragTarget id="g219" CorrectValue="la reine" />
            <DragTarget id="g220" CorrectValue="la mère" />
          </td>
          <td class=" middle">
            <DragTarget id="g223" CorrectValue="habitait" />
            <DragTarget id="g224" CorrectValue="achètent" />
            <DragTarget id="g225" CorrectValue="étais" />
          </td>
          <td class=" middle">
            <DragTarget id="g228" CorrectValue="l’air" />
            <DragTarget id="g229" CorrectValue="les crêpes" />
            <DragTarget id="g230" CorrectValue="l’hiver" />
          </td>
          <td class=" middle">
            <DragTarget id="g233" CorrectValue="beige" />
            <DragTarget id="g234" CorrectValue="vraiment" />
            <DragTarget id="g235" CorrectValue="très" />
          </td>
        </tr>
      </table>
    </div>
  </div>
  <div class="col-md-5">
    <div class="panel panel-info">
      <div class="panel-body">
        <p>
          {{Ttrans}}
        </p>
      </div>
    </div>
  </div>
  <info title="Il était une fois ..." instrTitle="Il était une fois... Voici plusieurs mots contenant le son [ε]. Classez-les en complétant le tableau. Suivez les exemples donnés." instrs="FILLING_IN_FROM_A_LIST" />
</Page>