﻿<?xml version="1.0" encoding="utf-8"?>
<Page id="hufex2_l04_c07">
  <p>
    <a href="http://www.langmaster.cz/comcz/French2/l04/c/hufex2_l04_c07.htm">/French2/l04/c/hufex2_l04_c07.htm</a>
    <br />
    <a href="http://www.langmaster.cz/comcz/French2/l04/c/home.htm">
                            cvičení 6</a>
  </p>
  <div class="row">
    <div class="col-md-2 ">
      <img src="/schools/eaimgmp3/french2/img/coursebook/lesson04/page38/1571h0132.jpg" />
    </div>
    <div class="col-md-10 ">
      <table>
        <tr>
          <td class=" middle">le cèlloge</td>
          <td class=" middle">
              le <GapFill id="g158" Width="200" CorrectValue="collège" InitValue="" /></td>
          <td class=" middle">l’onvisain</td>
          <td class=" middle">
              l’<GapFill id="g161" Width="200" CorrectValue="invasion" InitValue="" /></td>
        </tr>
        <tr>
          <td class=" middle">la perola</td>
          <td class=" middle">
              la <GapFill id="g165" Width="200" CorrectValue="parole" InitValue="" /></td>
          <td class=" middle">le porasal</td>
          <td class=" middle">
              le <GapFill id="g168" Width="200" CorrectValue="parasol" InitValue="" /></td>
        </tr>
        <tr>
          <td class=" middle">le cipaitane</td>
          <td class=" middle">
              le <GapFill id="g172" Width="200" CorrectValue="capitaine" InitValue="" /></td>
          <td class=" middle">le ceil</td>
          <td class=" middle">
              le <GapFill id="g175" Width="200" CorrectValue="ciel" InitValue="" /></td>
        </tr>
        <tr>
          <td class=" middle">le siloel</td>
          <td class=" middle">
              le <GapFill id="g179" Width="200" CorrectValue="soleil" InitValue="" /></td>
          <td class=" middle">le vallige</td>
          <td class=" middle">
              le <GapFill id="g182" Width="200" CorrectValue="village" InitValue="" /></td>
        </tr>
        <tr>
          <td class=" middle">le pantolan</td>
          <td class=" middle">
              le <GapFill id="g186" Width="200" CorrectValue="pantalon" InitValue="" /></td>
          <td class=" middle">mésclu</td>
          <td class=" middle">
            <GapFill id="g189" Width="200" CorrectValue="musclé" InitValue="" />
          </td>
        </tr>
      </table>
    </div>
  </div>
  <info title="Les voyelles" instrTitle="Les mots suivants comprennent les voyelles qui ne sont pas à leur place. Rangez-les en formant les mots corrects." instrs="FILLING_IN" />
</Page>