﻿<?xml version="1.0" encoding="utf-8"?>
<Module title="Chapitre C">
   <Ex id="hufex2_l04_c01"
       title="Le son [ε]"
       instr="La prononciation est toujours très importante. Ecoutez et cochez en fonction du son entendu."
       tech_instr="MULTIPLE_CHOICE_TWO_STATES SOUND_PLAYBACK">
      <p>
         <a target="_blank"
            href="http://www.langmaster.cz/comcz/French2/l04/c/hufex2_l04_c01.htm">/French2/l04/c/hufex2_l04_c01.htm</a>
         <br/>
         <a target="_blank"
            href="http://www.langmaster.cz/comcz/French2/l04/c/home.htm">
                            cvičení 1</a>
      </p>
      <div>
         <img src="/schools/eaimgmp3/french2/img/coursebook/lesson04/page37/04_035_01.gif"/>
      </div>
      <div class="row">
         <div class="col-md-1 ">
            <MediaBigMark Url="/schools/eaimgmp3/french2wma/lesson04/hufex2_l04_c01.mp3"
                          Sequence=""/>
         </div>
         <div class="col-md-4 ">
            <table class="table table-bordered c-table">
               <tr>
                  <td class="c-table middle">quai</td>
                  <td>
                     <WordSelection id="o1688" Words="[e]|#[ε]"/>
                  </td>
               </tr>
               <tr>
                  <td class="c-table middle">soirée</td>
                  <td>
                     <WordSelection id="o1835" Words="#[e]|[ε]"/>
                  </td>
               </tr>
               <tr>
                  <td class="c-table middle">problème</td>
                  <td>
                     <WordSelection id="o1982" Words="[e]|#[ε]"/>
                  </td>
               </tr>
               <tr>
                  <td class="c-table middle">étranger</td>
                  <td>
                     <WordSelection id="o2129" Words="#[e]|[ε]"/>
                  </td>
               </tr>
               <tr>
                  <td class="c-table middle">fête</td>
                  <td>
                     <WordSelection id="o2276" Words="[e]|#[ε]"/>
                  </td>
               </tr>
               <tr>
                  <td class="c-table middle">j’allais</td>
                  <td>
                     <WordSelection id="o2423" Words="[e]|#[ε]"/>
                  </td>
               </tr>
               <tr>
                  <td class="c-table middle">aller</td>
                  <td>
                     <WordSelection id="o2570" Words="#[e]|[ε]"/>
                  </td>
               </tr>
            </table>
         </div>
         <div class="col-md-4 ">
            <table class="table table-bordered c-table">
               <tr>
                  <td class="c-table middle">beige</td>
                  <td>
                     <WordSelection id="o279" Words="[e]|#[ε]"/>
                  </td>
               </tr>
               <tr>
                  <td class="c-table middle">miel</td>
                  <td>
                     <WordSelection id="o426" Words="[e]|#[ε]"/>
                  </td>
               </tr>
               <tr>
                  <td class="c-table middle">terre</td>
                  <td>
                     <WordSelection id="o573" Words="[e]|#[ε]"/>
                  </td>
               </tr>
               <tr>
                  <td class="c-table middle">nez</td>
                  <td>
                     <WordSelection id="o720" Words="#[e]|[ε]"/>
                  </td>
               </tr>
               <tr>
                  <td class="c-table middle">violette</td>
                  <td>
                     <WordSelection id="o867" Words="[e]|#[ε]"/>
                  </td>
               </tr>
               <tr>
                  <td class="c-table middle">cher</td>
                  <td>
                     <WordSelection id="o1014" Words="[e]|#[ε]"/>
                  </td>
               </tr>
               <tr>
                  <td class="c-table middle">chéri</td>
                  <td>
                     <WordSelection id="o1161" Words="#[e]|[ε]"/>
                  </td>
               </tr>
               <tr>
                  <td class="c-table middle">été</td>
                  <td>
                     <WordSelection id="o1308" Words="#[e]|[ε]"/>
                  </td>
               </tr>
            </table>
         </div>
      </div>
   </Ex>
   <Ex id="hufex2_l04_c02"
       title="Orthographe"
       instr="Ecoutez les phrases suivantes et marquez la / les lettre(s) qui correspondent au son [ε]."
       tech_instr="TEXT_SECTION_SELECTING_ONE_OR_MORE_CORRECT_ANSWERS SOUND_PLAYBACK">
      <p>
         <a target="_blank"
            href="http://www.langmaster.cz/comcz/French2/l04/c/hufex2_l04_c02.htm">/French2/l04/c/hufex2_l04_c02.htm</a>
         <br/>
         <a target="_blank"
            href="http://www.langmaster.cz/comcz/French2/l04/c/home.htm">
                            cvičení 2</a>
      </p>
      <div>
         <img src="/schools/eaimgmp3/french2/img/coursebook/lesson04/page37/0800h3456.jpg"/>
      </div>
      <div>
         <table class="table table-bordered c-table">
            <tr>
               <td class=" middle"/>
               <td class=" middle">a. </td>
               <td class=" middle">
                  <MediaBigMark Url="/schools/eaimgmp3/french2wma/lesson04/hufex2_l04_c02.mp3"
                                Sequence="0-2"/>
               </td>
               <td class=" middle">J'TODO POZOR, více správných hodnot, ruční předělávka ysearch<WordSelection id="o124" Words="ai|#ê|é|#ei|#ai|e|#aient|#ei|e|#ett"/>r v  que tr ze dromad res  trav rs  la S ne  n bicycl e.</td>
            </tr>
            <tr>
               <td class=" middle"/>
               <td class=" middle">b. </td>
               <td class=" middle">
                  <MediaBigMark Url="/schools/eaimgmp3/french2wma/lesson04/hufex2_l04_c02.mp3"
                                Sequence="3-5"/>
               </td>
               <td class=" middle">La bTODO POZOR, více správných hodnot, ruční předělávka ysearch<WordSelection id="o146" Words="#ell|#è|#er|#è|#es|#ai|#ei"/>e-m re d’Alb t  ach te une v te en l ne b ge.</td>
            </tr>
            <tr>
               <td class=" middle"/>
               <td class=" middle">c. </td>
               <td class=" middle">
                  <MediaBigMark Url="/schools/eaimgmp3/french2wma/lesson04/hufex2_l04_c02.mp3"
                                Sequence="6-8"/>
               </td>
               <td class=" middle">CTODO POZOR, více správných hodnot, ruční předělávka ysearch<WordSelection id="o165" Words="#et|#er|es|é|#è|#ê|e|#è|#ai|#è"/> hiv ,  l   l ves f tent  l  dixi me annivers re du coll ge.</td>
            </tr>
            <tr>
               <td class=" middle"/>
               <td class=" middle">c. </td>
               <td class=" middle">
                  <MediaBigMark Url="/schools/eaimgmp3/french2wma/lesson04/hufex2_l04_c02.mp3"
                                Sequence="9-"/>
               </td>
               <td class=" middle">La trTODO POZOR, více správných hodnot, ruční předělávka ysearch<WordSelection id="o187" Words="#è|é|#è|#ei|#ell|ai|#ait|es|#è|er|#ai"/>s c l bre  r ne Isab e  m  l  po mes de V l ne.</td>
            </tr>
         </table>
      </div>
   </Ex>
   <Ex id="hufex2_l04_c04"
       title="Prononciation"
       instr="Comment écrit-on le son [ε]? Ecoutez et complétez le tableau selon le modèle."
       tech_instr="MULTIPLE_CHOICE_TWO_STATES SOUND_PLAYBACK">
      <p>
         <a target="_blank"
            href="http://www.langmaster.cz/comcz/French2/l04/c/hufex2_l04_c04.htm">/French2/l04/c/hufex2_l04_c04.htm</a>
         <br/>
         <a target="_blank"
            href="http://www.langmaster.cz/comcz/French2/l04/c/home.htm">
                            cvičení 3</a>
      </p>
      <div>
         <img src="/schools/eaimgmp3/french2/img/homestudy/lesson04/page128/0357h0138.jpg"/>
      </div>
      <div class="row">
         <div class="col-md-1 ">
            <MediaBigMark Url="/schools/eaimgmp3/french2wma/lesson04/hufex2_l04_c04.mp3"
                          Sequence=""/>
         </div>
         <div class="col-md-11 ">
            <b>
               <table class="table table-bordered c-table">
                  <tr>
                     <td class="c-table middle">a.</td>
                     <td>
                        <WordSelection id="o614" Words="è|ê|ai|ei|#-e + consonneprononcée"/>
                     </td>
                  </tr>
                  <tr>
                     <td class="c-table middle">b.</td>
                     <td>
                        <WordSelection id="o914" Words="#è|ê|ai|ei|-e + consonneprononcée"/>
                     </td>
                  </tr>
                  <tr>
                     <td class="c-table middle">c.</td>
                     <td>
                        <WordSelection id="o1214" Words="è|ê|ai|#ei|-e + consonneprononcée"/>
                     </td>
                  </tr>
                  <tr>
                     <td class="c-table middle">d.</td>
                     <td>
                        <WordSelection id="o1514" Words="è|#ê|ai|ei|-e + consonneprononcée"/>
                     </td>
                  </tr>
                  <tr>
                     <td class="c-table middle">e.</td>
                     <td>
                        <WordSelection id="o1814" Words="è|ê|#ai|ei|-e + consonneprononcée"/>
                     </td>
                  </tr>
                  <tr>
                     <td class="c-table middle">f.</td>
                     <td>
                        <WordSelection id="o2114" Words="è|ê|ai|ei|#-e + consonneprononcée"/>
                     </td>
                  </tr>
                  <tr>
                     <td class="c-table middle">g.</td>
                     <td>
                        <WordSelection id="o2414" Words="#è|ê|ai|ei|-e + consonneprononcée"/>
                     </td>
                  </tr>
                  <tr>
                     <td class="c-table middle">h.</td>
                     <td>
                        <WordSelection id="o2714" Words="è|ê|#ai|ei|-e + consonneprononcée"/>
                     </td>
                  </tr>
                  <tr>
                     <td class="c-table middle">i.</td>
                     <td>
                        <WordSelection id="o3014" Words="è|#ê|ai|ei|-e + consonneprononcée"/>
                     </td>
                  </tr>
                  <tr>
                     <td class="c-table middle">j.</td>
                     <td>
                        <WordSelection id="o3314" Words="è|ê|ai|#ei|-e + consonneprononcée"/>
                     </td>
                  </tr>
                  <tr>
                     <td class="c-table middle">k.</td>
                     <td>
                        <WordSelection id="o3614" Words="è|ê|ai|ei|#-e + consonneprononcée"/>
                     </td>
                  </tr>
                  <tr>
                     <td class="c-table middle">l.</td>
                     <td>
                        <WordSelection id="o3914" Words="è|ê|#ai|ei|-e + consonneprononcée"/>
                     </td>
                  </tr>
               </table>
            </b>
         </div>
      </div>
   </Ex>
   <Ex id="hufex2_l04_c05"
       title="Il était une fois ..."
       instr="Il était une fois... Voici plusieurs mots contenant le son [ε]. Classez-les en complétant le tableau. Suivez les exemples donnés."
       tech_instr="FILLING_IN_FROM_A_LIST">
      <p>
         <a target="_blank"
            href="http://www.langmaster.cz/comcz/French2/l04/c/hufex2_l04_c05.htm">/French2/l04/c/hufex2_l04_c05.htm</a>
         <br/>
         <a target="_blank"
            href="http://www.langmaster.cz/comcz/French2/l04/c/home.htm">
                            cvičení 4</a>
      </p>
      <DragSource/>
      <div class="row">
         <div class="col-md-2 ">
            <img src="/schools/eaimgmp3/french2/img/homestudy/lesson04/page129/0848h0101.gif"/>
         </div>
         <div class="col-md-10 ">
            <table class="table table-bordered c-table">
               <tr>
                  <td class="c-table-default middle">personnes</td>
                  <td class="c-table-default middle">verbes</td>
                  <td class="c-table-default middle">objets</td>
                  <td class="c-table-default middle">adjectifs/adverbes</td>
               </tr>
               <tr>
                  <td class=" middle">le père</td>
                  <td class=" middle">faire</td>
                  <td class=" middle">la mer</td>
                  <td class=" middle">vert(e)</td>
               </tr>
               <tr>
                  <td class=" middle">la princesse</td>
                  <td class=" middle">chercher</td>
                  <td class=" middle">la maison</td>
                  <td class=" middle">cher (chère)</td>
               </tr>
               <tr>
                  <td class=" middle">Molière</td>
                  <td class=" middle">allait</td>
                  <td class=" middle">la bière</td>
                  <td class=" middle">près</td>
               </tr>
               <tr>
                  <td class=" middle">
                     <DragTarget id="g218" CorrectValue="l’élève|la reine|la mère"/>
                     <DragTarget id="g219" CorrectValue="l’élève|la reine|la mère"/>
                     <DragTarget id="g220" CorrectValue="l’élève|la reine|la mère"/>
                  </td>
                  <td class=" middle">
                     <DragTarget id="g223" CorrectValue="habitait|achètent|étais"/>
                     <DragTarget id="g224" CorrectValue="habitait|achètent|étais"/>
                     <DragTarget id="g225" CorrectValue="habitait|achètent|étais"/>
                  </td>
                  <td class=" middle">
                     <DragTarget id="g228" CorrectValue="l’air|les crêpes|l’hiver"/>
                     <DragTarget id="g229" CorrectValue="l’air|les crêpes|l’hiver"/>
                     <DragTarget id="g230" CorrectValue="l’air|les crêpes|l’hiver"/>
                  </td>
                  <td class=" middle">
                     <DragTarget id="g233" CorrectValue="beige|vraiment|très"/>
                     <DragTarget id="g234" CorrectValue="beige|vraiment|très"/>
                     <DragTarget id="g235" CorrectValue="beige|vraiment|très"/>
                  </td>
               </tr>
            </table>
         </div>
      </div>
      <div class="col-md-5">
         <div class="panel panel-info">
            <div class="panel-body">
               <p>
          {{Ttrans}}
        </p>
            </div>
         </div>
      </div>
   </Ex>
   <Ex id="hufex2_l04_c06"
       title="On recherche"
       instr="Vous voyez trois hommes. Lisez le texte et devinez de qui on parle. Marquez la bonne réponse."
       tech_instr="SINGLE_CHOICE">
      <p>
         <a target="_blank"
            href="http://www.langmaster.cz/comcz/French2/l04/c/hufex2_l04_c06.htm">/French2/l04/c/hufex2_l04_c06.htm</a>
         <br/>
         <a target="_blank"
            href="http://www.langmaster.cz/comcz/French2/l04/c/home.htm">
                            cvičení 5</a>
      </p>
      <div>Il était petit et très musclé. Ses longs cheveux bruns tombaient sur ses épaules. Il n’était pas vraiment beau mais il n’était pas moche non plus. Il portait un pantalon rouge et un pull serré. Il était amoureux de moi. Sur la plage il portait toujours des lunettes de soleil rondes...</div>
      <div>
         <CheckItem id="o106" TextId="TrueFalse" CorrectValue="false"/>
         <img src="/schools/eaimgmp3/french2/img/vocabulary/lesson04/page49/mann1.gif"/>
         <CheckItem id="o116" TextId="TrueFalse" CorrectValue="false"/>
         <img src="/schools/eaimgmp3/french2/img/vocabulary/lesson04/page49/mann2.gif"/>
         <CheckItem id="o126" TextId="TrueFalse" CorrectValue="true"/>
         <img src="/schools/eaimgmp3/french2/img/vocabulary/lesson04/page49/mann3.gif"/>
      </div>
   </Ex>
   <Ex id="hufex2_l04_c07"
       title="Les voyelles"
       instr="Les mots suivants comprennent les voyelles qui ne sont pas à leur place. Rangez-les en formant les mots corrects."
       tech_instr="FILLING_IN">
      <p>
         <a target="_blank"
            href="http://www.langmaster.cz/comcz/French2/l04/c/hufex2_l04_c07.htm">/French2/l04/c/hufex2_l04_c07.htm</a>
         <br/>
         <a target="_blank"
            href="http://www.langmaster.cz/comcz/French2/l04/c/home.htm">
                            cvičení 6</a>
      </p>
      <div class="row">
         <div class="col-md-2 ">
            <img src="/schools/eaimgmp3/french2/img/coursebook/lesson04/page38/1571h0132.jpg"/>
         </div>
         <div class="col-md-10 ">
            <table class="table c-table">
               <tr>
                  <td class=" middle">le cèlloge</td>
                  <td class=" middle">
              le <GapFill id="g158" CorrectValue="collège" Width="200"/>
                  </td>
                  <td class=" middle">l’onvisain</td>
                  <td class=" middle">
              l’<GapFill id="g161" CorrectValue="invasion" Width="200"/>
                  </td>
               </tr>
               <tr>
                  <td class=" middle">la perola</td>
                  <td class=" middle">
              la <GapFill id="g165" CorrectValue="parole" Width="200"/>
                  </td>
                  <td class=" middle">le porasal</td>
                  <td class=" middle">
              le <GapFill id="g168" CorrectValue="parasol" Width="200"/>
                  </td>
               </tr>
               <tr>
                  <td class=" middle">le cipaitane</td>
                  <td class=" middle">
              le <GapFill id="g172" CorrectValue="capitaine" Width="200"/>
                  </td>
                  <td class=" middle">le ceil</td>
                  <td class=" middle">
              le <GapFill id="g175" CorrectValue="ciel" Width="200"/>
                  </td>
               </tr>
               <tr>
                  <td class=" middle">le siloel</td>
                  <td class=" middle">
              le <GapFill id="g179" CorrectValue="soleil" Width="200"/>
                  </td>
                  <td class=" middle">le vallige</td>
                  <td class=" middle">
              le <GapFill id="g182" CorrectValue="village" Width="200"/>
                  </td>
               </tr>
               <tr>
                  <td class=" middle">le pantolan</td>
                  <td class=" middle">
              le <GapFill id="g186" CorrectValue="pantalon" Width="200"/>
                  </td>
                  <td class=" middle">mésclu</td>
                  <td class=" middle">
                     <GapFill id="g189" CorrectValue="musclé" Width="200"/>
                  </td>
               </tr>
            </table>
         </div>
      </div>
   </Ex>
</Module>
