﻿<?xml version="1.0" encoding="utf-8"?>
<Page id="hufex2_l04_a02">
  <p>
    <a href="http://www.langmaster.cz/comcz/French2/l04/a/hufex2_l04_a02.htm">/French2/l04/a/hufex2_l04_a02.htm</a>
    <br />
    <a href="http://www.langmaster.cz/comcz/French2/l04/a/home.htm">
                            cvičení 2</a>
  </p>
  <div class="row">
    <div class="col-md-3 ">
      <img src="/schools/eaimgmp3/french2/img/homestudy/lesson04/page125/0267h0001.jpg" />
    </div>
    <div class="col-md-9 ">
      <table class="table table-bordered c-table">
        <tr>
          <td class=" middle">
            <b>produire</b>
          </td>
          <td class=" middle">la production</td>
          <td class=" middle">
              le <GapFill id="g159" Width="200" CorrectValue="producteur" InitValue="" /></td>
        </tr>
        <tr>
          <td class=" middle">
            <b>séduire</b>
          </td>
          <td class=" middle">
            <GapFill id="g163" Width="200" CorrectValue="la séduction" InitValue="" />
          </td>
          <td class=" middle">le séducteur</td>
        </tr>
        <tr>
          <td class=" middle">
            <b>traduire</b>
          </td>
          <td class=" middle">
            <GapFill id="g168" Width="200" CorrectValue="la traduction" InitValue="" />
          </td>
          <td class=" middle">
            <GapFill id="g170" Width="200" CorrectValue="le traducteur" InitValue="" />
          </td>
        </tr>
        <tr>
          <td class=" middle">
            <b>(re)construire</b>
          </td>
          <td class=" middle">
            <GapFill id="g174" Width="200" CorrectValue="la construction" InitValue="" />
          </td>
          <td class=" middle">le constructeur</td>
        </tr>
        <tr>
          <td class=" middle">
            <b>conduire</b>
          </td>
          <td class=" middle">la conduite</td>
          <td class=" middle">
            <GapFill id="g180" Width="200" CorrectValue="le conducteur" InitValue="" />
          </td>
        </tr>
        <tr>
          <td class=" middle">
            <b>réduire</b>
          </td>
          <td class=" middle">
            <GapFill id="g184" Width="200" CorrectValue="la réduction" InitValue="" />
          </td>
          <td class=" middle" />
        </tr>
      </table>
    </div>
  </div>
  <info title="Formation des mots" instrTitle="Voilà un tableau. Complétez-le avec les mots qui correspondent." instrs="FILLING_IN" />
</Page>