﻿<?xml version="1.0" encoding="utf-8"?>
<Page id="hufex2_l04_a04">
  <p>
    <a href="http://www.langmaster.cz/comcz/French2/l04/a/hufex2_l04_a04.htm">/French2/l04/a/hufex2_l04_a04.htm</a>
    <br />
    <a href="http://www.langmaster.cz/comcz/French2/l04/a/home.htm">
                            cvičení 4</a>
  </p>
  <div class="row">
    <div class="col-md-2 ">
      <img src="/schools/eaimgmp3/french2/img/coursebook/lesson04/page31/1904h0111.jpg" />
    </div>
    <div class="col-md-10 ">
      <ListGroup IsStriped="true">
        <Noop>
            {{Ttrans}}
            <br /><GapFill id="g202" Width="200" CorrectValue="Et vous, vous avez quel âge?" InitValue="" /></Noop>
        <Noop>
            {{Ttrans1}}
            <br /><GapFill id="g302" Width="200" CorrectValue="Il fait froid ici!" InitValue="" /></Noop>
        <Noop>
            {{Ttrans2}}
            <br /><GapFill id="g402" Width="200" CorrectValue="Nous faisons du ski dans les Alpes." InitValue="" /></Noop>
        <Noop>
            {{Ttrans3}}
            <br /><GapFill id="g1062" Width="200" CorrectValue="Tu mets combien de temps pour faire cet exercice?|Combien de temps est-ce que tu mets pour faire cet exercice?|Combien de temps mets-tu pour faire cet exercice?" InitValue="" /></Noop>
        <Noop>
            {{Ttrans4}}
            <br /><GapFill id="g602" Width="200" CorrectValue="Bon anniversaire!" InitValue="" /></Noop>
        <Noop>
            {{Ttrans5}}
            <br /><GapFill id="g702" Width="200" CorrectValue="Qu’est-ce que tu deviens?" InitValue="" /></Noop>
        <Noop>
            {{Ttrans6}}
            <br /><GapFill id="g1066" Width="200" CorrectValue="Tu te rends compte! Elle a déjà 15 ans.|Tu te rends compte! Elle a 15 ans déjà." InitValue="" /></Noop>
        <Noop>
            {{Ttrans7}}
            <br /><GapFill id="g1069" Width="200" CorrectValue="Elle a l’air pas mal, cette voiture." InitValue="" /></Noop>
        <Noop>
            {{Ttrans8}}
            <br /><GapFill id="g1073" Width="200" CorrectValue="Il est en train de téléphoner.|Elle est en train de téléphoner." InitValue="" /></Noop>
      </ListGroup>
    </div>
  </div>
  <info title="Traduction" instrTitle="Savez-vous traduire ces phrases? Essayez de le faire!" instrs="FILLING_IN" />
</Page>