﻿<?xml version="1.0" encoding="utf-8"?>
<Page id="hufex2_l04_a06">
  <p>
    <a href="http://www.langmaster.cz/comcz/French2/l04/a/hufex2_l04_a06.htm">/French2/l04/a/hufex2_l04_a06.htm</a>
    <br />
    <a href="http://www.langmaster.cz/comcz/French2/l04/a/home.htm">
                            cvičení 6</a>
  </p>
  <div class="row">
    <div class="col-md-3 ">
      <img src="/schools/eaimgmp3/french2/img/coursebook/lesson04/page33/1870h0102.gif" />
    </div>
    <div class="col-md-9 ">
      <table>
        <tr>
          <td class=" middle">
              j’habit<GapFill id="g154" Width="200" CorrectValue="ais" InitValue="" /></td>
          <td class=" middle">
              nous all<GapFill id="g295" Width="200" CorrectValue="ions" InitValue="" /></td>
        </tr>
        <tr>
          <td class=" middle">
              tu rougiss<GapFill id="g814" Width="200" CorrectValue="ais" InitValue="" /></td>
          <td class=" middle">
              vous fais<GapFill id="g816" Width="200" CorrectValue="iez" InitValue="" /></td>
        </tr>
        <tr>
          <td class=" middle">
              il fall<GapFill id="g248" Width="200" CorrectValue="ait" InitValue="" /></td>
          <td class=" middle">
              ils m’adress<GapFill id="g389" Width="200" CorrectValue="aient" InitValue="" /> la parole
            </td>
        </tr>
      </table>
    </div>
  </div>
  <br />
  <div>
    <table>
      <tr>
        <td class=" middle">
          <h4>
            <b>Emploi</b>
          </h4>
        </td>
      </tr>
      <tr>
        <td class=" middle">
          <img src="/schools/eaimgmp3/french2/img/coursebook/lesson04/page33/04_030_01.gif" />
          <img src="/schools/eaimgmp3/french2/img/coursebook/lesson04/page33/04_030_03.gif" />
        </td>
      </tr>
      <tr>
        <td class=" middle">
          <i>J’habitais dans un port de pêche. </i>
          <i> Je portais toujours des pantalons.</i>
        </td>
      </tr>
      <tr>
        <td class=" middle">
          <b>Avec l’imparfait, vous pouvez décrire une situation passée,<br />une personne.</b>
        </td>
      </tr>
      <tr>
        <td class=" middle">
          <img src="/schools/eaimgmp3/french2/img/coursebook/lesson04/page33/04_030_02.gif" />
          <i>Je prenais le bus tous les matins.</i>
        </td>
      </tr>
      <tr>
        <td class=" middle">
          <b>Avec l’imparfait, vous pouvez aussi exprimer la répétition.</b>
        </td>
      </tr>
    </table>
  </div>
  <info title="Terminaisons de l’imparfait" instrTitle="Apprenez la formation de l’imparfait. Puis complétez les terminaisons à l’aide de l’exercice précédent." instrs="FILLING_IN" />
</Page>