﻿<?xml version="1.0" encoding="utf-8"?>
<Module title="Chapitre A">
   <Ex id="hufex2_l04_a01"
       title="Tranches de vie"
       instr="Ecoutez et complétez les légendes des photos (âge, année, lieu...)."
       tech_instr="FILLING_IN SOUND_PLAYBACK">
      <p>
         <a target="_blank"
            href="http://www.langmaster.cz/comcz/French2/l04/a/hufex2_l04_a01.htm">/French2/l04/a/hufex2_l04_a01.htm</a>
         <br/>
         <a target="_blank"
            href="http://www.langmaster.cz/comcz/French2/l04/a/home.htm">
                            cvičení 1</a>
      </p>
      <div class="row">
         <div class="col-md-1 ">
            <MediaBigMark Url="/schools/eaimgmp3/french2wma/lesson04/hufex2_l04_a01.mp3"
                          Sequence=""/>
         </div>
         <div class="col-md-11 ">
            <table class="table c-table">
               <tr>
                  <td class=" middle">
                     <img src="/schools/eaimgmp3/french2/img/coursebook/lesson04/page31/04_029_01.jpg"/>
                  </td>
                  <td class=" middle">
                     <img src="/schools/eaimgmp3/french2/img/coursebook/lesson04/page31/04_029_06.jpg"/>
                  </td>
                  <td class=" middle">
                     <img src="/schools/eaimgmp3/french2/img/coursebook/lesson04/page31/04_029_05.jpg"/>
                  </td>
               </tr>
               <tr>
                  <td class=" middle">
                     <GapFill id="g382"
                              CorrectValue="a"
                              Width="gap_fill-eval_mode:ignoreCase;2em"/>
                  </td>
                  <td class=" middle">
                     <GapFill id="g384"
                              CorrectValue="f"
                              Width="gap_fill-eval_mode:ignoreCase;2em"/>
                  </td>
                  <td class=" middle">
                     <GapFill id="g386"
                              CorrectValue="e"
                              Width="gap_fill-eval_mode:ignoreCase;2em"/>
                  </td>
               </tr>
               <tr>
                  <td class=" middle">
                     <img src="/schools/eaimgmp3/french2/img/coursebook/lesson04/page31/04_029_02.jpg"/>
                  </td>
                  <td class=" middle">
                     <img src="/schools/eaimgmp3/french2/img/coursebook/lesson04/page31/04_029_03.jpg"/>
                  </td>
                  <td class=" middle">
                     <img src="/schools/eaimgmp3/french2/img/coursebook/lesson04/page31/04_029_04.jpg"/>
                  </td>
               </tr>
               <tr>
                  <td class=" middle">
                     <GapFill id="g408"
                              CorrectValue="b"
                              Width="gap_fill-eval_mode:ignoreCase;2em"/>
                  </td>
                  <td class=" middle">
                     <GapFill id="g410"
                              CorrectValue="c"
                              Width="gap_fill-eval_mode:ignoreCase;2em"/>
                  </td>
                  <td class=" middle">
                     <GapFill id="g412"
                              CorrectValue="d"
                              Width="gap_fill-eval_mode:ignoreCase;2em"/>
                  </td>
               </tr>
            </table>
         </div>
      </div>
      <div class="col-md-5">
         <div class="panel panel-info">
            <div class="panel-heading">
               <h3>Imparfait</h3>
            </div>
            <div class="panel-body">
               <table class="table c-table">
                  <tr>
                     <td class=" middle ">
                        <p>
                           <b>porter</b>
                        </p>
                     </td>
                     <td class=" middle ">
                        <p>
            nous port-ons</p>
                     </td>
                     <td>
                        <p>
            je portais<br/>
            tu portais<br/>
            il / elle / on portait<br/>
            nous portions<br/>
            vous portiez<br/>
            ils / elles portaient
          </p>
                     </td>
                  </tr>
                  <tr>
                     <td>
                        <p>
                           <b>finir</b>
                        </p>
                     </td>
                     <td>
                        <p>
            nous finiss-ons
          </p>
                     </td>
                     <td>
                        <p>
            je finissais
          </p>
                     </td>
                  </tr>
                  <tr>
                     <td>
                        <p>
                           <b>prendre</b>
                        </p>
                     </td>
                     <td>
                        <p>
            nous pren-ons
          </p>
                     </td>
                     <td>
                        <p>
            je prenais
          </p>
                     </td>
                  </tr>
               </table>
            </div>
         </div>
      </div>
   </Ex>
   <Ex id="hufex2_l04_a02"
       title="Formation des mots"
       instr="Voilà un tableau. Complétez-le avec les mots qui correspondent."
       tech_instr="FILLING_IN">
      <p>
         <a target="_blank"
            href="http://www.langmaster.cz/comcz/French2/l04/a/hufex2_l04_a02.htm">/French2/l04/a/hufex2_l04_a02.htm</a>
         <br/>
         <a target="_blank"
            href="http://www.langmaster.cz/comcz/French2/l04/a/home.htm">
                            cvičení 2</a>
      </p>
      <div class="row">
         <div class="col-md-3 ">
            <img src="/schools/eaimgmp3/french2/img/homestudy/lesson04/page125/0267h0001.jpg"/>
         </div>
         <div class="col-md-9 ">
            <table class="table table-bordered c-table">
               <tr>
                  <td class=" middle">
                     <b>produire</b>
                  </td>
                  <td class=" middle">la production</td>
                  <td class=" middle">
              le <GapFill id="g159" CorrectValue="producteur" Width="200"/>
                  </td>
               </tr>
               <tr>
                  <td class=" middle">
                     <b>séduire</b>
                  </td>
                  <td class=" middle">
                     <GapFill id="g163" CorrectValue="la séduction" Width="200"/>
                  </td>
                  <td class=" middle">le séducteur</td>
               </tr>
               <tr>
                  <td class=" middle">
                     <b>traduire</b>
                  </td>
                  <td class=" middle">
                     <GapFill id="g168" CorrectValue="la traduction" Width="200"/>
                  </td>
                  <td class=" middle">
                     <GapFill id="g170" CorrectValue="le traducteur" Width="200"/>
                  </td>
               </tr>
               <tr>
                  <td class=" middle">
                     <b>(re)construire</b>
                  </td>
                  <td class=" middle">
                     <GapFill id="g174" CorrectValue="la construction" Width="200"/>
                  </td>
                  <td class=" middle">le constructeur</td>
               </tr>
               <tr>
                  <td class=" middle">
                     <b>conduire</b>
                  </td>
                  <td class=" middle">la conduite</td>
                  <td class=" middle">
                     <GapFill id="g180" CorrectValue="le conducteur" Width="200"/>
                  </td>
               </tr>
               <tr>
                  <td class=" middle">
                     <b>réduire</b>
                  </td>
                  <td class=" middle">
                     <GapFill id="g184" CorrectValue="la réduction" Width="200"/>
                  </td>
                  <td class=" middle"/>
               </tr>
            </table>
         </div>
      </div>
   </Ex>
   <Ex id="hufex2_l04_a03"
       title="Verbes "
       instr="Complétez les phrases avec les verbes produire, séduire, traduire, (re)construire, conduire et réduire à la forme qui convient."
       tech_instr="FILLING_IN">
      <p>
         <a target="_blank"
            href="http://www.langmaster.cz/comcz/French2/l04/a/hufex2_l04_a03.htm">/French2/l04/a/hufex2_l04_a03.htm</a>
         <br/>
         <a target="_blank"
            href="http://www.langmaster.cz/comcz/French2/l04/a/home.htm">
                            cvičení 3</a>
      </p>
      <Possibilities Words="(re)construire|traduire|séduire|réduire|produire|conduire"/>
      <div>
         <table class="table table-bordered c-table">
            <tr>
               <td>
          Dans les pays méditerranéens, les gens <GapFill id="g211" CorrectValue="conduisent" Width="200"/> trop vite.
        </td>
            </tr>
            <tr>
               <td>
          Aujourd’hui, ce pays <GapFill id="g260" CorrectValue="produit" Width="200"/> dix millions de tonnes d’acier par an.
        </td>
            </tr>
            <tr>
               <td>
                  <GapFill id="g583" CorrectValue="Traduis" Width="200"/> ce texte en français!
        </td>
            </tr>
            <tr>
               <td>
          Après le terrible tremblement de terre, on a <GapFill id="g358" CorrectValue="reconstruit" Width="200"/> tout le quartier.
        </td>
            </tr>
            <tr>
               <td>
          De plus en plus d’entreprises <GapFill id="g407" CorrectValue="réduisent" Width="200"/> leur personnel.
        </td>
            </tr>
            <tr>
               <td>
          Le nouveau prof de gymnastique <GapFill id="g456" CorrectValue="séduit" Width="200"/> toutes les jeunes femmes du club.
        </td>
            </tr>
         </table>
      </div>
      <div class="row">
         <div class="col-md-3 ">
            <img src="/schools/eaimgmp3/french2/img/homestudy/lesson04/page125/0267h0001.jpg"/>
         </div>
         <div class="col-md-9 ">
            <div class="panel panel-info">
               <div class="panel-heading">
                  <h3>conduire</h3>
               </div>
               <div class="panel-body">
                  <p>
            je conduis<br/>
            tu conduis<br/>
            il / elle / on conduit<br/>
            nous conduisons<br/>
            vous conduisez<br/>
            ils / elles conduisent
          </p>
                  <p>
            j’ai conduit...
          </p>
               </div>
            </div>
         </div>
      </div>
   </Ex>
   <Ex id="hufex2_l04_a04"
       title="Traduction"
       instr="Savez-vous traduire ces phrases? Essayez de le faire!"
       tech_instr="FILLING_IN">
      <p>
         <a target="_blank"
            href="http://www.langmaster.cz/comcz/French2/l04/a/hufex2_l04_a04.htm">/French2/l04/a/hufex2_l04_a04.htm</a>
         <br/>
         <a target="_blank"
            href="http://www.langmaster.cz/comcz/French2/l04/a/home.htm">
                            cvičení 4</a>
      </p>
      <div class="row">
         <div class="col-md-2 ">
            <img src="/schools/eaimgmp3/french2/img/coursebook/lesson04/page31/1904h0111.jpg"/>
         </div>
         <div class="col-md-10 ">
            <ListGroup IsStriped="true">
               <Noop>
            {{Ttrans}}
            <br/>
                  <GapFill id="g202" CorrectValue="Et vous, vous avez quel âge?" Width="200"/>
               </Noop>
               <Noop>
            {{Ttrans1}}
            <br/>
                  <GapFill id="g302" CorrectValue="Il fait froid ici!" Width="200"/>
               </Noop>
               <Noop>
            {{Ttrans2}}
            <br/>
                  <GapFill id="g402"
                           CorrectValue="Nous faisons du ski dans les Alpes."
                           Width="200"/>
               </Noop>
               <Noop>
            {{Ttrans3}}
            <br/>
                  <GapFill id="g1062"
                           CorrectValue="Tu mets combien de temps pour faire cet exercice?|Combien de temps est-ce que tu mets pour faire cet exercice?|Combien de temps mets-tu pour faire cet exercice?"
                           Width="200"/>
               </Noop>
               <Noop>
            {{Ttrans4}}
            <br/>
                  <GapFill id="g602" CorrectValue="Bon anniversaire!" Width="200"/>
               </Noop>
               <Noop>
            {{Ttrans5}}
            <br/>
                  <GapFill id="g702" CorrectValue="Qu’est-ce que tu deviens?" Width="200"/>
               </Noop>
               <Noop>
            {{Ttrans6}}
            <br/>
                  <GapFill id="g1066"
                           CorrectValue="Tu te rends compte! Elle a déjà 15 ans.|Tu te rends compte! Elle a 15 ans déjà."
                           Width="200"/>
               </Noop>
               <Noop>
            {{Ttrans7}}
            <br/>
                  <GapFill id="g1069"
                           CorrectValue="Elle a l’air pas mal, cette voiture."
                           Width="200"/>
               </Noop>
               <Noop>
            {{Ttrans8}}
            <br/>
                  <GapFill id="g1073"
                           CorrectValue="Il est en train de téléphoner.|Elle est en train de téléphoner."
                           Width="200"/>
               </Noop>
            </ListGroup>
         </div>
      </div>
   </Ex>
   <Ex id="hufex2_l04_a05"
       title="On se souvient de ..."
       instr="Regardez les dessins et retrouvez les commentaires correspondants. Puis reliez les dessins avec les commentaires."
       tech_instr="FILLING_IN">
      <p>
         <a target="_blank"
            href="http://www.langmaster.cz/comcz/French2/l04/a/hufex2_l04_a05.htm">/French2/l04/a/hufex2_l04_a05.htm</a>
         <br/>
         <a target="_blank"
            href="http://www.langmaster.cz/comcz/French2/l04/a/home.htm">
                            cvičení 5</a>
      </p>
      <div>
         <table class="table c-table">
            <tr>
               <td class=" middle">
                  <b>1.</b>
               </td>
               <td class=" middle">
                  <img src="/schools/eaimgmp3/french2/img/coursebook/lesson04/page32/04_030_01.gif"/>
               </td>
               <td class=" middle">
                  <b>2.</b>
               </td>
               <td class=" middle">
                  <img src="/schools/eaimgmp3/french2/img/coursebook/lesson04/page32/04_030_02.gif"/>
               </td>
               <td class=" middle">
                  <b>3.</b>
               </td>
               <td class=" middle">
                  <img src="/schools/eaimgmp3/french2/img/coursebook/lesson04/page32/04_030_03.gif"/>
               </td>
            </tr>
            <tr>
               <td class=" middle">
                  <b>4.</b>
               </td>
               <td class=" middle">
                  <img src="/schools/eaimgmp3/french2/img/coursebook/lesson04/page32/04_030_04.gif"/>
               </td>
               <td class=" middle">
                  <b>5.</b>
               </td>
               <td class=" middle">
                  <img src="/schools/eaimgmp3/french2/img/coursebook/lesson04/page32/04_030_05.gif"/>
               </td>
               <td class=" middle">
                  <b>6.</b>
               </td>
               <td class=" middle">
                  <img src="/schools/eaimgmp3/french2/img/coursebook/lesson04/page32/04_030_06.gif"/>
               </td>
            </tr>
            <tr>
               <td class=" middle"/>
               <td class=" middle"/>
               <td class=" middle">
                  <b>7.</b>
               </td>
               <td class=" middle">
                  <img src="/schools/eaimgmp3/french2/img/coursebook/lesson04/page32/04_030_07.gif"/>
               </td>
               <td class=" middle"/>
               <td class=" middle"/>
            </tr>
         </table>
      </div>
      <div>
         <table class="table c-table">
            <tr>
               <td class=" middle">
                  <GapFill id="g157" CorrectValue="1" Width="38"/>
               </td>
               <td class=" middle">J’habitais dans un port de pêche. Le village était si petit que tout le monde se connaissait.</td>
            </tr>
            <tr>
               <td class=" middle">
                  <GapFill id="g161" CorrectValue="7" Width="38"/>
               </td>
               <td class=" middle">Pendant les vacances, nous allions souvent chez mes grands-parents. Je m’ennuyais à mourir. On passait des heures à table. Il me tardait de retourner chez moi.</td>
            </tr>
            <tr>
               <td class=" middle">
                  <GapFill id="g165" CorrectValue="2" Width="38"/>
               </td>
               <td class=" middle">Comme il n’y avait pas de collège, je prenais le bus tous les matins jusqu’à la ville voisine. Il fallait se lever tôt et quelquefois je le ratais.</td>
            </tr>
            <tr>
               <td class=" middle">
                  <GapFill id="g169" CorrectValue="6" Width="38"/>
               </td>
               <td class=" middle">Mes copines et moi, on faisait souvent des balades à la mer. J’aimais bien ça, la mer. D’ailleurs, je voulais devenir capitaine de bateau ou marin au long cours.</td>
            </tr>
            <tr>
               <td class=" middle">
                  <GapFill id="g173" CorrectValue="3" Width="38"/>
               </td>
               <td class=" middle">Je me trouvais plutôt moche avec mes cheveux frisés et mes taches de rousseur. Je portais toujours des pantalons. Des pattes d’éph’ et des pulls serrés. C’était la mode à l’époque.</td>
            </tr>
            <tr>
               <td class=" middle">
                  <GapFill id="g177" CorrectValue="5" Width="38"/>
               </td>
               <td class=" middle">J’étais amoureuse de mon prof de musique. Il jouait si bien de la flûte ! En classe, je ne le quittais pas des yeux. Moi, par contre, je chantais vraiment faux.</td>
            </tr>
            <tr>
               <td class=" middle">
                  <GapFill id="g181" CorrectValue="4" Width="38"/>
               </td>
               <td class=" middle">J’étais drôlement timide. Je rougissais tout le temps quand les garçons m’adressaient la parole.</td>
            </tr>
         </table>
      </div>
      <div class="col-md-7">
         <div class="panel panel-info">
            <div class="panel-heading">
               <h3>{{Aboxtitle}}</h3>
            </div>
            <div class="panel-body">
               <p>
          - {{Ttrans}}<br/>
          - {{Ttrans1}}<br/>
          - {{Ttrans2}}<br/>
          - {{Ttrans3}}
        </p>
            </div>
         </div>
      </div>
   </Ex>
   <Ex id="hufex2_l04_a06"
       title="Terminaisons de l’imparfait"
       instr="Apprenez la formation de l’imparfait. Puis complétez les terminaisons à l’aide de l’exercice précédent."
       tech_instr="FILLING_IN">
      <p>
         <a target="_blank"
            href="http://www.langmaster.cz/comcz/French2/l04/a/hufex2_l04_a06.htm">/French2/l04/a/hufex2_l04_a06.htm</a>
         <br/>
         <a target="_blank"
            href="http://www.langmaster.cz/comcz/French2/l04/a/home.htm">
                            cvičení 6</a>
      </p>
      <div class="row">
         <div class="col-md-3 ">
            <img src="/schools/eaimgmp3/french2/img/coursebook/lesson04/page33/1870h0102.gif"/>
         </div>
         <div class="col-md-9 ">
            <table class="table c-table">
               <tr>
                  <td class=" middle">
              j’habit<GapFill id="g154" CorrectValue="ais" Width="200"/>
                  </td>
                  <td class=" middle">
              nous all<GapFill id="g295" CorrectValue="ions" Width="200"/>
                  </td>
               </tr>
               <tr>
                  <td class=" middle">
              tu rougiss<GapFill id="g814" CorrectValue="ais" Width="200"/>
                  </td>
                  <td class=" middle">
              vous fais<GapFill id="g816" CorrectValue="iez" Width="200"/>
                  </td>
               </tr>
               <tr>
                  <td class=" middle">
              il fall<GapFill id="g248" CorrectValue="ait" Width="200"/>
                  </td>
                  <td class=" middle">
              ils m’adress<GapFill id="g389" CorrectValue="aient" Width="200"/> la parole
            </td>
               </tr>
            </table>
         </div>
      </div>
      <br/>
      <div>
         <table class="table c-table">
            <tr>
               <td class=" middle">
                  <h4>
                     <b>Emploi</b>
                  </h4>
               </td>
            </tr>
            <tr>
               <td class=" middle">
                  <img src="/schools/eaimgmp3/french2/img/coursebook/lesson04/page33/04_030_01.gif"/>
                  <img src="/schools/eaimgmp3/french2/img/coursebook/lesson04/page33/04_030_03.gif"/>
               </td>
            </tr>
            <tr>
               <td class=" middle">
                  <i>J’habitais dans un port de pêche. </i>
                  <i> Je portais toujours des pantalons.</i>
               </td>
            </tr>
            <tr>
               <td class=" middle">
                  <b>Avec l’imparfait, vous pouvez décrire une situation passée,<br/>une personne.</b>
               </td>
            </tr>
            <tr>
               <td class=" middle">
                  <img src="/schools/eaimgmp3/french2/img/coursebook/lesson04/page33/04_030_02.gif"/>
                  <i>Je prenais le bus tous les matins.</i>
               </td>
            </tr>
            <tr>
               <td class=" middle">
                  <b>Avec l’imparfait, vous pouvez aussi exprimer la répétition.</b>
               </td>
            </tr>
         </table>
      </div>
   </Ex>
   <Ex id="hufex2_l04_a07"
       title="La gloire de mon père"
       instr="Mettez les verbes soulignés à l’imparfait."
       tech_instr="CORRECTION">
      <p>
         <a target="_blank"
            href="http://www.langmaster.cz/comcz/French2/l04/a/hufex2_l04_a07.htm">/French2/l04/a/hufex2_l04_a07.htm</a>
         <br/>
         <a target="_blank"
            href="http://www.langmaster.cz/comcz/French2/l04/a/home.htm">
                            cvičení 7</a>
      </p>
      <div class="row">
         <div class="col-md-2 ">
            <img src="/schools/eaimgmp3/french2/img/coursebook/lesson04/page33/04_031_02a.gif"/>
         </div>
         <div class="col-md-10 ">
            <table class="table table-bordered c-table">
               <tr>
                  <td>
            «Mon grand-père <GapFill id="g154" CorrectValue="était" InitValue="être" Width="200"/> petit, mais large d’épaules, et fortement musclé. Lorsque je l’ai connu, il <GapFill id="g155" CorrectValue="portait" InitValue="porter" Width="200"/> de longues boucles blanches qui <GapFill id="g156"
                              CorrectValue="descendaient"
                              InitValue="descendre"
                              Width="200"/> jusqu’à son col. Son visage <GapFill id="g157" CorrectValue="était" InitValue="être" Width="200"/> fin et ses yeux noirs <GapFill id="g158"
                              CorrectValue="brillaient"
                              InitValue="briller"
                              Width="200"/> comme des olives mûres. Il me <GapFill id="g159" CorrectValue="parlait" InitValue="parler" Width="200"/> parfois, très gravement, de son métier. Quand il <GapFill id="g160" CorrectValue="avait" InitValue="avoir" Width="200"/> un jour de liberté – c’est-à-dire cinq ou six fois par an – il <GapFill id="g161"
                              CorrectValue="emmenait"
                              InitValue="emmener"
                              Width="200"/> toute la famille déjeuner sur l’herbe, à cinquante mètres du pont du Gard. Pendant que ma grand-mère <GapFill id="g162"
                              CorrectValue="préparait"
                              InitValue="préparer"
                              Width="200"/> le repas et que les enfants <GapFill id="g163"
                              CorrectValue="se baignaient"
                              InitValue="se baigner"
                              Width="200"/> dans la rivière, il <GapFill id="g164"
                              CorrectValue="examinait"
                              InitValue="examiner"
                              Width="200"/> le monument, <GapFill id="g165"
                              CorrectValue="caressait"
                              InitValue="caresser"
                              Width="200"/> des pierres. Après le déjeuner, il <GapFill id="g166"
                              CorrectValue="s’asseyait"
                              InitValue="s’asseoir"
                              Width="200"/> dans l’herbe et jusqu’au soir il <GapFill id="g167"
                              CorrectValue="regardait"
                              InitValue="regarder"
                              Width="200"/> le pont du Gard. C’est pourquoi trente ans plus tard, ses fils et ses filles, au seul nom du pont du Gard, <GapFill id="g168" CorrectValue="levaient" InitValue="lever" Width="200"/> les yeux au ciel et <GapFill id="g169"
                              CorrectValue="poussaient"
                              InitValue="pousser"
                              Width="200"/> de longs gémissements.»
          </td>
               </tr>
            </table>
         </div>
      </div>
      <div class="col-md-7">
         <div class="panel panel-info">
            <div class="panel-heading">
               <h3>Marcel Pagnol</h3>
            </div>
            <div class="panel-body">
               <p>
          - {{Ttrans}},<br/>
          - {{Ttrans1}};<br/>
          - “La Gloire de mon père” (1957)
          <br/>
          - {{Ttrans2}}
        </p>
            </div>
         </div>
      </div>
   </Ex>
   <Ex id="hufex2_l04_a08"
       title="Souvenirs de voyage"
       instr="A vous. Complétez les phrases suivantes en mettant les verbes à l’imparfait."
       tech_instr="CORRECTION">
      <p>
         <a target="_blank"
            href="http://www.langmaster.cz/comcz/French2/l04/a/hufex2_l04_a08.htm">/French2/l04/a/hufex2_l04_a08.htm</a>
         <br/>
         <a target="_blank"
            href="http://www.langmaster.cz/comcz/French2/l04/a/home.htm">
                            cvičení 8</a>
      </p>
      <div>
         <img src="/schools/eaimgmp3/french2/img/coursebook/lesson04/page33/c260h0068.jpg"/>
      </div>
      <div>
         <table class="table table-bordered c-table">
            <tr>
               <td>
          Quand j’étais en Islande, je <GapFill id="g156" CorrectValue="faisais" InitValue="faire" Width="200"/> de grandes randonnées malgré le froid.
        </td>
            </tr>
            <tr>
               <td>
          A Cuba, on <GapFill id="g205" CorrectValue="buvait" InitValue="boire" Width="200"/> beaucoup de rhum et on <GapFill id="g206" CorrectValue="dansait" InitValue="danser" Width="200"/> la salsa toutes les nuits. Les gens là-bas <GapFill id="g207" CorrectValue="étaient" InitValue="être" Width="200"/> très sympathiques.
        </td>
            </tr>
            <tr>
               <td>
          Dans le désert, nous <GapFill id="g256" CorrectValue="avions" InitValue="avoir" Width="200"/> toujours soif. Comme il y <GapFill id="g257" CorrectValue="avait" InitValue="avoir" Width="200"/> très peu d’eau, nous <GapFill id="g258"
                           CorrectValue="nous lavions"
                           InitValue="se laver"
                           Width="200"/> rarement.
        </td>
            </tr>
            <tr>
               <td>
          En Irlande, il <GapFill id="g307"
                           CorrectValue="pleuvait"
                           InitValue="pleuvoir"
                           Width="200"/> presque tous les jours. Il <GapFill id="g308"
                           CorrectValue="fallait"
                           InitValue="falloir"
                           Width="200"/> toujours avoir un parapluie avec soi.
        </td>
            </tr>
            <tr>
               <td>
          En Australie, on <GapFill id="g357" CorrectValue="vivait" InitValue="vivre" Width="200"/> au jour le jour. On <GapFill id="g358" CorrectValue="rêvait" InitValue="rêver" Width="200"/> d’aventure. Nous <GapFill id="g359"
                           CorrectValue="nous plaisions"
                           InitValue="se plaire"
                           Width="200"/> dans ce pays lointain. On <GapFill id="g360"
                           CorrectValue="prenait"
                           InitValue="prendre"
                           Width="200"/> le temps de vivre.
        </td>
            </tr>
            <tr>
               <td>
          Au Pérou, vous <GapFill id="g409"
                           CorrectValue="pouviez"
                           InitValue="pouvoir"
                           Width="200"/> admirer la beauté fascinante des Andes.
        </td>
            </tr>
            <tr>
               <td>
          A Java, je <GapFill id="g458"
                           CorrectValue="mangeais"
                           InitValue="manger"
                           Width="200"/> beaucoup de riz et de fruits exotiques. Ils <GapFill id="g459" CorrectValue="avaient" InitValue="avoir" Width="200"/> un goût excellent.
        </td>
            </tr>
            <tr>
               <td>
          En Chine, je ne <GapFill id="g508"
                           CorrectValue="comprenais"
                           InitValue="comprendre"
                           Width="200"/> pas la langue. Peu de gens <GapFill id="g509"
                           CorrectValue="parlaient"
                           InitValue="parler"
                           Width="200"/> anglais.
        </td>
            </tr>
            <tr>
               <td>
          A Venise, nous <GapFill id="g558"
                           CorrectValue="voulions"
                           InitValue="vouloir"
                           Width="200"/> visiter tous les palais.
        </td>
            </tr>
         </table>
      </div>
   </Ex>
   <Ex id="hufex2_l04_a09"
       title="Que faisaient-ils?"
       instr="Plusieurs personnes vous parlent. Ecoutez-les et complétez le tableau."
       tech_instr="FILLING_IN SOUND_PLAYBACK">
      <p>
         <a target="_blank"
            href="http://www.langmaster.cz/comcz/French2/l04/a/hufex2_l04_a09.htm">/French2/l04/a/hufex2_l04_a09.htm</a>
         <br/>
         <a target="_blank"
            href="http://www.langmaster.cz/comcz/French2/l04/a/home.htm">
                            cvičení 9</a>
      </p>
      <div class="row">
         <div class="col-md-2 ">
            <img src="/schools/eaimgmp3/french2/img/homestudy/lesson04/page126/0800h0212.jpg"/>
         </div>
         <div class="col-md-10 ">
            <MediaBigMark Url="/schools/eaimgmp3/french2wma/lesson04/hufex2_l04_a09.mp3"
                          Sequence=""/>
            <table class="table table-bordered c-table">
               <tr>
                  <td class="c-table-default middle"/>
                  <td class="c-table-default middle">profession</td>
                  <td class="c-table-default middle">lieu de travail</td>
               </tr>
               <tr>
                  <td class=" middle">
                     <b>1<sup>ère</sup> personne
            </b>
                  </td>
                  <td class=" middle">
                     <GapFill id="g164" CorrectValue="ouvreuse" Width="200"/>
                  </td>
                  <td class=" middle">
                     <GapFill id="g166" CorrectValue="Biarritz" Width="200"/>
                  </td>
               </tr>
               <tr>
                  <td class=" middle">
                     <b>
              2<sup>ème</sup> personne
          </b>
                  </td>
                  <td class=" middle">
                     <GapFill id="g170" CorrectValue="pêcheur" Width="200"/>
                  </td>
                  <td class=" middle">
                     <GapFill id="g172" CorrectValue="Port-Vendres" Width="200"/>
                  </td>
               </tr>
               <tr>
                  <td class=" middle">
                     <b>
            3<sup>ème</sup> personne
          </b>
                  </td>
                  <td class=" middle">
                     <GapFill id="g176" CorrectValue="concierge" Width="200"/>
                  </td>
                  <td class=" middle">
                     <GapFill id="g178" CorrectValue="Paris" Width="200"/>
                  </td>
               </tr>
               <tr>
                  <td class=" middle">
                     <b>
            4<sup>ème</sup> personne</b>
                  </td>
                  <td class=" middle">
                     <GapFill id="g182" CorrectValue="facteur" Width="200"/>
                  </td>
                  <td class=" middle">
                     <GapFill id="g184" CorrectValue="Cévennes" Width="200"/>
                  </td>
               </tr>
            </table>
         </div>
      </div>
   </Ex>
</Module>
