﻿<?xml version="1.0" encoding="utf-8"?>
<Module title="Bases of European Law and Citizenship">
   <Ex id="ex0"
       title="European Law"
       instr="{{:~CSLocalize(null,'Listen carefully to the recording and number the parts of the dialogue as you hear them.')}}"
       tech_instr="FILLING_IN SOUND_PLAYBACK">
      <div class="row">
         <div class="col-md-1">
            <img src="/jslib/ea/img/sdmarkbig.gif" alt="Play"/>
        TODO Sound
        <!--~/EuroEnglishWma/Chapter2/europeanlaw.wma-->
        TODO Sound
        </div>
         <div class="col-md-11">
            <table class="table table-bordered c-table">
               <tr>
                  <td class=" middle">
                     <GapFill id="d1e496" CorrectValue="6" InitValue="" Example=""/>
                  </td>
                  <td class=" middle">EU official:</td>
                  <td class=" middle">All the principles, policies, laws, practices and goals agreed and developed within the EU are known as the acquis communautaire. This includes case-law that has resulted from decisions taken by the European Court of Justice. But the foundation of the EU legal system is provided by six major treaties, which set out the basic goals and principles of European integration, and describe the powers of EU institutions and of the member states in relation to the EU. They have also spawned thousands of individual laws, which come in five main forms.</td>
               </tr>
               <tr>
                  <td class=" middle">
                     <GapFill id="d1e494" CorrectValue="4" InitValue="" Example=""/>
                  </td>
                  <td class=" middle">EU official:</td>
                  <td class=" middle">The most important difference between the EU and any other “international organization” is that it has built a body of law that is binding on all member states. This body of law supersedes national laws when they conflict and is backed up by rulings from the European Court of Justice. The creation of this body involved the voluntary surrender of powers by member states in a broad range of policy areas, and the development of a new level of administrative authority to which the member states are subject.</td>
               </tr>
               <tr>
                  <td class=" middle">
                     <GapFill id="d1e492" CorrectValue="2" InitValue="" Example=""/>
                  </td>
                  <td class=" middle">EU official:</td>
                  <td class=" middle">It’s hard to sum them up because the system is very complex but, I’d like to mention one of the general principles, which is respect for the democratic principles and human rights outlined by the Helsinki Final Act and the Charter of Paris. </td>
               </tr>
               <tr>
                  <td class=" middle">
                     <GapFill id="d1e498" CorrectValue="8" InitValue="" Example=""/>
                  </td>
                  <td class=" middle">EU official:</td>
                  <td class=" middle">
              Yes, firstly, REGULATIONS are the most powerful and play a central role. They are narrow in intent and often designed to amend or adjust an existing law. Regulations are binding on all member states, and take immediate effect on a specified date.
              <br/>
              The second, DIRECTIVES, are binding on member states in terms of goals, but it is up to the states to decide how to achieve those goals. Directives usually include a date by which national procedures must be established.
              <br/>
              Then DECISIONS are also binding; they are specific in content and are aimed at one or more member states, at institutions or even at individuals.
              <br/>
              And finally, RECOMMENDATIONS AND OPINIONS which are not binding. It is debatable whether they can truly be termed law. They are sometimes used to encourage or provide for adherence to classification of regulations, directives and decisions.
            </td>
               </tr>
               <tr>
                  <td class=" middle">
                     <GapFill id="d1e49" CorrectValue="1" InitValue="" Example=""/>
                  </td>
                  <td class=" middle">Journalist:</td>
                  <td class=" middle">Could you tell us something about the legal principles governing the European Union?</td>
               </tr>
               <tr>
                  <td class=" middle">
                     <GapFill id="d1e4910" CorrectValue="10" InitValue="" Example=""/>
                  </td>
                  <td class=" middle">EU official:</td>
                  <td class=" middle">Acquis communautaire means everything that was decided and agreed upon since the establishment of the Community, whatever the form in which this was done, whether legally binding or not. It refers to the body of rules, which governs the Community in whatever field of activity.</td>
               </tr>
               <tr>
                  <td class=" middle">
                     <GapFill id="d1e495" CorrectValue="5" InitValue="" Example=""/>
                  </td>
                  <td class=" middle">Journalist:</td>
                  <td class=" middle">It sounds like an artificial system with a logical structure. Could you explain the structure and terminology? </td>
               </tr>
               <tr>
                  <td class=" middle">
                     <GapFill id="d1e4911" CorrectValue="11" InitValue="" Example=""/>
                  </td>
                  <td class=" middle">Journalist:</td>
                  <td class=" middle">Ok, thank you very much for your time. Next time we will speak about the ...</td>
               </tr>
               <tr>
                  <td class=" middle">
                     <GapFill id="d1e499" CorrectValue="9" InitValue="" Example=""/>
                  </td>
                  <td class=" middle">Journalist:</td>
                  <td class=" middle">We have encountered the term acquis communautaire. In what terms is it specific?</td>
               </tr>
               <tr>
                  <td class=" middle">
                     <GapFill id="d1e497" CorrectValue="7" InitValue="" Example=""/>
                  </td>
                  <td class=" middle">Journalist:</td>
                  <td class=" middle">Could you be more specific and define those five main forms?</td>
               </tr>
               <tr>
                  <td class=" middle">
                     <GapFill id="d1e493" CorrectValue="3" InitValue="" Example=""/>
                  </td>
                  <td class=" middle">Journalist:</td>
                  <td class=" middle">What is the basis of the European law? How does it differ from “national law”?</td>
               </tr>
            </table>
         </div>
      </div>
   </Ex>
   <Ex id="ex1"
       title="Asking the right questions"
       instr="{{:~CSLocalize(null,'Form questions to go with these answers.')}}"
       tech_instr="WORD_SEQUENCING">
      <div class="row">
         <div class="col-md-12">
            <div class="row">
               <div class="col-md-12">
                  <div>
                     <MacroListWordOrdering Width="600-800" InlineType="GapFill"><![CDATA[
when|?|and|conflict|happens|law|European|national|What
What happens when European and national law conflict ?]]></MacroListWordOrdering>
                  </div>
                  <div>
                European Law supersedes national laws if such a situation occurs.
              </div>
               </div>
            </div>
            <div class="row">
               <div class="col-md-12">
                  <div>
                     <MacroListWordOrdering Width="600-800" InlineType="GapFill"><![CDATA[
the|?|provides|What|EU|foundation|for|order|the|legal
What provides the foundation for the EU legal order ?]]></MacroListWordOrdering>
                  </div>
                  <div>
                Six major treaties.
              </div>
               </div>
            </div>
            <div class="row">
               <div class="col-md-12">
                  <div>
                     <MacroListWordOrdering Width="600-800" InlineType="GapFill"><![CDATA[
of|binding|law|EU|?|are|Which|forms
Which forms of EU law are binding ?]]></MacroListWordOrdering>
                  </div>
                  <div>
                Three of the five forms are binding – regulations, directives and decisions.
              </div>
               </div>
            </div>
            <div class="row">
               <div class="col-md-12">
                  <div>
                     <MacroListWordOrdering Width="600-800" InlineType="GapFill"><![CDATA[
decisions|on|member|all|states|?|binding|Are
Are decisions binding on all member states ?]]></MacroListWordOrdering>
                  </div>
                  <div>
                No, they’re not. They’re aimed at individual states, even at specific institutions.
              </div>
               </div>
            </div>
         </div>
      </div>
   </Ex>
   <Ex id="ex2"
       title="How European Law works"
       instr="{{:~CSLocalize(null,'Arrange the second parts of the sentences to match the first parts.')}}"
       tech_instr="PAIRING">
      <div class="row">
         <div class="col-md-12">
            <Pairing id="pairing1">
               <PairingItem>European Law<Right>supersedes national law.</Right>
               </PairingItem>
               <PairingItem>The creation of the European body of law<Right>involved voluntary surrender of national law.</Right>
               </PairingItem>
               <PairingItem>Case law<Right>has resulted from the decisions taken the European Court of Justice.</Right>
               </PairingItem>
               <PairingItem>Regulations<Right>amend or adjust existing laws.</Right>
               </PairingItem>
               <PairingItem>Directives<Right>are binding in terms of goals.</Right>
               </PairingItem>
            </Pairing>
         </div>
      </div>
      <div class="row">
         <div class="col-md-12">
            <img src="img/orel.jpg"/>
         </div>
      </div>
   </Ex>
   <Ex id="ex4"
       title="Summary"
       instr="{{:~CSLocalize(null,'Fill in the missing words.')}}"
       tech_instr="FILLING_IN_FROM_A_LIST">
      <div>
         <DragSource/>
      </div>
      <div class="row">
         <div class="col-md-12">
        The Treaty of Amsterdam dealt with matters <DragTarget id="d1e23" CorrectValue="relating" InitValue="" Example=""/>
        to asylum, visas, and immigration. External border controls were also made <DragTarget id="d1e232" CorrectValue="subject" InitValue="" Example=""/>
        to EU rules and <DragTarget id="d1e233" CorrectValue="procedures" InitValue="" Example=""/>
        . Besides this, <DragTarget id="d1e234" CorrectValue="cooperation" InitValue="" Example=""/>
        between police <DragTarget id="d1e235" CorrectValue="forces" InitValue="" Example=""/>
        was strengthened. Other areas affected were policies on employment, <DragTarget id="d1e236" CorrectValue="sustainable" InitValue="" Example=""/>
        development, human health protection and consumer <DragTarget id="d1e237" CorrectValue="protection" InitValue="" Example=""/>
        . The treaty also made a number of small changes to the structure of the EU institutions. In order to <DragTarget id="d1e238" CorrectValue="promote" InitValue="" Example=""/>
        coherent, effective and transparent <DragTarget id="d1e239" CorrectValue="foreign" InitValue="" Example=""/>
        policy, a policy-planning unit was <DragTarget id="d1e2310" CorrectValue="established" InitValue="" Example=""/>
        . Decision-making processes were <DragTarget id="d1e2311" CorrectValue="simplified" InitValue="" Example=""/> , etc. Several changes were also made to institutional practices.
      </div>
      </div>
      <div class="row">
         <div class="col-md-12">
            <img src="img/cesticka_reka.jpg"/>
         </div>
      </div>
   </Ex>
</Module>
