﻿<?xml version="1.0" encoding="utf-8"?>
<Page id="hufex1_l02_a03">
  <p>
    <a href="http://www.langmaster.cz/comcz/French1/l02/a/hufex1_l02_a03.htm">/French1/l02/a/hufex1_l02_a03.htm</a>
    <br />
    <a href="http://www.langmaster.cz/comcz/French1/l02/a/home.htm">
                            cvičení 3</a>
  </p>
  <div class="row">
    <div class="col-md-12 ">
      <b>
          {{Ttrans}}
        </b>
      <br />
        Mme Martin, c’est <GapFill id="g199" CorrectValue="vous" InitValue="vous" />?
      </div>
  </div>
  <div>
    <table class="table table-bordered c-table">
      <tr>
        <td class=" middle">
          <GapFill id="g251" Width="200" CorrectValue="Moi" InitValue="" />, je suis Monsieur Pei. Je suis architecte. Et <GapFill id="g252" Width="200" CorrectValue="vous" InitValue="" />, vous êtes Monsieur Savin?
          </td>
      </tr>
      <tr>
        <td class=" middle">
          <GapFill id="g301" Width="200" CorrectValue="Lui" InitValue="" />, il habite à Bruxelles. <GapFill id="g302" Width="200" CorrectValue="Elle" InitValue="" />, elle habite à Genève.
          </td>
      </tr>
      <tr>
        <td class=" middle">
            Madame Séverin, c’est <GapFill id="g351" Width="200" CorrectValue="vous" InitValue="" />? ­ Non, <GapFill id="g352" Width="200" CorrectValue="moi" InitValue="" />, je suis Madame Duchemin.
          </td>
      </tr>
      <tr>
        <td class=" middle">
            Salut, Corinne! Ça va? – Bien, merci! Et <GapFill id="g401" Width="200" CorrectValue="toi" InitValue="" />?
          </td>
      </tr>
      <tr>
        <td class=" middle">
            Nicolas, Nicolas, toujours <GapFill id="g450" Width="200" CorrectValue="lui" InitValue="" />!
          </td>
      </tr>
      <tr>
        <td class=" middle">
            Tu habites toujours rue des Rosiers? – Oui, et <GapFill id="g499" Width="200" CorrectValue="toi" InitValue="" />, rue de Rivoli?
          </td>
      </tr>
    </table>
  </div>
  <div class="row">
    <div class="col-md-2 ">
      <img src="/schools/eaimgmp3/french1/img/coursebook/lesson02/page15/0684h0672.gif" />
    </div>
    <div class="col-md-10 ">
      <div class="row">
        <div class="col-md-12 ">
          <div class="panel panel-info">
            <div class="panel-body">
              <table class="table c-table">
                <tr>
                  <td>
                    je (j’)<br />
                    tu<br />
                    il/elle
                  </td>
                  <td />
                  <td>
                    nous<br />
                    vous<br />
                    ils/elles
                  </td>
                </tr>
              </table>
            </div>
          </div>
        </div>
      </div>
      <div class="row">
        <div class="col-md-12 ">
          <div class="panel panel-info">
            <div class="panel-body">
              <table class="table c-table">
                <tr>
                  <td>
                    <b>
                      moi<br />
                      toi<br />
                      lui<br />
                      elle<br />
                      vous
                    </b>
                  </td>
                  <td>
                    C’est moi!<br />
                    C’est toi, Corinne?<br />
                    Lui, il habite à Lyon.<br />
                    Elle, elle est architecte.<br />
                    Et vous?
                  </td>
                </tr>
              </table>
            </div>
          </div>
        </div>
      </div>
    </div>
  </div>
  <info title="C’est toi?" instrTitle="{{Ahtmltitle}}" instrs="FILLING_IN" />
</Page>