﻿<?xml version="1.0" encoding="utf-8"?>
<Page id="hufex1_l02_a04">
  <p>
    <a href="http://www.langmaster.cz/comcz/French1/l02/a/hufex1_l02_a04.htm">/French1/l02/a/hufex1_l02_a04.htm</a>
    <br />
    <a href="http://www.langmaster.cz/comcz/French1/l02/a/home.htm">
                            cvičení 4</a>
  </p>
  <div class="row">
    <div class="col-md-2 ">
      <img src="/schools/eaimgmp3/french1/img/coursebook/lesson02/page16/1661h0171.gif" />
    </div>
    <div class="col-md-10 ">
      <MacroTable Width="600-800" InlineType="GapFill"><![CDATA[
{5}\Non, j$rsquo;habite place d’Italie.
{1}\Salut, Sylvie!
{4}\Ça va. Tu habites toujours rue de Lille?
{2}\Salut, Pierre! Comment ça va?
{3}\Bien, et toi?
]]></MacroTable>
    </div>
  </div>
  <div>
    <MacroTable Width="600-800" InlineType="GapFill"><![CDATA[
{3}\Moi, je suis Monsieur Gérard Cruchet.
{1}\Pardon, c’est vous Mademoiselle Bossart?
{2}\Non, je m’appelle Brossard, B. R. O. S. S. A. R. D., et vous?
]]></MacroTable>
  </div>
  <info title="Pardon, c’est vous ...?" instrTitle="{{Ahtmltitle}}" instrs="SENTENCE_SEQUENCING" />
</Page>