﻿<?xml version="1.0" encoding="utf-8"?>
<Page id="hufex1_l02_a06">
  <p>
    <a href="http://www.langmaster.cz/comcz/French1/l02/a/hufex1_l02_a06.htm">/French1/l02/a/hufex1_l02_a06.htm</a>
    <br />
    <a href="http://www.langmaster.cz/comcz/French1/l02/a/home.htm">
                            cvičení 6</a>
  </p>
  <div>
    <img src="/schools/eaimgmp3/french1/img/homestudy/lesson02/page99/0436h0170.jpg" />
  </div>
  <div>
    <table class="table table-bordered c-table">
      <tr>
        <td class=" middle">
            Bonjour! <GapFill id="g156" Width="200" CorrectValue="Vous" InitValue="" /> allez bien?
          </td>
      </tr>
      <tr>
        <td class=" middle">
            Moi, <GapFill id="g205" Width="200" CorrectValue="je" InitValue="" /> suis Gérard Savin. Et lui, <GapFill id="g206" Width="200" CorrectValue="il" InitValue="" /> s’appelle comment?
          </td>
      </tr>
      <tr>
        <td class=" middle">
          <GapFill id="g255" Width="200" CorrectValue="Elle" InitValue="" /> s’appelle Mme Martin. <GapFill id="g256" Width="200" CorrectValue="Elle" InitValue="" /> habite toujours à Bordeaux.
          </td>
      </tr>
      <tr>
        <td class=" middle">
            Et vous, <GapFill id="g305" Width="200" CorrectValue="vous" InitValue="" /> êtes Corinne?
          </td>
      </tr>
      <tr>
        <td class=" middle">
            Bonjour! <GapFill id="g354" Width="200" CorrectValue="Je" InitValue="" /> m’appelle Monique Duchemin, <GapFill id="g355" Width="200" CorrectValue="j’" InitValue="" />habite à Paris et <GapFill id="g356" Width="200" CorrectValue="je" InitValue="" /> suis secrétaire.
          </td>
      </tr>
      <tr>
        <td class=" middle">
          <GapFill id="g405" Width="200" CorrectValue="Il|Elle" InitValue="" /> est dentiste. Et vous?
          </td>
      </tr>
      <tr>
        <td class=" middle">
          <GapFill id="g456" Width="200" CorrectValue="Vous" InitValue="" /> habitez où? A Toulouse? Ah! Moi, maintenant, <GapFill id="g457" Width="200" CorrectValue="j’" InitValue="" />habite à Biarritz.
          </td>
      </tr>
      <tr>
        <td class=" middle">
          <GapFill id="g506" Width="200" CorrectValue="Tu" InitValue="" /> es notaire, alors? - Non, <GapFill id="g507" Width="200" CorrectValue="je" InitValue="" /> suis ingénieur.
          </td>
      </tr>
    </table>
  </div>
  <info title="Moi, je m’appelle ..." instrTitle="{{Ahtmltitle}}" instrs="FILLING_IN" />
</Page>