﻿<?xml version="1.0" encoding="utf-8"?>
<Page id="hufex1_l02_a07">
  <p>
    <a href="http://www.langmaster.cz/comcz/French1/l02/a/hufex1_l02_a07.htm">/French1/l02/a/hufex1_l02_a07.htm</a>
    <br />
    <a href="http://www.langmaster.cz/comcz/French1/l02/a/home.htm">
                            cvičení 7</a>
  </p>
  <div>
    <Pairing id="E64">
      <PairingItem>
        <img src="/schools/eaimgmp3/french1/img/vocabulary/lesson02/page12/hysterique.gif" />
        <Right>hystérique</Right>
      </PairingItem>
      <PairingItem>
        <img src="/schools/eaimgmp3/french1/img/vocabulary/lesson02/page12/critique.gif" />
        <Right>critique</Right>
      </PairingItem>
      <PairingItem>
        <img src="/schools/eaimgmp3/french1/img/vocabulary/lesson02/page12/dynamique.gif" />
        <Right>dynamique</Right>
      </PairingItem>
      <PairingItem>
        <img src="/schools/eaimgmp3/french1/img/vocabulary/lesson02/page12/euphorique.gif" />
        <Right>euphorique</Right>
      </PairingItem>
      <PairingItem>
        <img src="/schools/eaimgmp3/french1/img/vocabulary/lesson02/page12/pessimiste.gif" />
        <Right>pessimiste</Right>
      </PairingItem>
      <PairingItem>
        <img src="/schools/eaimgmp3/french1/img/vocabulary/lesson02/page12/optimiste.gif" />
        <Right>optimiste</Right>
      </PairingItem>
    </Pairing>
  </div>
  <info title="Lui, il est optimiste. Et toi?" instrTitle="{{Ahtmltitle}}" instrs="PAIRING" />
</Page>