﻿<?xml version="1.0" encoding="utf-8"?>
<Module title="Chapitre A">
   <Ex id="hufex1_l02_a01"
       title="Qui êtes-vous?"
       instr="{{Ahtmltitle}}"
       tech_instr="FILLING_IN SOUND_PLAYBACK">
      <p>
         <a target="_blank"
            href="http://www.langmaster.cz/comcz/French1/l02/a/hufex1_l02_a01.htm">/French1/l02/a/hufex1_l02_a01.htm</a>
         <br/>
         <a target="_blank"
            href="http://www.langmaster.cz/comcz/French1/l02/a/home.htm">
                            cvičení 1</a>
      </p>
      <div>
         <table class="table c-table">
            <tr>
               <td class=" middle">
            1.<MediaBigMark Url="/schools/eaimgmp3/french1wma/lesson02/hufex1_l02_a01.mp3"
                                Sequence="1-7"/>
               </td>
               <td class=" middle">
            2.<MediaBigMark Url="/schools/eaimgmp3/french1wma/lesson02/hufex1_l02_a01.mp3"
                                Sequence="9-17"/>
               </td>
               <td class=" middle">
            3.<MediaBigMark Url="/schools/eaimgmp3/french1wma/lesson02/hufex1_l02_a01.mp3"
                                Sequence="19-25"/>
               </td>
               <td class=" middle">
            4.<MediaBigMark Url="/schools/eaimgmp3/french1wma/lesson02/hufex1_l02_a01.mp3"
                                Sequence="27-"/>
               </td>
            </tr>
         </table>
      </div>
      <div>
         <table class="table table-bordered c-table">
            <tr>
               <td>
                  <img src="/schools/eaimgmp3/french1/img/coursebook/lesson02/page13/bahnhof.gif"/>
               </td>
               <td>
                  <img src="/schools/eaimgmp3/french1/img/coursebook/lesson02/page13/empfang.gif"/>
               </td>
            </tr>
            <tr>
               <td>
                  <GapFill id="g171" CorrectValue="4" Width="2em"/>
               </td>
               <td>
                  <GapFill id="g173" CorrectValue="2" Width="2em"/>
               </td>
            </tr>
            <tr>
               <td>
                  <img src="/schools/eaimgmp3/french1/img/coursebook/lesson02/page13/kongress.gif"/>
               </td>
               <td>
                  <img src="/schools/eaimgmp3/french1/img/coursebook/lesson02/page13/uni.gif"/>
               </td>
            </tr>
            <tr>
               <td>
                  <GapFill id="g189" CorrectValue="3" Width="2em"/>
               </td>
               <td>
                  <GapFill id="g191" CorrectValue="1" Width="2em"/>
               </td>
            </tr>
         </table>
      </div>
   </Ex>
   <Ex id="hufex1_l02_a02"
       title="Salutations"
       instr="{{Ahtmltitle}}"
       tech_instr="SINGLE_CHOICE SOUND_PLAYBACK">
      <p>
         <a target="_blank"
            href="http://www.langmaster.cz/comcz/French1/l02/a/hufex1_l02_a02.htm">/French1/l02/a/hufex1_l02_a02.htm</a>
         <br/>
         <a target="_blank"
            href="http://www.langmaster.cz/comcz/French1/l02/a/home.htm">
                            cvičení 2</a>
      </p>
      <div class="row">
         <div class="col-md-2 ">
            <img src="/schools/eaimgmp3/french1/img/coursebook/lesson02/page13/1445h0065.gif"/>
         </div>
         <div class="col-md-10 ">
            <table class="table table-bordered c-table">
               <td/>
               <td>
                  <MediaBigMark Url="/schools/eaimgmp3/french1wma/lesson02/hufex1_l02_a01.mp3"
                                Sequence="1-7"/>
                  <MediaBigMark Url="/schools/eaimgmp3/french1wma/lesson02/hufex1_l02_a01.mp3"
                                Sequence="9-17"/>
                  <MediaBigMark Url="/schools/eaimgmp3/french1wma/lesson02/hufex1_l02_a01.mp3"
                                Sequence="27-"/>
               </td>
               <tr>
                  <td class="c-table middle">bonjour</td>
                  <td>
                     <WordSelection id="o356" Words="|#|"/>
                  </td>
               </tr>
               <tr>
                  <td class="c-table middle">salut</td>
                  <td>
                     <WordSelection id="o605" Words="#||"/>
                  </td>
               </tr>
               <tr>
                  <td class="c-table middle">au revoir</td>
                  <td>
                     <WordSelection id="o854" Words="||#"/>
                  </td>
               </tr>
            </table>
         </div>
      </div>
   </Ex>
   <Ex id="hufex1_l02_a03"
       title="C’est toi?"
       instr="{{Ahtmltitle}}"
       tech_instr="FILLING_IN">
      <p>
         <a target="_blank"
            href="http://www.langmaster.cz/comcz/French1/l02/a/hufex1_l02_a03.htm">/French1/l02/a/hufex1_l02_a03.htm</a>
         <br/>
         <a target="_blank"
            href="http://www.langmaster.cz/comcz/French1/l02/a/home.htm">
                            cvičení 3</a>
      </p>
      <div class="row">
         <div class="col-md-12 ">
            <b>
          {{Ttrans}}
        </b>
            <br/>
        Mme Martin, c’est <GapFill id="g199" CorrectValue="vous" InitValue="vous" Example="true"/>?
      </div>
      </div>
      <div>
         <table class="table table-bordered c-table">
            <tr>
               <td class=" middle">
                  <GapFill id="g251" CorrectValue="Moi" Width="200"/>, je suis Monsieur Pei. Je suis architecte. Et <GapFill id="g252" CorrectValue="vous" Width="200"/>, vous êtes Monsieur Savin?
          </td>
            </tr>
            <tr>
               <td class=" middle">
                  <GapFill id="g301" CorrectValue="Lui" Width="200"/>, il habite à Bruxelles. <GapFill id="g302" CorrectValue="Elle" Width="200"/>, elle habite à Genève.
          </td>
            </tr>
            <tr>
               <td class=" middle">
            Madame Séverin, c’est <GapFill id="g351" CorrectValue="vous" Width="200"/>? ­ Non, <GapFill id="g352" CorrectValue="moi" Width="200"/>, je suis Madame Duchemin.
          </td>
            </tr>
            <tr>
               <td class=" middle">
            Salut, Corinne! Ça va? – Bien, merci! Et <GapFill id="g401" CorrectValue="toi" Width="200"/>?
          </td>
            </tr>
            <tr>
               <td class=" middle">
            Nicolas, Nicolas, toujours <GapFill id="g450" CorrectValue="lui" Width="200"/>!
          </td>
            </tr>
            <tr>
               <td class=" middle">
            Tu habites toujours rue des Rosiers? – Oui, et <GapFill id="g499" CorrectValue="toi" Width="200"/>, rue de Rivoli?
          </td>
            </tr>
         </table>
      </div>
      <div class="row">
         <div class="col-md-2 ">
            <img src="/schools/eaimgmp3/french1/img/coursebook/lesson02/page15/0684h0672.gif"/>
         </div>
         <div class="col-md-10 ">
            <div class="row">
               <div class="col-md-12 ">
                  <div class="panel panel-info">
                     <div class="panel-body">
                        <table class="table c-table">
                           <tr>
                              <td>
                    je (j’)<br/>
                    tu<br/>
                    il/elle
                  </td>
                              <td> </td>
                              <td>
                    nous<br/>
                    vous<br/>
                    ils/elles
                  </td>
                           </tr>
                        </table>
                     </div>
                  </div>
               </div>
            </div>
            <div class="row">
               <div class="col-md-12 ">
                  <div class="panel panel-info">
                     <div class="panel-body">
                        <table class="table c-table">
                           <tr>
                              <td>
                                 <b>
                      moi<br/>
                      toi<br/>
                      lui<br/>
                      elle<br/>
                      vous
                    </b>
                              </td>
                              <td>
                    C’est moi!<br/>
                    C’est toi, Corinne?<br/>
                    Lui, il habite à Lyon.<br/>
                    Elle, elle est architecte.<br/>
                    Et vous?
                  </td>
                           </tr>
                        </table>
                     </div>
                  </div>
               </div>
            </div>
         </div>
      </div>
   </Ex>
   <Ex id="hufex1_l02_a04"
       title="Pardon, c’est vous ...?"
       instr="{{Ahtmltitle}}"
       tech_instr="SENTENCE_SEQUENCING">
      <p>
         <a target="_blank"
            href="http://www.langmaster.cz/comcz/French1/l02/a/hufex1_l02_a04.htm">/French1/l02/a/hufex1_l02_a04.htm</a>
         <br/>
         <a target="_blank"
            href="http://www.langmaster.cz/comcz/French1/l02/a/home.htm">
                            cvičení 4</a>
      </p>
      <div class="row">
         <div class="col-md-2 ">
            <img src="/schools/eaimgmp3/french1/img/coursebook/lesson02/page16/1661h0171.gif"/>
         </div>
         <div class="col-md-10 ">
            <MacroTable Width="600-800" InlineType="GapFill"><![CDATA[
{3}\Bien, et toi?
{1}\Salut, Sylvie!
{2}\Salut, Pierre! Comment ça va?
{5}\Non, j$rsquo;habite place d’Italie.
{4}\Ça va. Tu habites toujours rue de Lille?
]]></MacroTable>
         </div>
      </div>
      <div>
         <MacroTable Width="600-800" InlineType="GapFill"><![CDATA[
{3}\Moi, je suis Monsieur Gérard Cruchet.
{1}\Pardon, c’est vous Mademoiselle Bossart?
{2}\Non, je m’appelle Brossard, B. R. O. S. S. A. R. D., et vous?
]]></MacroTable>
      </div>
   </Ex>
   <Ex id="hufex1_l02_a05"
       title="Comment allez-vous?"
       instr="{{Ahtmltitle}}"
       tech_instr="PAIRING">
      <p>
         <a target="_blank"
            href="http://www.langmaster.cz/comcz/French1/l02/a/hufex1_l02_a05.htm">/French1/l02/a/hufex1_l02_a05.htm</a>
         <br/>
         <a target="_blank"
            href="http://www.langmaster.cz/comcz/French1/l02/a/home.htm">
                            cvičení 5</a>
      </p>
      <div>
         <img src="/schools/eaimgmp3/french1/img/homestudy/lesson02/page99/c205h0062.jpg"/>
      </div>
      <div>
         <Pairing id="E65">
            <PairingItem>Vous êtes Monsieur Béranger?<Right>Oui, c’est moi.</Right>
            </PairingItem>
            <PairingItem>Je m’appelle Isabelle, et vous?<Right>Moi, c’est Henri.</Right>
            </PairingItem>
            <PairingItem>Vous allez bien?<Right>Oui, ça va, merci.</Right>
            </PairingItem>
            <PairingItem>Vous êtes architecte?<Right>Non, ingénieur.</Right>
            </PairingItem>
            <PairingItem>J’habite à Munich, et vous?<Right>A Vienne.</Right>
            </PairingItem>
            <PairingItem>Vous habitez toujours rue Anatole France?<Right>Non, place des Vosges.</Right>
            </PairingItem>
            <PairingItem>Il est sympathique?<Right>Lui? Oh non!</Right>
            </PairingItem>
         </Pairing>
      </div>
   </Ex>
   <Ex id="hufex1_l02_a06"
       title="Moi, je m’appelle ..."
       instr="{{Ahtmltitle}}"
       tech_instr="FILLING_IN">
      <p>
         <a target="_blank"
            href="http://www.langmaster.cz/comcz/French1/l02/a/hufex1_l02_a06.htm">/French1/l02/a/hufex1_l02_a06.htm</a>
         <br/>
         <a target="_blank"
            href="http://www.langmaster.cz/comcz/French1/l02/a/home.htm">
                            cvičení 6</a>
      </p>
      <div>
         <img src="/schools/eaimgmp3/french1/img/homestudy/lesson02/page99/0436h0170.jpg"/>
      </div>
      <div>
         <table class="table table-bordered c-table">
            <tr>
               <td class=" middle">
            Bonjour! <GapFill id="g156" CorrectValue="Vous" Width="200"/> allez bien?
          </td>
            </tr>
            <tr>
               <td class=" middle">
            Moi, <GapFill id="g205" CorrectValue="je" Width="200"/> suis Gérard Savin. Et lui, <GapFill id="g206" CorrectValue="il" Width="200"/> s’appelle comment?
          </td>
            </tr>
            <tr>
               <td class=" middle">
                  <GapFill id="g255" CorrectValue="Elle" Width="200"/> s’appelle Mme Martin. <GapFill id="g256" CorrectValue="Elle" Width="200"/> habite toujours à Bordeaux.
          </td>
            </tr>
            <tr>
               <td class=" middle">
            Et vous, <GapFill id="g305" CorrectValue="vous" Width="200"/> êtes Corinne?
          </td>
            </tr>
            <tr>
               <td class=" middle">
            Bonjour! <GapFill id="g354" CorrectValue="Je" Width="200"/> m’appelle Monique Duchemin, <GapFill id="g355" CorrectValue="j’" Width="200"/>habite à Paris et <GapFill id="g356" CorrectValue="je" Width="200"/> suis secrétaire.
          </td>
            </tr>
            <tr>
               <td class=" middle">
                  <GapFill id="g405" CorrectValue="Il|Elle" Width="200"/> est dentiste. Et vous?
          </td>
            </tr>
            <tr>
               <td class=" middle">
                  <GapFill id="g456" CorrectValue="Vous" Width="200"/> habitez où? A Toulouse? Ah! Moi, maintenant, <GapFill id="g457" CorrectValue="j’" Width="200"/>habite à Biarritz.
          </td>
            </tr>
            <tr>
               <td class=" middle">
                  <GapFill id="g506" CorrectValue="Tu" Width="200"/> es notaire, alors? - Non, <GapFill id="g507" CorrectValue="je" Width="200"/> suis ingénieur.
          </td>
            </tr>
         </table>
      </div>
   </Ex>
   <Ex id="hufex1_l02_a07"
       title="Lui, il est optimiste. Et toi?"
       instr="{{Ahtmltitle}}"
       tech_instr="PAIRING">
      <p>
         <a target="_blank"
            href="http://www.langmaster.cz/comcz/French1/l02/a/hufex1_l02_a07.htm">/French1/l02/a/hufex1_l02_a07.htm</a>
         <br/>
         <a target="_blank"
            href="http://www.langmaster.cz/comcz/French1/l02/a/home.htm">
                            cvičení 7</a>
      </p>
      <div>
         <Pairing id="E64">
            <PairingItem>
               <img src="/schools/eaimgmp3/french1/img/vocabulary/lesson02/page12/hysterique.gif"/>
               <Right>hystérique</Right>
            </PairingItem>
            <PairingItem>
               <img src="/schools/eaimgmp3/french1/img/vocabulary/lesson02/page12/critique.gif"/>
               <Right>critique</Right>
            </PairingItem>
            <PairingItem>
               <img src="/schools/eaimgmp3/french1/img/vocabulary/lesson02/page12/dynamique.gif"/>
               <Right>dynamique</Right>
            </PairingItem>
            <PairingItem>
               <img src="/schools/eaimgmp3/french1/img/vocabulary/lesson02/page12/euphorique.gif"/>
               <Right>euphorique</Right>
            </PairingItem>
            <PairingItem>
               <img src="/schools/eaimgmp3/french1/img/vocabulary/lesson02/page12/pessimiste.gif"/>
               <Right>pessimiste</Right>
            </PairingItem>
            <PairingItem>
               <img src="/schools/eaimgmp3/french1/img/vocabulary/lesson02/page12/optimiste.gif"/>
               <Right>optimiste</Right>
            </PairingItem>
         </Pairing>
      </div>
   </Ex>
   <Ex id="hufex1_l02_a08"
       title="On se présente"
       instr="{{Ahtmltitle}}"
       tech_instr="FILLING_IN SOUND_PLAYBACK">
      <p>
         <a target="_blank"
            href="http://www.langmaster.cz/comcz/French1/l02/a/hufex1_l02_a08.htm">/French1/l02/a/hufex1_l02_a08.htm</a>
         <br/>
         <a target="_blank"
            href="http://www.langmaster.cz/comcz/French1/l02/a/home.htm">
                            cvičení 8</a>
      </p>
      <div>
         <img src="/schools/eaimgmp3/french1/img/homestudy/lesson02/page100/014_wahrsagerin.gif"/>
      </div>
      <div class="row">
         <div class="col-md-1 ">
            <MediaBigMark Url="/schools/eaimgmp3/french1wma/lesson02/hufex1_l02_a08.mp3"
                          Sequence=""/>
         </div>
         <div class="col-md-11 ">
            <table class="table table-bordered c-table">
               <tr>
                  <td class="c-table-default middle"/>
                  <td class="c-table-default middle">Prénom</td>
                  <td class="c-table-default middle">Nom</td>
                  <td class="c-table-default middle">Profession</td>
               </tr>
               <tr>
                  <td class=" middle">1.</td>
                  <td class=" middle">
                     <GapFill id="g164" CorrectValue="Paul" Width="200"/>
                  </td>
                  <td class=" middle">
                     <GapFill id="g166" CorrectValue="Martin" Width="200"/>
                  </td>
                  <td class=" middle">
                     <GapFill id="g168" CorrectValue="médecin" Width="200"/>
                  </td>
               </tr>
               <tr>
                  <td class=" middle">2.</td>
                  <td class=" middle">
                     <GapFill id="g172" CorrectValue="Corinne" Width="200"/>
                  </td>
                  <td class=" middle">
                     <GapFill id="g174" CorrectValue="Dupré" Width="200"/>
                  </td>
                  <td class=" middle">
                     <GapFill id="g176" CorrectValue="architecte" Width="200"/>
                  </td>
               </tr>
               <tr>
                  <td class=" middle">3.</td>
                  <td class=" middle">
                     <GapFill id="g180" CorrectValue="Victor" Width="200"/>
                  </td>
                  <td class=" middle">
                     <GapFill id="g182" CorrectValue="Renaud" Width="200"/>
                  </td>
                  <td class=" middle">
                     <GapFill id="g184" CorrectValue="notaire" Width="200"/>
                  </td>
               </tr>
            </table>
         </div>
      </div>
   </Ex>
</Module>
