﻿<?xml version="1.0" encoding="utf-8"?>
<Page id="hufex1_l08_c01">
  <p>
    <a href="http://www.langmaster.cz/comcz/French1/l08/c/hufex1_l08_c01.htm">/French1/l08/c/hufex1_l08_c01.htm</a>
    <br />
    <a href="http://www.langmaster.cz/comcz/French1/l08/c/home.htm">
                            cvičení 1</a>
  </p>
  <DragSource />
  <div>
    <img src="/schools/eaimgmp3/french1/img/coursebook/lesson08/page73/desert.gif" />
  </div>
  <div class="row">
    <div class="col-md-1 ">
      <MediaBigMark Url="/schools/eaimgmp3/french1wma/lesson08/hufex1_l08_c01.mp3" Sequence="" IsPassive="false" />
    </div>
    <div class="col-md-11 ">
      <table class="table table-bordered c-table">
        <tr>
          <td class="c-table-default middle">
            <img src="/schools/eaimgmp3/french1/img/coursebook/lesson08/page73/tunis.gif" />
          </td>
          <td class="c-table-default middle">
            <img src="/schools/eaimgmp3/french1/img/coursebook/lesson08/page73/france.gif" />
          </td>
        </tr>
        <tr>
          <td class=" middle">
            <DragTarget id="g211" CorrectValue="bise|paysage|Suzanne|alsacien|anglaise|zéro" />
            <br />
            <DragTarget id="g212" CorrectValue="bise|paysage|Suzanne|alsacien|anglaise|zéro" />
            <br />
            <DragTarget id="g213" CorrectValue="bise|paysage|Suzanne|alsacien|anglaise|zéro" />
            <br />
            <DragTarget id="g214" CorrectValue="bise|paysage|Suzanne|alsacien|anglaise|zéro" />
            <br />
            <DragTarget id="g215" CorrectValue="bise|paysage|Suzanne|alsacien|anglaise|zéro" />
            <br />
            <DragTarget id="g216" CorrectValue="bise|paysage|Suzanne|alsacien|anglaise|zéro" />
          </td>
          <td class=" middle">
            <DragTarget id="g219" CorrectValue="anniversaire|français|sport|merci|poisson|décembre|Suzanne|attention|alsacien|descendre" />
            <br />
            <DragTarget id="g220" CorrectValue="anniversaire|français|sport|merci|poisson|décembre|Suzanne|attention|alsacien|descendre" />
            <br />
            <DragTarget id="g221" CorrectValue="anniversaire|français|sport|merci|poisson|décembre|Suzanne|attention|alsacien|descendre" />
            <br />
            <DragTarget id="g222" CorrectValue="anniversaire|français|sport|merci|poisson|décembre|Suzanne|attention|alsacien|descendre" />
            <br />
            <DragTarget id="g223" CorrectValue="anniversaire|français|sport|merci|poisson|décembre|Suzanne|attention|alsacien|descendre" />
            <br />
            <DragTarget id="g224" CorrectValue="anniversaire|français|sport|merci|poisson|décembre|Suzanne|attention|alsacien|descendre" />
            <br />
            <DragTarget id="g225" CorrectValue="anniversaire|français|sport|merci|poisson|décembre|Suzanne|attention|alsacien|descendre" />
            <br />
            <DragTarget id="g226" CorrectValue="anniversaire|français|sport|merci|poisson|décembre|Suzanne|attention|alsacien|descendre" />
            <br />
            <DragTarget id="g227" CorrectValue="anniversaire|français|sport|merci|poisson|décembre|Suzanne|attention|alsacien|descendre" />
            <br />
            <DragTarget id="g228" CorrectValue="anniversaire|français|sport|merci|poisson|décembre|Suzanne|attention|alsacien|descendre" />
          </td>
        </tr>
      </table>
    </div>
  </div>
  <info title="France ou Tunisie?" instrTitle="{{Ahtmltitle}}" instrs="FILLING_IN_FROM_A_LIST SOUND_PLAYBACK" courseSeeAlsoStr="" />
</Page>