﻿<?xml version="1.0" encoding="utf-8"?>
<Page id="hufex1_l08_c03">
  <p>
    <a href="http://www.langmaster.cz/comcz/French1/l08/c/hufex1_l08_c03.htm">/French1/l08/c/hufex1_l08_c03.htm</a>
    <br />
    <a href="http://www.langmaster.cz/comcz/French1/l08/c/home.htm">
                            cvičení 3</a>
  </p>
  <DragSource />
  <div>
    <img src="/schools/eaimgmp3/french1/img/coursebook/lesson08/page73/1608h0046.jpg" />
  </div>
  <div>
    <table class="table table-bordered c-table">
      <tr>
        <td class=" middle">s</td>
        <td class=" middle">-s-</td>
        <td class=" middle">
          <DragTarget id="g199" CorrectValue="sport|anniversaire|Suzanne|seize|suisse|Orsay" />, <DragTarget id="g200" CorrectValue="sport|anniversaire|Suzanne|seize|suisse|Orsay" />, <DragTarget id="g201" CorrectValue="sport|anniversaire|Suzanne|seize|suisse|Orsay" />,<br /><DragTarget id="g202" CorrectValue="sport|anniversaire|Suzanne|seize|suisse|Orsay" />, <DragTarget id="g203" CorrectValue="sport|anniversaire|Suzanne|seize|suisse|Orsay" />, <DragTarget id="g204" CorrectValue="sport|anniversaire|Suzanne|seize|suisse|Orsay" /></td>
      </tr>
      <tr>
        <td class=" middle" />
        <td class=" middle">-ss- (entre 2 voyelles)</td>
        <td class=" middle">
          <DragTarget id="g211" CorrectValue="suisse|dessert|poisson" />, <DragTarget id="g212" CorrectValue="suisse|dessert|poisson" />, <DragTarget id="g213" CorrectValue="suisse|dessert|poisson" /></td>
      </tr>
      <tr>
        <td class=" middle" />
        <td class=" middle">-ç- (+a, +o, +u)</td>
        <td class=" middle">
          <DragTarget id="g220" CorrectValue="français|Françoise" />, <DragTarget id="g221" CorrectValue="français|Françoise" /></td>
      </tr>
      <tr>
        <td class=" middle" />
        <td class=" middle">-c- (+e, +i)</td>
        <td class=" middle">
          <DragTarget id="g228" CorrectValue="merci|décembre|alsacien|Cézanne|commence" />, <DragTarget id="g229" CorrectValue="merci|décembre|alsacien|Cézanne|commence" />, <DragTarget id="g230" CorrectValue="merci|décembre|alsacien|Cézanne|commence" />,<br /><DragTarget id="g231" CorrectValue="merci|décembre|alsacien|Cézanne|commence" />, <DragTarget id="g232" CorrectValue="merci|décembre|alsacien|Cézanne|commence" /></td>
      </tr>
      <tr>
        <td class=" middle" />
        <td class=" middle">-t- (+io)</td>
        <td class=" middle">
          <DragTarget id="g239" CorrectValue="attention|exposition" />, <DragTarget id="g240" CorrectValue="attention|exposition" /></td>
      </tr>
      <tr>
        <td class=" middle" />
        <td class=" middle">-sc- (+e, +i)</td>
        <td class=" middle">
          <DragTarget id="g246" Width="200" CorrectValue="descendre" />
        </td>
      </tr>
      <tr>
        <td class=" middle">z</td>
        <td class=" middle">-s- (entre 2 voyelles/liaison)</td>
        <td class=" middle">
          <DragTarget id="g259" CorrectValue="musée|désert|tunisien|bise|paysage|alsacien|Françoise|Basile|plaisir|baisers|cousin|cuisine|exposition" />, <DragTarget id="g260" CorrectValue="musée|désert|tunisien|bise|paysage|alsacien|Françoise|Basile|plaisir|baisers|cousin|cuisine|exposition" />, <DragTarget id="g261" CorrectValue="musée|désert|tunisien|bise|paysage|alsacien|Françoise|Basile|plaisir|baisers|cousin|cuisine|exposition" />,<br /><DragTarget id="g262" CorrectValue="musée|désert|tunisien|bise|paysage|alsacien|Françoise|Basile|plaisir|baisers|cousin|cuisine|exposition" />, <DragTarget id="g263" CorrectValue="musée|désert|tunisien|bise|paysage|alsacien|Françoise|Basile|plaisir|baisers|cousin|cuisine|exposition" />, <DragTarget id="g264" CorrectValue="musée|désert|tunisien|bise|paysage|alsacien|Françoise|Basile|plaisir|baisers|cousin|cuisine|exposition" />,<br /><DragTarget id="g265" CorrectValue="musée|désert|tunisien|bise|paysage|alsacien|Françoise|Basile|plaisir|baisers|cousin|cuisine|exposition" />, <DragTarget id="g266" CorrectValue="musée|désert|tunisien|bise|paysage|alsacien|Françoise|Basile|plaisir|baisers|cousin|cuisine|exposition" />, <DragTarget id="g267" CorrectValue="musée|désert|tunisien|bise|paysage|alsacien|Françoise|Basile|plaisir|baisers|cousin|cuisine|exposition" />,<br /><DragTarget id="g268" CorrectValue="musée|désert|tunisien|bise|paysage|alsacien|Françoise|Basile|plaisir|baisers|cousin|cuisine|exposition" />, <DragTarget id="g269" CorrectValue="musée|désert|tunisien|bise|paysage|alsacien|Françoise|Basile|plaisir|baisers|cousin|cuisine|exposition" />, <DragTarget id="g271" CorrectValue="musée|désert|tunisien|bise|paysage|alsacien|Françoise|Basile|plaisir|baisers|cousin|cuisine|exposition" />,<br /><DragTarget id="g272" CorrectValue="musée|désert|tunisien|bise|paysage|alsacien|Françoise|Basile|plaisir|baisers|cousin|cuisine|exposition" /></td>
      </tr>
      <tr>
        <td class=" middle" />
        <td class=" middle">-z-</td>
        <td class=" middle">
          <DragTarget id="g279" CorrectValue="zéro|Suzanne|douze|seize|Cézanne|quinze|zèbre|bizarre" />, <DragTarget id="g280" CorrectValue="zéro|Suzanne|douze|seize|Cézanne|quinze|zèbre|bizarre" />, <DragTarget id="g281" CorrectValue="zéro|Suzanne|douze|seize|Cézanne|quinze|zèbre|bizarre" />,<br /><DragTarget id="g282" CorrectValue="zéro|Suzanne|douze|seize|Cézanne|quinze|zèbre|bizarre" />, <DragTarget id="g283" CorrectValue="zéro|Suzanne|douze|seize|Cézanne|quinze|zèbre|bizarre" />, <DragTarget id="g284" CorrectValue="zéro|Suzanne|douze|seize|Cézanne|quinze|zèbre|bizarre" />,<br /><DragTarget id="g285" CorrectValue="zéro|Suzanne|douze|seize|Cézanne|quinze|zèbre|bizarre" />, <DragTarget id="g286" CorrectValue="zéro|Suzanne|douze|seize|Cézanne|quinze|zèbre|bizarre" /></td>
      </tr>
    </table>
  </div>
  <div class="col-md-5">
    <div class="panel panel-info">
      <div class="panel-heading">
        <h3>Attention!</h3>
      </div>
      <div class="panel-body">
        <hr />
        <p>
          <i>démocratie </i>- on prononce [de:mokrasi]<br /><br /><b>[z]</b> marque la liaison entre deux mots: ils ont deux enfants.
        </p>
      </div>
    </div>
  </div>
  <info title="Tableau récapitulatif" instrTitle="{{Ahtmltitle}}" instrs="FILLING_IN_FROM_A_LIST" />
</Page>