﻿<?xml version="1.0" encoding="utf-8"?>
<Page id="hufex1_l08_c05">
  <p>
    <a href="http://www.langmaster.cz/comcz/French1/l08/c/hufex1_l08_c05.htm">/French1/l08/c/hufex1_l08_c05.htm</a>
    <br />
    <a href="http://www.langmaster.cz/comcz/French1/l08/c/home.htm">
                            cvičení 5</a>
  </p>
  <div>
    <table class="table table-bordered c-table">
      <tr>
        <td class=" middle">
            J’adore l’Alsace: <GapFill id="g156" Width="200" CorrectValue="ses" InitValue="" /> grandes villes, <GapFill id="g157" Width="200" CorrectValue="son" InitValue="" /> atmosphère, <GapFill id="g158" Width="200" CorrectValue="ses" InitValue="" /> vins blancs et <GapFill id="g159" Width="200" CorrectValue="ses" InitValue="" /> cathédrales.
          </td>
      </tr>
      <tr>
        <td class=" middle">
            Pour <GapFill id="g208" Width="200" CorrectValue="son" InitValue="" /> anniversaire, Julie a invité <GapFill id="g209" Width="200" CorrectValue="ses" InitValue="" /> amis dans <GapFill id="g210" Width="200" CorrectValue="son" InitValue="" /> restaurant préféré.
          </td>
      </tr>
      <tr>
        <td class=" middle">
            M. et Mme Sarrazin aiment les animaux; <GapFill id="g259" Width="200" CorrectValue="leur" InitValue="" /> chien s’appelle Floc et <GapFill id="g260" Width="200" CorrectValue="leurs" InitValue="" /> chats Pic et Poc.
          </td>
      </tr>
      <tr>
        <td class=" middle">
            Dis, Julien, <GapFill id="g309" Width="200" CorrectValue="ton" InitValue="" /> activité préférée, c’est toujours la randonnée? – Oui, j’ai passé <GapFill id="g310" Width="200" CorrectValue="mes" InitValue="" /> vacances en Corse.
          </td>
      </tr>
      <tr>
        <td class=" middle">
            Nous sommes partis vivre aux Etats-Unis. Nous avons quitté <GapFill id="g359" Width="200" CorrectValue="notre" InitValue="" /> pays, <GapFill id="g360" Width="200" CorrectValue="notre" InitValue="" /> maison et <GapFill id="g361" Width="200" CorrectValue="nos" InitValue="" /> amis.
          </td>
      </tr>
      <tr>
        <td class=" middle">
            Bonjour, Madame! Comment allez-vous? Et <GapFill id="g410" Width="200" CorrectValue="vos" InitValue="" /> enfants?
          </td>
      </tr>
    </table>
  </div>
  <div class="row">
    <div class="col-md-4 ">
      <img src="/schools/eaimgmp3/french1/img/coursebook/lesson08/page71/boy_mit_bildern.gif" />
    </div>
    <div class="col-md-8 ">
      <div class="panel panel-info">
        <div class="panel-heading">
          <h3>Adjectifs possessifs</h3>
        </div>
        <div class="panel-body">
          <table class="table c-table">
            <tr>
              <td class=" middle ">
                <p>
                  <span class="text-danger">
                    <b>Singulier</b>
                  </span>
                </p>
                <p>
                  <b>masculin:</b>
                </p>
                <p>
                  <b>féminin:</b>
                </p>
              </td>
              <td class=" middle ">
                <br />
                <p>
                  mon ami
                </p>
                <p>
                  ma copine<br />
                  *mon amie
                </p>
                <p>
                  <b>notre</b>
                </p>
              </td>
              <td class=" middle ">
                <br />
                <p>
                  ton
                </p>
                <p>
                  ta<br />
                  *ton
                </p>
                <p>
                  <b>votre</b>
                </p>
              </td>
              <td class=" middle ">
                <br />
                <p>
                  son
                </p>
                <p>
                  sa<br />
                  *son
                </p>
                <p>
                  <b>leur</b>
                </p>
              </td>
            </tr>
            <tr>
              <td class=" middle ">
                <p>
                  <b>
                    <span class="text-danger">Pluriel</span>
                  </b>
                </p>
              </td>
              <td class=" middle ">
                <p>
                  mes<br />
                  nos
                </p>
              </td>
              <td class=" middle ">
                <p>
                  tes<br />
                  vos
                </p>
              </td>
              <td class=" middle ">
                <p>
                  ses<br />
                  leurs
                </p>
              </td>
            </tr>
          </table>
          <p>
            *devant les mots féminins commençant
            <br />
            par une voyelle ou un «h» non aspiré
          </p>
        </div>
      </div>
    </div>
  </div>
  <info title="Adjectifs possessifs" instrTitle="{{Ahtmltitle}}" instrs="FILLING_IN" courseSeeAlsoStr="" />
</Page>