﻿<?xml version="1.0" encoding="utf-8"?>
<Page id="hufex1_l08_c07">
  <p>
    <a href="http://www.langmaster.cz/comcz/French1/l08/c/hufex1_l08_c07.htm">/French1/l08/c/hufex1_l08_c07.htm</a>
    <br />
    <a href="http://www.langmaster.cz/comcz/French1/l08/c/home.htm">
                            cvičení 7</a>
  </p>
  <div class="row">
    <div class="col-md-2 ">
      <img src="/schools/eaimgmp3/french1/img/homestudy/lesson08/page135/1410h0027.jpg" />
    </div>
    <div class="col-md-10 ">
      <table class="table c-table">
        <tr>
          <td class=" middle">
            <div class="panel panel-default c-panel" Width="400-800">
              <div class="panel-heading">Dans ton ........, il n’y a pas de restaurant!</div>
              <div class="panel-body">
                <SingleChoice id="t118" CorrectValue="0">
                  <Data>
                    <string>ville</string>
                    <string>#village</string>
                    <string>région</string>
                  </Data>
                </SingleChoice>
              </div>
            </div>
          </td>
          <td class=" middle">
            <div class="panel panel-default c-panel" Width="400-800">
              <div class="panel-heading">Je n’ai pas fini mes ........</div>
              <div class="panel-body">
                <SingleChoice id="t308" CorrectValue="0">
                  <Data>
                    <string>#exercices.</string>
                    <string>travail.</string>
                    <string>vacances.</string>
                  </Data>
                </SingleChoice>
              </div>
            </div>
          </td>
        </tr>
        <tr>
          <td class=" middle">
            <div class="panel panel-default c-panel" Width="400-800">
              <div class="panel-heading">C’est sa ......... Elle s’appelle Joséphine.</div>
              <div class="panel-body">
                <SingleChoice id="t498" CorrectValue="0">
                  <Data>
                    <string>amie</string>
                    <string>mari</string>
                    <string>#femme</string>
                  </Data>
                </SingleChoice>
              </div>
            </div>
          </td>
          <td class=" middle">
            <div class="panel panel-default c-panel" Width="400-800">
              <div class="panel-heading">On a invité nos ........ à dîner.</div>
              <div class="panel-body">
                <SingleChoice id="t688" CorrectValue="0">
                  <Data>
                    <string>client</string>
                    <string>amie</string>
                    <string>#copains</string>
                  </Data>
                </SingleChoice>
              </div>
            </div>
          </td>
        </tr>
        <tr>
          <td class=" middle">
            <div class="panel panel-default c-panel" Width="400-800">
              <div class="panel-heading">Je ne trouve plus ma ........</div>
              <div class="panel-body">
                <SingleChoice id="t878" CorrectValue="0">
                  <Data>
                    <string>#carte de crédit.</string>
                    <string>appareil-photo.</string>
                    <string>chat.</string>
                  </Data>
                </SingleChoice>
              </div>
            </div>
          </td>
          <td class=" middle">
            <div class="panel panel-default c-panel" Width="400-800">
              <div class="panel-heading">Quelle est ton ........ préférée?</div>
              <div class="panel-body">
                <SingleChoice id="t1068" CorrectValue="0">
                  <Data>
                    <string>acteur</string>
                    <string>#actrice</string>
                    <string>chanteuse</string>
                  </Data>
                </SingleChoice>
              </div>
            </div>
          </td>
        </tr>
        <tr>
          <td class=" middle">
            <div class="panel panel-default c-panel" Width="400-800">
              <div class="panel-heading">Vos ........ sont très discrets.</div>
              <div class="panel-body">
                <SingleChoice id="t1258" CorrectValue="0">
                  <Data>
                    <string>enfant</string>
                    <string>#bijoux</string>
                    <string>filles</string>
                  </Data>
                </SingleChoice>
              </div>
            </div>
          </td>
          <td class=" middle" />
        </tr>
      </table>
    </div>
  </div>
  <div class="col-md-7">
    <div class="panel panel-info">
      <div class="panel-body">
        <p>
          {{Ttrans}}
        </p>
      </div>
    </div>
  </div>
  <info title="Mon travail, ta voiture..." instrTitle="{{Ahtmltitle}}" instrs="SINGLE_CHOICE" />
</Page>