﻿<?xml version="1.0" encoding="utf-8"?>
<Module title="Chapitre C">
   <Ex id="hufex1_l08_c01"
       title="France ou Tunisie?"
       instr="{{Ahtmltitle}}"
       tech_instr="FILLING_IN_FROM_A_LIST SOUND_PLAYBACK">
      <p>
         <a target="_blank"
            href="http://www.langmaster.cz/comcz/French1/l08/c/hufex1_l08_c01.htm">/French1/l08/c/hufex1_l08_c01.htm</a>
         <br/>
         <a target="_blank"
            href="http://www.langmaster.cz/comcz/French1/l08/c/home.htm">
                            cvičení 1</a>
      </p>
      <DragSource/>
      <div>
         <img src="/schools/eaimgmp3/french1/img/coursebook/lesson08/page73/desert.gif"/>
      </div>
      <div class="row">
         <div class="col-md-1 ">
            <MediaBigMark Url="/schools/eaimgmp3/french1wma/lesson08/hufex1_l08_c01.mp3"
                          Sequence=""/>
         </div>
         <div class="col-md-11 ">
            <table class="table table-bordered c-table">
               <tr>
                  <td class="c-table-default middle">
                     <img src="/schools/eaimgmp3/french1/img/coursebook/lesson08/page73/tunis.gif"/>
                  </td>
                  <td class="c-table-default middle">
                     <img src="/schools/eaimgmp3/french1/img/coursebook/lesson08/page73/france.gif"/>
                  </td>
               </tr>
               <tr>
                  <td class=" middle">
                     <DragTarget id="g211" CorrectValue="bise|paysage|Suzanne|alsacien|anglaise|zéro"/>
                     <br/>
                     <DragTarget id="g212" CorrectValue="bise|paysage|Suzanne|alsacien|anglaise|zéro"/>
                     <br/>
                     <DragTarget id="g213" CorrectValue="bise|paysage|Suzanne|alsacien|anglaise|zéro"/>
                     <br/>
                     <DragTarget id="g214" CorrectValue="bise|paysage|Suzanne|alsacien|anglaise|zéro"/>
                     <br/>
                     <DragTarget id="g215" CorrectValue="bise|paysage|Suzanne|alsacien|anglaise|zéro"/>
                     <br/>
                     <DragTarget id="g216" CorrectValue="bise|paysage|Suzanne|alsacien|anglaise|zéro"/>
                  </td>
                  <td class=" middle">
                     <DragTarget id="g219"
                                 CorrectValue="anniversaire|français|sport|merci|poisson|décembre|Suzanne|attention|alsacien|descendre"/>
                     <br/>
                     <DragTarget id="g220"
                                 CorrectValue="anniversaire|français|sport|merci|poisson|décembre|Suzanne|attention|alsacien|descendre"/>
                     <br/>
                     <DragTarget id="g221"
                                 CorrectValue="anniversaire|français|sport|merci|poisson|décembre|Suzanne|attention|alsacien|descendre"/>
                     <br/>
                     <DragTarget id="g222"
                                 CorrectValue="anniversaire|français|sport|merci|poisson|décembre|Suzanne|attention|alsacien|descendre"/>
                     <br/>
                     <DragTarget id="g223"
                                 CorrectValue="anniversaire|français|sport|merci|poisson|décembre|Suzanne|attention|alsacien|descendre"/>
                     <br/>
                     <DragTarget id="g224"
                                 CorrectValue="anniversaire|français|sport|merci|poisson|décembre|Suzanne|attention|alsacien|descendre"/>
                     <br/>
                     <DragTarget id="g225"
                                 CorrectValue="anniversaire|français|sport|merci|poisson|décembre|Suzanne|attention|alsacien|descendre"/>
                     <br/>
                     <DragTarget id="g226"
                                 CorrectValue="anniversaire|français|sport|merci|poisson|décembre|Suzanne|attention|alsacien|descendre"/>
                     <br/>
                     <DragTarget id="g227"
                                 CorrectValue="anniversaire|français|sport|merci|poisson|décembre|Suzanne|attention|alsacien|descendre"/>
                     <br/>
                     <DragTarget id="g228"
                                 CorrectValue="anniversaire|français|sport|merci|poisson|décembre|Suzanne|attention|alsacien|descendre"/>
                  </td>
               </tr>
            </table>
         </div>
      </div>
   </Ex>
   <Ex id="hufex1_l08_c02"
       title="Prononciation [z]"
       instr="{{Ahtmltitle}}"
       tech_instr="TEXT_SECTION_SELECTING_ONE_OR_MORE_CORRECT_ANSWERS SOUND_PLAYBACK">
      <p>
         <a target="_blank"
            href="http://www.langmaster.cz/comcz/French1/l08/c/hufex1_l08_c02.htm">/French1/l08/c/hufex1_l08_c02.htm</a>
         <br/>
         <a target="_blank"
            href="http://www.langmaster.cz/comcz/French1/l08/c/home.htm">
                            cvičení 2</a>
      </p>
      <div class="row">
         <div class="col-md-2 ">
            <img src="/schools/eaimgmp3/french1/img/coursebook/lesson08/page73/0624h0245.gif"/>
         </div>
         <div class="col-md-10 ">
            <MediaText id="snd0"
                       Url="/schools/eaimgmp3/french1wma/lesson08/hufex1_l08_c02.mp3"
                       Sequence="0"/>
            <MediaText id="snd1" Sequence="1" ContinueOf="snd0">
               <SndSent ReplacePtr="1">
            Françoi<CheckItem id="o123" TextId="TrueFalse" CorrectValue="true">s</CheckItem>e fait <CheckItem id="o124" TextId="TrueFalse" CorrectValue="false">s</CheckItem>ei<CheckItem id="o125" TextId="TrueFalse" CorrectValue="true">z</CheckItem>e bi<CheckItem id="o126" TextId="TrueFalse" CorrectValue="true">s</CheckItem>e<CheckItem id="o127" TextId="TrueFalse" CorrectValue="false">s</CheckItem> à Ba<CheckItem id="o128" TextId="TrueFalse" CorrectValue="true">s</CheckItem>ile.
          </SndSent>
            </MediaText>
            <br/>
            <MediaText id="snd2" Sequence="2" ContinueOf="snd1"/>
            <MediaText id="snd3" Sequence="3" ContinueOf="snd2">
               <SndSent ReplacePtr="3">
            Quel plai<CheckItem id="o139" TextId="TrueFalse" CorrectValue="true">s</CheckItem>ir,
          </SndSent>
            </MediaText>
            <MediaText id="snd4" Sequence="4" ContinueOf="snd3">
               <SndSent ReplacePtr="4">
            le<CheckItem id="o140" TextId="TrueFalse" CorrectValue="false">s</CheckItem> bai<CheckItem id="o141" TextId="TrueFalse" CorrectValue="true">s</CheckItem>er<CheckItem id="o142" TextId="TrueFalse" CorrectValue="false">s</CheckItem>du cou<CheckItem id="o143" TextId="TrueFalse" CorrectValue="true">s</CheckItem>in <CheckItem id="o144" TextId="TrueFalse" CorrectValue="false">s</CheckItem>ui<CheckItem id="o145" TextId="TrueFalse" CorrectValue="false">ss</CheckItem>e!
          </SndSent>
            </MediaText>
            <br/>
            <MediaText id="snd5" Sequence="5" ContinueOf="snd4"/>
            <MediaText id="snd6" Sequence="6" ContinueOf="snd5">
               <SndSent ReplacePtr="6">
            Il<CheckItem id="o156" TextId="TrueFalse" CorrectValue="true">s</CheckItem> aiment la cui<CheckItem id="o157" TextId="TrueFalse" CorrectValue="true">s</CheckItem>ine al<CheckItem id="o158" TextId="TrueFalse" CorrectValue="true">s</CheckItem>a<CheckItem id="o159" TextId="TrueFalse" CorrectValue="false">c</CheckItem>ienne.
          </SndSent>
            </MediaText>
            <br/>
            <MediaText id="snd7" Sequence="7" ContinueOf="snd6"/>
            <MediaText id="snd8" Sequence="8" ContinueOf="snd7">
               <SndSent ReplacePtr="8">
            L’expo<CheckItem id="o170" TextId="TrueFalse" CorrectValue="true">s</CheckItem>ition Cé<CheckItem id="o171" TextId="TrueFalse" CorrectValue="true">z</CheckItem>anne
          </SndSent>
            </MediaText>
            <MediaText id="snd9" Sequence="9" ContinueOf="snd8">
               <SndSent ReplacePtr="9">
            commen<CheckItem id="o172" TextId="TrueFalse" CorrectValue="false">c</CheckItem>e le quin<CheckItem id="o173" TextId="TrueFalse" CorrectValue="true">z</CheckItem>e dé<CheckItem id="o174" TextId="TrueFalse" CorrectValue="false">c</CheckItem>embre
          </SndSent>
            </MediaText>
            <MediaText id="snd10" Sequence="10" ContinueOf="snd9">
               <SndSent ReplacePtr="10">
            au mu<CheckItem id="o175" TextId="TrueFalse" CorrectValue="true">s</CheckItem>ée d’Or<CheckItem id="o176" TextId="TrueFalse" CorrectValue="false">s</CheckItem>ay.
          </SndSent>
            </MediaText>
            <br/>
            <MediaText id="snd11" Sequence="11" ContinueOf="snd10"/>
            <MediaText id="snd12" Sequence="12" ContinueOf="snd11">
               <SndSent ReplacePtr="12">
            De<CheckItem id="o187" TextId="TrueFalse" CorrectValue="false">s</CheckItem>
                  <CheckItem id="o188" TextId="TrueFalse" CorrectValue="true">z</CheckItem>ebres dan<CheckItem id="o189" TextId="TrueFalse" CorrectValue="false">s</CheckItem> le dé<CheckItem id="o190" TextId="TrueFalse" CorrectValue="true">s</CheckItem>ert?
          </SndSent>
            </MediaText>
            <MediaText id="snd13" Sequence="13" ContinueOf="snd12">
               <SndSent ReplacePtr="13">
            Bi <CheckItem id="o191" TextId="TrueFalse" CorrectValue="true">z</CheckItem>arre!
          </SndSent>
            </MediaText>
         </div>
      </div>
   </Ex>
   <Ex id="hufex1_l08_c03"
       title="Tableau récapitulatif"
       instr="{{Ahtmltitle}}"
       tech_instr="FILLING_IN_FROM_A_LIST">
      <p>
         <a target="_blank"
            href="http://www.langmaster.cz/comcz/French1/l08/c/hufex1_l08_c03.htm">/French1/l08/c/hufex1_l08_c03.htm</a>
         <br/>
         <a target="_blank"
            href="http://www.langmaster.cz/comcz/French1/l08/c/home.htm">
                            cvičení 3</a>
      </p>
      <DragSource/>
      <div>
         <img src="/schools/eaimgmp3/french1/img/coursebook/lesson08/page73/1608h0046.jpg"/>
      </div>
      <div>
         <table class="table table-bordered c-table">
            <tr>
               <td class=" middle">s</td>
               <td class=" middle">-s-</td>
               <td class=" middle">
                  <DragTarget id="g199" CorrectValue="sport|anniversaire|Suzanne|seize|suisse|Orsay"/>, <DragTarget id="g200" CorrectValue="sport|anniversaire|Suzanne|seize|suisse|Orsay"/>, <DragTarget id="g201" CorrectValue="sport|anniversaire|Suzanne|seize|suisse|Orsay"/>,<br/>
                  <DragTarget id="g202" CorrectValue="sport|anniversaire|Suzanne|seize|suisse|Orsay"/>, <DragTarget id="g203" CorrectValue="sport|anniversaire|Suzanne|seize|suisse|Orsay"/>, <DragTarget id="g204" CorrectValue="sport|anniversaire|Suzanne|seize|suisse|Orsay"/>
               </td>
            </tr>
            <tr>
               <td class=" middle"/>
               <td class=" middle">-ss- (entre 2 voyelles)</td>
               <td class=" middle">
                  <DragTarget id="g211" CorrectValue="suisse|dessert|poisson"/>, <DragTarget id="g212" CorrectValue="suisse|dessert|poisson"/>, <DragTarget id="g213" CorrectValue="suisse|dessert|poisson"/>
               </td>
            </tr>
            <tr>
               <td class=" middle"/>
               <td class=" middle">-ç- (+a, +o, +u)</td>
               <td class=" middle">
                  <DragTarget id="g220" CorrectValue="français|Françoise"/>, <DragTarget id="g221" CorrectValue="français|Françoise"/>
               </td>
            </tr>
            <tr>
               <td class=" middle"/>
               <td class=" middle">-c- (+e, +i)</td>
               <td class=" middle">
                  <DragTarget id="g228" CorrectValue="merci|décembre|alsacien|Cézanne|commence"/>, <DragTarget id="g229" CorrectValue="merci|décembre|alsacien|Cézanne|commence"/>, <DragTarget id="g230" CorrectValue="merci|décembre|alsacien|Cézanne|commence"/>,<br/>
                  <DragTarget id="g231" CorrectValue="merci|décembre|alsacien|Cézanne|commence"/>, <DragTarget id="g232" CorrectValue="merci|décembre|alsacien|Cézanne|commence"/>
               </td>
            </tr>
            <tr>
               <td class=" middle"/>
               <td class=" middle">-t- (+io)</td>
               <td class=" middle">
                  <DragTarget id="g239" CorrectValue="attention|exposition"/>, <DragTarget id="g240" CorrectValue="attention|exposition"/>
               </td>
            </tr>
            <tr>
               <td class=" middle"/>
               <td class=" middle">-sc- (+e, +i)</td>
               <td class=" middle">
                  <DragTarget id="g246" CorrectValue="descendre" Width="200"/>
               </td>
            </tr>
            <tr>
               <td class=" middle">z</td>
               <td class=" middle">-s- (entre 2 voyelles/liaison)</td>
               <td class=" middle">
                  <DragTarget id="g259"
                              CorrectValue="musée|désert|tunisien|bise|paysage|alsacien|Françoise|Basile|plaisir|baisers|cousin|cuisine|exposition"/>, <DragTarget id="g260"
                              CorrectValue="musée|désert|tunisien|bise|paysage|alsacien|Françoise|Basile|plaisir|baisers|cousin|cuisine|exposition"/>, <DragTarget id="g261"
                              CorrectValue="musée|désert|tunisien|bise|paysage|alsacien|Françoise|Basile|plaisir|baisers|cousin|cuisine|exposition"/>,<br/>
                  <DragTarget id="g262"
                              CorrectValue="musée|désert|tunisien|bise|paysage|alsacien|Françoise|Basile|plaisir|baisers|cousin|cuisine|exposition"/>, <DragTarget id="g263"
                              CorrectValue="musée|désert|tunisien|bise|paysage|alsacien|Françoise|Basile|plaisir|baisers|cousin|cuisine|exposition"/>, <DragTarget id="g264"
                              CorrectValue="musée|désert|tunisien|bise|paysage|alsacien|Françoise|Basile|plaisir|baisers|cousin|cuisine|exposition"/>,<br/>
                  <DragTarget id="g265"
                              CorrectValue="musée|désert|tunisien|bise|paysage|alsacien|Françoise|Basile|plaisir|baisers|cousin|cuisine|exposition"/>, <DragTarget id="g266"
                              CorrectValue="musée|désert|tunisien|bise|paysage|alsacien|Françoise|Basile|plaisir|baisers|cousin|cuisine|exposition"/>, <DragTarget id="g267"
                              CorrectValue="musée|désert|tunisien|bise|paysage|alsacien|Françoise|Basile|plaisir|baisers|cousin|cuisine|exposition"/>,<br/>
                  <DragTarget id="g268"
                              CorrectValue="musée|désert|tunisien|bise|paysage|alsacien|Françoise|Basile|plaisir|baisers|cousin|cuisine|exposition"/>, <DragTarget id="g269"
                              CorrectValue="musée|désert|tunisien|bise|paysage|alsacien|Françoise|Basile|plaisir|baisers|cousin|cuisine|exposition"/>, <DragTarget id="g271"
                              CorrectValue="musée|désert|tunisien|bise|paysage|alsacien|Françoise|Basile|plaisir|baisers|cousin|cuisine|exposition"/>,<br/>
                  <DragTarget id="g272"
                              CorrectValue="musée|désert|tunisien|bise|paysage|alsacien|Françoise|Basile|plaisir|baisers|cousin|cuisine|exposition"/>
               </td>
            </tr>
            <tr>
               <td class=" middle"/>
               <td class=" middle">-z-</td>
               <td class=" middle">
                  <DragTarget id="g279"
                              CorrectValue="zéro|Suzanne|douze|seize|Cézanne|quinze|zèbre|bizarre"/>, <DragTarget id="g280"
                              CorrectValue="zéro|Suzanne|douze|seize|Cézanne|quinze|zèbre|bizarre"/>, <DragTarget id="g281"
                              CorrectValue="zéro|Suzanne|douze|seize|Cézanne|quinze|zèbre|bizarre"/>,<br/>
                  <DragTarget id="g282"
                              CorrectValue="zéro|Suzanne|douze|seize|Cézanne|quinze|zèbre|bizarre"/>, <DragTarget id="g283"
                              CorrectValue="zéro|Suzanne|douze|seize|Cézanne|quinze|zèbre|bizarre"/>, <DragTarget id="g284"
                              CorrectValue="zéro|Suzanne|douze|seize|Cézanne|quinze|zèbre|bizarre"/>,<br/>
                  <DragTarget id="g285"
                              CorrectValue="zéro|Suzanne|douze|seize|Cézanne|quinze|zèbre|bizarre"/>, <DragTarget id="g286"
                              CorrectValue="zéro|Suzanne|douze|seize|Cézanne|quinze|zèbre|bizarre"/>
               </td>
            </tr>
         </table>
      </div>
      <div class="col-md-5">
         <div class="panel panel-info">
            <div class="panel-heading">
               <h3>Attention!</h3>
            </div>
            <div class="panel-body">
               <hr/>
               <p>
                  <i>démocratie </i>- on prononce [de:mokrasi]<br/>
                  <br/>
                  <b>[z]</b> marque la liaison entre deux mots: ils ont deux enfants.
        </p>
            </div>
         </div>
      </div>
   </Ex>
   <Ex id="hufex1_l08_c04"
       title="Quel son entendez-vous?"
       instr="{{Ahtmltitle}}"
       tech_instr="SINGLE_CHOICE SOUND_PLAYBACK">
      <p>
         <a target="_blank"
            href="http://www.langmaster.cz/comcz/French1/l08/c/hufex1_l08_c04.htm">/French1/l08/c/hufex1_l08_c04.htm</a>
         <br/>
         <a target="_blank"
            href="http://www.langmaster.cz/comcz/French1/l08/c/home.htm">
                            cvičení 4</a>
      </p>
      <div>
         <img src="/schools/eaimgmp3/french1/img/homestudy/lesson08/page137/poison.gif"/>
      </div>
      <div class="row">
         <div class="col-md-1 ">
            <MediaBigMark Url="/schools/eaimgmp3/french1wma/lesson08/hufex1_l08_c04.mp3"
                          Sequence=""/>
         </div>
         <div class="col-md-11 ">
          {{Ttrans}}
        <table class="table c-table">
               <tr>
                  <td class=" middle">
                     <div class="panel panel-default c-panel" Width="400-800">
                        <div class="panel-body">
                           <SingleChoice id="t343">
                              <Data>
                                 <string>Ils sont perdus.</string>
                                 <string>#Ils ont perdu.</string>
                              </Data>
                           </SingleChoice>
                        </div>
                     </div>
                  </td>
                  <td class=" middle">
                     <div class="panel panel-default c-panel" Width="400-800">
                        <div class="panel-heading">a.</div>
                        <div class="panel-body">
                           <SingleChoice id="t494">
                              <Data>
                                 <string>C’est un bon dessert.</string>
                                 <string>#C’est un beau désert.</string>
                              </Data>
                           </SingleChoice>
                        </div>
                     </div>
                  </td>
               </tr>
               <tr>
                  <td class=" middle">
                     <div class="panel panel-default c-panel" Width="400-800">
                        <div class="panel-heading">b.</div>
                        <div class="panel-body">
                           <SingleChoice id="t641">
                              <Data>
                                 <string>Elles sont douze.</string>
                                 <string>#Elles sont douces.</string>
                              </Data>
                           </SingleChoice>
                        </div>
                     </div>
                  </td>
                  <td class=" middle">
                     <div class="panel panel-default c-panel" Width="400-800">
                        <div class="panel-heading">c.</div>
                        <div class="panel-body">
                           <SingleChoice id="t788">
                              <Data>
                                 <string>Mon petit coussin.</string>
                                 <string>#Mon petit cousin.</string>
                              </Data>
                           </SingleChoice>
                        </div>
                     </div>
                  </td>
               </tr>
               <tr>
                  <td class=" middle">
                     <div class="panel panel-default c-panel" Width="400-800">
                        <div class="panel-heading">d.</div>
                        <div class="panel-body">
                           <SingleChoice id="t935">
                              <Data>
                                 <string>#Six cents.</string>
                                 <string>Six ans.</string>
                              </Data>
                           </SingleChoice>
                        </div>
                     </div>
                  </td>
                  <td class=" middle">
                     <div class="panel panel-default c-panel" Width="400-800">
                        <div class="panel-heading">e.</div>
                        <div class="panel-body">
                           <SingleChoice id="t1082">
                              <Data>
                                 <string>#Deux sœurs calmes.</string>
                                 <string>Deux heures calmes.</string>
                              </Data>
                           </SingleChoice>
                        </div>
                     </div>
                  </td>
               </tr>
               <tr>
                  <td class=" middle">
                     <div class="panel panel-default c-panel" Width="400-800">
                        <div class="panel-heading">f.</div>
                        <div class="panel-body">
                           <SingleChoice id="t1229">
                              <Data>
                                 <string>#Ils s’aiment.</string>
                                 <string>Ils aiment.</string>
                              </Data>
                           </SingleChoice>
                        </div>
                     </div>
                  </td>
                  <td class=" middle">
                     <div class="panel panel-default c-panel" Width="400-800">
                        <div class="panel-heading">g.</div>
                        <div class="panel-body">
                           <SingleChoice id="t1376">
                              <Data>
                                 <string>C’est du poison.</string>
                                 <string>#C’est du poisson.</string>
                              </Data>
                           </SingleChoice>
                        </div>
                     </div>
                  </td>
               </tr>
            </table>
         </div>
      </div>
   </Ex>
   <Ex id="hufex1_l08_c05"
       title="Adjectifs possessifs"
       instr="{{Ahtmltitle}}"
       tech_instr="FILLING_IN">
      <p>
         <a target="_blank"
            href="http://www.langmaster.cz/comcz/French1/l08/c/hufex1_l08_c05.htm">/French1/l08/c/hufex1_l08_c05.htm</a>
         <br/>
         <a target="_blank"
            href="http://www.langmaster.cz/comcz/French1/l08/c/home.htm">
                            cvičení 5</a>
      </p>
      <div>
         <table class="table table-bordered c-table">
            <tr>
               <td class=" middle">
            J’adore l’Alsace: <GapFill id="g156" CorrectValue="ses" Width="200"/> grandes villes, <GapFill id="g157" CorrectValue="son" Width="200"/> atmosphère, <GapFill id="g158" CorrectValue="ses" Width="200"/> vins blancs et <GapFill id="g159" CorrectValue="ses" Width="200"/> cathédrales.
          </td>
            </tr>
            <tr>
               <td class=" middle">
            Pour <GapFill id="g208" CorrectValue="son" Width="200"/> anniversaire, Julie a invité <GapFill id="g209" CorrectValue="ses" Width="200"/> amis dans <GapFill id="g210" CorrectValue="son" Width="200"/> restaurant préféré.
          </td>
            </tr>
            <tr>
               <td class=" middle">
            M. et Mme Sarrazin aiment les animaux; <GapFill id="g259" CorrectValue="leur" Width="200"/> chien s’appelle Floc et <GapFill id="g260" CorrectValue="leurs" Width="200"/> chats Pic et Poc.
          </td>
            </tr>
            <tr>
               <td class=" middle">
            Dis, Julien, <GapFill id="g309" CorrectValue="ton" Width="200"/> activité préférée, c’est toujours la randonnée? – Oui, j’ai passé <GapFill id="g310" CorrectValue="mes" Width="200"/> vacances en Corse.
          </td>
            </tr>
            <tr>
               <td class=" middle">
            Nous sommes partis vivre aux Etats-Unis. Nous avons quitté <GapFill id="g359" CorrectValue="notre" Width="200"/> pays, <GapFill id="g360" CorrectValue="notre" Width="200"/> maison et <GapFill id="g361" CorrectValue="nos" Width="200"/> amis.
          </td>
            </tr>
            <tr>
               <td class=" middle">
            Bonjour, Madame! Comment allez-vous? Et <GapFill id="g410" CorrectValue="vos" Width="200"/> enfants?
          </td>
            </tr>
         </table>
      </div>
      <div class="row">
         <div class="col-md-4 ">
            <img src="/schools/eaimgmp3/french1/img/coursebook/lesson08/page71/boy_mit_bildern.gif"/>
         </div>
         <div class="col-md-8 ">
            <div class="panel panel-info">
               <div class="panel-heading">
                  <h3>Adjectifs possessifs</h3>
               </div>
               <div class="panel-body">
                  <table class="table c-table">
                     <tr>
                        <td class=" middle ">
                           <p>
                              <span class="text-danger">
                                 <b>Singulier</b>
                              </span>
                           </p>
                           <p>
                              <b>masculin:</b>
                           </p>
                           <p>
                              <b>féminin:</b>
                           </p>
                        </td>
                        <td class=" middle ">
                           <br/>
                           <p>
                  mon ami
                </p>
                           <p>
                  ma copine<br/>
                  *mon amie
                </p>
                           <p>
                              <b>notre</b>
                           </p>
                        </td>
                        <td class=" middle ">
                           <br/>
                           <p>
                  ton
                </p>
                           <p>
                  ta<br/>
                  *ton
                </p>
                           <p>
                              <b>votre</b>
                           </p>
                        </td>
                        <td class=" middle ">
                           <br/>
                           <p>
                  son
                </p>
                           <p>
                  sa<br/>
                  *son
                </p>
                           <p>
                              <b>leur</b>
                           </p>
                        </td>
                     </tr>
                     <tr>
                        <td class=" middle ">
                           <p>
                              <b>
                                 <span class="text-danger">Pluriel</span>
                              </b>
                           </p>
                        </td>
                        <td class=" middle ">
                           <p>
                  mes<br/>
                  nos
                </p>
                        </td>
                        <td class=" middle ">
                           <p>
                  tes<br/>
                  vos
                </p>
                        </td>
                        <td class=" middle ">
                           <p>
                  ses<br/>
                  leurs
                </p>
                        </td>
                     </tr>
                  </table>
                  <p>
            *devant les mots féminins commençant
            <br/>
            par une voyelle ou un «h» non aspiré
          </p>
               </div>
            </div>
         </div>
      </div>
   </Ex>
   <Ex id="hufex1_l08_c06"
       title="J’aime beaucoup ..."
       instr="{{Ahtmltitle}}"
       tech_instr="FILLING_IN">
      <p>
         <a target="_blank"
            href="http://www.langmaster.cz/comcz/French1/l08/c/hufex1_l08_c06.htm">/French1/l08/c/hufex1_l08_c06.htm</a>
         <br/>
         <a target="_blank"
            href="http://www.langmaster.cz/comcz/French1/l08/c/home.htm">
                            cvičení 6</a>
      </p>
      <div class="row">
         <div class="col-md-3 ">
            <img src="/schools/eaimgmp3/french1/img/homestudy/lesson08/page134/frau_junge.gif"/>
         </div>
         <div class="col-md-9 ">J’aime beaucoup <GapFill id="g156" CorrectValue="ma" Width="200"/> ville, <GapFill id="g157" CorrectValue="son" Width="200"/> église gothique, <GapFill id="g158" CorrectValue="sa" Width="200"/> place centrale avec <GapFill id="g159" CorrectValue="ses" Width="200"/> petits cafés, <GapFill id="g160" CorrectValue="ses" Width="200"/> musées, <GapFill id="g161" CorrectValue="son" Width="200"/> marché, et <GapFill id="g162" CorrectValue="sa" Width="200"/> vie culturelle.
        <br/>
            <br/>
            <br/>J’adore <GapFill id="g211" CorrectValue="ma" Width="200"/> maman, <GapFill id="g212" CorrectValue="mes" Width="200"/> copains, <GapFill id="g213" CorrectValue="mon" Width="200"/> chat en peluche, <GapFill id="g214" CorrectValue="mon" Width="200"/> école et <GapFill id="g215" CorrectValue="mes" Width="200"/> poissons rouges.
        </div>
      </div>
   </Ex>
   <Ex id="hufex1_l08_c07"
       title="Mon travail, ta voiture..."
       instr="{{Ahtmltitle}}"
       tech_instr="SINGLE_CHOICE">
      <p>
         <a target="_blank"
            href="http://www.langmaster.cz/comcz/French1/l08/c/hufex1_l08_c07.htm">/French1/l08/c/hufex1_l08_c07.htm</a>
         <br/>
         <a target="_blank"
            href="http://www.langmaster.cz/comcz/French1/l08/c/home.htm">
                            cvičení 7</a>
      </p>
      <div class="row">
         <div class="col-md-2 ">
            <img src="/schools/eaimgmp3/french1/img/homestudy/lesson08/page135/1410h0027.jpg"/>
         </div>
         <div class="col-md-10 ">
            <table class="table c-table">
               <tr>
                  <td class=" middle">
                     <div class="panel panel-default c-panel" Width="400-800">
                        <div class="panel-heading">Dans ton ........, il n’y a pas de restaurant!</div>
                        <div class="panel-body">
                           <SingleChoice id="t118">
                              <Data>
                                 <string>ville</string>
                                 <string>#village</string>
                                 <string>région</string>
                              </Data>
                           </SingleChoice>
                        </div>
                     </div>
                  </td>
                  <td class=" middle">
                     <div class="panel panel-default c-panel" Width="400-800">
                        <div class="panel-heading">Je n’ai pas fini mes ........</div>
                        <div class="panel-body">
                           <SingleChoice id="t308">
                              <Data>
                                 <string>#exercices.</string>
                                 <string>travail.</string>
                                 <string>vacances.</string>
                              </Data>
                           </SingleChoice>
                        </div>
                     </div>
                  </td>
               </tr>
               <tr>
                  <td class=" middle">
                     <div class="panel panel-default c-panel" Width="400-800">
                        <div class="panel-heading">C’est sa ......... Elle s’appelle Joséphine.</div>
                        <div class="panel-body">
                           <SingleChoice id="t498">
                              <Data>
                                 <string>amie</string>
                                 <string>mari</string>
                                 <string>#femme</string>
                              </Data>
                           </SingleChoice>
                        </div>
                     </div>
                  </td>
                  <td class=" middle">
                     <div class="panel panel-default c-panel" Width="400-800">
                        <div class="panel-heading">On a invité nos ........ à dîner.</div>
                        <div class="panel-body">
                           <SingleChoice id="t688">
                              <Data>
                                 <string>client</string>
                                 <string>amie</string>
                                 <string>#copains</string>
                              </Data>
                           </SingleChoice>
                        </div>
                     </div>
                  </td>
               </tr>
               <tr>
                  <td class=" middle">
                     <div class="panel panel-default c-panel" Width="400-800">
                        <div class="panel-heading">Je ne trouve plus ma ........</div>
                        <div class="panel-body">
                           <SingleChoice id="t878">
                              <Data>
                                 <string>#carte de crédit.</string>
                                 <string>appareil-photo.</string>
                                 <string>chat.</string>
                              </Data>
                           </SingleChoice>
                        </div>
                     </div>
                  </td>
                  <td class=" middle">
                     <div class="panel panel-default c-panel" Width="400-800">
                        <div class="panel-heading">Quelle est ton ........ préférée?</div>
                        <div class="panel-body">
                           <SingleChoice id="t1068">
                              <Data>
                                 <string>acteur</string>
                                 <string>#actrice</string>
                                 <string>chanteuse</string>
                              </Data>
                           </SingleChoice>
                        </div>
                     </div>
                  </td>
               </tr>
               <tr>
                  <td class=" middle">
                     <div class="panel panel-default c-panel" Width="400-800">
                        <div class="panel-heading">Vos ........ sont très discrets.</div>
                        <div class="panel-body">
                           <SingleChoice id="t1258">
                              <Data>
                                 <string>enfant</string>
                                 <string>#bijoux</string>
                                 <string>filles</string>
                              </Data>
                           </SingleChoice>
                        </div>
                     </div>
                  </td>
                  <td class=" middle"/>
               </tr>
            </table>
         </div>
      </div>
      <div class="col-md-7">
         <div class="panel panel-info">
            <div class="panel-body">
               <p>
          {{Ttrans}}
        </p>
            </div>
         </div>
      </div>
   </Ex>
   <Ex id="hufex1_l08_c08"
       title="Racontez votre week-end!"
       instr="{{Ahtmltitle}}"
       tech_instr="CORRECTION">
      <p>
         <a target="_blank"
            href="http://www.langmaster.cz/comcz/French1/l08/c/hufex1_l08_c08.htm">/French1/l08/c/hufex1_l08_c08.htm</a>
         <br/>
         <a target="_blank"
            href="http://www.langmaster.cz/comcz/French1/l08/c/home.htm">
                            cvičení 8</a>
      </p>
      <div class="row">
         <div class="col-md-6 ">
            <img src="/schools/eaimgmp3/french1/img/homestudy/lesson08/page136/pictures136.gif"/>
         </div>
         <div class="col-md-6 ">Cher Jacques,<br/>
            <br/>j’ai fait beaucoup de choses pendant le week-end.<br/>
            <GapFill id="g246"
                     CorrectValue="Je suis parti"
                     InitValue="Partir"
                     Width="200"/> en France.
        <br/>
            <GapFill id="g293"
                     CorrectValue="J’ai mangé"
                     InitValue="Manger"
                     Width="200"/> des escargots.
        <br/>
            <GapFill id="g340"
                     CorrectValue="J’ai visité"
                     InitValue="Visiter"
                     Width="200"/> le Palais des Ducs.
        <br/>
            <GapFill id="g387"
                     CorrectValue="Je suis allé"
                     InitValue="Aller"
                     Width="200"/> à Paris.
        <br/>
            <GapFill id="g434"
                     CorrectValue="J’ai pris"
                     InitValue="Prendre"
                     Width="200"/> le train Paris-Dijon.
        <br/>
            <br/>Amitiés<br/>Paul</div>
      </div>
   </Ex>
</Module>
