﻿<?xml version="1.0" encoding="utf-8"?>
<Page id="hufex1_l03_b07">
  <p>
    <a href="http://www.langmaster.cz/comcz/French1/l03/b/hufex1_l03_b07.htm">/French1/l03/b/hufex1_l03_b07.htm</a>
    <br />
    <a href="http://www.langmaster.cz/comcz/French1/l03/b/home.htm">
                            cvičení 8</a>
  </p>
  <div>
    <img src="/schools/eaimgmp3/french1/img/coursebook/lesson03/page24/victor.gif" />
  </div>
  <div>
    <table class="table table-bordered c-table">
      <tr>
        <td class=" middle">
            1 – 5 - 9 – <GapFill id="g279" Width="200" CorrectValue="13" InitValue="" /> – <GapFill id="g280" Width="200" CorrectValue="17" InitValue="" /></td>
      </tr>
      <tr>
        <td class=" middle">
            un – cinq – neuf – <GapFill id="g329" Width="200" CorrectValue="treize" InitValue="" /> – <GapFill id="g330" Width="200" CorrectValue="dix-sept" InitValue="" /></td>
      </tr>
      <tr>
        <td class=" middle">
            67 – 57 – 47 – <GapFill id="g379" Width="200" CorrectValue="37" InitValue="" /> – <GapFill id="g380" Width="200" CorrectValue="27" InitValue="" /></td>
      </tr>
      <tr>
        <td class=" middle">
            soixante-sept – cinquante-sept – quarante-sept – <GapFill id="g429" Width="200" CorrectValue="trente-sept" InitValue="" /> – <GapFill id="g430" Width="200" CorrectValue="vingt-sept" InitValue="" /></td>
      </tr>
      <tr>
        <td class=" middle">
            4 – 8 – 16 – <GapFill id="g479" Width="200" CorrectValue="32" InitValue="" /> – <GapFill id="g480" Width="200" CorrectValue="64" InitValue="" /></td>
      </tr>
      <tr>
        <td class=" middle">
            quatre – huit – seize – <GapFill id="g529" Width="200" CorrectValue="trente-deux" InitValue="" /> – <GapFill id="g530" Width="200" CorrectValue="soixante-quatre" InitValue="" /></td>
      </tr>
      <tr>
        <td class=" middle">
            6 – 12 – 18 – <GapFill id="g579" Width="200" CorrectValue="24" InitValue="" /> – <GapFill id="g580" Width="200" CorrectValue="30" InitValue="" /></td>
      </tr>
      <tr>
        <td class=" middle">
            six – douze – dix-huit – <GapFill id="g629" Width="200" CorrectValue="vingt-quatre" InitValue="" /> – <GapFill id="g630" Width="200" CorrectValue="trente" InitValue="" /></td>
      </tr>
      <tr>
        <td class=" middle">
            1 – 3 – 4 – 7 – 11 – <GapFill id="g679" Width="200" CorrectValue="18" InitValue="" /> – <GapFill id="g680" Width="200" CorrectValue="29" InitValue="" /></td>
      </tr>
      <tr>
        <td class=" middle">
            un – trois – quatre – sept – onze – <GapFill id="g729" Width="200" CorrectValue="dix-huit" InitValue="" /> – <GapFill id="g730" Width="200" CorrectValue="vingt-neuf" InitValue="" /></td>
      </tr>
    </table>
  </div>
  <div class="col-md-6">
    <div class="panel panel-info">
      <div class="panel-body">
        <table class="table c-table">
          <tr>
            <td>
              <b>   0 </b>zéro
              <br /><b>1</b> un
              <br /><b>2</b> deux
              <br /><b>3</b> trois
              <br /><b>4</b> quatre
              <br /><b>5</b> cinq
              <br /><b>6</b> six
              <br /><b>7</b> sept
              <br /><b>8</b> huit
              <br /><b>9 </b>neuf
              <br /><b>10</b> dix
              <br /></td>
            <td>
              <b>11</b> onze<br /><b>12</b> douze<br /><b>13 </b>treize<br /><b>14</b> quatorze
              <br /><b>15</b> quinze<br /><b>16 </b>seize
              <br /><b>17</b> dix-sept<br /><b>18</b> dix-huit<br /><b>19</b> dix-neuf<br /><b>20</b> vingt
            </td>
            <td>
              <b>21</b> vingt et un
              <br /><b>22</b> vingt-deux<br /><b>23</b> vingt-trois<br /><b>24</b> vingt-quatre
              <br /><b>25</b> vingt-cinq<br /><b>26</b> vingt-six<br /><b>27</b> vingt-sept
              <br /><b>28</b> vingt-huit<br /><b>29</b> vingt-neuf<br /><b>30</b> trente
            </td>
            <td>
              <b>31</b> trente et un
              <br /><b>32</b> trente-deux
              <br /><b>33</b> trente-trois
              <br /><b>40</b> quarante
              <br /><b>41</b> quarante et un<br /><b>50</b> cinquante
              <br /><b>51</b> cinquante et un<br /><b>60</b> soixante
              <br /><b>61</b> soixante et un
              <br /><b>62</b> soixante-deux
            </td>
          </tr>
        </table>
      </div>
    </div>
  </div>
  <info title="Les chiffres" instrTitle="{{Ahtmltitle}}" instrs="FILLING_IN" />
</Page>