﻿<?xml version="1.0" encoding="utf-8"?>
<Page id="hufex1_l03_b08">
  <p>
    <a href="http://www.langmaster.cz/comcz/French1/l03/b/hufex1_l03_b08.htm">/French1/l03/b/hufex1_l03_b08.htm</a>
    <br />
    <a href="http://www.langmaster.cz/comcz/French1/l03/b/home.htm">
                            cvičení 9</a>
  </p>
  <div class="row">
    <div class="col-md-2 ">
      <img src="/schools/eaimgmp3/french1/img/homestudy/lesson03/page106/1357h0044.gif" />
    </div>
    <div class="col-md-10 ">
      <MacroTable Width="600-800" InlineType="GapFill"><![CDATA[
{12}\quarante
{6}\dix-huit
{9}\vingt-sept
{1}\onze
{5}\dix-sept
{3}\quinze
{10}\vingt-neuf
{15}\quatre-vingt
{13}\cinquante
{2}\treize
{11}\trente
{16}\quatre-vingt dix
{14}\soixante-dix
{7}\vingt et un
{4}\seize
{8}\vingt-trois
{17}\cent
]]></MacroTable>
    </div>
  </div>
  <info title="Les numéros mélangés" instrTitle="{{Ahtmltitle}}" instrs="SENTENCE_SEQUENCING" />
</Page>