﻿<?xml version="1.0" encoding="utf-8"?>
<Page id="hufex1_l04_b01">
  <p>
    <a href="http://www.langmaster.cz/comcz/French1/l04/b/hufex1_l04_b01.htm">/French1/l04/b/hufex1_l04_b01.htm</a>
    <br />
    <a href="http://www.langmaster.cz/comcz/French1/l04/b/home.htm">
                            cvičení 1</a>
  </p>
  <div class="row">
    <div class="col-md-4 ">
      <img src="/schools/eaimgmp3/french1/img/coursebook/lesson04/page31/musee_au.gif" />
    </div>
    <div class="col-md-8 ">
      <table class="table table-bordered c-table">
        <tr>
          <td class=" middle">
              Le centre Pompidou? Allez tout droit jusqu’<GapFill id="g156" Width="200" CorrectValue="au feu" InitValue="le feu" />.
            </td>
        </tr>
        <tr>
          <td class=" middle">
              Taxi! <GapFill id="g205" Width="200" CorrectValue="A la gare du Nord" InitValue="la gare du Nord" />.
            </td>
        </tr>
        <tr>
          <td class=" middle">
              Vous allez où? – <GapFill id="g254" Width="200" CorrectValue="Aux Galeries Lafayette" InitValue="les Galeries Lafayette" />.
            </td>
        </tr>
        <tr>
          <td class=" middle">
              Le bus n° 25 vient <GapFill id="g303" Width="200" CorrectValue="de l’aéroport" InitValue="l’aéroport" />.
            </td>
        </tr>
        <tr>
          <td class=" middle">
              Vous êtes où? – Je suis <GapFill id="g352" Width="200" CorrectValue="au Café de Flore" InitValue="le Café de Flore" />.
            </td>
        </tr>
        <tr>
          <td class=" middle">
              J’ai rendez-vous avec Lucie à deux heures <GapFill id="g401" Width="200" CorrectValue="aux Invalides" InitValue="les Invalides" />. Elle vient <GapFill id="g402" Width="200" CorrectValue="de la gare Saint-Lazare" InitValue="la gare Saint-Lazare" />.
            </td>
        </tr>
        <tr>
          <td class=" middle">
              Il y a une exposition intéressante <GapFill id="g451" Width="200" CorrectValue="au musée d’Orsay" InitValue="le musée d’Orsay" />.
            </td>
        </tr>
        <tr>
          <td class=" middle">
              Tu vas <GapFill id="g500" Width="200" CorrectValue="au théâtre" InitValue="le théâtre" />. – Non, je vais <GapFill id="g501" Width="200" CorrectValue="au cinéma" InitValue="le cinéma" />.
            </td>
        </tr>
        <tr>
          <td class=" middle">
              Je suis <GapFill id="g550" Width="200" CorrectValue="à l’hôtel de Moscou" InitValue="l’hôtel de Moscou" />.
            </td>
        </tr>
        <tr>
          <td class=" middle">
              Marie? Elle est <GapFill id="g599" Width="200" CorrectValue="au bureau" InitValue="le bureau" /> jusqu‘à six heures.
            </td>
        </tr>
        <tr>
          <td class=" middle">
              Pour aller <GapFill id="g648" Width="200" CorrectValue="à la tour Montparnasse" InitValue="la tour Montparnasse" />? – Prenez la première rue à gauche.
            </td>
        </tr>
        <tr>
          <td class=" middle">
              Tu viens d‘où? – <GapFill id="g697" Width="200" CorrectValue="Du Quartier latin" InitValue="le Quartier latin" />.
            </td>
        </tr>
      </table>
    </div>
  </div>
  <div class="col-md-6">
    <div class="panel panel-info">
      <div class="panel-body">
        <table class="table c-table">
          <tr>
            <td>
              <p>
                <b>aller à</b>
              </p>
            </td>
            <td>
              <p>
                <b>venir de</b>
              </p>
            </td>
          </tr>
          <tr>
            <td>
              <p>
                Je vais <b>au</b> musée.<br />
                Je vais <b>aux</b> Galeries Lafayette.<br />
                Je vais <b>à la</b> gare.<br />
                Je vais <b>à l’</b>hôtel.
              </p>
              <p>
                <b>KAM?</b>
              </p>
              <p>
                à+le=<b>au</b><br />
                à+les=<b>aux</b><br />
                à+la=<b>à la</b><br />
                à+l’=<b>à l’</b></p>
            </td>
            <td>
              <p>
                Je viens <b>du </b>musée.<br />
                Je viens <b>des</b> Galeries Lafayette.<br />
                Je viens <b>de la</b> gare.<br />
                Je viens <b>de l’</b>hôtel.
              </p>
              <p>
                <b>ODKUD?</b>
              </p>
              <p>
                de+le=<b>du</b><br />
                de+les=<b>des</b><br />
                de+la=<b>de la</b><br />
                de+l’=<b>de l’</b></p>
            </td>
          </tr>
        </table>
        <p>
          {{Ttrans}}
            
        </p>
      </div>
    </div>
  </div>
  <info title="A Paris" instrTitle="{{Ahtmltitle}}" instrs="CORRECTION" />
</Page>