﻿<?xml version="1.0" encoding="utf-8"?>
<Page id="hufex1_l04_b04">
  <p>
    <a href="http://www.langmaster.cz/comcz/French1/l04/b/hufex1_l04_b04.htm">/French1/l04/b/hufex1_l04_b04.htm</a>
    <br />
    <a href="http://www.langmaster.cz/comcz/French1/l04/b/home.htm">
                            cvičení 4</a>
  </p>
  <div>
    <img src="/schools/eaimgmp3/french1/img/homestudy/lesson04/page112/16_1.gif" />
  </div>
  <div class="row">
    <div class="col-md-3 ">
      <div class="panel panel-info">
        <div class="panel-heading">
          <h3>Prendre</h3>
        </div>
        <div class="panel-body">
          <hr />
          <p>
            je prends<br />
            tu prends<br />
            il/elle/on prend<br />
            nous prenons<br />
            vous prenez<br />
            ils/elles prennent
          </p>
        </div>
      </div>
    </div>
    <div class="col-md-9 ">
      <table class="table table-bordered c-table">
        <tr>
          <td class=" middle">
              Les étudiants ne <GapFill id="g155" Width="200" CorrectValue="comprennent" InitValue="comprendre" /> pas l’exercice de grammaire.
            </td>
        </tr>
        <tr>
          <td class=" middle">
              Nous <GapFill id="g204" Width="200" CorrectValue="apprenons" InitValue="apprendre" /> l’italien?
            </td>
        </tr>
        <tr>
          <td class=" middle">
              Je ne <GapFill id="g253" Width="200" CorrectValue="comprends" InitValue="comprendre" /> pas bien. Répétez, s’il vous plaît.
            </td>
        </tr>
        <tr>
          <td class=" middle">
              Tu <GapFill id="g302" Width="200" CorrectValue="prends" InitValue="prendre" /> une bière avec moi?
            </td>
        </tr>
        <tr>
          <td class=" middle">
              M. et Mme Béjart <GapFill id="g351" Width="200" CorrectValue="apprennent" InitValue="apprendre" /> à danser la salsa.
            </td>
        </tr>
        <tr>
          <td class=" middle">
            <GapFill id="g400" Width="200" CorrectValue="Prenez" InitValue="Prendre" /> la rue du Bac, là, à droite.
            </td>
        </tr>
      </table>
    </div>
  </div>
  <info title="Vous comprenez?" instrTitle="{{Ahtmltitle}}" instrs="CORRECTION" />
</Page>