﻿<?xml version="1.0" encoding="utf-8"?>
<Module title="Chapitre B">
   <Ex id="hufex1_l04_b01"
       title="A Paris"
       instr="{{Ahtmltitle}}"
       tech_instr="CORRECTION">
      <p>
         <a target="_blank"
            href="http://www.langmaster.cz/comcz/French1/l04/b/hufex1_l04_b01.htm">/French1/l04/b/hufex1_l04_b01.htm</a>
         <br/>
         <a target="_blank"
            href="http://www.langmaster.cz/comcz/French1/l04/b/home.htm">
                            cvičení 1</a>
      </p>
      <div class="row">
         <div class="col-md-4 ">
            <img src="/schools/eaimgmp3/french1/img/coursebook/lesson04/page31/musee_au.gif"/>
         </div>
         <div class="col-md-8 ">
            <table class="table table-bordered c-table">
               <tr>
                  <td class=" middle">
              Le centre Pompidou? Allez tout droit jusqu’<GapFill id="g156" CorrectValue="au feu" InitValue="le feu" Width="200"/>.
            </td>
               </tr>
               <tr>
                  <td class=" middle">
              Taxi! <GapFill id="g205"
                              CorrectValue="A la gare du Nord"
                              InitValue="la gare du Nord"
                              Width="200"/>.
            </td>
               </tr>
               <tr>
                  <td class=" middle">
              Vous allez où? – <GapFill id="g254"
                              CorrectValue="Aux Galeries Lafayette"
                              InitValue="les Galeries Lafayette"
                              Width="200"/>.
            </td>
               </tr>
               <tr>
                  <td class=" middle">
              Le bus n° 25 vient <GapFill id="g303"
                              CorrectValue="de l’aéroport"
                              InitValue="l’aéroport"
                              Width="200"/>.
            </td>
               </tr>
               <tr>
                  <td class=" middle">
              Vous êtes où? – Je suis <GapFill id="g352"
                              CorrectValue="au Café de Flore"
                              InitValue="le Café de Flore"
                              Width="200"/>.
            </td>
               </tr>
               <tr>
                  <td class=" middle">
              J’ai rendez-vous avec Lucie à deux heures <GapFill id="g401"
                              CorrectValue="aux Invalides"
                              InitValue="les Invalides"
                              Width="200"/>. Elle vient <GapFill id="g402"
                              CorrectValue="de la gare Saint-Lazare"
                              InitValue="la gare Saint-Lazare"
                              Width="200"/>.
            </td>
               </tr>
               <tr>
                  <td class=" middle">
              Il y a une exposition intéressante <GapFill id="g451"
                              CorrectValue="au musée d’Orsay"
                              InitValue="le musée d’Orsay"
                              Width="200"/>.
            </td>
               </tr>
               <tr>
                  <td class=" middle">
              Tu vas <GapFill id="g500"
                              CorrectValue="au théâtre"
                              InitValue="le théâtre"
                              Width="200"/>. – Non, je vais <GapFill id="g501"
                              CorrectValue="au cinéma"
                              InitValue="le cinéma"
                              Width="200"/>.
            </td>
               </tr>
               <tr>
                  <td class=" middle">
              Je suis <GapFill id="g550"
                              CorrectValue="à l’hôtel de Moscou"
                              InitValue="l’hôtel de Moscou"
                              Width="200"/>.
            </td>
               </tr>
               <tr>
                  <td class=" middle">
              Marie? Elle est <GapFill id="g599"
                              CorrectValue="au bureau"
                              InitValue="le bureau"
                              Width="200"/> jusqu‘à six heures.
            </td>
               </tr>
               <tr>
                  <td class=" middle">
              Pour aller <GapFill id="g648"
                              CorrectValue="à la tour Montparnasse"
                              InitValue="la tour Montparnasse"
                              Width="200"/>? – Prenez la première rue à gauche.
            </td>
               </tr>
               <tr>
                  <td class=" middle">
              Tu viens d‘où? – <GapFill id="g697"
                              CorrectValue="Du Quartier latin"
                              InitValue="le Quartier latin"
                              Width="200"/>.
            </td>
               </tr>
            </table>
         </div>
      </div>
      <div class="col-md-7">
         <div class="panel panel-info">
            <div class="panel-body">
               <table class="table c-table">
                  <tr>
                     <td>
                        <p>
                           <b>aller à</b>
                        </p>
                     </td>
                     <td>
                        <p>
                           <b>venir de</b>
                        </p>
                     </td>
                  </tr>
                  <tr>
                     <td>
                        <p>
                Je vais <b>au</b> musée.<br/>
                Je vais <b>aux</b> Galeries Lafayette.<br/>
                Je vais <b>à la</b> gare.<br/>
                Je vais <b>à l’</b>hôtel.
              </p>
                        <p>
                           <b>KAM?</b>
                        </p>
                        <p>
                à+le=<b>au</b>
                           <br/>
                à+les=<b>aux</b>
                           <br/>
                à+la=<b>à la</b>
                           <br/>
                à+l’=<b>à l’</b>
                        </p>
                     </td>
                     <td>
                        <p>
                Je viens <b>du </b>musée.<br/>
                Je viens <b>des</b> Galeries Lafayette.<br/>
                Je viens <b>de la</b> gare.<br/>
                Je viens <b>de l’</b>hôtel.
              </p>
                        <p>
                           <b>ODKUD?</b>
                        </p>
                        <p>
                de+le=<b>du</b>
                           <br/>
                de+les=<b>des</b>
                           <br/>
                de+la=<b>de la</b>
                           <br/>
                de+l’=<b>de l’</b>
                        </p>
                     </td>
                  </tr>
               </table>
               <p>
          {{Ttrans}}
            
        </p>
            </div>
         </div>
      </div>
   </Ex>
   <Ex id="hufex1_l04_b02"
       title="Tu viens d’où?"
       instr="{{Ahtmltitle}}"
       tech_instr="SINGLE_CHOICE">
      <p>
         <a target="_blank"
            href="http://www.langmaster.cz/comcz/French1/l04/b/hufex1_l04_b02.htm">/French1/l04/b/hufex1_l04_b02.htm</a>
         <br/>
         <a target="_blank"
            href="http://www.langmaster.cz/comcz/French1/l04/b/home.htm">
                            cvičení 2</a>
      </p>
      <div class="row">
         <div class="col-md-2 ">
            <img src="/schools/eaimgmp3/french1/img/homestudy/lesson04/page111/c838h0052.jpg"/>
         </div>
         <div class="col-md-10 ">
            <table class="table c-table">
               <tr>
                  <td class=" middle">
                     <div class="panel panel-default c-panel" Width="400-800">
                        <div class="panel-heading">Tu viens d’où?</div>
                        <div class="panel-body">
                           <SingleChoice id="t118">
                              <Data>
                                 <string>#De la gare de Lyon.</string>
                                 <string>A la gare de Lyon.</string>
                                 <string>En face de la gare de Lyon.</string>
                              </Data>
                           </SingleChoice>
                        </div>
                     </div>
                  </td>
                  <td class=" middle">
                     <div class="panel panel-default c-panel" Width="400-800">
                        <div class="panel-heading">Comment allez-vous?</div>
                        <div class="panel-body">
                           <SingleChoice id="t688">
                              <Data>
                                 <string>Au restaurant.</string>
                                 <string>#Très bien. Et vous?</string>
                                 <string>Jusqu’au feu.</string>
                              </Data>
                           </SingleChoice>
                        </div>
                     </div>
                  </td>
               </tr>
               <tr>
                  <td class=" middle">
                     <div class="panel panel-default c-panel" Width="400-800">
                        <div class="panel-heading">Vous allez où?</div>
                        <div class="panel-body">
                           <SingleChoice id="t308">
                              <Data>
                                 <string>Demain.</string>
                                 <string>De l’aéroport.</string>
                                 <string>#Rue des Francs-Bourgeois.</string>
                              </Data>
                           </SingleChoice>
                        </div>
                     </div>
                  </td>
                  <td class=" middle">
                     <div class="panel panel-default c-panel" Width="400-800">
                        <div class="panel-heading">Ils sont où?</div>
                        <div class="panel-body">
                           <SingleChoice id="t878">
                              <Data>
                                 <string>#Au Café de Flore.</string>
                                 <string>La deuxième rue à gauche.</string>
                                 <string>De Munich.</string>
                              </Data>
                           </SingleChoice>
                        </div>
                     </div>
                  </td>
               </tr>
               <tr>
                  <td class=" middle">
                     <div class="panel panel-default c-panel" Width="400-800">
                        <div class="panel-heading">Ils habitent où?</div>
                        <div class="panel-body">
                           <SingleChoice id="t498">
                              <Data>
                                 <string>Aux Galeries Lafayette.</string>
                                 <string>Sur la Tour Montparnasse.</string>
                                 <string>#A côté du cinéma Rex.</string>
                              </Data>
                           </SingleChoice>
                        </div>
                     </div>
                  </td>
                  <td class=" middle"/>
               </tr>
            </table>
         </div>
      </div>
      <div class="col-md-6">
         <div class="panel panel-info">
            <div class="panel-body">
               <table class="table c-table">
                  <tr>
                     <td>
                        <p>
                Je vais
              </p>
                     </td>
                     <td>
                        <p>
                à la boulangerie.<br/>
                au cinéma.<br/>
                aux Etats-Unis.
              </p>
                     </td>
                     <td>
                        <p>
                           <br/>
                à+le=<b>au</b>
                           <br/>
                à+les=<b>aux</b>
                        </p>
                     </td>
                  </tr>
                  <tr>
                     <td>
                        <p>
                Je reviens
              </p>
                     </td>
                     <td>
                        <p>
                de la poste.<br/>
                du marché.<br/>
                des Pays-Bas.
              </p>
                     </td>
                     <td>
                        <p>
                           <br/>
                de+le=<b>du</b>
                           <br/>
                de+les=<b>des</b>
                        </p>
                     </td>
                  </tr>
               </table>
            </div>
         </div>
      </div>
   </Ex>
   <Ex id="hufex1_l04_b03"
       title="Voyager"
       instr="{{Ahtmltitle}}"
       tech_instr="CORRECTION">
      <p>
         <a target="_blank"
            href="http://www.langmaster.cz/comcz/French1/l04/b/hufex1_l04_b03.htm">/French1/l04/b/hufex1_l04_b03.htm</a>
         <br/>
         <a target="_blank"
            href="http://www.langmaster.cz/comcz/French1/l04/b/home.htm">
                            cvičení 3</a>
      </p>
      <div class="row">
         <div class="col-md-2 ">
            <img src="/schools/eaimgmp3/french1/img/homestudy/lesson04/page111/249600_unit01_ex3.jpg"/>
         </div>
         <div class="col-md-10 ">
            <table class="table table-bordered c-table">
               <tr>
                  <td class=" middle">
              1. Je <GapFill id="g196" CorrectValue="vais" InitValue="aller" Width="200"/> au cinéma avec Henri. Tu <GapFill id="g197" CorrectValue="viens" InitValue="venir" Width="200"/> aussi?
            </td>
               </tr>
               <tr>
                  <td class=" middle">
              2. Vous <GapFill id="g246" CorrectValue="prenez" InitValue="prendre" Width="200"/> le bus pour aller au bureau?
            </td>
               </tr>
               <tr>
                  <td class=" middle">
              3. Cécile et Jean <GapFill id="g295"
                              CorrectValue="cherchent"
                              InitValue="chercher"
                              Width="200"/> toujours un appartement à Paris?
            </td>
               </tr>
               <tr>
                  <td class=" middle">
              4. Vous <GapFill id="g344" CorrectValue="venez" InitValue="venir" Width="200"/> à l’exposition Matisse avec nous?
            </td>
               </tr>
               <tr>
                  <td class=" middle">
              5. Je n’<GapFill id="g393" CorrectValue="aime" InitValue="aimer" Width="200"/> pas le couscous. Et toi?
            </td>
               </tr>
               <tr>
                  <td class=" middle">
              a. Non. Ce n’<GapFill id="g442" CorrectValue="est" InitValue="être" Width="200"/> pas pratique. Je <GapFill id="g443" CorrectValue="prends" InitValue="prendre" Width="200"/> le métro.
            </td>
               </tr>
               <tr>
                  <td class=" middle">
              b. Non, désolé, je n’<GapFill id="g492" CorrectValue="ai" InitValue="avoir" Width="200"/> pas le temps.
            </td>
               </tr>
               <tr>
                  <td class=" middle">
              c. Moi non plus. Je <GapFill id="g541"
                              CorrectValue="déteste"
                              InitValue="détester"
                              Width="200"/> ça.
            </td>
               </tr>
               <tr>
                  <td class=" middle">
              d. Oh oui! C’<GapFill id="g590" CorrectValue="est" InitValue="être" Width="200"/> une bonne idée. J’<GapFill id="g591" CorrectValue="adore" InitValue="adorer" Width="200"/> le cinéma.
            </td>
               </tr>
               <tr>
                  <td class=" middle">
              e. Oui, mais ils n’<GapFill id="g640" CorrectValue="ont" InitValue="avoir" Width="200"/> vraiment pas de chance.
            </td>
               </tr>
            </table>
         </div>
      </div>
      <div class="row">
         <div class="col-md-5 ">
            <div class="panel panel-info">
               <div class="panel-body">
                  <table class="table c-table">
                     <tr>
                        <td>
                           <p>
                              <b>aller</b>
                           </p>
                        </td>
                        <td>
                           <p>
                              <b>venir</b>
                           </p>
                        </td>
                     </tr>
                     <tr>
                        <td>
                           <p>
                  je vais<br/>
                  tu vas<br/>
                  il/elle/on va<br/>
                  nous allons<br/>
                  vous allez<br/>
                  ils/elles vont
                </p>
                        </td>
                        <td>
                           <p>
                  je viens<br/>
                  tu viens<br/>
                  il/elle/on vient<br/>
                  nous venons<br/>
                  vous venez<br/>
                  ils/elles viennent
                </p>
                        </td>
                     </tr>
                     <tr>
                        <td>
                           <p>
                              <b>avoir</b>
                           </p>
                        </td>
                        <td>
                           <p>
                              <b>prendre</b>
                           </p>
                        </td>
                     </tr>
                     <tr>
                        <td>
                           <p>
                  j’ai<br/>
                  tu as<br/>
                  il/elle/on a<br/>
                  nous avons<br/>
                  vous avez<br/>
                  ils/elles ont
                </p>
                        </td>
                        <td>
                           <p>
                  je prends<br/>
                  tu prends<br/>
                  il/elle/on prend<br/>
                  nous prenons<br/>
                  vous prenez<br/>
                  ils/elles prennent
                </p>
                        </td>
                     </tr>
                  </table>
               </div>
            </div>
         </div>
         <div class="col-md-7 ">
            <table class="table table-bordered c-table">
               <tr>
                  <td class="c-table-default middle">question</td>
                  <td class="c-table-default middle">réponse</td>
               </tr>
               <tr>
                  <td class=" middle">1.</td>
                  <td class=" middle">
                     <GapFill id="g903"
                              CorrectValue="d"
                              Width="gap_fill-eval_mode:caseSensitive;2em"/>
                  </td>
               </tr>
               <tr>
                  <td class=" middle">2.</td>
                  <td class=" middle">
                     <GapFill id="g909"
                              CorrectValue="a"
                              Width="gap_fill-eval_mode:caseSensitive;2em"/>
                  </td>
               </tr>
               <tr>
                  <td class=" middle">3.</td>
                  <td class=" middle">
                     <GapFill id="g915"
                              CorrectValue="e"
                              Width="gap_fill-eval_mode:caseSensitive;2em"/>
                  </td>
               </tr>
               <tr>
                  <td class=" middle">4.</td>
                  <td class=" middle">
                     <GapFill id="g921"
                              CorrectValue="b"
                              Width="gap_fill-eval_mode:caseSensitive;2em"/>
                  </td>
               </tr>
               <tr>
                  <td class=" middle">5.</td>
                  <td class=" middle">
                     <GapFill id="g927"
                              CorrectValue="c"
                              Width="gap_fill-eval_mode:caseSensitive;2em"/>
                  </td>
               </tr>
            </table>
         </div>
      </div>
   </Ex>
   <Ex id="hufex1_l04_b04"
       title="Vous comprenez?"
       instr="{{Ahtmltitle}}"
       tech_instr="CORRECTION">
      <p>
         <a target="_blank"
            href="http://www.langmaster.cz/comcz/French1/l04/b/hufex1_l04_b04.htm">/French1/l04/b/hufex1_l04_b04.htm</a>
         <br/>
         <a target="_blank"
            href="http://www.langmaster.cz/comcz/French1/l04/b/home.htm">
                            cvičení 4</a>
      </p>
      <div>
         <img src="/schools/eaimgmp3/french1/img/homestudy/lesson04/page112/16_1.gif"/>
      </div>
      <div class="row">
         <div class="col-md-3 ">
            <div class="panel panel-info">
               <div class="panel-heading">
                  <h3>Prendre</h3>
               </div>
               <div class="panel-body">
                  <hr/>
                  <p>
            je prends<br/>
            tu prends<br/>
            il/elle/on prend<br/>
            nous prenons<br/>
            vous prenez<br/>
            ils/elles prennent
          </p>
               </div>
            </div>
         </div>
         <div class="col-md-9 ">
            <table class="table table-bordered c-table">
               <tr>
                  <td class=" middle">
              Les étudiants ne <GapFill id="g155"
                              CorrectValue="comprennent"
                              InitValue="comprendre"
                              Width="200"/> pas l’exercice de grammaire.
            </td>
               </tr>
               <tr>
                  <td class=" middle">
              Nous <GapFill id="g204"
                              CorrectValue="apprenons"
                              InitValue="apprendre"
                              Width="200"/> l’italien?
            </td>
               </tr>
               <tr>
                  <td class=" middle">
              Je ne <GapFill id="g253"
                              CorrectValue="comprends"
                              InitValue="comprendre"
                              Width="200"/> pas bien. Répétez, s’il vous plaît.
            </td>
               </tr>
               <tr>
                  <td class=" middle">
              Tu <GapFill id="g302" CorrectValue="prends" InitValue="prendre" Width="200"/> une bière avec moi?
            </td>
               </tr>
               <tr>
                  <td class=" middle">
              M. et Mme Béjart <GapFill id="g351"
                              CorrectValue="apprennent"
                              InitValue="apprendre"
                              Width="200"/> à danser la salsa.
            </td>
               </tr>
               <tr>
                  <td class=" middle">
                     <GapFill id="g400" CorrectValue="Prenez" InitValue="Prendre" Width="200"/> la rue du Bac, là, à droite.
            </td>
               </tr>
            </table>
         </div>
      </div>
   </Ex>
   <Ex id="hufex1_l04_b05"
       title="Découvrez les sons"
       instr="{{Ahtmltitle}}"
       tech_instr="SINGLE_CHOICE SOUND_PLAYBACK">
      <p>
         <a target="_blank"
            href="http://www.langmaster.cz/comcz/French1/l04/b/hufex1_l04_b05.htm">/French1/l04/b/hufex1_l04_b05.htm</a>
         <br/>
         <a target="_blank"
            href="http://www.langmaster.cz/comcz/French1/l04/b/home.htm">
                            cvičení 5</a>
      </p>
      <div class="row">
         <div class="col-md-3 ">
            <img src="/schools/eaimgmp3/french1/img/coursebook/lesson04/page33/mann_mit_bilderrahmen.gif"/>
         </div>
         <div class="col-md-1 ">
            <MediaBigMark Url="/schools/eaimgmp3/french1wma/lesson04/hufex1_l04_b05.mp3"
                          Sequence=""/>
         </div>
         <div class="col-md-8 ">
            <table class="table c-table">
               <tr>
                  <td class=" middle">
                     <div class="panel panel-default c-panel" Width="400-800">
                        <div class="panel-heading">1.</div>
                        <div class="panel-body">
                           <SingleChoice id="t119">
                              <Data>
                                 <string>Vous dites tu.</string>
                                 <string>#Vous dites tout.</string>
                              </Data>
                           </SingleChoice>
                        </div>
                     </div>
                  </td>
                  <td class=" middle">
                     <div class="panel panel-default c-panel" Width="400-800">
                        <div class="panel-heading">2.</div>
                        <div class="panel-body">
                           <SingleChoice id="t266">
                              <Data>
                                 <string>#Lucie est russe.</string>
                                 <string>Lucie est rousse.</string>
                              </Data>
                           </SingleChoice>
                        </div>
                     </div>
                  </td>
               </tr>
               <tr>
                  <td class=" middle">
                     <div class="panel panel-default c-panel" Width="400-800">
                        <div class="panel-heading">3.</div>
                        <div class="panel-body">
                           <SingleChoice id="t413">
                              <Data>
                                 <string>J’écoute les moustiques.</string>
                                 <string>#J’écoute la musique.</string>
                              </Data>
                           </SingleChoice>
                        </div>
                     </div>
                  </td>
                  <td class=" middle">
                     <div class="panel panel-default c-panel" Width="400-800">
                        <div class="panel-heading">4.</div>
                        <div class="panel-body">
                           <SingleChoice id="t560">
                              <Data>
                                 <string>#C’est un début.</string>
                                 <string>C’est un des bouts.</string>
                              </Data>
                           </SingleChoice>
                        </div>
                     </div>
                  </td>
               </tr>
               <tr>
                  <td class=" middle">
                     <div class="panel panel-default c-panel" Width="400-800">
                        <div class="panel-heading">5.</div>
                        <div class="panel-body">
                           <SingleChoice id="t707">
                              <Data>
                                 <string>Ursule habite à Tulle.</string>
                                 <string>#Ursule habite à Toul.</string>
                              </Data>
                           </SingleChoice>
                        </div>
                     </div>
                  </td>
                  <td class=" middle"/>
               </tr>
            </table>
         </div>
      </div>
   </Ex>
   <Ex id="hufex1_l04_b06"
       title="Poème"
       instr="{{Ahtmltitle}}"
       tech_instr="SOUND_PLAYBACK">
      <p>
         <a target="_blank"
            href="http://www.langmaster.cz/comcz/French1/l04/b/hufex1_l04_b06.htm">/French1/l04/b/hufex1_l04_b06.htm</a>
         <br/>
         <a target="_blank"
            href="http://www.langmaster.cz/comcz/French1/l04/b/home.htm">
                            cvičení 6</a>
      </p>
      <div class="row">
         <div class="col-md-2 ">
            <img src="/schools/eaimgmp3/french1/img/coursebook/lesson04/page33/0075h0089.jpg"/>
         </div>
         <div class="col-md-10 ">
            <MediaText id="snd0"
                       Url="/schools/eaimgmp3/french1wma/lesson04/hufex1_l04_b06.mp3"
                       Sequence="0">
               <SndSent ReplacePtr="0">
                  <b>Le tatou</b>
               </SndSent>
            </MediaText>
            <br/>
            <MediaText id="snd1" Sequence="1" ContinueOf="snd0"/>
            <br/>
            <MediaText id="snd2" Sequence="2" ContinueOf="snd1"/>
            <br/>
            <MediaText id="snd3-4" Sequence="3-4" ContinueOf="snd2"/>
            <br/>
            <MediaText id="snd5" Sequence="5" ContinueOf="snd3-4"/>
         </div>
      </div>
   </Ex>
   <Ex id="hufex1_l04_b07"
       title="Je cherche la station de métro"
       instr="{{Ahtmltitle}}"
       tech_instr="FILLING_IN">
      <p>
         <a target="_blank"
            href="http://www.langmaster.cz/comcz/French1/l04/b/hufex1_l04_b07.htm">/French1/l04/b/hufex1_l04_b07.htm</a>
         <br/>
         <a target="_blank"
            href="http://www.langmaster.cz/comcz/French1/l04/b/home.htm">
                            cvičení 7</a>
      </p>
      <div class="row">
         <div class="col-md-3 ">
            <img src="/schools/eaimgmp3/french1/img/homestudy/lesson04/page113/0800h3495.jpg"/>
         </div>
         <div class="col-md-9 ">
            <p>
               <MediaDialog id="E64" IsPassive="true">
                  <SndReplica Name="A">
                     <SndSent>
              Pardon Madame, pour aller </SndSent>
                     <SndSent>
                        <GapFill id="g166" CorrectValue="à l’"/>
                     </SndSent>
                     <SndSent>hôpital, s’il vous plaît?
            </SndSent>
                  </SndReplica>
                  <SndReplica Name="B">
                     <SndSent>
              Oh, c’est loin! Alors prenez la première rue </SndSent>
                     <SndSent>
                        <GapFill id="g173" CorrectValue="à"/>
                     </SndSent>
                     <SndSent> droite. Continuez jusqu’</SndSent>
                     <SndSent>
                        <GapFill id="g174" CorrectValue="au"/>
                     </SndSent>
                     <SndSent> boulevard Gambetta. Là, vous prenez </SndSent>
                     <SndSent>
                        <GapFill id="g175" CorrectValue="le"/>
                     </SndSent>
                     <SndSent> bus numéro 18. L’arrêt est en face </SndSent>
                     <SndSent>
                        <GapFill id="g176" CorrectValue="du"/>
                     </SndSent>
                     <SndSent> restaurant «Chez Lulu». Il vient </SndSent>
                     <SndSent>
                        <GapFill id="g177" CorrectValue="de la"/>
                     </SndSent>
                     <SndSent> gare de Lyon et il s’arrête juste devant </SndSent>
                     <SndSent>
                        <GapFill id="g178" CorrectValue="l’"/>
                     </SndSent>
                     <SndSent> hôpital.
            </SndSent>
                  </SndReplica>
               </MediaDialog>
            </p>
            <p>
               <MediaDialog id="E278" IsPassive="true">
                  <SndReplica Name="A">
                     <SndSent>Pardon Monsieur, je cherche la station de métro.</SndSent>
                  </SndReplica>
                  <SndReplica Name="B">
                     <SndSent>
              C’est très facile! C’est en face </SndSent>
                     <SndSent>
                        <GapFill id="g386" CorrectValue="du"/>
                     </SndSent>
                     <SndSent> cinéma, à côté </SndSent>
                     <SndSent>
                        <GapFill id="g387" CorrectValue="des"/>
                     </SndSent>
                     <SndSent> Galeries Lafayette. Vous allez tout droit jusqu’</SndSent>
                     <SndSent>
                        <GapFill id="g388" CorrectValue="à la"/>
                     </SndSent>
                     <SndSent> place et vous tournez </SndSent>
                     <SndSent>
                        <GapFill id="g389" CorrectValue="à"/>
                     </SndSent>
                     <SndSent> gauche.
            </SndSent>
                  </SndReplica>
               </MediaDialog>
            </p>
         </div>
      </div>
   </Ex>
   <Ex id="hufex1_l04_b08"
       title="Verbes"
       instr="{{Ahtmltitle}}"
       tech_instr="TEXT_SECTION_SELECTING_ONE_OR_MORE_CORRECT_ANSWERS FILLING_IN">
      <p>
         <a target="_blank"
            href="http://www.langmaster.cz/comcz/French1/l04/b/hufex1_l04_b08.htm">/French1/l04/b/hufex1_l04_b08.htm</a>
         <br/>
         <a target="_blank"
            href="http://www.langmaster.cz/comcz/French1/l04/b/home.htm">
                            cvičení 8</a>
      </p>
      <div>
        TODO osmisměrka/křížovka, co s ní? ysearch
    </div>
      <div class="row">
         <div class="col-md-3 ">
            <img src="/schools/eaimgmp3/french1/img/vocabulary/lesson04/page30/0014h0008.jpg"/>
         </div>
         <div class="col-md-9 ">
            <table class="table table-bordered c-table">
               <tr>
                  <td>
                     <GapFill id="g1101"
                              CorrectValue="aller|prendre|venir|être|adorer|avoir|arriver|aimer|attendre|détester|continuer|tourner"
                              Width="200"/> 
            </td>
                  <td>
                     <GapFill id="g1102"
                              CorrectValue="aller|prendre|venir|être|adorer|avoir|arriver|aimer|attendre|détester|continuer|tourner"
                              Width="200"/>
                  </td>
               </tr>
               <tr>
                  <td>
                     <GapFill id="g1103"
                              CorrectValue="aller|prendre|venir|être|adorer|avoir|arriver|aimer|attendre|détester|continuer|tourner"
                              Width="200"/> 
            </td>
                  <td>
                     <GapFill id="g1104"
                              CorrectValue="aller|prendre|venir|être|adorer|avoir|arriver|aimer|attendre|détester|continuer|tourner"
                              Width="200"/>
                  </td>
               </tr>
               <tr>
                  <td>
                     <GapFill id="g1105"
                              CorrectValue="aller|prendre|venir|être|adorer|avoir|arriver|aimer|attendre|détester|continuer|tourner"
                              Width="200"/>
                  </td>
                  <td>
                     <GapFill id="g1106"
                              CorrectValue="aller|prendre|venir|être|adorer|avoir|arriver|aimer|attendre|détester|continuer|tourner"
                              Width="200"/>
                  </td>
               </tr>
               <tr>
                  <td>
                     <GapFill id="g1107"
                              CorrectValue="aller|prendre|venir|être|adorer|avoir|arriver|aimer|attendre|détester|continuer|tourner"
                              Width="200"/>
                  </td>
                  <td>
                     <GapFill id="g1108"
                              CorrectValue="aller|prendre|venir|être|adorer|avoir|arriver|aimer|attendre|détester|continuer|tourner"
                              Width="200"/>
                  </td>
               </tr>
               <tr>
                  <td>
                     <GapFill id="g1109"
                              CorrectValue="aller|prendre|venir|être|adorer|avoir|arriver|aimer|attendre|détester|continuer|tourner"
                              Width="200"/>
                  </td>
                  <td>
                     <GapFill id="g1110"
                              CorrectValue="aller|prendre|venir|être|adorer|avoir|arriver|aimer|attendre|détester|continuer|tourner"
                              Width="200"/>
                  </td>
               </tr>
               <tr>
                  <td>
                     <GapFill id="g1111"
                              CorrectValue="aller|prendre|venir|être|adorer|avoir|arriver|aimer|attendre|détester|continuer|tourner"
                              Width="200"/>
                  </td>
                  <td>
                     <GapFill id="g1112"
                              CorrectValue="aller|prendre|venir|être|adorer|avoir|arriver|aimer|attendre|détester|continuer|tourner"
                              Width="200"/>
                  </td>
               </tr>
            </table>
         </div>
      </div>
   </Ex>
   <Ex id="hufex1_l04_b09"
       title="L’intrus"
       instr="{{Ahtmltitle}}"
       tech_instr="SYLLABLE_SELECTION_ONE_CORRECT_OUT_OF_SEVERAL">
      <p>
         <a target="_blank"
            href="http://www.langmaster.cz/comcz/French1/l04/b/hufex1_l04_b09.htm">/French1/l04/b/hufex1_l04_b09.htm</a>
         <br/>
         <a target="_blank"
            href="http://www.langmaster.cz/comcz/French1/l04/b/home.htm">
                            cvičení 9</a>
      </p>
      <div class="row">
         <div class="col-md-3 ">
            <img src="/schools/eaimgmp3/french1/img/homestudy/lesson04/page113/c205h0009.jpg"/>
         </div>
         <div class="col-md-9 ">
            <table class="table table-bordered c-table">
               <tr>
                  <td class=" middle">
                     <WordSelection id="o120" Words="rue|avenue|#musée|boulevard"/> -   -   - </td>
               </tr>
               <tr>
                  <td class=" middle">
                     <WordSelection id="o134" Words="devant|#pour|entre|derrière"/> -   -   - </td>
               </tr>
               <tr>
                  <td class=" middle">
                     <WordSelection id="o148" Words="gare|station|#monument|aéroport"/> -   -   - </td>
               </tr>
               <tr>
                  <td class=" middle">
                     <WordSelection id="o162" Words="#demain|à droite|tout droit|à gauche"/> -   -   - </td>
               </tr>
               <tr>
                  <td class=" middle">
                     <WordSelection id="o176" Words="Ursule|#Louise|Suzanne|Lucie"/> -   -   - </td>
               </tr>
            </table>
         </div>
      </div>
   </Ex>
   <Ex id="hufex1_l04_b10"
       title="Orientation sur le plan de la ville"
       instr="{{Ahtmltitle}}"
       tech_instr="FILLING_IN SOUND_PLAYBACK">
      <p>
         <a target="_blank"
            href="http://www.langmaster.cz/comcz/French1/l04/b/hufex1_l04_b10.htm">/French1/l04/b/hufex1_l04_b10.htm</a>
         <br/>
         <a target="_blank"
            href="http://www.langmaster.cz/comcz/French1/l04/b/home.htm">
                            cvičení 10</a>
      </p>
      <div>
         <img src="/schools/eaimgmp3/french1/img/coursebook/lesson04/page32/strassenkarte.gif"/>
      </div>
      <div class="row">
         <div class="col-md-1 ">
            <MediaBigMark Url="/schools/eaimgmp3/french1wma/lesson04/hufex1_l04_b10.mp3"
                          Sequence=""/>
         </div>
         <div class="col-md-11 ">Où est l’office du tourisme?<br/>
          En face <GapFill id="g343" CorrectValue="de la gare" Width="200"/>, <GapFill id="g344" CorrectValue="dans la rue" Width="200"/> de la Libération.
        <br/>Où est l’Hôtel de Ville?<br/>
          En face <GapFill id="g437" CorrectValue="du parc" Width="200"/> Louis-Ferdinand Céline.
        <br/>Où est la poste?<br/>
            <GapFill id="g530" CorrectValue="Dans la rue de la Poste" Width="200"/>, <GapFill id="g531" CorrectValue="en face de l’hôtel." Width="200"/>
         </div>
      </div>
   </Ex>
</Module>
