﻿<?xml version="1.0" encoding="utf-8"?>
<Page id="hufex2_l02_b04">
  <p>
    <a href="http://www.langmaster.cz/comcz/French2/l02/b/hufex2_l02_b04.htm">/French2/l02/b/hufex2_l02_b04.htm</a>
    <br />
    <a href="http://www.langmaster.cz/comcz/French2/l02/b/home.htm">
                            cvičení 4</a>
  </p>
  <div class="row" />
  <DragSource />
  <div class="row">
    <div class="col-md-2 ">
      <img src="/schools/eaimgmp3/french2/img/coursebook/lesson02/page17/02_017_1.jpg" />
    </div>
    <div class="col-md-10 ">
      <table class="table table-bordered c-table">
        <tr>
          <td>
            Il est <DragTarget id="g194" Width="200" CorrectValue="brun" />, il a <DragTarget id="g195" Width="200" CorrectValue="des lunettes" />, il a <DragTarget id="g196" Width="200" CorrectValue="la quarantaine" />.
          </td>
        </tr>
        <tr>
          <td>
            Il est peut-être <DragTarget id="g243" Width="200" CorrectValue="divorcé" />.
          </td>
        </tr>
        <tr>
          <td>
            Il a l’air <DragTarget id="g290" Width="200" CorrectValue="pessimiste" />.
          </td>
        </tr>
        <tr>
          <td>Je le trouve séduisant et il est certainement très cultivé.</td>
        </tr>
        <tr>
          <td>
            A mon avis, il aime <DragTarget id="g383" Width="200" CorrectValue="lire" />, aller au théâtre...
          </td>
        </tr>
      </table>
    </div>
  </div>
  <div class="row">
    <div class="col-md-2 ">
      <img src="/schools/eaimgmp3/french2/img/coursebook/lesson02/page17/02_017_2.jpg" />
    </div>
    <div class="col-md-10 ">
      <table class="table table-bordered c-table">
        <tr>
          <td>
            Il est <DragTarget id="g687" Width="200" CorrectValue="blond" />, il a l’air sympa, <DragTarget id="g688" Width="200" CorrectValue="optimiste" />, il est souriant, c’est certainement <DragTarget id="g689" Width="200" CorrectValue="un bon vivant" />.
          </td>
        </tr>
        <tr>
          <td>
            A mon avis, il aime <DragTarget id="g736" Width="200" CorrectValue="le sport" />, voyager...
          </td>
        </tr>
      </table>
    </div>
  </div>
  <div class="col-md-6">
    <div class="panel panel-info">
      <div class="panel-body">
        <p>
          
            {{Ttrans}}
        </p>
      </div>
    </div>
  </div>
  <info title="«Entre les deux, mon coeur balance»" instrTitle="Il y a deux photos. Regardez-les et décrivez les deux hommes en utilisant les expressions données." instrs="FILLING_IN_FROM_A_LIST" />
</Page>