﻿<?xml version="1.0" encoding="utf-8"?>
<Page id="hufex2_l09_d01">
  <p>
    <a href="http://www.langmaster.cz/comcz/French2/l09/d/hufex2_l09_d01.htm">/French2/l09/d/hufex2_l09_d01.htm</a>
    <br />
    <a href="http://www.langmaster.cz/comcz/French2/l09/d/home.htm">
                            cvičení 1</a>
  </p>
  <div class="row">
    <div class="col-md-3 ">
      <img src="/schools/eaimgmp3/french2/img/coursebook/lesson09/page89/football.jpg" />
    </div>
    <div class="col-md-3 ">
      <img src="/schools/eaimgmp3/french2/img/coursebook/lesson09/page89/1647h0068.gif" />
    </div>
    <div class="col-md-3 ">
      <img src="/schools/eaimgmp3/french2/img/coursebook/lesson09/page89/1633h0030.jpg" />
    </div>
    <div class="col-md-3 ">
      <img src="/schools/eaimgmp3/french2/img/coursebook/lesson09/page89/0690h0370.gif" />
    </div>
  </div>
  <br />
  <div>
    <Pairing id="E206">
      <PairingItem>Jeannie Longo<Right>le cyclisme</Right></PairingItem>
      <PairingItem>Zinedine Zidane<Right>le football</Right></PairingItem>
      <PairingItem>Marie-Josée Pérec<Right>l’athlétisme (200 et 400 m)</Right></PairingItem>
      <PairingItem>Yannick Noah<Right>le tennis</Right></PairingItem>
    </Pairing>
  </div>
  <info title="Testez vos connaissances" instrTitle="Qui pratique quel sport? Reliez chaque personne avec un sport." instrs="PAIRING" />
</Page>