﻿<?xml version="1.0" encoding="utf-8"?>
<Page id="hufex2_l09_d04">
  <p>
    <a href="http://www.langmaster.cz/comcz/French2/l09/d/hufex2_l09_d04.htm">/French2/l09/d/hufex2_l09_d04.htm</a>
    <br />
    <a href="http://www.langmaster.cz/comcz/French2/l09/d/home.htm">
                            cvičení 4</a>
  </p>
  <div>
    <img src="/schools/eaimgmp3/french2/img/homestudy/lesson09/page172/0800h1262.jpg" />
  </div>
  <div>
      Avec <b>Rigoberta Menchu</b> Prix Nobel de la Paix 1992 et <b>TERRE DES HOMMES AIDONS LES INDIENS GUATEMALTEQUES A SURVIVRE</b></div>
  <div>
      «TERRE DES HOMMES FRANCE défend depuis longtemps notre cause. Nous souhaitons qu’elle continue à collaborer avec nous pendant de nombreuses années encore grâce à la force de ses membres et de ceux qui soutiennent son action.»
    </div>
  <div>
      RIGOBERTA MENCHU
    </div>
  <div>
      Guatemala signifie en indien « terre des arbres ». Dans ce beau pays au climat printanier, on côtoie aussi l’horreur. Dans les années 80, les Indiens guatémaltèques sont victimes d’une cruelle répression de la part des dictatures militaires. Les villages des communautés indiennes sont détruits, leurs cultures brûlées. Depuis 1986, le Guatemala est une démocratie. Pourtant les Droits de l’Homme sont loin d’être respectés. Mais partout ces mêmes Indiens luttent, résistent et relèvent la tête pour survivre.<br />
      Rigoberta Menchu incarne l’esprit de résistance, l’espoir d’obtenir une vie digne ainsi que le respect de l’identité de son peuple.<br />
      Elle lutte pour la paix et la démocratie au nom de tous les peuples d’Amérique.
    </div>
  <div>
      TERRE DES HOMMES aux côtés de RIGOBERTA MENCHU aide les Indiens qui ont dû fuir leur village pour se réfugier dans la montagne.
    </div>
  <div>
    <ul>
      <li>Pour que TERRE DES HOMMES puisse continuer à leur donner le courage de vivre et de lutter pour la paix.</li>
      <li>Pour qu’ils aient un logement, des vêtements et l’aide médicale indispensable.</li>
      <li>Pour qu’ils puissent cultiver leur propre terre, trouver un travail, s’alphabétiser et se former.</li>
      <li>Pour qu’ils soient en mesure de prendre en main leur destin.</li>
    </ul>
  </div>
  <div>
    <b>ILS ONT BESOIN DE NOUS TOUS!</b>
  </div>
  <div class="row">
    <div class="col-md-12 ">
      <b>1.</b>C’est une Indienne guatémaltèque. Elle a obtenu le prix Nobel de la Paix en 1992. Elle lutte pour la paix et la démocratie.
        <br /><b>2.</b>Le Guatemala est un pays au climat agréable. Bien que ce pays soit une démocratie depuis 1986, les Droits de l’Homme n’y sont pas respectés.
        <br /><b>3.</b>Les Indiens guatémaltèques ont été victimes d’une répression dans les années 80. Ils luttent pour survivre et garder leur identité.
        <br /><b>4.</b>Terre des Hommes est une organisation humanitaire qui défend la cause des Indiens guatémaltèques.
        <br /><b>5.</b>Cette association veut aider les Indiens à trouver du travail, un logement. Elle lutte pour qu’ils puissent prendre en main leur destin.
        <br /><b>6.</b>Informer les gens sur la situation au Guatemala et recueillir des dons.
      </div>
  </div>
  <div>
    <table class="table table-bordered c-table">
      <tr>
        <td>
            Sur les Indiens guatémaltèques?
          </td>
        <td>
            Quels buts cette association veut-elle atteindre?
          </td>
        <td>
            Qu’apprenez-vous, dans ce document, sur Rigoberta Menchu?
          </td>
        <td>
            Quelle est l’intention de ce document?
          </td>
        <td>
            Sur l’association «Terre des Hommes»?
          </td>
        <td>
            Sur le Guatemala?
          </td>
      </tr>
      <tr>
        <td>
          <GapFill id="gf01" CorrectValue="3" InitValue="" />
        </td>
        <td>
          <GapFill id="gf02" CorrectValue="5" InitValue="" />
        </td>
        <td>
          <GapFill id="gf03" CorrectValue="1" InitValue="" />
        </td>
        <td>
          <GapFill id="gf04" CorrectValue="6" InitValue="" />
        </td>
        <td>
          <GapFill id="gf05" CorrectValue="4" InitValue="" />
        </td>
        <td>
          <GapFill id="gf06" CorrectValue="2" InitValue="" />
        </td>
      </tr>
    </table>
  </div>
  <info title="Terre des Hommes " instrTitle="Lisez le document et reliez les questions et les réponses." instrs="FILLING_IN" />
</Page>