﻿<?xml version="1.0" encoding="utf-8"?>
<Page id="hufex2_l09_d05">
  <p>
    <a href="http://www.langmaster.cz/comcz/French2/l09/d/hufex2_l09_d05.htm">/French2/l09/d/hufex2_l09_d05.htm</a>
    <br />
    <a href="http://www.langmaster.cz/comcz/French2/l09/d/home.htm">
                            cvičení 5</a>
  </p>
  <div class="row">
    <div class="col-md-3 ">
      <img src="/schools/eaimgmp3/french2/img/coursebook/lesson09/page90/1863h0015.gif" />
    </div>
    <div class="col-md-9 ">
      <table class="table table-bordered c-table">
        <tr>
          <td class="c-table-default middle">le verbe qui correspond <br />à chacun des substantifs suivants.</td>
          <td class="c-table-default middle" />
        </tr>
        <tr>
          <td class=" middle">
            <b>la défense:</b>
          </td>
          <td class=" middle">
            <GapFill id="g160" Width="200" CorrectValue="défendre" InitValue="" />
          </td>
        </tr>
        <tr>
          <td class=" middle">
            <b>la collaboration:</b>
          </td>
          <td class=" middle">
            <GapFill id="g164" Width="200" CorrectValue="collaborer" InitValue="" />
          </td>
        </tr>
        <tr>
          <td class=" middle">
            <b>le soutien:</b>
          </td>
          <td class=" middle">
            <GapFill id="g168" Width="200" CorrectValue="soutenir" InitValue="" />
          </td>
        </tr>
        <tr>
          <td class=" middle">
            <b>la lutte:</b>
          </td>
          <td class=" middle">
            <GapFill id="g172" Width="200" CorrectValue="lutter" InitValue="" />
          </td>
        </tr>
        <tr>
          <td class=" middle">
            <b>la résistance:</b>
          </td>
          <td class=" middle">
            <GapFill id="g176" Width="200" CorrectValue="résister" InitValue="" />
          </td>
        </tr>
        <tr>
          <td class=" middle">
            <b>la survie:</b>
          </td>
          <td class=" middle">
            <GapFill id="g180" Width="200" CorrectValue="survivre" InitValue="" />
          </td>
        </tr>
        <tr>
          <td class=" middle">
            <b>le côté:</b>
          </td>
          <td class=" middle">
            <GapFill id="g184" Width="200" CorrectValue="côtoyer" InitValue="" />
          </td>
        </tr>
        <tr>
          <td class=" middle">
            <b>la culture:</b>
          </td>
          <td class=" middle">
            <GapFill id="g188" Width="200" CorrectValue="cultiver" InitValue="" />
          </td>
        </tr>
      </table>
      <table class="table table-bordered c-table">
        <tr>
          <td class="c-table-default middle">le substantif qui correspond<br />à chacun des verbes suivants.</td>
          <td class="c-table-default middle" />
        </tr>
        <tr>
          <td class=" middle">
            <b>donner:</b>
          </td>
          <td class=" middle">
              le <GapFill id="g326" Width="200" CorrectValue="don" InitValue="" /></td>
        </tr>
        <tr>
          <td class=" middle">
            <b>respecter:</b>
          </td>
          <td class=" middle">
              le <GapFill id="g330" Width="200" CorrectValue="respect" InitValue="" /></td>
        </tr>
        <tr>
          <td class=" middle">
            <b>recevoir:</b>
          </td>
          <td class=" middle">
              le <GapFill id="g334" Width="200" CorrectValue="reçu" InitValue="" /></td>
        </tr>
        <tr>
          <td class=" middle">
            <b>espérer:</b>
          </td>
          <td class=" middle">
              l’ <GapFill id="g338" Width="200" CorrectValue="espoir" InitValue="" /></td>
        </tr>
        <tr>
          <td class=" middle">
            <b>réprimer:</b>
          </td>
          <td class=" middle">
              la <GapFill id="g342" Width="200" CorrectValue="répression" InitValue="" /></td>
        </tr>
        <tr>
          <td class=" middle">
            <b>aider:</b>
          </td>
          <td class=" middle">
              l’ <GapFill id="g346" Width="200" CorrectValue="aide" InitValue="" /></td>
        </tr>
      </table>
    </div>
  </div>
  <info title="Cherchez les mots" instrTitle="Complétez dans le premier tableau le verbe et dans le second le substantif qui correspond à chacun des mots suivants." instrs="FILLING_IN" />
</Page>