﻿<?xml version="1.0" encoding="utf-8"?>
<Page id="hufex2_l09_d06">
  <p>
    <a href="http://www.langmaster.cz/comcz/French2/l09/d/hufex2_l09_d06.htm">/French2/l09/d/hufex2_l09_d06.htm</a>
    <br />
    <a href="http://www.langmaster.cz/comcz/French2/l09/d/home.htm">
                            cvičení 6</a>
  </p>
  <div class="row">
    <div class="col-md-3 ">
      <img src="/schools/eaimgmp3/french2/img/vocabulary/lesson09/page110/c891h0075.jpg" />
    </div>
    <div class="col-md-9 ">
      <table>
        <tr>
          <td class=" middle">
              une voiture <i>pour la famille</i></td>
          <td class=" middle">une voiture familiale</td>
        </tr>
        <tr>
          <td class=" middle">
              des vacances <i>de rêve</i></td>
          <td class=" middle">
            <GapFill id="g161" Width="200" CorrectValue="des vacances rêvées" InitValue="" />
          </td>
        </tr>
        <tr>
          <td class=" middle">
              des techniques <i>
                qui viennent de nos ancêtres
              </i></td>
          <td class=" middle">
            <GapFill id="g165" Width="200" CorrectValue="des techniques ancestrales" InitValue="" />
          </td>
        </tr>
        <tr>
          <td class=" middle">
              l’énergie <i>que donne la vie</i></td>
          <td class=" middle">
            <GapFill id="g169" Width="200" CorrectValue="l’énergie vitale" InitValue="" />
          </td>
        </tr>
        <tr>
          <td class=" middle">
              une recette <i>
                qui vient de la tradition
              </i></td>
          <td class=" middle">
            <GapFill id="g173" Width="200" CorrectValue="une recette traditionnelle" InitValue="" />
          </td>
        </tr>
        <tr>
          <td class=" middle">
              la sagesse <i>des Orientaux</i></td>
          <td class=" middle">
            <GapFill id="g177" Width="200" CorrectValue="la sagesse orientale" InitValue="" />
          </td>
        </tr>
      </table>
    </div>
  </div>
  <info title="Trouvez l’adjectif" instrTitle="Remplacez les expressions soulignées par un adjectif." instrs="FILLING_IN" />
</Page>