﻿<?xml version="1.0" encoding="utf-8"?>
<Page id="hufex2_l09_d07">
  <p>
    <a href="http://www.langmaster.cz/comcz/French2/l09/d/hufex2_l09_d07.htm">/French2/l09/d/hufex2_l09_d07.htm</a>
    <br />
    <a href="http://www.langmaster.cz/comcz/French2/l09/d/home.htm">
                            cvičení 7</a>
  </p>
  <div class="row">
    <div class="col-md-3 ">
      <img src="/schools/eaimgmp3/french2/img/coursebook/lesson09/page90/0694h0067.gif" />
    </div>
    <div class="col-md-9 ">
      <table class="table table-bordered c-table">
        <tr>
          <td class=" middle">
            <b>
                GU
              </b>
          </td>
          <td class=" middle">j’ai eu</td>
          <td class=" middle">
            <b>ID</b>
          </td>
          <td class=" middle">
            <GapFill id="g160" Width="200" CorrectValue="idée" InitValue="" />
          </td>
        </tr>
        <tr>
          <td class=" middle">
            <b>AC</b>
          </td>
          <td class=" middle">
            <GapFill id="g164" Width="200" CorrectValue="assez" InitValue="" />
          </td>
          <td class=" middle">
            <b>LA</b>
          </td>
          <td class=" middle">
            <GapFill id="g167" Width="200" CorrectValue="elle a" InitValue="" />
          </td>
        </tr>
        <tr>
          <td class=" middle">
            <b>HT</b>
          </td>
          <td class=" middle">
            <GapFill id="g171" Width="200" CorrectValue="acheter" InitValue="" />
          </td>
          <td class=" middle">
            <b>LM</b>
          </td>
          <td class=" middle">
            <GapFill id="g174" Width="200" CorrectValue="elle aime" InitValue="" />
          </td>
        </tr>
        <tr>
          <td class=" middle">
            <b>AG</b>
          </td>
          <td class=" middle">
            <GapFill id="g178" Width="200" CorrectValue="âgé" InitValue="" />
          </td>
          <td class=" middle">
            <b>LC</b>
          </td>
          <td class=" middle">
            <GapFill id="g181" Width="200" CorrectValue="elle sait" InitValue="" />
          </td>
        </tr>
        <tr>
          <td class=" middle">
            <b>PI</b>
          </td>
          <td class=" middle">
            <GapFill id="g185" Width="200" CorrectValue="pays" InitValue="" />
          </td>
          <td class=" middle">
            <b>JV</b>
          </td>
          <td class=" middle">
            <GapFill id="g188" Width="200" CorrectValue="j’y vais" InitValue="" />
          </td>
        </tr>
        <tr>
          <td class=" middle">
            <b>OQP</b>
          </td>
          <td class=" middle">
            <GapFill id="g192" Width="200" CorrectValue="occuper" InitValue="" />
          </td>
          <td class=" middle">
            <b>BD</b>
          </td>
          <td class=" middle">
            <GapFill id="g195" Width="200" CorrectValue="bédé" InitValue="" />
          </td>
        </tr>
      </table>
    </div>
  </div>
  <info title="Des lettres et des mots" instrTitle="Lisez les lettres à haute voix et écrivez leur signification." instrs="FILLING_IN" />
</Page>