﻿<?xml version="1.0" encoding="utf-8"?>
<Page id="hufex2_l05_b02">
  <p>
    <a href="http://www.langmaster.cz/comcz/French2/l05/b/hufex2_l05_b02.htm">/French2/l05/b/hufex2_l05_b02.htm</a>
    <br />
    <a href="http://www.langmaster.cz/comcz/French2/l05/b/home.htm">
                            cvičení 2</a>
  </p>
  <div class="row">
    <div class="col-md-2 ">
      <img src="/schools/eaimgmp3/french2/img/coursebook/lesson05/page40/05_038_2.jpg" />
    </div>
    <div class="col-md-10 ">
      <b>L’ancien commissaire de police: Guy Moulin</b>
      <br />
        «En 1983, j’ai donné ma démission, j’ai quitté la police pour réaliser mon rêve de gosse: écrire. Et pourtant, je faisais bien mon boulot, j’avais de bons rapports avec mes collègues... Mais j’avais l’impression que je n’étais pas vraiment à ma place. Et puis, quand un criminel ou un cambrioleur me racontait sa vie, j’avais envie d’en faire un roman policier.<br />
        Alors, en 1983, j’ai choisi de changer de vie. Avant je faisais tout pour lutter contre le mal dans la société et maintenant, c’est la violence ou le crime qui m’inspirent mes plus beaux romans policiers...!<br />
        Que voulez-vous, la vie est ainsi faite! D’ailleurs, je vais bientôt tenter une autre aventure. Je viens d’acheter un bateau et l’année prochaine, avec ma femme, on fait le tour du monde!»<br /></div>
  </div>
  <ListGroup IsStriped="true">
    <Noop>
        Avant, <GapFill id="g620" Width="200" CorrectValue="Guy Moulin" InitValue="" /> travaillait dans la <GapFill id="g621" Width="200" CorrectValue="police" InitValue="" />.
      </Noop>
    <Noop>
        Un jour, il a choisi de <GapFill id="g670" Width="200" CorrectValue="changer" InitValue="" /> de vie: il <GapFill id="g671" Width="200" CorrectValue="a donné sa démission" InitValue="" /> pour réaliser <GapFill id="g672" Width="200" CorrectValue="son rêve d’enfant" InitValue="" />.
      </Noop>
    <Noop>
        Maintenant, il écrit <GapFill id="g721" Width="200" CorrectValue="des romans policiers" InitValue="" />.
      </Noop>
  </ListGroup>
  <div class="row">
    <div class="col-md-2 ">
      <img src="/schools/eaimgmp3/french2/img/coursebook/lesson05/page41/05_039_oben.jpg" />
    </div>
    <div class="col-md-10 ">
      <b>Aurélien Lartigues: des miettes de bonheur</b>
      <br />
        «Jusqu’en 1993, j’étais cadre commercial dans une entreprise qui fabriquait des jouets. J’avais un salaire confortable, j’étais toujours en costume-cravate et je devais faire dans les 80 000 kilomètres par an. J’étais satisfait. Et puis, en 1993, l’entreprise a fait faillite et du jour au lendemain, je me suis retrouvé chômeur et complètement déprimé. Heureusement que ma femme et mes enfants étaient là pour me soutenir et me redonner courage. En fait, c’est ma femme qui a eu l’idée de reprendre la boulangerie de son père qui voulait prendre sa retraite.<br />
        Au début, j’étais sceptique et mon premier pain n’était pas très beau à voir! Il ressemblait à du charbon et il n’était même pas cuit! Et puis, se lever tous les jours à cinq heures du matin, ce n’était pas évident, croyez-moi! Aujourd’hui, je me sens bien et mon pain est le meilleur du quartier: ce sont mes clients qui le disent! Il faut dire que dans mon pain, il n’y a pas seulement de la farine, du sel et de l’eau, mais aussi et surtout l’amour du travail bien fait.»<br /></div>
  </div>
  <table class="table table-bordered c-table">
    <tr>
      <td>
        Avant, <GapFill id="g381" Width="200" CorrectValue="Aurélien Lartigues" InitValue="" /> était <GapFill id="g382" Width="200" CorrectValue="cadre commercial" InitValue="" /> pour une entreprise de <GapFill id="g383" Width="200" CorrectValue="jouets" InitValue="" />.
      </td>
    </tr>
    <tr>
      <td>
        Un jour, l’entreprise <GapFill id="g432" Width="200" CorrectValue="a fait faillite" InitValue="" />. Sa <GapFill id="g433" Width="200" CorrectValue="femme" InitValue="" /> a eu l’idée <GapFill id="g434" Width="200" CorrectValue="de reprendre la boulangerie" InitValue="" /> de son <GapFill id="g435" Width="200" CorrectValue="père" InitValue="" />.
      </td>
    </tr>
    <tr>
      <td>
        Maintenant, il est <GapFill id="g484" Width="200" CorrectValue="boulanger" InitValue="" />, il se sent <GapFill id="g485" Width="200" CorrectValue="bien" InitValue="" /> et son pain est le <GapFill id="g486" Width="200" CorrectValue="meilleur" InitValue="" /> du quartier.
      </td>
    </tr>
  </table>
  <info title="Changer de vie" instrTitle="Ces deux personnes ont changé de vie. A l’aide des éléments contenus dans les interviews, complétez les phrases ci-dessous." instrs="FILLING_IN" />
</Page>