﻿<?xml version="1.0" encoding="utf-8"?>
<Page id="hufex2_l05_b03">
  <p>
    <a href="http://www.langmaster.cz/comcz/French2/l05/b/hufex2_l05_b03.htm">/French2/l05/b/hufex2_l05_b03.htm</a>
    <br />
    <a href="http://www.langmaster.cz/comcz/French2/l05/b/home.htm">
                            cvičení 3</a>
  </p>
  <Possibilities Words="construire|travailler|acheter|tomber|faire|être" />
  <div>
    <table class="table table-bordered c-table">
      <tr>
        <td>
          <img src="/schools/eaimgmp3/french2/img/homestudy/lesson05/page133/121_1.gif" />
        </td>
      </tr>
      <tr>
        <td>
          <b> Avant</b>, il travaillait toute la journée dans son bureau.<br /><b>Un jour</b>, il a gagné une grosse somme d’argent au loto.<br /><b>Maintenant</b>, il ne travaille plus. Il vit sur son yacht et voyage beaucoup.
        </td>
      </tr>
      <tr>
        <td>
          <img src="/schools/eaimgmp3/french2/img/homestudy/lesson05/page133/121_2.gif" />
        </td>
      </tr>
      <tr>
        <td>
          <b>Avant</b>, ils <GapFill id="g176" Width="200" CorrectValue="faisaient" InitValue="" /> souvent des randonnées en montagne avec leurs amis.<br /><b>Un jour</b>, ils <GapFill id="g177" Width="200" CorrectValue="ont acheté" InitValue="" /> un ordinateur.<br /><b>Maintenant</b>, ils n’ont plus le temps de faire des randonnées. Ils <GapFill id="g178" Width="200" CorrectValue="travaillent" InitValue="" /> tous les deux sur leur ordinateur.
        </td>
      </tr>
      <tr>
        <td>
          <img src="/schools/eaimgmp3/french2/img/homestudy/lesson05/page133/121_3.gif" />
        </td>
      </tr>
      <tr>
        <td>
          <b> Avant</b>, c’<GapFill id="g188" Width="200" CorrectValue="était" InitValue="" /> un petit village tranquille pas très loin de Paris. <br /><b>Un jour</b>, on <GapFill id="g189" Width="200" CorrectValue="a construit" InitValue="" /> une autoroute avec une sortie sur ce village. <br /><b> Maintenant</b>, il y a un supermarché, beaucoup d’immeubles. Ce village <GapFill id="g190" Width="200" CorrectValue="est" InitValue="" /> devenu une banlieue de Paris.
        </td>
      </tr>
      <tr>
        <td>
          <img src="/schools/eaimgmp3/french2/img/homestudy/lesson05/page133/121_4.gif" />
        </td>
      </tr>
      <tr>
        <td>
          <b> Avant,</b> il <GapFill id="g200" Width="200" CorrectValue="était" InitValue="" /> malheureux parce qu’il vivait seul.<br /><b>Un jour,</b> il <GapFill id="g201" Width="200" CorrectValue="est tombé" InitValue="" /> amoureux de la caissière d’un supermarché.
          <br /><b>Maintenant</b>, il est heureux. Il <GapFill id="g202" Width="200" CorrectValue="est" InitValue="" /> marié et il a 4 enfants.
        </td>
      </tr>
    </table>
  </div>
  <info title="Avant, un jour, maintenan t…" instrTitle="Racontez les histoires suivantes d’après l’exemple. Les images vous aident." instrs="FILLING_IN" />
</Page>