﻿<?xml version="1.0" encoding="utf-8"?>
<Page id="hufex2_l05_b04">
  <p>
    <a href="http://www.langmaster.cz/comcz/French2/l05/b/hufex2_l05_b04.htm">/French2/l05/b/hufex2_l05_b04.htm</a>
    <br />
    <a href="http://www.langmaster.cz/comcz/French2/l05/b/home.htm">
                            cvičení 4</a>
  </p>
  <div>
    <img src="/schools/eaimgmp3/french2/img/coursebook/lesson05/page42/passecompose.jpg" />
  </div>
  <div class="row">
    <div class="col-md-2 ">
      <img src="/schools/eaimgmp3/french2/img/coursebook/lesson05/page42/0997h0066.gif" />
    </div>
    <div class="col-md-10 ">
      <table class="table table-bordered c-table">
        <tr>
          <td>
            Il <GapFill id="g203" Width="200" CorrectValue="était" InitValue="être" /> ingénieur quand il <GapFill id="g204" Width="200" CorrectValue="a découvert" InitValue="découvrir" /> le cirque. Le jour où il <GapFill id="g205" Width="200" CorrectValue="a remporté" InitValue="remporter" /> un prix, il <GapFill id="g206" Width="200" CorrectValue="a décidé" InitValue="décider" /> de devenir clown à plein temps.
          </td>
        </tr>
        <tr>
          <td>
            Jusqu’en 1983, Guy Moulin <GapFill id="g255" Width="200" CorrectValue="était" InitValue="être" /> commissaire de police. Mais ce qu’il <GapFill id="g256" Width="200" CorrectValue="aimait" InitValue="aimer" />, c’<GapFill id="g257" Width="200" CorrectValue="était" InitValue="être" /> écouter les criminels raconter leur vie. Alors il <GapFill id="g258" Width="200" CorrectValue="a décidé" InitValue="décider" /> de changer de vie.
          </td>
        </tr>
        <tr>
          <td>
            En 1994, Christophe et Vincent <GapFill id="g307" Width="200" CorrectValue="sont allés" InitValue="aller" /> s’installer à Hongkong. Ils <GapFill id="g308" Width="200" CorrectValue="ont acheté" InitValue="acheter" /> un ordinateur, un fax et hop! ils <GapFill id="g309" Width="200" CorrectValue="se sont retrouvés" InitValue="se retrouver" /> chefs d’entreprise.
          </td>
        </tr>
        <tr>
          <td>
            Elle <GapFill id="g358" Width="200" CorrectValue="était" InitValue="être" /> en train de faire la cuisine quand le téléphone <GapFill id="g359" Width="200" CorrectValue="a sonné" InitValue="sonner" />. Elle <GapFill id="g360" Width="200" CorrectValue="est allée" InitValue="aller" /> décrocher sans attendre.
          </td>
        </tr>
        <tr>
          <td>
            Tous les ans, les Bouchard <GapFill id="g409" Width="200" CorrectValue="partaient" InitValue="partir" /> en vacances en Bretagne, mais l’année dernière, <GapFill id="g410" Width="200" CorrectValue="ont choisi" InitValue="choisir" /> la Normandie. Ils <GapFill id="g411" Width="200" CorrectValue="sont revenus" InitValue="revenir" /> très contents.
          </td>
        </tr>
      </table>
    </div>
  </div>
  <info title="Imparfait ou passé composé?" instrTitle="Mettez les verbes à l’imparfait ou au passé composé, selon le sens." instrs="CORRECTION" />
</Page>