﻿<?xml version="1.0" encoding="utf-8"?>
<Page id="hufex2_l05_b05">
  <p>
    <a href="http://www.langmaster.cz/comcz/French2/l05/b/hufex2_l05_b05.htm">/French2/l05/b/hufex2_l05_b05.htm</a>
    <br />
    <a href="http://www.langmaster.cz/comcz/French2/l05/b/home.htm">
                            cvičení 5</a>
  </p>
  <div>
    <img src="/schools/eaimgmp3/french2/img/coursebook/lesson05/page43/p005_letisteruzyne04.jpg" />
  </div>
  <ListGroup IsStriped="true">
    <Noop>A 29 ans, Hugues Candelier <GapFill id="g156" Width="200" CorrectValue="a changé" InitValue="changer" /> de métier parce qu’il <GapFill id="g157" Width="200" CorrectValue="s’ennuyait" InitValue="s’ennuyer" /> trop au bureau.</Noop>
    <Noop>Quand elle <GapFill id="g206" Width="200" CorrectValue="est sortie" InitValue="sortir" />, il <GapFill id="g207" Width="200" CorrectValue="pleuvait" InitValue="pleuvoir" />.</Noop>
    <Noop>Leur voiture <GapFill id="g256" Width="200" CorrectValue="était" InitValue="être" /> en panne. Ils <GapFill id="g257" Width="200" CorrectValue="ont appelé" InitValue="appeler" /> un taxi, ils <GapFill id="g258" Width="200" CorrectValue="ont attendu" InitValue="attendre" /> une demi-heure. Rien! Ils <GapFill id="g259" Width="200" CorrectValue="sont arrivés" InitValue="arriver" /> à l’aéroport avec plus d’une heure de retard. Mais l’avion <GapFill id="g260" Width="200" CorrectValue="était" InitValue="être" /> toujours là.</Noop>
    <Noop>Quand je <GapFill id="g309" Width="200" CorrectValue="suis né|suis née" InitValue="" />, mon père <GapFill id="g312" Width="200" CorrectValue="avait" InitValue="avoir" /> trente ans et il <GapFill id="g313" Width="200" CorrectValue="adorait" InitValue="adorer" /> le football. C’est lui qui m’<GapFill id="g314" Width="200" CorrectValue="a offert" InitValue="offrir" /> mon premier ballon.</Noop>
    <Noop>En juillet, nous <GapFill id="g363" Width="200" CorrectValue="avons organisé" InitValue="organiser" /> une grande fête avec beaucoup d’invités. C’<GapFill id="g364" Width="200" CorrectValue="était" InitValue="être" /> un samedi. Tout le monde <GapFill id="g365" Width="200" CorrectValue="est venu" InitValue="venir" />.</Noop>
  </ListGroup>
  <info title="Encore une fois la différence" instrTitle="Mettez les verbes à l’imparfait ou au passé composé, selon le sens" instrs="CORRECTION" />
</Page>