﻿<?xml version="1.0" encoding="utf-8"?>
<Module title="Chapitre B">
   <Ex id="hufex2_l05_b01"
       title="Jean Charron"
       instr="Jean Charron est devenu éleveur de chèvres. Mais que faisait-il avant? Ecoutez l’interview."
       tech_instr="FILLING_IN SOUND_PLAYBACK">
      <p>
         <a target="_blank"
            href="http://www.langmaster.cz/comcz/French2/l05/b/hufex2_l05_b01.htm">/French2/l05/b/hufex2_l05_b01.htm</a>
         <br/>
         <a target="_blank"
            href="http://www.langmaster.cz/comcz/French2/l05/b/home.htm">
                            cvičení 1</a>
      </p>
      <div class="row">
         <div class="col-md-2 ">
            <img src="/schools/eaimgmp3/french2/img/coursebook/lesson05/page40/05_036_01.jpg"/>
         </div>
         <div class="col-md-10 ">
            <MediaDialog Url="/schools/eaimgmp3/french2wma/lesson05/hufex2_l05_b01.mp3" id="E66">
               <SndReplica Name="A" Sequence="0-9"/>
               <SndReplica Name="B" Sequence="10-14"/>
               <SndReplica Name="A" Sequence="15"/>
               <SndReplica Name="B" Sequence="16-17"/>
               <SndReplica Name="A" Sequence="18-19"/>
               <SndReplica Name="B" Sequence="20-33"/>
               <SndReplica Name="A" Sequence="34-37"/>
            </MediaDialog>
         </div>
      </div>
      <table class="table table-bordered c-table">
         <tr>
            <td>
        Que faisait-il avant?<GapFill id="g401"
                        CorrectValue="Il travaillait chez Air France.|Il travaillait à Air France.|Il était cadre administratif chez Air France."
                        Width="200"/>
            </td>
         </tr>
      </table>
   </Ex>
   <Ex id="hufex2_l05_b02"
       title="Changer de vie"
       instr="Ces deux personnes ont changé de vie. A l’aide des éléments contenus dans les interviews, complétez les phrases ci-dessous."
       tech_instr="FILLING_IN">
      <p>
         <a target="_blank"
            href="http://www.langmaster.cz/comcz/French2/l05/b/hufex2_l05_b02.htm">/French2/l05/b/hufex2_l05_b02.htm</a>
         <br/>
         <a target="_blank"
            href="http://www.langmaster.cz/comcz/French2/l05/b/home.htm">
                            cvičení 2</a>
      </p>
      <div class="row">
         <div class="col-md-2 ">
            <img src="/schools/eaimgmp3/french2/img/coursebook/lesson05/page40/05_038_2.jpg"/>
         </div>
         <div class="col-md-10 ">
            <b>L’ancien commissaire de police: Guy Moulin</b>
            <br/>
        «En 1983, j’ai donné ma démission, j’ai quitté la police pour réaliser mon rêve de gosse: écrire. Et pourtant, je faisais bien mon boulot, j’avais de bons rapports avec mes collègues... Mais j’avais l’impression que je n’étais pas vraiment à ma place. Et puis, quand un criminel ou un cambrioleur me racontait sa vie, j’avais envie d’en faire un roman policier.<br/>
        Alors, en 1983, j’ai choisi de changer de vie. Avant je faisais tout pour lutter contre le mal dans la société et maintenant, c’est la violence ou le crime qui m’inspirent mes plus beaux romans policiers...!<br/>
        Que voulez-vous, la vie est ainsi faite! D’ailleurs, je vais bientôt tenter une autre aventure. Je viens d’acheter un bateau et l’année prochaine, avec ma femme, on fait le tour du monde!»<br/>
         </div>
      </div>
      <ListGroup IsStriped="true">
         <Noop>
        Avant, <GapFill id="g620" CorrectValue="Guy Moulin" Width="200"/> travaillait dans la <GapFill id="g621" CorrectValue="police" Width="200"/>.
      </Noop>
         <Noop>
        Un jour, il a choisi de <GapFill id="g670" CorrectValue="changer" Width="200"/> de vie: il <GapFill id="g671" CorrectValue="a donné sa démission" Width="200"/> pour réaliser <GapFill id="g672" CorrectValue="son rêve d’enfant" Width="200"/>.
      </Noop>
         <Noop>
        Maintenant, il écrit <GapFill id="g721" CorrectValue="des romans policiers" Width="200"/>.
      </Noop>
      </ListGroup>
      <div class="row">
         <div class="col-md-2 ">
            <img src="/schools/eaimgmp3/french2/img/coursebook/lesson05/page41/05_039_oben.jpg"/>
         </div>
         <div class="col-md-10 ">
            <b>Aurélien Lartigues: des miettes de bonheur</b>
            <br/>
        «Jusqu’en 1993, j’étais cadre commercial dans une entreprise qui fabriquait des jouets. J’avais un salaire confortable, j’étais toujours en costume-cravate et je devais faire dans les 80 000 kilomètres par an. J’étais satisfait. Et puis, en 1993, l’entreprise a fait faillite et du jour au lendemain, je me suis retrouvé chômeur et complètement déprimé. Heureusement que ma femme et mes enfants étaient là pour me soutenir et me redonner courage. En fait, c’est ma femme qui a eu l’idée de reprendre la boulangerie de son père qui voulait prendre sa retraite.<br/>
        Au début, j’étais sceptique et mon premier pain n’était pas très beau à voir! Il ressemblait à du charbon et il n’était même pas cuit! Et puis, se lever tous les jours à cinq heures du matin, ce n’était pas évident, croyez-moi! Aujourd’hui, je me sens bien et mon pain est le meilleur du quartier: ce sont mes clients qui le disent! Il faut dire que dans mon pain, il n’y a pas seulement de la farine, du sel et de l’eau, mais aussi et surtout l’amour du travail bien fait.»<br/>
         </div>
      </div>
      <table class="table table-bordered c-table">
         <tr>
            <td>
        Avant, <GapFill id="g381" CorrectValue="Aurélien Lartigues" Width="200"/> était <GapFill id="g382" CorrectValue="cadre commercial" Width="200"/> pour une entreprise de <GapFill id="g383" CorrectValue="jouets" Width="200"/>.
      </td>
         </tr>
         <tr>
            <td>
        Un jour, l’entreprise <GapFill id="g432" CorrectValue="a fait faillite" Width="200"/>. Sa <GapFill id="g433" CorrectValue="femme" Width="200"/> a eu l’idée <GapFill id="g434" CorrectValue="de reprendre la boulangerie" Width="200"/> de son <GapFill id="g435" CorrectValue="père" Width="200"/>.
      </td>
         </tr>
         <tr>
            <td>
        Maintenant, il est <GapFill id="g484" CorrectValue="boulanger" Width="200"/>, il se sent <GapFill id="g485" CorrectValue="bien" Width="200"/> et son pain est le <GapFill id="g486" CorrectValue="meilleur" Width="200"/> du quartier.
      </td>
         </tr>
      </table>
   </Ex>
   <Ex id="hufex2_l05_b03"
       title="Avant, un jour, maintenan t…"
       instr="Racontez les histoires suivantes d’après l’exemple. Les images vous aident."
       tech_instr="FILLING_IN">
      <p>
         <a target="_blank"
            href="http://www.langmaster.cz/comcz/French2/l05/b/hufex2_l05_b03.htm">/French2/l05/b/hufex2_l05_b03.htm</a>
         <br/>
         <a target="_blank"
            href="http://www.langmaster.cz/comcz/French2/l05/b/home.htm">
                            cvičení 3</a>
      </p>
      <Possibilities Words="tomber|travailler|acheter|être|faire|construire"/>
      <div>
         <table class="table table-bordered c-table">
            <tr>
               <td>
                  <img src="/schools/eaimgmp3/french2/img/homestudy/lesson05/page133/121_1.gif"/>
               </td>
            </tr>
            <tr>
               <td>
                  <b> Avant</b>, il travaillait toute la journée dans son bureau.<br/>
                  <b>Un jour</b>, il a gagné une grosse somme d’argent au loto.<br/>
                  <b>Maintenant</b>, il ne travaille plus. Il vit sur son yacht et voyage beaucoup.
        </td>
            </tr>
            <tr>
               <td>
                  <img src="/schools/eaimgmp3/french2/img/homestudy/lesson05/page133/121_2.gif"/>
               </td>
            </tr>
            <tr>
               <td>
                  <b>Avant</b>, ils <GapFill id="g176" CorrectValue="faisaient" Width="200"/> souvent des randonnées en montagne avec leurs amis.<br/>
                  <b>Un jour</b>, ils <GapFill id="g177" CorrectValue="ont acheté" Width="200"/> un ordinateur.<br/>
                  <b>Maintenant</b>, ils n’ont plus le temps de faire des randonnées. Ils <GapFill id="g178" CorrectValue="travaillent" Width="200"/> tous les deux sur leur ordinateur.
        </td>
            </tr>
            <tr>
               <td>
                  <img src="/schools/eaimgmp3/french2/img/homestudy/lesson05/page133/121_3.gif"/>
               </td>
            </tr>
            <tr>
               <td>
                  <b> Avant</b>, c’<GapFill id="g188" CorrectValue="était" Width="200"/> un petit village tranquille pas très loin de Paris. <br/>
                  <b>Un jour</b>, on <GapFill id="g189" CorrectValue="a construit" Width="200"/> une autoroute avec une sortie sur ce village. <br/>
                  <b> Maintenant</b>, il y a un supermarché, beaucoup d’immeubles. Ce village <GapFill id="g190" CorrectValue="est" Width="200"/> devenu une banlieue de Paris.
        </td>
            </tr>
            <tr>
               <td>
                  <img src="/schools/eaimgmp3/french2/img/homestudy/lesson05/page133/121_4.gif"/>
               </td>
            </tr>
            <tr>
               <td>
                  <b> Avant,</b> il <GapFill id="g200" CorrectValue="était" Width="200"/> malheureux parce qu’il vivait seul.<br/>
                  <b>Un jour,</b> il <GapFill id="g201" CorrectValue="est tombé" Width="200"/> amoureux de la caissière d’un supermarché.
          <br/>
                  <b>Maintenant</b>, il est heureux. Il <GapFill id="g202" CorrectValue="est" Width="200"/> marié et il a 4 enfants.
        </td>
            </tr>
         </table>
      </div>
   </Ex>
   <Ex id="hufex2_l05_b04"
       title="Imparfait ou passé composé?"
       instr="Mettez les verbes à l’imparfait ou au passé composé, selon le sens."
       tech_instr="CORRECTION">
      <p>
         <a target="_blank"
            href="http://www.langmaster.cz/comcz/French2/l05/b/hufex2_l05_b04.htm">/French2/l05/b/hufex2_l05_b04.htm</a>
         <br/>
         <a target="_blank"
            href="http://www.langmaster.cz/comcz/French2/l05/b/home.htm">
                            cvičení 4</a>
      </p>
      <div>
         <img src="/schools/eaimgmp3/french2/img/coursebook/lesson05/page42/passecompose.jpg"/>
      </div>
      <div class="row">
         <div class="col-md-2 ">
            <img src="/schools/eaimgmp3/french2/img/coursebook/lesson05/page42/0997h0066.gif"/>
         </div>
         <div class="col-md-10 ">
            <table class="table table-bordered c-table">
               <tr>
                  <td>
            Il <GapFill id="g203" CorrectValue="était" InitValue="être" Width="200"/> ingénieur quand il <GapFill id="g204"
                              CorrectValue="a découvert"
                              InitValue="découvrir"
                              Width="200"/> le cirque. Le jour où il <GapFill id="g205"
                              CorrectValue="a remporté"
                              InitValue="remporter"
                              Width="200"/> un prix, il <GapFill id="g206"
                              CorrectValue="a décidé"
                              InitValue="décider"
                              Width="200"/> de devenir clown à plein temps.
          </td>
               </tr>
               <tr>
                  <td>
            Jusqu’en 1983, Guy Moulin <GapFill id="g255" CorrectValue="était" InitValue="être" Width="200"/> commissaire de police. Mais ce qu’il <GapFill id="g256" CorrectValue="aimait" InitValue="aimer" Width="200"/>, c’<GapFill id="g257" CorrectValue="était" InitValue="être" Width="200"/> écouter les criminels raconter leur vie. Alors il <GapFill id="g258"
                              CorrectValue="a décidé"
                              InitValue="décider"
                              Width="200"/> de changer de vie.
          </td>
               </tr>
               <tr>
                  <td>
            En 1994, Christophe et Vincent <GapFill id="g307"
                              CorrectValue="sont allés"
                              InitValue="aller"
                              Width="200"/> s’installer à Hongkong. Ils <GapFill id="g308"
                              CorrectValue="ont acheté"
                              InitValue="acheter"
                              Width="200"/> un ordinateur, un fax et hop! ils <GapFill id="g309"
                              CorrectValue="se sont retrouvés"
                              InitValue="se retrouver"
                              Width="200"/> chefs d’entreprise.
          </td>
               </tr>
               <tr>
                  <td>
            Elle <GapFill id="g358" CorrectValue="était" InitValue="être" Width="200"/> en train de faire la cuisine quand le téléphone <GapFill id="g359" CorrectValue="a sonné" InitValue="sonner" Width="200"/>. Elle <GapFill id="g360"
                              CorrectValue="est allée"
                              InitValue="aller"
                              Width="200"/> décrocher sans attendre.
          </td>
               </tr>
               <tr>
                  <td>
            Tous les ans, les Bouchard <GapFill id="g409"
                              CorrectValue="partaient"
                              InitValue="partir"
                              Width="200"/> en vacances en Bretagne, mais l’année dernière, <GapFill id="g410"
                              CorrectValue="ont choisi"
                              InitValue="choisir"
                              Width="200"/> la Normandie. Ils <GapFill id="g411"
                              CorrectValue="sont revenus"
                              InitValue="revenir"
                              Width="200"/> très contents.
          </td>
               </tr>
            </table>
         </div>
      </div>
   </Ex>
   <Ex id="hufex2_l05_b05"
       title="Encore une fois la différence"
       instr="Mettez les verbes à l’imparfait ou au passé composé, selon le sens"
       tech_instr="CORRECTION">
      <p>
         <a target="_blank"
            href="http://www.langmaster.cz/comcz/French2/l05/b/hufex2_l05_b05.htm">/French2/l05/b/hufex2_l05_b05.htm</a>
         <br/>
         <a target="_blank"
            href="http://www.langmaster.cz/comcz/French2/l05/b/home.htm">
                            cvičení 5</a>
      </p>
      <div>
         <img src="/schools/eaimgmp3/french2/img/coursebook/lesson05/page43/p005_letisteruzyne04.jpg"/>
      </div>
      <ListGroup IsStriped="true">
         <Noop>A 29 ans, Hugues Candelier <GapFill id="g156"
                     CorrectValue="a changé"
                     InitValue="changer"
                     Width="200"/> de métier parce qu’il <GapFill id="g157"
                     CorrectValue="s’ennuyait"
                     InitValue="s’ennuyer"
                     Width="200"/> trop au bureau.</Noop>
         <Noop>Quand elle <GapFill id="g206"
                     CorrectValue="est sortie"
                     InitValue="sortir"
                     Width="200"/>, il <GapFill id="g207"
                     CorrectValue="pleuvait"
                     InitValue="pleuvoir"
                     Width="200"/>.</Noop>
         <Noop>Leur voiture <GapFill id="g256" CorrectValue="était" InitValue="être" Width="200"/> en panne. Ils <GapFill id="g257"
                     CorrectValue="ont appelé"
                     InitValue="appeler"
                     Width="200"/> un taxi, ils <GapFill id="g258"
                     CorrectValue="ont attendu"
                     InitValue="attendre"
                     Width="200"/> une demi-heure. Rien! Ils <GapFill id="g259"
                     CorrectValue="sont arrivés"
                     InitValue="arriver"
                     Width="200"/> à l’aéroport avec plus d’une heure de retard. Mais l’avion <GapFill id="g260" CorrectValue="était" InitValue="être" Width="200"/> toujours là.</Noop>
         <Noop>Quand je <GapFill id="g309" CorrectValue="suis né|suis née" Width="200"/>, mon père <GapFill id="g312" CorrectValue="avait" InitValue="avoir" Width="200"/> trente ans et il <GapFill id="g313" CorrectValue="adorait" InitValue="adorer" Width="200"/> le football. C’est lui qui m’<GapFill id="g314"
                     CorrectValue="a offert"
                     InitValue="offrir"
                     Width="200"/> mon premier ballon.</Noop>
         <Noop>En juillet, nous <GapFill id="g363"
                     CorrectValue="avons organisé"
                     InitValue="organiser"
                     Width="200"/> une grande fête avec beaucoup d’invités. C’<GapFill id="g364" CorrectValue="était" InitValue="être" Width="200"/> un samedi. Tout le monde <GapFill id="g365" CorrectValue="est venu" InitValue="venir" Width="200"/>.</Noop>
      </ListGroup>
   </Ex>
   <Ex id="hufex2_l05_b06"
       title="La phrase juste"
       instr="Marquez la phrase juste - soit au passé composé soit à l’imparfait."
       tech_instr="SYLLABLE_SELECTION_ONE_CORRECT_OUT_OF_SEVERAL">
      <p>
         <a target="_blank"
            href="http://www.langmaster.cz/comcz/French2/l05/b/hufex2_l05_b06.htm">/French2/l05/b/hufex2_l05_b06.htm</a>
         <br/>
         <a target="_blank"
            href="http://www.langmaster.cz/comcz/French2/l05/b/home.htm">
                            cvičení 6</a>
      </p>
      <div>
         <img src="/schools/eaimgmp3/french2/img/homestudy/lesson05/page134/c552h0061.jpg"/>
      </div>
      <div>
         <table class="table table-bordered c-table">
            <tr>
               <td class=" middle">
                  <WordSelection id="o199" Words="#Il était minuit|Il a été minuit"/>
             quand ils sont rentrés à la maison.
          </td>
            </tr>
            <tr>
               <td class=" middle">
                  <CheckItem id="o308" TextId="TrueFalse" CorrectValue="false">J’ai fait la sieste</CheckItem> / <CheckItem id="o316" TextId="TrueFalse" CorrectValue="true">Je faisais la sieste</CheckItem> quand le téléphone a sonné.
          </td>
            </tr>
            <tr>
               <td class=" middle">
            Quand il a gagné au loto, <CheckItem id="o420" TextId="TrueFalse" CorrectValue="true">il était chômeur</CheckItem> / <CheckItem id="o428" TextId="TrueFalse" CorrectValue="false">il a été chômeur</CheckItem>.
          </td>
            </tr>
            <tr>
               <td class=" middle">
            Il n’a pas entendu le réveil <CheckItem id="o532" TextId="TrueFalse" CorrectValue="false">parce qu’il a dormi profondément</CheckItem> / <CheckItem id="o540" TextId="TrueFalse" CorrectValue="true">parce qu’il dormait profondément</CheckItem>.
          </td>
            </tr>
            <tr>
               <td class=" middle">
                  <CheckItem id="o641" TextId="TrueFalse" CorrectValue="false">J’ai regardé la télé</CheckItem> / <CheckItem id="o649" TextId="TrueFalse" CorrectValue="true">Je regardais la télé</CheckItem> quand il y a eu une panne d’électricité.
          </td>
            </tr>
            <tr>
               <td class=" middle">
            Elle <CheckItem id="o753" TextId="TrueFalse" CorrectValue="true">avait 30 ans</CheckItem> / <CheckItem id="o761" TextId="TrueFalse" CorrectValue="false">a eu 30 ans</CheckItem> quand elle a eu son quatrième enfant.
          </td>
            </tr>
            <tr>
               <td class=" middle">
            Quand le train est entré en gare, beaucoup de personnes <CheckItem id="o865" TextId="TrueFalse" CorrectValue="true">attendaient sur le quai</CheckItem> / <CheckItem id="o873" TextId="TrueFalse" CorrectValue="false">ont attendu sur le quai</CheckItem>.
          </td>
            </tr>
            <tr>
               <td class=" middle">
            Quand la maison de nos voisins a brûlé, nous <CheckItem id="o977" TextId="TrueFalse" CorrectValue="false">avons été au cinéma</CheckItem> / <CheckItem id="o985" TextId="TrueFalse" CorrectValue="true">étions au cinéma</CheckItem>.
          </td>
            </tr>
         </table>
      </div>
   </Ex>
   <Ex id="hufex2_l05_b07"
       title="L’histoire de Claire"
       instr="Lisez l’histoire de Claire et reécrivez-la au passé (passé composé et imparfait)."
       tech_instr="CORRECTION">
      <p>
         <a target="_blank"
            href="http://www.langmaster.cz/comcz/French2/l05/b/hufex2_l05_b07.htm">/French2/l05/b/hufex2_l05_b07.htm</a>
         <br/>
         <a target="_blank"
            href="http://www.langmaster.cz/comcz/French2/l05/b/home.htm">
                            cvičení 7</a>
      </p>
      <table class="table table-bordered c-table">
         <tr>
            <td>
        Il <GapFill id="g153" CorrectValue="était" InitValue="est" Width="200"/> dix heures du soir. J’<GapFill id="g154"
                        CorrectValue="attendais"
                        InitValue="attends"
                        Width="200"/> le bus depuis dix minutes. Il n’y <GapFill id="g155" CorrectValue="avait" InitValue="a" Width="200"/> personne dans la rue. Il <GapFill id="g156" CorrectValue="faisait" InitValue="fait" Width="200"/> nuit noire et il <GapFill id="g157" CorrectValue="pleuvait" InitValue="pleut" Width="200"/>. Tout à coup, une grosse voiture noire <GapFill id="g158"
                        CorrectValue="est arrivée"
                        InitValue="arrive"
                        Width="200"/>. Un homme <GapFill id="g159"
                        CorrectValue="est descendu"
                        InitValue="descend"
                        Width="200"/> et <GapFill id="g160" CorrectValue="est venu" InitValue="vient" Width="200"/> vers moi. Il <GapFill id="g161" CorrectValue="avait" InitValue="a" Width="200"/> l’air bizarre. Il <GapFill id="g162" CorrectValue="portait" InitValue="porte" Width="200"/> un blouson et un pantalon en cuir. Mon cœur <GapFill id="g163" CorrectValue="battait" InitValue="bat" Width="200"/> très fort. <GapFill id="g164"
                        CorrectValue="J’ai regardé"
                        InitValue="Je regarde"
                        Width="200"/> autour de moi. J’<GapFill id="g165" CorrectValue="avais" InitValue="ai" Width="200"/> très peur. Alors, l’homme <GapFill id="g166" CorrectValue="a sorti" InitValue="sort" Width="200"/> un stylo de sa poche et <GapFill id="g167" CorrectValue="a noté" InitValue="note" Width="200"/> les horaires d’autobus. A ce moment-là, le bus <GapFill id="g168"
                        CorrectValue="est arrivé"
                        InitValue="arrive"
                        Width="200"/> et je <GapFill id="g169"
                        CorrectValue="suis montée"
                        InitValue="monte"
                        Width="200"/> rapidement.
      </td>
         </tr>
      </table>
      <div class="row">
         <div class="col-md-3 ">
            <img src="/schools/eaimgmp3/french2/img/homestudy/lesson05/page134/0199h0104.jpg"/>
         </div>
         <div class="col-md-9 ">
            <div class="panel panel-info">
               <div class="panel-body">
                  <p>
            {{Ttrans}}:
          </p>
                  <p>
            Je <b>suis sortie</b> de ma maison.
            <br/>
            x L’homme <b>a sorti </b>son stylo.
          </p>
               </div>
            </div>
         </div>
      </div>
   </Ex>
   <Ex id="hufex2_l05_b08"
       title="Faits divers"
       instr="Ces trois faits divers sont mélangés. Reconstituez-les!"
       tech_instr="FILLING_IN">
      <p>
         <a target="_blank"
            href="http://www.langmaster.cz/comcz/French2/l05/b/hufex2_l05_b08.htm">/French2/l05/b/hufex2_l05_b08.htm</a>
         <br/>
         <a target="_blank"
            href="http://www.langmaster.cz/comcz/French2/l05/b/home.htm">
                            cvičení 8</a>
      </p>
      <div class="row">
         <div class="col-md-3 ">
            <img src="/schools/eaimgmp3/french2/img/homestudy/lesson05/page135/122_5.jpg"/>
         </div>
         <div class="col-md-9 ">
            <b> 1.</b> Vendredi soir, à Toulon, un homme de 24 ans a obligé un chauffeur à abandonner son taxi, sous la menace d’une arme.<br/>
            <b>
          2.
        </b> Il était 14 h 30 quand un violent orage s’est abattu hier sur le département de l’Aude et a provoqué la mort d’un touriste au château de Quéribus.<br/>
            <b>3. </b>Hier matin, à Pinas, un village des Hautes Pyrénées, un taureau a écrasé un retraité agricole.<br/>
            <br/>
            <b>
          a.
        </b> De nombreux visiteurs se trouvaient à l’intérieur du château.<br/>
            <b> b.</b> Les policiers du commissariat de Toulon ont tout de suite pris le véhicule en chasse jusqu’à Marseille.<br/>
            <b>
          c.
        </b> Agé de 65 ans, il était dans son pré pour nourrir ses vaches.<br/>
            <br/>
            <b> A.</b> Un des policiers a fait feu et tué le malfaiteur.<br/>
            <b>
          B.
        </b> L’animal était vraisemblablement énervé par l’orage.<br/>
            <b>C.</b> La victime, originaire de Lille, passait ses vacances dans la région.<br/>
         </div>
      </div>
      <table class="table table-bordered c-table">
         <tr>
            <td class=" middle">Un retraité écrasé par un taureau:</td>
            <td class=" middle">
               <GapFill id="g248"
                        CorrectValue="3"
                        Width="gap_fill-eval_mode:ignoreCase;2em"/>, <GapFill id="g249"
                        CorrectValue="c"
                        Width="gap_fill-eval_mode:ignoreCase;2em"/>, <GapFill id="g250"
                        CorrectValue="B"
                        Width="gap_fill-eval_mode:ignoreCase;2em"/>
            </td>
         </tr>
         <tr>
            <td class=" middle">La foudre tue à Quéribus:</td>
            <td class=" middle">
               <GapFill id="g254"
                        CorrectValue="2"
                        Width="gap_fill-eval_mode:ignoreCase;2em"/>, <GapFill id="g255"
                        CorrectValue="a"
                        Width="gap_fill-eval_mode:ignoreCase;2em"/>, <GapFill id="g256"
                        CorrectValue="C"
                        Width="gap_fill-eval_mode:ignoreCase;2em"/>
            </td>
         </tr>
         <tr>
            <td class=" middle">Un voleur de voiture tué par un policier:</td>
            <td class=" middle">
               <GapFill id="g260"
                        CorrectValue="1"
                        Width="gap_fill-eval_mode:ignoreCase;2em"/>, <GapFill id="g261"
                        CorrectValue="b"
                        Width="gap_fill-eval_mode:ignoreCase;2em"/>, <GapFill id="g262"
                        CorrectValue="A"
                        Width="gap_fill-eval_mode:ignoreCase;2em"/>
            </td>
         </tr>
      </table>
   </Ex>
</Module>
