﻿<?xml version="1.0" encoding="utf-8"?>
<Page id="hufex1_l09_b02">
  <p>
    <a href="http://www.langmaster.cz/comcz/French1/l09/b/hufex1_l09_b02.htm">/French1/l09/b/hufex1_l09_b02.htm</a>
    <br />
    <a href="http://www.langmaster.cz/comcz/French1/l09/b/home.htm">
                            cvičení 2</a>
  </p>
  <table class="table table-bordered c-table">
    <tr>
      <td class="c-table-default middle">table</td>
      <td>
        <WordSelection id="ce523" CorrectValue="0" Words="ce|cet|#cette|ces" />
      </td>
    </tr>
    <tr>
      <td class="c-table-default middle">crevettes</td>
      <td>
        <WordSelection id="ce608" CorrectValue="0" Words="ce|cet|cette|#ces" />
      </td>
    </tr>
    <tr>
      <td class="c-table-default middle">salade</td>
      <td>
        <WordSelection id="ce499" CorrectValue="0" Words="ce|cet|#cette|ces" />
      </td>
    </tr>
    <tr>
      <td class="c-table-default middle">hôtel</td>
      <td>
        <WordSelection id="ce414" CorrectValue="0" Words="ce|#cet|cette|ces" />
      </td>
    </tr>
    <tr>
      <td class="c-table-default middle">soir</td>
      <td>
        <WordSelection id="ce337" CorrectValue="0" Words="#ce|cet|cette|ces" />
      </td>
    </tr>
    <tr>
      <td class="c-table-default middle">week-end</td>
      <td>
        <WordSelection id="ce345" CorrectValue="0" Words="#ce|cet|cette|ces" />
      </td>
    </tr>
    <tr>
      <td class="c-table-default middle">sorbet</td>
      <td>
        <WordSelection id="ce321" CorrectValue="0" Words="#ce|cet|cette|ces" />
      </td>
    </tr>
    <tr>
      <td class="c-table-default middle">terrine</td>
      <td>
        <WordSelection id="ce507" CorrectValue="0" Words="ce|cet|#cette|ces" />
      </td>
    </tr>
    <tr>
      <td class="c-table-default middle">fruits</td>
      <td>
        <WordSelection id="ce600" CorrectValue="0" Words="ce|cet|cette|#ces" />
      </td>
    </tr>
    <tr>
      <td class="c-table-default middle">omelette</td>
      <td>
        <WordSelection id="ce491" CorrectValue="0" Words="ce|cet|#cette|ces" />
      </td>
    </tr>
    <tr>
      <td class="c-table-default middle">huîtres</td>
      <td>
        <WordSelection id="ce592" CorrectValue="0" Words="ce|cet|cette|#ces" />
      </td>
    </tr>
    <tr>
      <td class="c-table-default middle">après-midi</td>
      <td>
        <WordSelection id="ce422" CorrectValue="0" Words="ce|#cet|cette|ces" />
      </td>
    </tr>
    <tr>
      <td class="c-table-default middle">photo</td>
      <td>
        <WordSelection id="ce515" CorrectValue="0" Words="ce|cet|#cette|ces" />
      </td>
    </tr>
    <tr>
      <td class="c-table-default middle">fromage</td>
      <td>
        <WordSelection id="ce329" CorrectValue="0" Words="#ce|cet|cette|ces" />
      </td>
    </tr>
  </table>
  <div class="row">
    <div class="col-md-3 ">
      <img src="/schools/eaimgmp3/french1/img/coursebook/lesson09/page77/1692h0061.jpg" />
    </div>
    <div class="col-md-9 ">
      <div class="panel panel-info">
        <div class="panel-heading">
          <h3>Les démonstratifs</h3>
        </div>
        <div class="panel-body">
          <p>
            <b>Qu’est-ce que c’est comme...</b>
          </p>
          <p>
            ...poisson?<br /><b>Ce</b> poisson? C’est un saumon.
          </p>
          <p>
            ...tarte?<br /><b>Cette</b> tarte? C’est une tarte Tatin.
          </p>
          <p>
            apéritif?<br /><b>Cet </b>apéritif? C’est un kir.
          </p>
        </div>
      </div>
    </div>
  </div>
  <info title="Les démonstratifs" instrTitle="{{Ahtmltitle}}" instrs="SORTING_INTO_GROUPS_DRAG_AND_DROP" />
</Page>