﻿<?xml version="1.0" encoding="utf-8"?>
<Page id="hufex1_l09_b04">
  <p>
    <a href="http://www.langmaster.cz/comcz/French1/l09/b/hufex1_l09_b04.htm">/French1/l09/b/hufex1_l09_b04.htm</a>
    <br />
    <a href="http://www.langmaster.cz/comcz/French1/l09/b/home.htm">
                            cvičení 4</a>
  </p>
  <div class="row">
    <div class="col-md-3 ">
      <img src="/schools/eaimgmp3/french1/img/coursebook/lesson09/page78/olympus32079.jpg" />
    </div>
    <div class="col-md-9 ">
      <div>
        <table class="table c-table">
          <tr>
            <td>
              <b>
                  {{Ttrans}}
                </b>
              <br />
                Ces huîtres, je <GapFill id="g199" Width="200" CorrectValue="les" InitValue="les" /> trouve excellentes.
              </td>
          </tr>
        </table>
      </div>
      <table class="table table-bordered c-table">
        <tr>
          <td class=" middle">
              Le whisky, vous <GapFill id="g251" Width="200" CorrectValue="l’" InitValue="" /> aimez avec ou sans glaçons?
            </td>
        </tr>
        <tr>
          <td class=" middle">
              Les Belmont, tu <GapFill id="g300" Width="200" CorrectValue="les" InitValue="" /> invites aussi?
            </td>
        </tr>
        <tr>
          <td class=" middle">
              Votre voiture, je <GapFill id="g349" Width="200" CorrectValue="la" InitValue="" /> répare pour demain.
            </td>
        </tr>
        <tr>
          <td class=" middle">
              Un week-end en Toscane? D’accord! On <GapFill id="g398" Width="200" CorrectValue="le" InitValue="" /> passe ensemble?
            </td>
        </tr>
        <tr>
          <td class=" middle">
              Frédéric et Charlotte, vous <GapFill id="g447" Width="200" CorrectValue="les" InitValue="" /> connaissez depuis longtemps?
            </td>
        </tr>
        <tr>
          <td class=" middle">
              Et la tarte, on <GapFill id="g496" Width="200" CorrectValue="l’" InitValue="" /> achète chez Fauchon.
            </td>
        </tr>
      </table>
    </div>
  </div>
  <div class="col-md-8">
    <div class="panel panel-info">
      <div class="panel-heading">
        <h3>Observez:</h3>
      </div>
      <div class="panel-body">
        <table class="table c-table">
          <tr>
            <td>
              <p>
                Le sorbet, vous <b>le</b> voulez au citron ou à la framboise?<br />
                La table, vous <b>la</b> voulez pour quelle heure?<br />
                Les photos, tu veux <b>les</b> voir?
              </p>
              <p>
                <b>Que remarquez-vous?</b>
              </p>
              <p>
                Le pain, tu <b>l</b>’achètes où?<br />
                La viande, vous <b>l</b>’aimez comment?
              </p>
            </td>
            <td class=" middle ">
              <p>
                «<b>le</b>» remplace le sorbet<br />
                «<b>la</b>» remplace la table<br />
                «<b>les</b>» <b />remplace les photos
              </p>
              <br />
              <p>
                «<b>l</b>’» remplace le pain devant <i>acheter</i><br />
                «<b>l</b>’» remplace la viande devant <i>aimer</i></p>
            </td>
          </tr>
        </table>
      </div>
    </div>
  </div>
  <info title="Les pronoms personnels" instrTitle="{{Ahtmltitle}}" instrs="FILLING_IN" />
</Page>