﻿<?xml version="1.0" encoding="utf-8"?>
<Page id="hufex1_l09_b08">
  <p>
    <a href="http://www.langmaster.cz/comcz/French1/l09/b/hufex1_l09_b08.htm">/French1/l09/b/hufex1_l09_b08.htm</a>
    <br />
    <a href="http://www.langmaster.cz/comcz/French1/l09/b/home.htm">
                            cvičení 9</a>
  </p>
  <div class="row">
    <div class="col-md-2 ">
      <img src="/schools/eaimgmp3/french1/img/homestudy/lesson09/page140/olympus32010.jpg" />
    </div>
    <div class="col-md-2 ">
      <img src="/schools/eaimgmp3/french1/img/homestudy/lesson09/page140/olympus32006.jpg" />
    </div>
  </div>
  <div class="row">
    <div class="col-md-12 ">TODO ručně upravit řazení s elementy zsearch<MacroTable Width="600-800" InlineType="GapFill"><![CDATA[
{1}\1. Bonjour, vous avez encore des places à 20 euros pour La Leçon de Ionesco? Pour quand, Madame? Samedi soir. Non, désolé. Il n’y a plus de places à 20 euros. Mais j’ai encore trois places à 40 euros, si vous voulez. Non, je regrette, c’est trop cher!
{2}\2. Bonjour, Madame. Je voudrais réserver une chambre pour deux personnes du 18 au 20 avril. Oui, c’est possible. Vous voulez une chambre avec douche ou salle de bains? Quel est le prix de la chambre avec salle de bains? 66 euros plus 5 euros par personne pour le petit déjeuner. Bien, je la prends. C’est à quel nom? Rousseau. R.O.U.S.S.E.A.U. Voilà, c’est noté. Au revoir, Madame.
]]></MacroTable></div>
  </div>
  <info title="Théâtre du Soleil, bonjour!" instrTitle="{{Ahtmltitle}}" instrs="SENTENCE_SEQUENCING" />
</Page>