﻿<?xml version="1.0" encoding="utf-8"?>
<Module title="Chapitre B">
   <Ex id="hufex1_l09_b01"
       title="Inviter et réserver"
       instr="{{Ahtmltitle}}"
       tech_instr="MULTIPLE_CHOICE_TWO_STATES SOUND_PLAYBACK">
      <p>
         <a target="_blank"
            href="http://www.langmaster.cz/comcz/French1/l09/b/hufex1_l09_b01.htm">/French1/l09/b/hufex1_l09_b01.htm</a>
         <br/>
         <a target="_blank"
            href="http://www.langmaster.cz/comcz/French1/l09/b/home.htm">
                            cvičení 1</a>
      </p>
      <div>
         <table class="table c-table">
            <tr>
               <td class=" middle">
            1.<MediaBigMark Url="/schools/eaimgmp3/french1wma/lesson09/hufex1_l09_b01.mp3"
                                Sequence="0-27"/>
               </td>
               <td class=" middle">
            2.<MediaBigMark Url="/schools/eaimgmp3/french1wma/lesson09/hufex1_l09_b01.mp3"
                                Sequence="28-"/>
               </td>
            </tr>
         </table>
      </div>
      <div class="row">
         <div class="col-md-2 ">
            <img src="/schools/eaimgmp3/french1/img/coursebook/lesson09/page76/1265h0028.gif"/>
         </div>
         <div class="col-md-10 ">
            <ListGroup Width="400-800" IsStriped="false">
               <CheckItem id="o211" TextId="TrueFalse" CorrectValue="false">Michèle Jacquemin. Bonjour.</CheckItem>
               <CheckItem id="o254" TextId="TrueFalse" CorrectValue="true">Allô?</CheckItem>
               <CheckItem id="o297" TextId="TrueFalse" CorrectValue="true">A la bonne fourchette, j’écoute.</CheckItem>
            </ListGroup>
            <ListGroup Width="400-800" IsStriped="false">
               <CheckItem id="o401" TextId="TrueFalse" CorrectValue="true">On pourrait aller au restaurant?</CheckItem>
               <CheckItem id="o444" TextId="TrueFalse" CorrectValue="false">Tu viens manger à la maison ce week-end?</CheckItem>
               <CheckItem id="o487" TextId="TrueFalse" CorrectValue="false">Venez prendre l’apéritif samedi soir.</CheckItem>
            </ListGroup>
            <ListGroup Width="400-800" IsStriped="false">
               <CheckItem id="o591" TextId="TrueFalse" CorrectValue="false">Volontiers.</CheckItem>
               <CheckItem id="o634" TextId="TrueFalse" CorrectValue="false">Désolé, mais samedi je ne peux pas.</CheckItem>
               <CheckItem id="o677" TextId="TrueFalse" CorrectValue="true">D’accord.</CheckItem>
            </ListGroup>
            <ListGroup Width="400-800" IsStriped="false">
               <CheckItem id="o781" TextId="TrueFalse" CorrectValue="false">Je voudrais réserver une table pour ce soir.</CheckItem>
               <CheckItem id="o824" TextId="TrueFalse" CorrectValue="true">Je voudrais réserver une table pour samedi soir.</CheckItem>
               <CheckItem id="o867" TextId="TrueFalse" CorrectValue="false">Je voudrais réserver une table pour lundi midi.</CheckItem>
            </ListGroup>
            <ListGroup Width="400-800" IsStriped="false">
               <CheckItem id="o971" TextId="TrueFalse" CorrectValue="true">Samedi soir, c’est possible.</CheckItem>
               <CheckItem id="o1014" TextId="TrueFalse" CorrectValue="false">Désolé, samedi, nous sommes complets.</CheckItem>
               <CheckItem id="o1057" TextId="TrueFalse" CorrectValue="false">Désolé, nous sommes fermés le lundi.</CheckItem>
            </ListGroup>
         </div>
      </div>
   </Ex>
   <Ex id="hufex1_l09_b02"
       title="Les démonstratifs"
       instr="{{Ahtmltitle}}"
       tech_instr="SORTING_INTO_GROUPS_DRAG_AND_DROP">
      <p>
         <a target="_blank"
            href="http://www.langmaster.cz/comcz/French1/l09/b/hufex1_l09_b02.htm">/French1/l09/b/hufex1_l09_b02.htm</a>
         <br/>
         <a target="_blank"
            href="http://www.langmaster.cz/comcz/French1/l09/b/home.htm">
                            cvičení 2</a>
      </p>
      <table class="table table-bordered c-table">
         <tr>
            <td class="c-table-default middle">soir</td>
            <td>
               <WordSelection id="ce337" Words="#ce|cet|cette|ces"/>
            </td>
         </tr>
         <tr>
            <td class="c-table-default middle">omelette</td>
            <td>
               <WordSelection id="ce491" Words="ce|cet|#cette|ces"/>
            </td>
         </tr>
         <tr>
            <td class="c-table-default middle">fromage</td>
            <td>
               <WordSelection id="ce329" Words="#ce|cet|cette|ces"/>
            </td>
         </tr>
         <tr>
            <td class="c-table-default middle">week-end</td>
            <td>
               <WordSelection id="ce345" Words="#ce|cet|cette|ces"/>
            </td>
         </tr>
         <tr>
            <td class="c-table-default middle">sorbet</td>
            <td>
               <WordSelection id="ce321" Words="#ce|cet|cette|ces"/>
            </td>
         </tr>
         <tr>
            <td class="c-table-default middle">terrine</td>
            <td>
               <WordSelection id="ce507" Words="ce|cet|#cette|ces"/>
            </td>
         </tr>
         <tr>
            <td class="c-table-default middle">hôtel</td>
            <td>
               <WordSelection id="ce414" Words="ce|#cet|cette|ces"/>
            </td>
         </tr>
         <tr>
            <td class="c-table-default middle">crevettes</td>
            <td>
               <WordSelection id="ce608" Words="ce|cet|cette|#ces"/>
            </td>
         </tr>
         <tr>
            <td class="c-table-default middle">huîtres</td>
            <td>
               <WordSelection id="ce592" Words="ce|cet|cette|#ces"/>
            </td>
         </tr>
         <tr>
            <td class="c-table-default middle">table</td>
            <td>
               <WordSelection id="ce523" Words="ce|cet|#cette|ces"/>
            </td>
         </tr>
         <tr>
            <td class="c-table-default middle">photo</td>
            <td>
               <WordSelection id="ce515" Words="ce|cet|#cette|ces"/>
            </td>
         </tr>
         <tr>
            <td class="c-table-default middle">salade</td>
            <td>
               <WordSelection id="ce499" Words="ce|cet|#cette|ces"/>
            </td>
         </tr>
         <tr>
            <td class="c-table-default middle">fruits</td>
            <td>
               <WordSelection id="ce600" Words="ce|cet|cette|#ces"/>
            </td>
         </tr>
         <tr>
            <td class="c-table-default middle">après-midi</td>
            <td>
               <WordSelection id="ce422" Words="ce|#cet|cette|ces"/>
            </td>
         </tr>
      </table>
      <div class="row">
         <div class="col-md-3 ">
            <img src="/schools/eaimgmp3/french1/img/coursebook/lesson09/page77/1692h0061.jpg"/>
         </div>
         <div class="col-md-9 ">
            <div class="panel panel-info">
               <div class="panel-heading">
                  <h3>Les démonstratifs</h3>
               </div>
               <div class="panel-body">
                  <p>
                     <b>Qu’est-ce que c’est comme...</b>
                  </p>
                  <p>
            ...poisson?<br/>
                     <b>Ce</b> poisson? C’est un saumon.
          </p>
                  <p>
            ...tarte?<br/>
                     <b>Cette</b> tarte? C’est une tarte Tatin.
          </p>
                  <p>
            apéritif?<br/>
                     <b>Cet </b>apéritif? C’est un kir.
          </p>
               </div>
            </div>
         </div>
      </div>
   </Ex>
   <Ex id="hufex1_l09_b03"
       title="Ce, cet, cette ou ces?"
       instr="{{Ahtmltitle}}"
       tech_instr="FILLING_IN">
      <p>
         <a target="_blank"
            href="http://www.langmaster.cz/comcz/French1/l09/b/hufex1_l09_b03.htm">/French1/l09/b/hufex1_l09_b03.htm</a>
         <br/>
         <a target="_blank"
            href="http://www.langmaster.cz/comcz/French1/l09/b/home.htm">
                            cvičení 3</a>
      </p>
      <div class="row">
         <div class="col-md-2 ">
            <img src="/schools/eaimgmp3/french1/img/coursebook/lesson09/page77/0420h0009.gif"/>
         </div>
         <div class="col-md-10 ">
            <table class="table table-bordered c-table">
               <tr>
                  <td class=" middle">
              Combien coûte <GapFill id="g156" CorrectValue="ce" Width="200"/> livre?
            </td>
               </tr>
               <tr>
                  <td class=" middle">
                     <GapFill id="g205" CorrectValue="Cet" Width="200"/> enfant, c’est un vrai clown!
            </td>
               </tr>
               <tr>
                  <td class=" middle">
                     <GapFill id="g254" CorrectValue="Ce" Width="200"/> cadeau, c’est pour moi?
            </td>
               </tr>
               <tr>
                  <td class=" middle">
                     <GapFill id="g303" CorrectValue="Cette" Width="200"/> femme, quelle artiste!
            </td>
               </tr>
               <tr>
                  <td class=" middle">
                     <GapFill id="g352" CorrectValue="Ce" Width="200"/> film, vous l’avez aimé?
            </td>
               </tr>
               <tr>
                  <td class=" middle">
              Nous partons en vacances <GapFill id="g401" CorrectValue="cette" Width="200"/> semaine.
            </td>
               </tr>
               <tr>
                  <td class=" middle">
              Où va <GapFill id="g450" CorrectValue="ce" Width="200"/> bus?
            </td>
               </tr>
               <tr>
                  <td class=" middle">
                     <GapFill id="g499" CorrectValue="Ces" Width="200"/> photos sont géniales!
            </td>
               </tr>
            </table>
         </div>
      </div>
   </Ex>
   <Ex id="hufex1_l09_b04"
       title="Les pronoms personnels"
       instr="{{Ahtmltitle}}"
       tech_instr="FILLING_IN">
      <p>
         <a target="_blank"
            href="http://www.langmaster.cz/comcz/French1/l09/b/hufex1_l09_b04.htm">/French1/l09/b/hufex1_l09_b04.htm</a>
         <br/>
         <a target="_blank"
            href="http://www.langmaster.cz/comcz/French1/l09/b/home.htm">
                            cvičení 4</a>
      </p>
      <div class="row">
         <div class="col-md-3 ">
            <img src="/schools/eaimgmp3/french1/img/coursebook/lesson09/page78/olympus32079.jpg"/>
         </div>
         <div class="col-md-9 ">
            <div>
               <table class="table c-table">
                  <tr>
                     <td>
                        <b>
                  {{Ttrans}}
                </b>
                        <br/>
                Ces huîtres, je <GapFill id="g199"
                                 CorrectValue="les"
                                 InitValue="les"
                                 Example="true"
                                 Width="200"/> trouve excellentes.
              </td>
                  </tr>
               </table>
            </div>
            <table class="table table-bordered c-table">
               <tr>
                  <td class=" middle">
              Le whisky, vous <GapFill id="g251" CorrectValue="l’" Width="200"/> aimez avec ou sans glaçons?
            </td>
               </tr>
               <tr>
                  <td class=" middle">
              Les Belmont, tu <GapFill id="g300" CorrectValue="les" Width="200"/> invites aussi?
            </td>
               </tr>
               <tr>
                  <td class=" middle">
              Votre voiture, je <GapFill id="g349" CorrectValue="la" Width="200"/> répare pour demain.
            </td>
               </tr>
               <tr>
                  <td class=" middle">
              Un week-end en Toscane? D’accord! On <GapFill id="g398" CorrectValue="le" Width="200"/> passe ensemble?
            </td>
               </tr>
               <tr>
                  <td class=" middle">
              Frédéric et Charlotte, vous <GapFill id="g447" CorrectValue="les" Width="200"/> connaissez depuis longtemps?
            </td>
               </tr>
               <tr>
                  <td class=" middle">
              Et la tarte, on <GapFill id="g496" CorrectValue="l’" Width="200"/> achète chez Fauchon.
            </td>
               </tr>
            </table>
         </div>
      </div>
      <div class="col-md-8">
         <div class="panel panel-info">
            <div class="panel-heading">
               <h3>Observez:</h3>
            </div>
            <div class="panel-body">
               <table class="table c-table">
                  <tr>
                     <td>
                        <p>
                Le sorbet, vous <b>le</b> voulez au citron ou à la framboise?<br/>
                La table, vous <b>la</b> voulez pour quelle heure?<br/>
                Les photos, tu veux <b>les</b> voir?
              </p>
                        <p>
                           <b>Que remarquez-vous?</b>
                        </p>
                        <p>
                Le pain, tu <b>l</b>’achètes où?<br/>
                La viande, vous <b>l</b>’aimez comment?
              </p>
                     </td>
                     <td class=" middle ">
                        <p>
                «<b>le</b>» remplace le sorbet<br/>
                «<b>la</b>» remplace la table<br/>
                «<b>les</b>» <b/>remplace les photos
              </p>
                        <br/>
                        <p>
                «<b>l</b>’» remplace le pain devant <i>acheter</i>
                           <br/>
                «<b>l</b>’» remplace la viande devant <i>aimer</i>
                        </p>
                     </td>
                  </tr>
               </table>
            </div>
         </div>
      </div>
   </Ex>
   <Ex id="hufex1_l09_b05"
       title="La négation avec les pronoms"
       instr="{{Ahtmltitle}}"
       tech_instr="CORRECTION">
      <p>
         <a target="_blank"
            href="http://www.langmaster.cz/comcz/French1/l09/b/hufex1_l09_b05.htm">/French1/l09/b/hufex1_l09_b05.htm</a>
         <br/>
         <a target="_blank"
            href="http://www.langmaster.cz/comcz/French1/l09/b/home.htm">
                            cvičení 5</a>
      </p>
      <div class="row">
         <div class="col-md-2 ">
            <img src="/schools/eaimgmp3/french1/img/coursebook/lesson09/page78/0967h0336.gif"/>
         </div>
         <div class="col-md-10 ">
            <div>
               <table class="table c-table">
                  <tr>
                     <td>
                        <b>
                  {{Ttrans}}
                </b>
                        <br/>
                Je cherche mon chat, mais je <GapFill id="g199"
                                 CorrectValue="ne le trouve pas."
                                 InitValue="ne le trouve pas."
                                 Example="true"
                                 Width="200"/>
                     </td>
                  </tr>
               </table>
            </div>
            <table class="table table-bordered c-table">
               <tr>
                  <td class=" middle">
              Il a beaucoup de travail, mais il <GapFill id="g251"
                              CorrectValue="ne le fait pas."
                              InitValue="faire."
                              Width="200"/>
                  </td>
               </tr>
               <tr>
                  <td class=" middle">
              Je téléphone aux Giroud, mais je <GapFill id="g300"
                              CorrectValue="ne les invite pas."
                              InitValue="inviter."
                              Width="200"/>
                  </td>
               </tr>
               <tr>
                  <td class=" middle">
              Je commande un dessert, mais je <GapFill id="g349"
                              CorrectValue="ne le mange pas."
                              InitValue="manger."
                              Width="200"/>
                  </td>
               </tr>
               <tr>
                  <td class=" middle">
              J’aime beaucoup cette montre, mais je <GapFill id="g398"
                              CorrectValue="ne l’achète pas."
                              InitValue="acheter."
                              Width="200"/>
                  </td>
               </tr>
               <tr>
                  <td class=" middle">
              J’attends ma fille devant l’école, mais je <GapFill id="g447"
                              CorrectValue="ne la vois pas."
                              InitValue="voir."
                              Width="200"/>
                  </td>
               </tr>
            </table>
         </div>
      </div>
   </Ex>
   <Ex id="hufex1_l09_b06"
       title="Pronoms toniques (suite et fin)"
       instr="{{Ahtmltitle}}"
       tech_instr="FILLING_IN SOUND_PLAYBACK">
      <p>
         <a target="_blank"
            href="http://www.langmaster.cz/comcz/French1/l09/b/hufex1_l09_b06.htm">/French1/l09/b/hufex1_l09_b06.htm</a>
         <br/>
         <a target="_blank"
            href="http://www.langmaster.cz/comcz/French1/l09/b/home.htm">
                            cvičení 6</a>
      </p>
      <div class="row">
         <div class="col-md-3 ">
            <img src="/schools/eaimgmp3/french1/img/coursebook/lesson09/page79/79_oben.gif"/>
         </div>
         <div class="col-md-3 ">
            <img src="/schools/eaimgmp3/french1/img/coursebook/lesson09/page79/79_auto.gif"/>
         </div>
      </div>
      <div class="row">
         <div class="col-md-12 ">
            <MediaDialog Url="/schools/eaimgmp3/french1wma/lesson09/hufex1_l09_b06.mp3"
                         id="E113">
               <SndReplica Name="A" Sequence="0,1,2">
                  <SndSent ReplacePtr="0">
              Je travaille avec <GapFill id="g220" CorrectValue="lui"/> maintenant.
            </SndSent>
               </SndReplica>
               <SndReplica Name="B" Sequence="3,4">
                  <SndSent ReplacePtr="3">
              Et la blonde, à côté de <GapFill id="g228" CorrectValue="lui"/>,
             
              c’est sa femme?
            </SndSent>
               </SndReplica>
               <SndReplica Name="A" Sequence="5,6,7">
                  <SndSent ReplacePtr="5">
              il ne sort jamais sans <GapFill id="g236" CorrectValue="elle"/>.
            </SndSent>
               </SndReplica>
               <SndReplica Name="B" Sequence="8,9">
                  <SndSent ReplacePtr="8">
              c’est à <GapFill id="g244" CorrectValue="eux"/>?
            </SndSent>
               </SndReplica>
               <SndReplica Name="A" Sequence="10,11,12">
                  <SndSent ReplacePtr="10">
                     <GapFill id="g252" CorrectValue="toi"/>?
            </SndSent>
               </SndReplica>
               <SndReplica Name="B" Sequence="13,14">
                  <SndSent ReplacePtr="13">
              On rentre chez <GapFill id="g260" CorrectValue="moi"/>?
            </SndSent>
               </SndReplica>
               <SndReplica Name="A" Sequence="15,16,17,18">
                  <SndSent ReplacePtr="15">
              et aller manger une pizza avec <GapFill id="g268" CorrectValue="elles"/>,
            </SndSent>
               </SndReplica>
               <SndReplica Name="B" Sequence="19,20,21">
                  <SndSent ReplacePtr="19">
              Pour <GapFill id="g276" CorrectValue="moi"/>,
            </SndSent>
               </SndReplica>
               <SndReplica Name="A" Sequence="22,23,24">
                  <SndSent ReplacePtr="22">
              une pizza pour <GapFill id="g284" CorrectValue="moi"/>
               et pour <GapFill id="g285" CorrectValue="toi"/>, une salade!
            </SndSent>
               </SndReplica>
            </MediaDialog>
         </div>
      </div>
      <div class="col-md-4">
         <div class="panel panel-info">
            <div class="panel-heading">
               <h3>Pronoms toniques (suite et fin)</h3>
            </div>
            <div class="panel-body">
               <table class="table c-table">
                  <tr>
                     <td>
                        <p>
                C’est à <b>toi</b> !
              </p>
                        <p>
                           <b>
                  moi<br/>
                  toi<br/>
                  lui<br/>
                  elle
                </b>
                        </p>
                     </td>
                     <td>
                        <p>
                Cette voiture n’est pas à <b>nous</b> !
              </p>
                        <p>
                           <b>
                  nous<br/>
                  vous<br/>
                  eux<br/>
                  elles
                </b>
                        </p>
                     </td>
                  </tr>
               </table>
            </div>
         </div>
      </div>
   </Ex>
   <Ex id="hufex1_l09_b09"
       title="Deux amies"
       instr="{{Ahtmltitle}}"
       tech_instr="SOUND_PLAYBACK">
      <p>
         <a target="_blank"
            href="http://www.langmaster.cz/comcz/French1/l09/b/hufex1_l09_b09.htm">/French1/l09/b/hufex1_l09_b09.htm</a>
         <br/>
         <a target="_blank"
            href="http://www.langmaster.cz/comcz/French1/l09/b/home.htm">
                            cvičení 7</a>
      </p>
      <div class="row">
         <div class="col-md-12 ">
            <MediaDialog Url="/schools/eaimgmp3/french1wma/lesson09/hufex1_l09_b06.mp3" id="E65">
               <SndReplica Name="A" Sequence="0-2"/>
               <SndReplica Name="B" Sequence="3-4"/>
               <SndReplica Name="A" Sequence="5-7"/>
               <SndReplica Name="B" Sequence="8-9"/>
               <SndReplica Name="A" Sequence="10-12"/>
               <SndReplica Name="B" Sequence="13-14"/>
               <SndReplica Name="A" Sequence="15-18"/>
               <SndReplica Name="B" Sequence="19-21"/>
               <SndReplica Name="A" Sequence="22-24"/>
            </MediaDialog>
         </div>
      </div>
   </Ex>
   <Ex id="hufex1_l09_b07"
       title="Au marché aux puces"
       instr="{{Ahtmltitle}}"
       tech_instr="">
      <p>
         <a target="_blank"
            href="http://www.langmaster.cz/comcz/French1/l09/b/hufex1_l09_b07.htm">/French1/l09/b/hufex1_l09_b07.htm</a>
         <br/>
         <a target="_blank"
            href="http://www.langmaster.cz/comcz/French1/l09/b/home.htm">
                            cvičení 8</a>
      </p>
      <div>
         <img src="/schools/eaimgmp3/french1/img/coursebook/lesson09/page80/80.gif"/>
      </div>
      <div class="col-md-6">
         <div class="panel panel-info">
            <div class="panel-heading">
               <h3>Attention!</h3>
            </div>
            <div class="panel-body">
               <p>
                  <b>
            {{Ttrans}}:
          </b>
               </p>
               <p>
          {{Ttrans1}}
        
      </p>
            </div>
         </div>
      </div>
   </Ex>
   <Ex id="hufex1_l09_b08"
       title="Théâtre du Soleil, bonjour!"
       instr="{{Ahtmltitle}}"
       tech_instr="SENTENCE_SEQUENCING">
      <p>
         <a target="_blank"
            href="http://www.langmaster.cz/comcz/French1/l09/b/hufex1_l09_b08.htm">/French1/l09/b/hufex1_l09_b08.htm</a>
         <br/>
         <a target="_blank"
            href="http://www.langmaster.cz/comcz/French1/l09/b/home.htm">
                            cvičení 9</a>
      </p>
      <div class="row">
         <div class="col-md-2 ">
            <img src="/schools/eaimgmp3/french1/img/homestudy/lesson09/page140/olympus32010.jpg"/>
         </div>
         <div class="col-md-2 ">
            <img src="/schools/eaimgmp3/french1/img/homestudy/lesson09/page140/olympus32006.jpg"/>
         </div>
      </div>
      <div class="row">
         <div class="col-md-12 ">TODO ručně upravit řazení s elementy zsearch<MacroTable Width="600-800" InlineType="GapFill"><![CDATA[
{1}\1. Bonjour, vous avez encore des places à 20 euros pour La Leçon de Ionesco? Pour quand, Madame? Samedi soir. Non, désolé. Il n’y a plus de places à 20 euros. Mais j’ai encore trois places à 40 euros, si vous voulez. Non, je regrette, c’est trop cher!
{2}\2. Bonjour, Madame. Je voudrais réserver une chambre pour deux personnes du 18 au 20 avril. Oui, c’est possible. Vous voulez une chambre avec douche ou salle de bains? Quel est le prix de la chambre avec salle de bains? 66 euros plus 5 euros par personne pour le petit déjeuner. Bien, je la prends. C’est à quel nom? Rousseau. R.O.U.S.S.E.A.U. Voilà, c’est noté. Au revoir, Madame.
]]></MacroTable>
         </div>
      </div>
   </Ex>
</Module>
