﻿<?xml version="1.0" encoding="utf-8"?>
<Page id="hufex2_l02_a01">
  <p>
    <a href="http://www.langmaster.cz/comcz/French2/l02/a/hufex2_l02_a01.htm">/French2/l02/a/hufex2_l02_a01.htm</a>
    <br />
    <a href="http://www.langmaster.cz/comcz/French2/l02/a/home.htm">
                            cvičení 1</a>
  </p>
  <div>
    <img src="/schools/eaimgmp3/french2/img/coursebook/lesson02/page15/02_015_1_4.gif" />
  </div>
  <div>
    <div>
      <table class="table c-table">
        <tr>
          <td>
            <b>
                {{Ttrans}}
              </b>
            <br />
              Mercedes; confortable<br /><GapFill id="g284" CorrectValue="La Mercedes est la voiture la plus confortable." InitValue="La Mercedes est la voiture la plus confortable." /></td>
        </tr>
      </table>
    </div>
    <ListGroup IsStriped="true">
      <Noop>
          406, Laguna, Xantia; pas maniable<br /><GapFill id="g384" Width="200" CorrectValue="La 406, la Laguna et la Xantia sont les voitures les moins maniables." InitValue="" /></Noop>
      <Noop>
          Peugeot 406, Audi A4, BMW; gourmand<br /><GapFill id="g482" Width="200" CorrectValue="La Peugeot 406, l’Audi A4 et la BMW sont les voitures les plus gourmandes." InitValue="" /></Noop>
      <Noop>
          Mercedes, Laguna, Xantia; pas gourmand<br /><GapFill id="g580" Width="200" CorrectValue="La Mercedes, la Laguna et la Xantia sont les voitures les moins gourmandes." InitValue="" /></Noop>
      <Noop>
          Citroën Xantia; pas sûr<br /><GapFill id="g678" Width="200" CorrectValue="La Citroën Xantia est la voiture la moins sûr." InitValue="" /></Noop>
      <Noop>
          BMW; cher<br /><GapFill id="g776" Width="200" CorrectValue="La BMW est la voiture la plus chère." InitValue="" /></Noop>
    </ListGroup>
  </div>
  <info title="Quelle voiture préférez-vous?" instrTitle="Voici six voitures. Savez-vous de laquelle est la meilleure? Lisez les informations suivantes et comparez-les en faisant des phrases entières selon l’exemple. Employez les adjectifs donnés." instrs="FILLING_IN" />
</Page>