﻿<?xml version="1.0" encoding="utf-8"?>
<Page id="hufex2_l02_a03">
  <p>
    <a href="http://www.langmaster.cz/comcz/French2/l02/a/hufex2_l02_a03.htm">/French2/l02/a/hufex2_l02_a03.htm</a>
    <br />
    <a href="http://www.langmaster.cz/comcz/French2/l02/a/home.htm">
                            cvičení 3</a>
  </p>
  <br />
  <div class="row">
    <div class="col-md-2 ">
      <img src="/schools/eaimgmp3/french2/img/vocabulary/lesson02/page17/maus_geht.gif" />
      <br />
      <br />
      <br />
      <br />
      <Pairing id="E65">
        <PairingItem>le plus grand<Right>le moins petit</Right></PairingItem>
        <PairingItem>le moins facile<Right>le plus difficile</Right></PairingItem>
        <PairingItem>le plus jeune<Right>le moins vieux</Right></PairingItem>
        <PairingItem>la moins ancienne<Right>la plus moderne</Right></PairingItem>
        <PairingItem>le plus chaud<Right>le moins froid</Right></PairingItem>
        <PairingItem>la moins fermée<Right>la plus ouverte</Right></PairingItem>
        <PairingItem>les plus magnifiques<Right>les moins horribles</Right></PairingItem>
      </Pairing>
    </div>
    <div class="col-md-2 ">
      <img src="/schools/eaimgmp3/french2/img/vocabulary/lesson02/page17/elefant.gif" />
    </div>
  </div>
  <info title="Oppositions" instrTitle="Voici deux colonnes. Trouvez les paires du même sens et reliez-les." instrs="PAIRING" />
</Page>