﻿<?xml version="1.0" encoding="utf-8"?>
<Page id="hufex2_l02_a04">
  <p>
    <a href="http://www.langmaster.cz/comcz/French2/l02/a/hufex2_l02_a04.htm">/French2/l02/a/hufex2_l02_a04.htm</a>
    <br />
    <a href="http://www.langmaster.cz/comcz/French2/l02/a/home.htm">
                            cvičení 4</a>
  </p>
  <div class="row">
    <div class="col-md-2 ">
      <img src="/schools/eaimgmp3/french2/img/coursebook/lesson02/page16/c791h0013.jpg" />
    </div>
    <div class="col-md-10 ">
      <div>
        <table class="table c-table">
          <tr>
            <td>
              <b>{{Ttrans}}</b>
              <br />
                La tour Eiffel, c’est le monument <GapFill id="g246" CorrectValue="le plus connu" InitValue="le plus connu" /> de Paris.
              </td>
          </tr>
        </table>
      </div>
      <table class="table table-bordered c-table">
        <tr>
          <td>
            Venise, c’est la ville <GapFill id="g298" Width="200" CorrectValue="la plus romantique" InitValue="romantique" /> d’Italie.
          </td>
        </tr>
        <tr>
          <td>
            Le mois d’août, c’est le mois <GapFill id="g347" Width="200" CorrectValue="le plus chaud" InitValue="chaud" /> de l’année.
          </td>
        </tr>
        <tr>
          <td>
            La Côte d’Azur, c’est une des régions <GapFill id="g396" Width="200" CorrectValue="les plus touristiques" InitValue="touristiques" /> de France.
          </td>
        </tr>
        <tr>
          <td>
            Les montres suisses, ce sont <GapFill id="g445" Width="200" CorrectValue="les meilleures" InitValue="bon" /> montres du monde.
          </td>
        </tr>
        <tr>
          <td>
            Le Groendland, c’est le pays où il fait <GapFill id="g494" Width="200" CorrectValue="le plus froid" InitValue="froid" />.
          </td>
        </tr>
        <tr>
          <td>
            Le 21 juin, c’est le jour <GapFill id="g543" Width="200" CorrectValue="le plus long" InitValue="long" /> de l’année.
          </td>
        </tr>
      </table>
    </div>
  </div>
  <info title="Superlatif" instrTitle="Connaissez-vous les formes de superlatif? Vérifiez-le! Formez des phrases comportant un superlatif selon l’exemple." instrs="CORRECTION" />
</Page>