﻿<?xml version="1.0" encoding="utf-8"?>
<Page id="hufex2_l02_a05">
  <p>
    <a href="http://www.langmaster.cz/comcz/French2/l02/a/hufex2_l02_a05.htm">/French2/l02/a/hufex2_l02_a05.htm</a>
    <br />
    <a href="http://www.langmaster.cz/comcz/French2/l02/a/home.htm">
                            cvičení 5</a>
  </p>
  <Possibilities Words="gourmand|cher|violent|rapide|bon|polluant|chaud|difficile" />
  <div class="row">
    <div class="col-md-4 ">
      <img src="/schools/eaimgmp3/french2/img/coursebook/lesson02/page17/vlak_letadlo.jpg" />
    </div>
    <div class="col-md-8 ">
      <div>
        <table class="table c-table">
          <tr>
            <td>
              <b>{{Ttrans}}</b>
              <br />
                La voiture électrique est <GapFill id="g305" CorrectValue="moins polluante" InitValue="moins polluante" /> que la voiture à l’essence.
              </td>
          </tr>
        </table>
      </div>
      <table class="table table-bordered c-table">
        <tr>
          <td>
            L’avion est <GapFill id="g357" Width="200" CorrectValue="plus rapide" InitValue="" /> que le train.
          </td>
        </tr>
        <tr>
          <td>
            Le fax est <GapFill id="g406" Width="200" CorrectValue="moins cher" InitValue="" /> que le téléphone.
          </td>
        </tr>
        <tr>
          <td>
            La cuisine allemande est <GapFill id="g455" Width="200" CorrectValue="meilleure" InitValue="" /> que la cuisine anglaise.
          </td>
        </tr>
        <tr>
          <td>
            Le yoga est un sport <GapFill id="g504" Width="200" CorrectValue="moins violent" InitValue="" /> que le karaté.
          </td>
        </tr>
        <tr>
          <td>
            Les hommes sont <GapFill id="g553" Width="200" CorrectValue="aussi gourmands" InitValue="" /> que les femmes.
          </td>
        </tr>
        <tr>
          <td>
            Le chinois est <GapFill id="g602" Width="200" CorrectValue="aussi difficile" InitValue="" /> que le japonais.
          </td>
        </tr>
        <tr>
          <td>
            Il fait <GapFill id="g651" Width="200" CorrectValue="plus chaud" InitValue="" /> à Marseille qu’à Strasbourg.
          </td>
        </tr>
      </table>
    </div>
  </div>
  <info title="Comparaison" instrTitle="Perfectionnez le comparatif français! Comparez en utilisant les adjectifs donnés. Suivez l’exemple." instrs="FILLING_IN" />
</Page>