﻿<?xml version="1.0" encoding="utf-8"?>
<Page id="hufex2_l02_a06">
  <p>
    <a href="http://www.langmaster.cz/comcz/French2/l02/a/hufex2_l02_a06.htm">/French2/l02/a/hufex2_l02_a06.htm</a>
    <br />
    <a href="http://www.langmaster.cz/comcz/French2/l02/a/home.htm">
                            cvičení 6</a>
  </p>
  <div class="row">
    <div class="col-md-3 ">
      <img src="/schools/eaimgmp3/french2/img/coursebook/lesson02/page16/0353h0024.jpg" />
    </div>
    <div class="col-md-9 ">
      <table class="table table-bordered c-table">
        <tr>
          <td class=" middle">
            <b>{{Tb}}</b>
          </td>
        </tr>
        <tr>
          <td>
            En Bretagne, il y a plus de soleil qu’en Provence.Je ne suis pas d’accord. En Bretagne, il y a <br /><GapFill id="g247" Width="200" CorrectValue="moins" InitValue="moins" /> de soleil.
          </td>
        </tr>
        <tr>
          <td>
            La bicyclette est aussi pratique que la voiture.La bicyclette est <GapFill id="g345" Width="200" CorrectValue="moins pratique|plus pratique" InitValue="" /> que la voiture.
          </td>
        </tr>
        <tr>
          <td>
            Le français est plus facile que l’allemand.Le français est <br /><GapFill id="g450" Width="200" CorrectValue="plus difficile" InitValue="" /> que l’allemand.
          </td>
        </tr>
        <tr>
          <td>
            Les femmes gagnent autant d’argent que les hommes.Les hommes gagnent <br /><GapFill id="g548" Width="200" CorrectValue="plus" InitValue="" /> d’argent que les femmes.
          </td>
        </tr>
        <tr>
          <td>
            Le vin français est moins bon que le vin italien.Le vin français est <br /><GapFill id="g646" Width="200" CorrectValue="meilleur" InitValue="" /> que le vin italien.
          </td>
        </tr>
        <tr>
          <td>
            La vie est aussi chère à Paris qu’en province.La vie est <br /><GapFill id="g744" Width="200" CorrectValue="plus" InitValue="" /> chère à Paris qu’en province.
          </td>
        </tr>
      </table>
    </div>
  </div>
  <info title="D’accord? Pas d’accord?" instrTitle="Lisez les avis suivants. Dites que vous n’êtes pas d’accord. Complétez les phrases suivant l’exemple." instrs="FILLING_IN" />
</Page>