﻿<?xml version="1.0" encoding="utf-8"?>
<Page id="hufex1_l21_a01">
  <p>
    <a href="http://www.langmaster.cz/comcz/French1/l21/a/hufex1_l21_a01.htm">/French1/l21/a/hufex1_l21_a01.htm</a>
    <br />
    <a href="http://www.langmaster.cz/comcz/French1/l21/a/home.htm">
                            cvičení 1</a>
  </p>
  <div class="row">
    <div class="col-md-3 ">
      <img src="/schools/eaimgmp3/french1/img/coursebook/lesson21/page55/1367h1416.jpg" />
    </div>
    <div class="col-md-9 ">
          A sept heures et demie, Florence M. prend <GapFill id="g154" Width="200" CorrectValue="le" InitValue="" /> bus n° 25. Elle descend en face du musée. 
		  Elle entre dans <GapFill id="g155" Width="200" CorrectValue="une" InitValue="" /> boulangerie, à côté de <GapFill id="g156" Width="200" CorrectValue="l’" InitValue="" /> Hôtel de Ville. 
		  Elle achète <GapFill id="g157" Width="200" CorrectValue="des" InitValue="" /> croissants. Elle arrive <GapFill id="g158" Width="200" CorrectValue="au" InitValue="" /> bureau à huit heures. 
		  A midi, elle quitte <GapFill id="g159" Width="200" CorrectValue="le" InitValue="" /> bureau et va téléphoner <GapFill id="g160" Width="200" CorrectValue="à la" InitValue="" /> poste. 
		  Cinq minutes après, elle va <GapFill id="g161" Width="200" CorrectValue="au" InitValue="" /> Café de la Gare. 
		  <GapFill id="g162" Width="200" CorrectValue="Un" InitValue="" /> homme entre dans <GapFill id="g163" Width="200" CorrectValue="le" InitValue="" /> café. 
		  Il s’assoit à côté de Florence. Ils se font <GapFill id="g164" Width="200" CorrectValue="la" InitValue="" /> bise. 
		  Elle prend <GapFill id="g301" Width="200" CorrectValue="un|du" InitValue="" /> thé et <GapFill id="g303" Width="200" CorrectValue="une|de la" InitValue="" /> salade; il prend <GapFill id="g305" Width="200" CorrectValue="une|de la" InitValue="" /> bière et <GapFill id="g168" Width="200" CorrectValue="un" InitValue="" /> sandwich. J’ai <GapFill id="g169" Width="200" CorrectValue="des" InitValue="" /> photos.
        </div>
  </div>
  <info title="Le rapport du détective privé" instrTitle="{{Ahtmltitle}}" instrs="FILLING_IN" />
</Page>