﻿<?xml version="1.0" encoding="utf-8"?>
<Page id="hufex2_l08_b03">
  <p>
    <a href="http://www.langmaster.cz/comcz/French2/l08/b/hufex2_l08_b03.htm">/French2/l08/b/hufex2_l08_b03.htm</a>
    <br />
    <a href="http://www.langmaster.cz/comcz/French2/l08/b/home.htm">
                            cvičení 3</a>
  </p>
  <Possibilities Words="depuis|depuis qu’|depuis que" />
  <div class="row">
    <div class="col-md-3 ">
      <img src="/schools/eaimgmp3/french2/img/coursebook/lesson08/page74/74_oben_rechts.gif" />
    </div>
    <div class="col-md-3 ">
      <img src="/schools/eaimgmp3/french2/img/coursebook/lesson08/page74/74_oben_links.gif" />
    </div>
  </div>
  <div>
    <table class="table table-bordered c-table">
      <tr>
        <td>
          <GapFill id="g196" Width="200" CorrectValue="Depuis que" InitValue="" /> Vincent est tombé, il fait plus attention.
        </td>
      </tr>
      <tr>
        <td>
          Ils vivent à Paris <GapFill id="g245" Width="200" CorrectValue="depuis" InitValue="" /> 14 ans, <GapFill id="g246" Width="200" CorrectValue="depuis que" InitValue="" /> Gérard a dû s’y installer pour des raisons professionnelles.
        </td>
      </tr>
      <tr>
        <td>
          <GapFill id="g295" Width="200" CorrectValue="Depuis qu’" InitValue="" /> Agnès fait du vélo, elle n’a plus besoin de régime.
        </td>
      </tr>
      <tr>
        <td>
          Nicolas a un VTT 24 vitesses <GapFill id="g344" Width="200" CorrectValue="depuis" InitValue="" /> son anniversaire.
        </td>
      </tr>
      <tr>
        <td>
          <GapFill id="g393" Width="200" CorrectValue="Depuis" InitValue="" /> quand est-ce que vous apprenez le français?
        </td>
      </tr>
      <tr>
        <td>
          Il pleut sans arrêt <GapFill id="g442" Width="200" CorrectValue="depuis" InitValue="" /> trois jours. J’en ai assez!
        </td>
      </tr>
      <tr>
        <td>
          Oh, moi, <GapFill id="g491" Width="200" CorrectValue="depuis que" InitValue="" /> j’ai un chien, je sors par tous les temps.
        </td>
      </tr>
    </table>
  </div>
  <div class="col-md-4">
    <div class="panel panel-info">
      <div class="panel-heading">
        <h3>{{Aboxtitle}}</h3>
      </div>
      <div class="panel-body">
        <p>
          <b>Depuis que </b>je vis en France, je suis heureuse.<br />
          = 
            {{Ttrans}}
        </p>
        <p>
            Moi, je vis ici <b>depuis</b> hier.<br />
          = {{Ttrans1}}
        </p>
      </div>
    </div>
  </div>
  <info title="Se situer dans le temps" instrTitle="Apprenez les prépositions! Complétez le texte avec «depuis» et «depuis que»." instrs="FILLING_IN_FROM_A_LIST" />
</Page>