﻿<?xml version="1.0" encoding="utf-8"?>
<Page id="hufex2_l08_b07">
  <p>
    <a href="http://www.langmaster.cz/comcz/French2/l08/b/hufex2_l08_b07.htm">/French2/l08/b/hufex2_l08_b07.htm</a>
    <br />
    <a href="http://www.langmaster.cz/comcz/French2/l08/b/home.htm">
                            cvičení 7</a>
  </p>
  <DragSource />
  <div class="row">
    <div class="col-md-4 ">
      <img src="/schools/eaimgmp3/french2/img/coursebook/lesson08/page75/75_rechts.gif" />
    </div>
    <div class="col-md-8 ">
      <table class="table table-bordered c-table">
        <tr>
          <td>
            Attendez-moi ici! Je reviens <DragTarget id="g198" Width="200" CorrectValue="dans" /> 5 minutes.
          </td>
        </tr>
        <tr>
          <td>
            <DragTarget id="g247" Width="200" CorrectValue="En" /> dix ans, on a aménagé beaucoup de pistes cyclables.
          </td>
        </tr>
        <tr>
          <td>
            Michel est resté 20 ans en Afrique. <DragTarget id="g296" Width="200" CorrectValue="En" /> 20 ans, il a eu le temps de se faire beaucoup d’amis.
          </td>
        </tr>
        <tr>
          <td>
            Rappelez <DragTarget id="g345" Width="200" CorrectValue="dans" /> deux heures! Le directeur est parti déjeuner.
          </td>
        </tr>
        <tr>
          <td>
            Il a fait l’aller-retour Paris-Perpignan <DragTarget id="g394" Width="200" CorrectValue="en" /> 24 heures.
          </td>
        </tr>
        <tr>
          <td>
            Il est très rapide. Il prend une décision <DragTarget id="g443" Width="200" CorrectValue="en" /> quelques secondes seulement.  <DragTarget id="g656" Width="200" CorrectValue="Dans" /> 
          </td>
        </tr>
      </table>
    </div>
  </div>
  <div class="col-md-6">
    <div class="panel panel-info">
      <div class="panel-heading">
        <h3>{{Aboxtitle}}</h3>
      </div>
      <div class="panel-body">
        <p>
          “<b>EN</b>” = {{Ttrans}}:<br />
          Nous avons tout réparé <b>en</b> une heure.
          = {{Ttrans1}}
        </p>
        <p>
          “<b>DANS</b>” = {{Ttrans2}}:<br /><b>Dans</b> combien de temps comptez-vous rentrer
          ? = {{Ttrans3}}
        </p>
      </div>
    </div>
  </div>
  <info title="«En» et «dans»" instrTitle="Voici d’autres prépositions. Mettez-les à leur place." instrs="FILLING_IN_FROM_A_LIST" />
</Page>