﻿<?xml version="1.0" encoding="utf-8"?>
<Module title="Chapitre B">
   <Ex id="hufex2_l08_b01"
       title="Le vélo"
       instr="Que représente le vélo pour eux? Ecoutez et cochez les aspects évoqués par les personnes interviewées."
       tech_instr="MULTIPLE_CHOICE_TWO_STATES SOUND_PLAYBACK">
      <p>
         <a target="_blank"
            href="http://www.langmaster.cz/comcz/French2/l08/b/hufex2_l08_b01.htm">/French2/l08/b/hufex2_l08_b01.htm</a>
         <br/>
         <a target="_blank"
            href="http://www.langmaster.cz/comcz/French2/l08/b/home.htm">
                            cvičení 1</a>
      </p>
      <div>
         <img src="/schools/eaimgmp3/french2/img/coursebook/lesson08/page72/72_1.gif"/>
      </div>
      <div class="row">
         <div class="col-md-1 ">
            <MediaBigMark Url="/schools/eaimgmp3/french2wma/lesson08/hufex2_l08_b02.mp3"
                          Sequence=""/>
         </div>
         <div class="col-md-11 ">
            <table class="table table-bordered c-table">
               <tr>
                  <td class="c-table-default middle">
               
              </td>
                  <td class="c-table-default middle">Agnès</td>
                  <td class="c-table-default middle">Lydia</td>
                  <td class="c-table-default middle">Edouard</td>
                  <td class="c-table-default middle">Nicolas</td>
                  <td class="c-table-default middle">Muriel</td>
                  <td class="c-table-default middle">Vincent</td>
               </tr>
               <tr>
                  <td class=" middle">
                     <b>Moyen de transport</b>
                  </td>
                  <td class=" middle">
                     <CheckItem id="o434" TextId="TrueFalse" CorrectValue="true"/>
                  </td>
                  <td class=" middle">
                     <CheckItem id="o484" TextId="TrueFalse" CorrectValue="true"/>
                  </td>
                  <td class=" middle">
                     <CheckItem id="o534" TextId="TrueFalse" CorrectValue="true"/>
                  </td>
                  <td class=" middle">
                     <CheckItem id="o584" TextId="TrueFalse" CorrectValue="true"/>
                  </td>
                  <td class=" middle">
                     <CheckItem id="o634" TextId="TrueFalse" CorrectValue="false"/>
                  </td>
                  <td class=" middle">
                     <CheckItem id="o684" TextId="TrueFalse" CorrectValue="true"/>
                  </td>
               </tr>
               <tr>
                  <td class=" middle">
                     <b>Loisirs, plaisir, liberté</b>
                  </td>
                  <td class=" middle">
                     <CheckItem id="o779" TextId="TrueFalse" CorrectValue="true"/>
                  </td>
                  <td class=" middle">
                     <CheckItem id="o829" TextId="TrueFalse" CorrectValue="true"/>
                  </td>
                  <td class=" middle">
                     <CheckItem id="o879" TextId="TrueFalse" CorrectValue="false"/>
                  </td>
                  <td class=" middle">
                     <CheckItem id="o929" TextId="TrueFalse" CorrectValue="true"/>
                  </td>
                  <td class=" middle">
                     <CheckItem id="o979" TextId="TrueFalse" CorrectValue="true"/>
                  </td>
                  <td class=" middle">
                     <CheckItem id="o1029" TextId="TrueFalse" CorrectValue="true"/>
                  </td>
               </tr>
               <tr>
                  <td class=" middle">
                     <b>Sport, forme, santé</b>
                  </td>
                  <td class=" middle">
                     <CheckItem id="o1124" TextId="TrueFalse" CorrectValue="false"/>
                  </td>
                  <td class=" middle">
                     <CheckItem id="o1174" TextId="TrueFalse" CorrectValue="false"/>
                  </td>
                  <td class=" middle">
                     <CheckItem id="o1224" TextId="TrueFalse" CorrectValue="true"/>
                  </td>
                  <td class=" middle">
                     <CheckItem id="o1274" TextId="TrueFalse" CorrectValue="false"/>
                  </td>
                  <td class=" middle">
                     <CheckItem id="o1324" TextId="TrueFalse" CorrectValue="false"/>
                  </td>
                  <td class=" middle">
                     <CheckItem id="o1374" TextId="TrueFalse" CorrectValue="false"/>
                  </td>
               </tr>
               <tr>
                  <td class=" middle">
                     <b>Aspect écologique</b>
                  </td>
                  <td class=" middle">
                     <CheckItem id="o1469" TextId="TrueFalse" CorrectValue="false"/>
                  </td>
                  <td class=" middle">
                     <CheckItem id="o1519" TextId="TrueFalse" CorrectValue="false"/>
                  </td>
                  <td class=" middle">
                     <CheckItem id="o1569" TextId="TrueFalse" CorrectValue="false"/>
                  </td>
                  <td class=" middle">
                     <CheckItem id="o1619" TextId="TrueFalse" CorrectValue="false"/>
                  </td>
                  <td class=" middle">
                     <CheckItem id="o1669" TextId="TrueFalse" CorrectValue="true"/>
                  </td>
                  <td class=" middle">
                     <CheckItem id="o1719" TextId="TrueFalse" CorrectValue="false"/>
                  </td>
               </tr>
               <tr>
                  <td class=" middle">
                     <b>Aspect économique</b>
                  </td>
                  <td class=" middle">
                     <CheckItem id="o1814" TextId="TrueFalse" CorrectValue="false"/>
                  </td>
                  <td class=" middle">
                     <CheckItem id="o1864" TextId="TrueFalse" CorrectValue="false"/>
                  </td>
                  <td class=" middle">
                     <CheckItem id="o1914" TextId="TrueFalse" CorrectValue="true"/>
                  </td>
                  <td class=" middle">
                     <CheckItem id="o1964" TextId="TrueFalse" CorrectValue="false"/>
                  </td>
                  <td class=" middle">
                     <CheckItem id="o2014" TextId="TrueFalse" CorrectValue="false"/>
                  </td>
                  <td class=" middle">
                     <CheckItem id="o2064" TextId="TrueFalse" CorrectValue="false"/>
                  </td>
               </tr>
               <tr>
                  <td class=" middle">
                     <b>Problèmes, risques</b>
                  </td>
                  <td class=" middle">
                     <CheckItem id="o2159" TextId="TrueFalse" CorrectValue="false"/>
                  </td>
                  <td class=" middle">
                     <CheckItem id="o2209" TextId="TrueFalse" CorrectValue="false"/>
                  </td>
                  <td class=" middle">
                     <CheckItem id="o2259" TextId="TrueFalse" CorrectValue="true"/>
                  </td>
                  <td class=" middle">
                     <CheckItem id="o2309" TextId="TrueFalse" CorrectValue="true"/>
                  </td>
                  <td class=" middle">
                     <CheckItem id="o2359" TextId="TrueFalse" CorrectValue="true"/>
                  </td>
                  <td class=" middle">
                     <CheckItem id="o2409" TextId="TrueFalse" CorrectValue="true"/>
                  </td>
               </tr>
            </table>
         </div>
      </div>
      <div class="col-md-6">
         <div class="panel panel-info">
            <div class="panel-body">
               <p>
                  <b>Tour de France</b>
                  <br/>
          - {{Ttrans}}
          <br/>
          - {{Ttrans1}}
        </p>
            </div>
         </div>
      </div>
   </Ex>
   <Ex id="hufex2_l08_b02"
       title="Interview"
       instr="Ecoutez le texte encore une fois et puis lisez à haute voix. Concentrez-vous sur la bonne prononciation et sur l’intonation!"
       tech_instr="SOUND_PLAYBACK">
      <p>
         <a target="_blank"
            href="http://www.langmaster.cz/comcz/French2/l08/b/hufex2_l08_b02.htm">/French2/l08/b/hufex2_l08_b02.htm</a>
         <br/>
         <a target="_blank"
            href="http://www.langmaster.cz/comcz/French2/l08/b/home.htm">
                            cvičení 2</a>
      </p>
      <div>
         <MediaDialog Url="/schools/eaimgmp3/french2wma/lesson08/hufex2_l08_b02.mp3"
                      id="E189">
            <SndReplica Name="A" Sequence="0-2"/>
            <SndReplica Name="B" Sequence="3-21"/>
            <SndReplica Name="C" Sequence="22-46"/>
            <SndReplica Name="A" Sequence="47-48"/>
            <SndReplica Name="D" Sequence="49-58"/>
            <SndReplica Name="E" Sequence="59-75"/>
            <SndReplica Name="A" Sequence="76"/>
            <SndReplica Name="F" Sequence="77-95"/>
            <SndReplica Name="A" Sequence="96-"/>
         </MediaDialog>
      </div>
      <div class="row">
         <div class="col-md-3 ">
            <img src="/schools/eaimgmp3/french2/img/coursebook/lesson08/page72/0467h0031.gif"/>
         </div>
         <div class="col-md-9 ">
            <div class="panel panel-info">
               <div class="panel-body">
                  <p>
                     <b>VTT </b>(Vélo Tout Terrain) - {{Ttrans}}<br/>
            {{Ttrans1}}
          </p>
               </div>
            </div>
         </div>
      </div>
   </Ex>
   <Ex id="hufex2_l08_b03"
       title="Se situer dans le temps"
       instr="Apprenez les prépositions! Complétez le texte avec «depuis» et «depuis que»."
       tech_instr="FILLING_IN_FROM_A_LIST">
      <p>
         <a target="_blank"
            href="http://www.langmaster.cz/comcz/French2/l08/b/hufex2_l08_b03.htm">/French2/l08/b/hufex2_l08_b03.htm</a>
         <br/>
         <a target="_blank"
            href="http://www.langmaster.cz/comcz/French2/l08/b/home.htm">
                            cvičení 3</a>
      </p>
      <Possibilities Words="depuis que|depuis|depuis qu’"/>
      <div class="row">
         <div class="col-md-3 ">
            <img src="/schools/eaimgmp3/french2/img/coursebook/lesson08/page74/74_oben_rechts.gif"/>
         </div>
         <div class="col-md-3 ">
            <img src="/schools/eaimgmp3/french2/img/coursebook/lesson08/page74/74_oben_links.gif"/>
         </div>
      </div>
      <div>
         <table class="table table-bordered c-table">
            <tr>
               <td>
                  <GapFill id="g196" CorrectValue="Depuis que" Width="200"/> Vincent est tombé, il fait plus attention.
        </td>
            </tr>
            <tr>
               <td>
          Ils vivent à Paris <GapFill id="g245" CorrectValue="depuis" Width="200"/> 14 ans, <GapFill id="g246" CorrectValue="depuis que" Width="200"/> Gérard a dû s’y installer pour des raisons professionnelles.
        </td>
            </tr>
            <tr>
               <td>
                  <GapFill id="g295" CorrectValue="Depuis qu’" Width="200"/> Agnès fait du vélo, elle n’a plus besoin de régime.
        </td>
            </tr>
            <tr>
               <td>
          Nicolas a un VTT 24 vitesses <GapFill id="g344" CorrectValue="depuis" Width="200"/> son anniversaire.
        </td>
            </tr>
            <tr>
               <td>
                  <GapFill id="g393" CorrectValue="Depuis" Width="200"/> quand est-ce que vous apprenez le français?
        </td>
            </tr>
            <tr>
               <td>
          Il pleut sans arrêt <GapFill id="g442" CorrectValue="depuis" Width="200"/> trois jours. J’en ai assez!
        </td>
            </tr>
            <tr>
               <td>
          Oh, moi, <GapFill id="g491" CorrectValue="depuis que" Width="200"/> j’ai un chien, je sors par tous les temps.
        </td>
            </tr>
         </table>
      </div>
      <div class="col-md-4">
         <div class="panel panel-info">
            <div class="panel-heading">
               <h3>{{Aboxtitle}}</h3>
            </div>
            <div class="panel-body">
               <p>
                  <b>Depuis que </b>je vis en France, je suis heureuse.<br/>
          = 
            {{Ttrans}}
        </p>
               <p>
            Moi, je vis ici <b>depuis</b> hier.<br/>
          = {{Ttrans1}}
        </p>
            </div>
         </div>
      </div>
   </Ex>
   <Ex id="hufex2_l08_b04"
       title="Pédaler dans la vie"
       instr="Observez ce document et marquez les affirmations justes."
       tech_instr="MULTIPLE_CHOICE_TWO_STATES">
      <p>
         <a target="_blank"
            href="http://www.langmaster.cz/comcz/French2/l08/b/hufex2_l08_b04.htm">/French2/l08/b/hufex2_l08_b04.htm</a>
         <br/>
         <a target="_blank"
            href="http://www.langmaster.cz/comcz/French2/l08/b/home.htm">
                            cvičení 4</a>
      </p>
      <div>
         <b>Pédaler dans la vie</b>
        A bicyclette, on peut se faire une condition physique de champion!<br/>
         <b>La silhouette:</b> si vous faites une «vraie» randonnée, vous dépensez réellement 250 à 300 calories par heure environ.<br/>
         <b>Le stress:</b> le vélo, comme beaucoup de sports, détend et apaise, sauf au milieu des voitures.<br/>
         <b>Les mains et les oreilles:</b> elles sont très exposées au froid. Gants et bonnet sont nécessaires dès qu’il commence à faire froid.<br/>
         <b>Le cou:</b> pour regarder devant soi, on redresse la tête. Ce qui peut provoquer des douleurs cervicales. En particulier, si la selle est trop haute ou si le guidon est trop bas.<br/>
         <b>Le cœur et les poumons:</b> ils adorent le vélo, comme la plupart des sports d’endurance. Attention: si vous vous sentez essoufflé, votre cœur fournit un effort trop important. Ralentissez. Et ne roulez pas dans la pollution.<br/>
         <b>Les genoux:</b> si vous êtes assis trop haut ou trop bas, ils sont les premiers à souffrir. Réglez la hauteur de la selle.<br/>
         <b>Les jambes:</b> le vélo est leur sport. Pédaler est un mouvement régulier, excellent pour les mollets.<br/>Respirez! Ne respirez plus! Attention, pollution!<br/>La qualité de l’air des villes varie selon la situation géographique, l’environnement, la densité du trafic, la météo. Un adulte au repos inhale environ 6 litres d’air par minute. Sur un vélo, 2 ou 3 fois plus. Idem pour la pollution.<br/>– Ne restez pas derrière un camion ou un diesel mal réglé. Evitez les rues étroites et, si possible, les heures de pointe.<br/>– Le Minitel, les journaux locaux et radios locales vous indiquent la qualité de l’air. Lors des pics de pollution, la concentration est maximale de midi à 21 heures: circulez en métro.
      </div>
      <div>
         <img src="/schools/eaimgmp3/french2/img/homestudy/lesson08/page156/tandembild.gif"/>
      </div>
      <div>
         <CheckItem id="o106" TextId="TrueFalse" CorrectValue="true"/>Faire du vélo est excellent pour le cœur.<br/>
         <CheckItem id="o113" TextId="TrueFalse" CorrectValue="true"/>Il faut protéger ses oreilles et ses mains du froid.<br/>
         <CheckItem id="o120" TextId="TrueFalse" CorrectValue="false"/>Si on est assis trop bas ou trop haut, c’est mauvais pour les jambes.<br/>
         <CheckItem id="o127" TextId="TrueFalse" CorrectValue="false"/>Si vous faites du vélo, vous dépensez plus de 300 calories par jour.<br/>
         <CheckItem id="o134" TextId="TrueFalse" CorrectValue="true"/>En ville, il vaut mieux éviter les heures de pointe.<br/>
         <CheckItem id="o141" TextId="TrueFalse" CorrectValue="false"/>On inhale autant d’air sur un vélo qu’au repos.<br/>
         <CheckItem id="o148" TextId="TrueFalse" CorrectValue="false"/>Si vous avez mal au dos, on vous recommande de changer de sport.<br/>
         <CheckItem id="o155" TextId="TrueFalse" CorrectValue="true"/>Entre midi et 21 heures, il vaut mieux circuler en métro.<br/>
         <CheckItem id="o162" TextId="TrueFalse" CorrectValue="true"/>Pour connaître la qualité de l’air, vous pouvez consulter la presse locale.<br/>
         <CheckItem id="o169" TextId="TrueFalse" CorrectValue="true"/>Si le guidon est trop bas, vous risquez d’avoir des problèmes de cou.<br/>
         <CheckItem id="o176" TextId="TrueFalse" CorrectValue="false"/>Le vélo est le seul sport idéal pour combattre le stress.</div>
   </Ex>
   <Ex id="hufex2_l08_b05"
       title="Edouard, Agnès et Nicolas"
       instr="Relisez l’interview et répondez aux questions en utilisant «il y a» ou «il y a... que» / «ça fait que»."
       tech_instr="FILLING_IN SOUND_PLAYBACK">
      <p>
         <a target="_blank"
            href="http://www.langmaster.cz/comcz/French2/l08/b/hufex2_l08_b05.htm">/French2/l08/b/hufex2_l08_b05.htm</a>
         <br/>
         <a target="_blank"
            href="http://www.langmaster.cz/comcz/French2/l08/b/home.htm">
                            cvičení 5</a>
      </p>
      <div>
         <div>
            <MediaDialog Url="/schools/eaimgmp3/french2wma/lesson08/hufex2_l08_b02.mp3"
                         id="E189">
               <SndReplica Name="A" Sequence="0-2"/>
               <SndReplica Name="B" Sequence="3-21"/>
               <SndReplica Name="C" Sequence="22-46"/>
               <SndReplica Name="A" Sequence="47-48"/>
               <SndReplica Name="D" Sequence="49-58"/>
               <SndReplica Name="E" Sequence="59-75"/>
               <SndReplica Name="A" Sequence="76"/>
               <SndReplica Name="F" Sequence="77-95"/>
               <SndReplica Name="A" Sequence="96-"/>
            </MediaDialog>
         </div>
      </div>
      <div>
         <ListGroup IsStriped="true">
            <Noop>
          Quand est-ce qu’Edouard a payé une amende?<br/>
               <GapFill id="g247"
                        CorrectValue="Edouard a payé une amende il y a à peu près six mois."
                        Width="200"/>
            </Noop>
            <Noop>
          Ça fait longtemps qu’Agnès prend son vélo pour aller travailler?<br/>
               <GapFill id="g345"
                        CorrectValue="Ça fait deux ans qu’Agnès prend son vélo pour aller travailler.|Il y a deux ans qu’Agnès prend son vélo pour aller travailler."
                        Width="200"/>
            </Noop>
            <Noop>
          Quand est-ce que Nicolas a eu son VTT?<br/>
               <GapFill id="g450"
                        CorrectValue="Nicolas a eu son VTT il y a trois mois."
                        Width="200"/>
            </Noop>
            <Noop>
          Quand a eu lieu le premier Tour de France? (1903)<br/>
               <GapFill id="g548"
                        CorrectValue="Il y a 96 ans que le premier Tour de France a eu lieu.|Ça fait 96 ans que le premier Tour de France a eu lieu."
                        Width="200"/>
            </Noop>
            <Noop>
          ll y a longtemps que les congés payés existent? (1936)<br/>
               <GapFill id="g653"
                        CorrectValue="Il y a 63 ans que les congés payés existent.|Ça fait 63 ans que les congés payés existent."
                        Width="200"/>
            </Noop>
         </ListGroup>
      </div>
      <div class="row">
         <div class="col-md-4 ">
            <img src="/schools/eaimgmp3/french2/img/coursebook/lesson08/page74/74_unten_links.gif"/>
         </div>
         <div class="col-md-8 ">
            <div class="panel panel-info">
               <div class="panel-heading">
                  <h3>{{Aboxtitle}}</h3>
               </div>
               <div class="panel-body">
                  <p>
Il y a ...que = ça fait ...que
{{Ttrans}}
          </p>
                  <p>
              Il a acheté cette maison <b>IL Y A </b>deux ans.
            <br/>
            = {{Ttrans1}}
          </p>
                  <p>
                     <b>ÇA FAIT </b>un mois que Pierre travaille chez Renault.
            <br/>
            = {{Ttrans2}}
          </p>
               </div>
            </div>
         </div>
      </div>
   </Ex>
   <Ex id="hufex2_l08_b06"
       title="Les prépositions "
       instr="Maintenant vous connaissez des différentes expressions temporelles. Complétez donc cet exercice avec «il y a», «ça fait...que», «depuis», «depuis que.»"
       tech_instr="FILLING_IN_FROM_A_LIST">
      <p>
         <a target="_blank"
            href="http://www.langmaster.cz/comcz/French2/l08/b/hufex2_l08_b06.htm">/French2/l08/b/hufex2_l08_b06.htm</a>
         <br/>
         <a target="_blank"
            href="http://www.langmaster.cz/comcz/French2/l08/b/home.htm">
                            cvičení 6</a>
      </p>
      <DragSource/>
      <div>
         <div>
            <table class="table c-table">
               <tr>
                  <td>
                     <b>{{Ttrans}}</b>
                     <br/>
                     <DragTarget id="g317"
                                 CorrectValue="Ça fait"
                                 InitValue="Ça fait"
                                 Example="true"/> 2 ans <DragTarget id="g321" CorrectValue="que" InitValue="que" Example="true"/> je ne les ai pas vus.
            </td>
               </tr>
            </table>
         </div>
         <table class="table table-bordered c-table">
            <tr>
               <td>
          Il est malade <DragTarget id="g373" CorrectValue="depuis" Width="200"/> une semaine et <DragTarget id="g374" CorrectValue="ça fait" Width="200"/> 2 jours <DragTarget id="g375" CorrectValue="qu’" Width="200"/> il ne mange rien.
        </td>
            </tr>
            <tr>
               <td>
          Tu ne savais pas? Ils sont partis à Grenoble <DragTarget id="g424" CorrectValue="il y a" Width="200"/> 3 ans.
        </td>
            </tr>
            <tr>
               <td>
                  <DragTarget id="g473" CorrectValue="Depuis qu’" Width="200"/> ils ont un bébé, ils ne sortent plus du tout.
        </td>
            </tr>
            <tr>
               <td>
          J’en ai marre! <DragTarget id="g522" CorrectValue="Ça fait" Width="200"/> une demi-heure <DragTarget id="g523" CorrectValue="que" Width="200"/> je t’attends.
        </td>
            </tr>
            <tr>
               <td>
          J’ai passé mon permis de conduire <DragTarget id="g572" CorrectValue="il y a" Width="200"/> un mois.
        </td>
            </tr>
            <tr>
               <td>
          Ils ne se parlent plus <DragTarget id="g621" CorrectValue="depuis" Width="200"/> longtemps.
        </td>
            </tr>
            <tr>
               <td>
          Elle n’arrête pas de pleurer <DragTarget id="g670" CorrectValue="depuis qu’" Width="200"/> il est parti.
        </td>
            </tr>
            <tr>
               <td>
          Les Martin? Je les ai rencontrés <DragTarget id="g719" CorrectValue="il y a" Width="200"/> 10 minutes à peine.
        </td>
            </tr>
            <tr>
               <td>
          Mais à qui est-ce qu’il parle? Il est au téléphone <DragTarget id="g768" CorrectValue="depuis" Width="200"/> au moins trois quarts d’heure!
        </td>
            </tr>
         </table>
      </div>
      <div class="row">
         <div class="col-md-4 ">
            <img src="/schools/eaimgmp3/french2/img/coursebook/lesson08/page74/74_5.gif"/>
         </div>
         <div class="col-md-8 ">
            <div class="panel panel-info">
               <div class="panel-heading">
                  <h3>{{Aboxtitle}}</h3>
               </div>
               <div class="panel-body">
                  <p>
                     <b>depuis</b>
            + {{Ttrans1}}<br/>
                     <b>pendant</b>
            + {{Ttrans2}}
          </p>
                  <p>
            {{Ttrans3}}
          </p>
                  <p>
                     <b>depuis que</b>
            + {{Ttrans4}}<br/>
                     <b>pendant que</b>
            + {{Ttrans5}}
          </p>
               </div>
            </div>
         </div>
      </div>
   </Ex>
   <Ex id="hufex2_l08_b07"
       title="«En» et «dans»"
       instr="Voici d’autres prépositions. Mettez-les à leur place."
       tech_instr="FILLING_IN_FROM_A_LIST">
      <p>
         <a target="_blank"
            href="http://www.langmaster.cz/comcz/French2/l08/b/hufex2_l08_b07.htm">/French2/l08/b/hufex2_l08_b07.htm</a>
         <br/>
         <a target="_blank"
            href="http://www.langmaster.cz/comcz/French2/l08/b/home.htm">
                            cvičení 7</a>
      </p>
      <DragSource/>
      <div class="row">
         <div class="col-md-4 ">
            <img src="/schools/eaimgmp3/french2/img/coursebook/lesson08/page75/75_rechts.gif"/>
         </div>
         <div class="col-md-8 ">
            <table class="table table-bordered c-table">
               <tr>
                  <td>
            Attendez-moi ici! Je reviens <DragTarget id="g198" CorrectValue="dans" Width="200"/> 5 minutes.
          </td>
               </tr>
               <tr>
                  <td>
                     <DragTarget id="g247" CorrectValue="En" Width="200"/> dix ans, on a aménagé beaucoup de pistes cyclables.
          </td>
               </tr>
               <tr>
                  <td>
            Michel est resté 20 ans en Afrique. <DragTarget id="g296" CorrectValue="En" Width="200"/> 20 ans, il a eu le temps de se faire beaucoup d’amis.
          </td>
               </tr>
               <tr>
                  <td>
            Rappelez <DragTarget id="g345" CorrectValue="dans" Width="200"/> deux heures! Le directeur est parti déjeuner.
          </td>
               </tr>
               <tr>
                  <td>
            Il a fait l’aller-retour Paris-Perpignan <DragTarget id="g394" CorrectValue="en" Width="200"/> 24 heures.
          </td>
               </tr>
               <tr>
                  <td>
            Il est très rapide. Il prend une décision <DragTarget id="g443" CorrectValue="en" Width="200"/> quelques secondes seulement.  <DragTarget id="g656" CorrectValue="Dans" Width="200"/> 
          </td>
               </tr>
            </table>
         </div>
      </div>
      <div class="col-md-6">
         <div class="panel panel-info">
            <div class="panel-heading">
               <h3>{{Aboxtitle}}</h3>
            </div>
            <div class="panel-body">
               <p>
          “<b>EN</b>” = {{Ttrans}}:<br/>
          Nous avons tout réparé <b>en</b> une heure.
          = {{Ttrans1}}
        </p>
               <p>
          “<b>DANS</b>” = {{Ttrans2}}:<br/>
                  <b>Dans</b> combien de temps comptez-vous rentrer
          ? = {{Ttrans3}}
        </p>
            </div>
         </div>
      </div>
   </Ex>
   <Ex id="hufex2_l08_b08"
       title="On a vécu au Maroc ..."
       instr="Faites une révision de vos connaissances des prépositions «en», «dans» et «pendant» et complétez cet exercice en suivant le modèle."
       tech_instr="FILLING_IN_FROM_A_LIST">
      <p>
         <a target="_blank"
            href="http://www.langmaster.cz/comcz/French2/l08/b/hufex2_l08_b08.htm">/French2/l08/b/hufex2_l08_b08.htm</a>
         <br/>
         <a target="_blank"
            href="http://www.langmaster.cz/comcz/French2/l08/b/home.htm">
                            cvičení 8</a>
      </p>
      <DragSource/>
      <div>
         <div>
            <table class="table c-table">
               <tr>
                  <td>
                     <b>{{Ttrans}}:</b>
                     <br/>
              On a vécu au Maroc <DragTarget id="g239"
                                 CorrectValue="pendant"
                                 InitValue="pendant"
                                 Example="true"/> 4 ans. <DragTarget id="g243" CorrectValue="En" InitValue="En" Example="true"/> 4 ans, on a eu le temps de se faire beaucoup d’amis. On y retourne <DragTarget id="g247" CorrectValue="dans" InitValue="dans" Example="true"/> 6 mois pour les voir.
            </td>
               </tr>
            </table>
         </div>
         <table class="table table-bordered c-table">
            <tr>
               <td>
          C’est un vrai champion. Il est monté au sommet <DragTarget id="g299" CorrectValue="en" Width="200"/> 3 heures.
        </td>
            </tr>
            <tr>
               <td>
          Les enfants, vous êtes prêts? On part <DragTarget id="g348" CorrectValue="dans" Width="200"/> 5 minutes!
        </td>
            </tr>
            <tr>
               <td>
          Ils se sont rencontrés <DragTarget id="g397" CorrectValue="pendant" Width="200"/> les vacances.
        </td>
            </tr>
            <tr>
               <td>
          Il a eu une maladie grave, mais <DragTarget id="g446" CorrectValue="en" Width="200"/> une semaine, il était de nouveau sur pied.
        </td>
            </tr>
            <tr>
               <td>
          Il n’est pas encore là. Revenez <DragTarget id="g495" CorrectValue="dans" Width="200"/> un quart d’heure.
        </td>
            </tr>
            <tr>
               <td>
          On ne s’est pas vu <DragTarget id="g544" CorrectValue="pendant" Width="200"/> longtemps.
        </td>
            </tr>
            <tr>
               <td>
          Je ne te crois pas. On ne peut pas faire Paris-Bordeaux <DragTarget id="g593" CorrectValue="en" Width="200"/> 2 heures!
        </td>
            </tr>
            <tr>
               <td>
          Tu te rends compte! Elles ont écrit ce livre <DragTarget id="g642" CorrectValue="en" Width="200"/> un an seulement!
        </td>
            </tr>
            <tr>
               <td>
          Courage! <DragTarget id="g691" CorrectValue="Dans" Width="200"/> un mois, c’est les vacances.
        </td>
            </tr>
         </table>
      </div>
      <div class="row">
         <div class="col-md-4 ">
            <img src="/schools/eaimgmp3/french2/img/coursebook/lesson08/page75/75_links.gif"/>
         </div>
         <div class="col-md-8 ">
            <div class="panel panel-info">
               <div class="panel-body">
                  <p>
            {{Ttrans1}}<br/>
            J’y ai pensé <i>pendant</i> toute la journée.
            = {{Ttrans2}}
          </p>
               </div>
            </div>
         </div>
      </div>
   </Ex>
   <Ex id="hufex2_l08_b09"
       title="Encore les prépositions!"
       instr="Reformulez les phrases suivantes d’après l’exemple en utilisant les prépositions données."
       tech_instr="FILLING_IN">
      <p>
         <a target="_blank"
            href="http://www.langmaster.cz/comcz/French2/l08/b/hufex2_l08_b09.htm">/French2/l08/b/hufex2_l08_b09.htm</a>
         <br/>
         <a target="_blank"
            href="http://www.langmaster.cz/comcz/French2/l08/b/home.htm">
                            cvičení 9</a>
      </p>
      <div>
         <img src="/schools/eaimgmp3/french2/img/vocabulary/lesson08/page88/handwerker.gif"/>
      </div>
      <div>
         <div>
            <table class="table c-table">
               <tr>
                  <td>
                     <b>
                {{Ttrans}}:
              </b>
                     <br/>
              Vous avez mis deux ans pour écrire ce livre. (en)<br/>
                     <GapFill id="g283"
                              CorrectValue="Je l’ai écrit en deux ans."
                              InitValue="Je l’ai écrit en deux ans."
                              Example="true"/>
                  </td>
               </tr>
            </table>
         </div>
         <ListGroup IsStriped="true">
            <Noop>
          Vous avez joué au tennis de 14 à 16 heures. (pendant)<br/>
               <GapFill id="g383"
                        CorrectValue="J’ai joué au tennis pendant 2 heures."
                        Width="200"/>
            </Noop>
            <Noop>
          Vous êtes arrivé au café à midi. Il est midi et demie. Votre amie n’est toujours pas là. (depuis)<br/>
               <GapFill id="g1275"
                        CorrectValue="J’attends mon amie depuis une demi-heure.|Je l’attends depuis une demi-heure."
                        Width="200"/>
            </Noop>
            <Noop>
          Votre cousine a trouvé l’homme de sa vie. Elle est enfin heureuse. (depuis que)<br/>
               <GapFill id="g579"
                        CorrectValue="Depuis que ma cousine a trouvé l’homme de sa vie, elle est heureuse."
                        Width="200"/>
            </Noop>
            <Noop>
          Vous avez mis dix minutes pour aller au travail à vélo. (en)<br/>
               <GapFill id="g1278"
                        CorrectValue="Je suis allé au travail à vélo en 10 minutes.|J’y suis allé à vélo en 10 minutes."
                        Width="200"/>
            </Noop>
            <Noop>
          Vous avez arrêté de fumer la semaine dernière. (il y a...que)<br/>
               <GapFill id="g775"
                        CorrectValue="Il y a une semaine que j’ai arrêté de fumer."
                        Width="200"/>
            </Noop>
            <Noop>
          Vous êtes arrivée lundi dernier. Aujourd’hui, c’est jeudi. (il y a)<br/>
               <GapFill id="g873"
                        CorrectValue="Je suis arrivée il y a 3 jours."
                        Width="200"/>
            </Noop>
            <Noop>
          C’est enfin le 31 juillet. Vivent les vacances! Vous partez en Espagne le 4 août. (dans)<br/>
               <GapFill id="g1281"
                        CorrectValue="Je pars en vacances dans 4 jours.|Je pars en Espagne dans 4 jours."
                        Width="200"/>
            </Noop>
            <Noop>
          Vous preniez votre voiture tous les jours. Vous avez acheté un vélo et vous ne prenez plus votre voiture. (depuis que)<br/>
               <GapFill id="g1069"
                        CorrectValue="Depuis que j’ai acheté un vélo, je ne prends plus ma voiture."
                        Width="200"/>
            </Noop>
            <Noop>
          Vous avez mis 3 ans pour apprendre le grec. (en)<br/>
               <GapFill id="g1167" CorrectValue="J’ai appris le grec en 3 ans." Width="200"/>
            </Noop>
         </ListGroup>
      </div>
   </Ex>
</Module>
