﻿<?xml version="1.0" encoding="utf-8"?>
<Page id="hufex2_l04_d04">
  <p>
    <a href="http://www.langmaster.cz/comcz/French2/l04/d/hufex2_l04_d04.htm">/French2/l04/d/hufex2_l04_d04.htm</a>
    <br />
    <a href="http://www.langmaster.cz/comcz/French2/l04/d/home.htm">
                            cvičení 4</a>
  </p>
  <div class="row">
    <div class="col-md-2 ">
      <img src="/schools/eaimgmp3/french2/img/homestudy/lesson04/page130/0508h0001.jpg" />
    </div>
    <div class="col-md-10 ">La «Deuche» fête cette année ses 50 ans d’existence. Son inventeur, Pierre-Jules Boulanger, futur patron de Citroën, imagine un jour une nouvelle voiture adaptée à la vie rurale. Il travaillait alors pour la manufacture Michelin. Ces deux grands noms de l’automobile vont mettre au point en 1948 la plus emblématique des voitures françaises, la 2 CV. Comme il était bloqué dans un embouteillage de charrettes de paysans, Pierre Boulanger a eu l’idée de créer une nouvelle voiture. C’était en 1935. La future 2 CV s’appelait alors la «TPV», le Tout Petit Véhicule! Il devait transporter 2 personnes, 50 kg de pommes de terre, consommer au maximum trois litres aux cent, passer dans tous les chemins sans casser d’œufs et être accessible à une conductrice.<br />Le premier prototype est mis au point en 1937. La 2 CV doit être présentée au public en 1938, mais la guerre menace. C’est en 1948 que le grand public va enfin découvrir la 2 CV au Salon de l’automobile. «Un tas de tôle» se moque alors un ministre. Pourtant, plus de 100 000 2 CV sont construites en 1957. La 2 CV devient alors la voiture des paysans, des infirmières, des enseignants et des curés de campagne. Lorsque sa fabrication s’arrête en 1990, près de sept millions d’exemplaires ont été produits. Pierre Boulanger, mort dans un accident de voiture en 1950, ne savait pas que sa création allait devenir un mythe. Il faut aujourd’hui entre 6000 et 15 000 F pour s’offrir une «deux pattes». Mais la rareté ou l’ancienneté de la voiture peuvent très vite faire monter les prix. Ainsi, le modèle Sahara, qui a deux moteurs, coûte entre 50 000 et 100 000 F!<br /><i>(D’après la Revue de la Presse, juillet 1998)</i></div>
  </div>
  <div>
    <table class="table table-bordered c-table">
      <tr>
        <td>
          <b>{{Tb}}</b>
          <br />En 1935: Pierre Boulanger a eu l’idée de créer une nouvelle voiture.
        </td>
      </tr>
      <tr>
        <td>
          1937: <GapFill id="g292" Width="200" CorrectValue="Le premier prototype est créé." InitValue="" /> 
        </td>
      </tr>
      <tr>
        <td>
          1938: A cause de la guerre, <GapFill id="g341" Width="200" CorrectValue="la 2 CV n’est pas présentée au public." InitValue="" /></td>
      </tr>
      <tr>
        <td>
          1948: <GapFill id="g390" Width="200" CorrectValue="Présentation de la 2 CV au Salon de l’automobile." InitValue="" /></td>
      </tr>
      <tr>
        <td>
          1950: <GapFill id="g439" Width="200" CorrectValue="Pierre Boulanger meurt dans un accident de voiture." InitValue="" /></td>
      </tr>
      <tr>
        <td>
          1957: C’est un grand succès. <GapFill id="g488" Width="200" CorrectValue="Plus de 100 000 voitures sont construites." InitValue="" /></td>
      </tr>
      <tr>
        <td>
          1990: <GapFill id="g537" Width="200" CorrectValue="Arrêt de la fabrication des 2 CV." InitValue="" /></td>
      </tr>
      <tr>
        <td>
          1998: <GapFill id="g586" Width="200" CorrectValue="La 2 CV fête ses 50 ans d’existence." InitValue="" /></td>
      </tr>
    </table>
  </div>
  <info title="Faites le CV de la 2 CV!" instrTitle="Faites le CV (curriculum vitae) de Pierre-Jules Boulanger! Lisez le texte et complétez à l’aide des informations dans le texte selon l’exemple." instrs="FILLING_IN" />
</Page>