﻿<?xml version="1.0" encoding="utf-8"?>
<Page id="hufex2_l04_d05">
  <p>
    <a href="http://www.langmaster.cz/comcz/French2/l04/d/hufex2_l04_d05.htm">/French2/l04/d/hufex2_l04_d05.htm</a>
    <br />
    <a href="http://www.langmaster.cz/comcz/French2/l04/d/home.htm">
                            cvičení 5</a>
  </p>
  <div>
    <img src="/schools/eaimgmp3/french2/img/homestudy/lesson04/page131/c889h0008.jpg" />
  </div>
  <div>La «Deuche» fête cette année ses 50 ans d’existence. Son inventeur, Pierre-Jules Boulanger, futur patron de Citroën, imagine un jour une nouvelle voiture adaptée à la vie rurale. Il travaillait alors pour la manufacture Michelin. Ces deux grands noms de l’automobile vont mettre au point en 1948 la plus emblématique des voitures françaises, la 2 CV. Comme il était bloqué dans un embouteillage de charrettes de paysans, Pierre Boulanger a eu l’idée de créer une nouvelle voiture. C’était en 1935. La future 2 CV s’appelait alors la «TPV», le Tout Petit Véhicule! Il devait transporter 2 personnes, 50 kg de pommes de terre, consommer au maximum trois litres aux cent, passer dans tous les chemins sans casser d’œufs et être accessible à une conductrice.<br />Le premier prototype est mis au point en 1937. La 2 CV doit être présentée au public en 1938, mais la guerre menace. C’est en 1948 que le grand public va enfin découvrir la 2 CV au Salon de l’automobile. «Un tas de tôle» se moque alors un ministre. Pourtant, plus de 100 000 2 CV sont construites en 1957. La 2 CV devient alors la voiture des paysans, des infirmières, des enseignants et des curés de campagne. Lorsque sa fabrication s’arrête en 1990, près de sept millions d’exemplaires ont été produits. Pierre Boulanger, mort dans un accident de voiture en 1950, ne savait pas que sa création allait devenir un mythe. Il faut aujourd’hui entre 6000 et 15 000 F pour s’offrir une «deux pattes». Mais la rareté ou l’ancienneté de la voiture peuvent très vite faire monter les prix. Ainsi, le modèle Sahara, qui a deux moteurs, coûte entre 50 000 et 100 000 F!<br /><i>(D’après la Revue de la Presse, juillet 1998)</i></div>
  <div>
    <table class="table table-bordered c-table">
      <tr>
        <td>
          la 2 CV: «<GapFill id="g201" Width="200" CorrectValue="la Deuche|la deux pattes" InitValue="" />»
        </td>
      </tr>
      <tr>
        <td>
          la vie à la campagne: <GapFill id="g252" Width="200" CorrectValue="la vie rurale" InitValue="" /></td>
      </tr>
      <tr>
        <td>
          réaliser quelque chose: <GapFill id="g301" Width="200" CorrectValue="créer|mettre au point" InitValue="" /></td>
      </tr>
      <tr>
        <td>
          symbolique: <GapFill id="g352" Width="200" CorrectValue="emblématique" InitValue="" /></td>
      </tr>
      <tr>
        <td>
          grand nombre de voitures qui bloquent le trafic: <GapFill id="g401" Width="200" CorrectValue="un embouteillage" InitValue="" /></td>
      </tr>
      <tr>
        <td>
          personne qui vit à la campagne: <GapFill id="g450" Width="200" CorrectValue="un paysan" InitValue="" /></td>
      </tr>
      <tr>
        <td>
          facile à conduire pour une femme: <GapFill id="g499" Width="200" CorrectValue="accessible à une conductrice" InitValue="" /></td>
      </tr>
      <tr>
        <td>
          la guerre risque de se produire: <GapFill id="g548" Width="200" CorrectValue="la guerre menace" InitValue="" /></td>
      </tr>
    </table>
  </div>
  <info title="Cherchez les mots!" instrTitle="Cherchez dans le texte des expressions équivalentes." instrs="FILLING_IN" />
</Page>