﻿<?xml version="1.0" encoding="utf-8"?>
<Module title="Chapitre D">
   <Ex id="hufex2_l04_d01"
       title="C’était hier ..."
       instr="Ecoutez l’enregistrement et retrouvez les éléments évoqués dans le texte. Puis écrivez les noms des objets sous les images."
       tech_instr="FILLING_IN SOUND_PLAYBACK">
      <p>
         <a target="_blank"
            href="http://www.langmaster.cz/comcz/French2/l04/d/hufex2_l04_d01.htm">/French2/l04/d/hufex2_l04_d01.htm</a>
         <br/>
         <a target="_blank"
            href="http://www.langmaster.cz/comcz/French2/l04/d/home.htm">
                            cvičení 1</a>
      </p>
      <div class="row">
         <div class="col-md-1 ">
            <MediaBigMark Url="/schools/eaimgmp3/french2wma/lesson04/hufex2_l04_d01.mp3"
                          Sequence=""/>
         </div>
         <div class="col-md-11 ">
            <table class="table c-table">
               <tr>
                  <td class=" middle">
                     <img src="/schools/eaimgmp3/french2/img/coursebook/lesson04/page38/1549h0077.jpg"/>
                  </td>
                  <td class=" middle">
                     <img src="/schools/eaimgmp3/french2/img/coursebook/lesson04/page38/thefridge.gif"/>
                  </td>
                  <td class=" middle">
                     <img src="/schools/eaimgmp3/french2/img/coursebook/lesson04/page38/04_038_01b.jpg"/>
                  </td>
                  <td class=" middle">
                     <img src="/schools/eaimgmp3/french2/img/coursebook/lesson04/page38/c061h0091.jpg"/>
                  </td>
               </tr>
               <tr>
                  <td class=" middle">
                     <GapFill id="g183" CorrectValue="l’eau courante" Width="200"/>
                  </td>
                  <td class=" middle">
                     <GapFill id="g185" CorrectValue="le réfrigérateur" Width="200"/>
                  </td>
                  <td class=" middle">
                     <GapFill id="g187" CorrectValue="les collants DIM" Width="200"/>
                  </td>
                  <td class=" middle">
                     <GapFill id="g189" CorrectValue="les skis en bois" Width="200"/>
                  </td>
               </tr>
            </table>
         </div>
      </div>
   </Ex>
   <Ex id="hufex2_l04_d02"
       title="Les statistiques"
       instr="Lisez les statistiques suivantes et comparez avec votre pays. Comprenez-vous tous les mots? Traduisez donc les mots donnés."
       tech_instr="FILLING_IN">
      <p>
         <a target="_blank"
            href="http://www.langmaster.cz/comcz/French2/l04/d/hufex2_l04_d02.htm">/French2/l04/d/hufex2_l04_d02.htm</a>
         <br/>
         <a target="_blank"
            href="http://www.langmaster.cz/comcz/French2/l04/d/home.htm">
                            cvičení 2</a>
      </p>
      <div class="row">
         <div class="col-md-2 ">
            <img src="/schools/eaimgmp3/french2/img/coursebook/lesson04/page38/lednice.gif"/>
         </div>
         <div class="col-md-10 ">
            <ListGroup IsStriped="true">
               <Noop>
            {{Ttrans}}
            <br/>
                  <GapFill id="g398" CorrectValue="l’eau courante" Width="200"/>
               </Noop>
               <Noop>
            {{Ttrans1}}
            <br/>
                  <GapFill id="g498" CorrectValue="le lave-linge" Width="200"/>
               </Noop>
               <Noop>
            {{Ttrans2}}
            <br/>
                  <GapFill id="g598" CorrectValue=" le réfrigérateur" Width="200"/>
               </Noop>
               <Noop>
            {{Ttrans3}}
            <br/>
                  <GapFill id="g698" CorrectValue="le lave-vaisselle" Width="200"/>
               </Noop>
               <Noop>
            {{Ttrans4}}
            <br/>
                  <GapFill id="g798" CorrectValue="la salle de bains" Width="200"/>
               </Noop>
            </ListGroup>
         </div>
      </div>
      <div>
         <table class="table c-table">
            <tr>
               <td class=" middle">
                  <b>le confort</b>
               </td>
               <td class=" middle">
                  <b>1962</b>
               </td>
               <td class=" middle">
                  <b>1975</b>
               </td>
               <td class=" middle">
                  <b>1982</b>
               </td>
               <td class=" middle">
                  <b>1991</b>
               </td>
            </tr>
            <tr>
               <td class=" middle"> </td>
               <td class=" middle"> </td>
               <td class=" middle"> </td>
               <td class=" middle"> </td>
               <td class=" middle"> </td>
            </tr>
            <tr>
               <td class=" middle">W.C. intérieur</td>
               <td class=" middle">41 %</td>
               <td class=" middle">74 %</td>
               <td class=" middle">85 %</td>
               <td class=" middle">93,5 %</td>
            </tr>
            <tr>
               <td class=" middle">Eau courante</td>
               <td class=" middle">79 %</td>
               <td class=" middle">97 %</td>
               <td class=" middle">99 %</td>
               <td class=" middle">99,9 %</td>
            </tr>
            <tr>
               <td class=" middle">Salle de bains</td>
               <td class=" middle">30 %</td>
               <td class=" middle">70 %</td>
               <td class=" middle">85 %</td>
               <td class=" middle">93,4 %</td>
            </tr>
            <tr>
               <td class=" middle">Téléphone</td>
               <td class=" middle">9,3 %</td>
               <td class=" middle">18,2 %</td>
               <td class=" middle">79,5 %</td>
               <td class=" middle">97 %</td>
            </tr>
            <tr>
               <td class=" middle">Lave-linge</td>
               <td class=" middle">30 %</td>
               <td class=" middle">63,8 %</td>
               <td class=" middle">81,7 %</td>
               <td class=" middle">88 %</td>
            </tr>
            <tr>
               <td class=" middle">Lave-vaisselle</td>
               <td class=" middle">2,4 %</td>
               <td class=" middle">4,4 %</td>
               <td class=" middle">19,7 %</td>
               <td class=" middle">30 %</td>
            </tr>
            <tr>
               <td class=" middle">Congélateur</td>
               <td class=" middle">0 %</td>
               <td class=" middle">7,4 %</td>
               <td class=" middle">30,7 %</td>
               <td class=" middle">42 %</td>
            </tr>
            <tr>
               <td class=" middle">Réfrigérateur</td>
               <td class=" middle">36 %</td>
               <td class=" middle">85 %</td>
               <td class=" middle">96 %</td>
               <td class=" middle">98 %</td>
            </tr>
            <tr>
               <td class=" middle">
                  <i>(L'Express, n° 2126, 10 avril 1992)</i>
               </td>
               <td class=" middle"/>
               <td class=" middle"/>
               <td class=" middle"/>
               <td class=" middle"/>
            </tr>
         </table>
      </div>
   </Ex>
   <Ex id="hufex2_l04_d03"
       title="Bon anniversaire! "
       instr="Bon anniversaire! La CV souffle ses 50 bougies. Lisez le texte et marquez les affirmations vraies."
       tech_instr="MULTIPLE_CHOICE_TWO_STATES">
      <p>
         <a target="_blank"
            href="http://www.langmaster.cz/comcz/French2/l04/d/hufex2_l04_d03.htm">/French2/l04/d/hufex2_l04_d03.htm</a>
         <br/>
         <a target="_blank"
            href="http://www.langmaster.cz/comcz/French2/l04/d/home.htm">
                            cvičení 3</a>
      </p>
      <div>
        La «Deuche» fête cette année ses 50 ans d’existence. Son inventeur, Pierre-Jules Boulanger, futur patron de Citroën, imagine un jour une nouvelle voiture adaptée à la vie rurale. Il travaillait alors pour la manufacture Michelin. Ces deux grands noms de l’automobile vont mettre au point en 1948 la plus emblématique des voitures françaises, la 2 CV. Comme il était bloqué dans un embouteillage de charrettes de paysans, Pierre Boulanger a eu l’idée de créer une nouvelle voiture. C’était en 1935. La future 2 CV s’appelait alors la «TPV», le Tout Petit Véhicule! Il devait transporter 2 personnes, 50 kg de pommes de terre, consommer au maximum trois litres aux cent, passer dans tous les chemins sans casser d’œufs et être accessible à une conductrice.<br/>Le premier prototype est mis au point en 1937. La 2 CV doit être présentée au public en 1938, mais la guerre menace. C’est en 1948 que le grand public va enfin découvrir la 2 CV au Salon de l’automobile. «Un tas de tôle» se moque alors un ministre. Pourtant, plus de 100 000 2 CV sont construites en 1957. La 2 CV devient alors la voiture des paysans, des infirmières, des enseignants et des curés de campagne. Lorsque sa fabrication s’arrête en 1990, près de sept millions d’exemplaires ont été produits. Pierre Boulanger, mort dans un accident de voiture en 1950, ne savait pas que sa création allait devenir un mythe. Il faut aujourd’hui entre 6000 et 15 000 F pour s’offrir une «deux pattes». Mais la rareté ou l’ancienneté de la voiture peuvent très vite faire monter les prix. Ainsi, le modèle Sahara, qui a deux moteurs, coûte entre 50 000 et 100 000 F!<br/>
         <i>(D’après la Revue de la Presse, juillet 1998)</i>
      </div>
      <div class="row">
         <div class="col-md-4 ">
            <img src="/schools/eaimgmp3/french2/img/homestudy/lesson04/page130/118_12.gif"/>
         </div>
         <div class="col-md-8 ">
            <CheckItem id="o106" TextId="TrueFalse" CorrectValue="true"/>La 2 CV existe depuis 1948.<br/>
            <CheckItem id="o113" TextId="TrueFalse" CorrectValue="false"/>Son inventeur était le patron de la manufacture Michelin.<br/>
            <CheckItem id="o120" TextId="TrueFalse" CorrectValue="true"/>La 2 CV devait consommer peu d’essence et être facile à conduire.<br/>
            <CheckItem id="o127" TextId="TrueFalse" CorrectValue="false"/>Les Français vont voir la 2 CV pour la première fois pendant la guerre.<br/>
            <CheckItem id="o134" TextId="TrueFalse" CorrectValue="false"/>Après la mort de Pierre Boulanger, on n’a plus construit de 2 CV.<br/>
            <CheckItem id="o141" TextId="TrueFalse" CorrectValue="true"/>Une 2 CV peut coûter très cher.</div>
      </div>
   </Ex>
   <Ex id="hufex2_l04_d04"
       title="Faites le CV de la 2 CV!"
       instr="Faites le CV (curriculum vitae) de Pierre-Jules Boulanger! Lisez le texte et complétez à l’aide des informations dans le texte selon l’exemple."
       tech_instr="FILLING_IN">
      <p>
         <a target="_blank"
            href="http://www.langmaster.cz/comcz/French2/l04/d/hufex2_l04_d04.htm">/French2/l04/d/hufex2_l04_d04.htm</a>
         <br/>
         <a target="_blank"
            href="http://www.langmaster.cz/comcz/French2/l04/d/home.htm">
                            cvičení 4</a>
      </p>
      <div class="row">
         <div class="col-md-2 ">
            <img src="/schools/eaimgmp3/french2/img/homestudy/lesson04/page130/0508h0001.jpg"/>
         </div>
         <div class="col-md-10 ">La «Deuche» fête cette année ses 50 ans d’existence. Son inventeur, Pierre-Jules Boulanger, futur patron de Citroën, imagine un jour une nouvelle voiture adaptée à la vie rurale. Il travaillait alors pour la manufacture Michelin. Ces deux grands noms de l’automobile vont mettre au point en 1948 la plus emblématique des voitures françaises, la 2 CV. Comme il était bloqué dans un embouteillage de charrettes de paysans, Pierre Boulanger a eu l’idée de créer une nouvelle voiture. C’était en 1935. La future 2 CV s’appelait alors la «TPV», le Tout Petit Véhicule! Il devait transporter 2 personnes, 50 kg de pommes de terre, consommer au maximum trois litres aux cent, passer dans tous les chemins sans casser d’œufs et être accessible à une conductrice.<br/>Le premier prototype est mis au point en 1937. La 2 CV doit être présentée au public en 1938, mais la guerre menace. C’est en 1948 que le grand public va enfin découvrir la 2 CV au Salon de l’automobile. «Un tas de tôle» se moque alors un ministre. Pourtant, plus de 100 000 2 CV sont construites en 1957. La 2 CV devient alors la voiture des paysans, des infirmières, des enseignants et des curés de campagne. Lorsque sa fabrication s’arrête en 1990, près de sept millions d’exemplaires ont été produits. Pierre Boulanger, mort dans un accident de voiture en 1950, ne savait pas que sa création allait devenir un mythe. Il faut aujourd’hui entre 6000 et 15 000 F pour s’offrir une «deux pattes». Mais la rareté ou l’ancienneté de la voiture peuvent très vite faire monter les prix. Ainsi, le modèle Sahara, qui a deux moteurs, coûte entre 50 000 et 100 000 F!<br/>
            <i>(D’après la Revue de la Presse, juillet 1998)</i>
         </div>
      </div>
      <div>
         <table class="table table-bordered c-table">
            <tr>
               <td>
                  <b>{{Tb}}</b>
                  <br/>En 1935: Pierre Boulanger a eu l’idée de créer une nouvelle voiture.
        </td>
            </tr>
            <tr>
               <td>
          1937: <GapFill id="g292" CorrectValue="Le premier prototype est créé." Width="200"/> 
        </td>
            </tr>
            <tr>
               <td>
          1938: A cause de la guerre, <GapFill id="g341"
                           CorrectValue="la 2 CV n’est pas présentée au public."
                           Width="200"/>
               </td>
            </tr>
            <tr>
               <td>
          1948: <GapFill id="g390"
                           CorrectValue="Présentation de la 2 CV au Salon de l’automobile."
                           Width="200"/>
               </td>
            </tr>
            <tr>
               <td>
          1950: <GapFill id="g439"
                           CorrectValue="Pierre Boulanger meurt dans un accident de voiture."
                           Width="200"/>
               </td>
            </tr>
            <tr>
               <td>
          1957: C’est un grand succès. <GapFill id="g488"
                           CorrectValue="Plus de 100 000 voitures sont construites."
                           Width="200"/>
               </td>
            </tr>
            <tr>
               <td>
          1990: <GapFill id="g537"
                           CorrectValue="Arrêt de la fabrication des 2 CV."
                           Width="200"/>
               </td>
            </tr>
            <tr>
               <td>
          1998: <GapFill id="g586"
                           CorrectValue="La 2 CV fête ses 50 ans d’existence."
                           Width="200"/>
               </td>
            </tr>
         </table>
      </div>
   </Ex>
   <Ex id="hufex2_l04_d05"
       title="Cherchez les mots!"
       instr="Cherchez dans le texte des expressions équivalentes."
       tech_instr="FILLING_IN">
      <p>
         <a target="_blank"
            href="http://www.langmaster.cz/comcz/French2/l04/d/hufex2_l04_d05.htm">/French2/l04/d/hufex2_l04_d05.htm</a>
         <br/>
         <a target="_blank"
            href="http://www.langmaster.cz/comcz/French2/l04/d/home.htm">
                            cvičení 5</a>
      </p>
      <div>
         <img src="/schools/eaimgmp3/french2/img/homestudy/lesson04/page131/c889h0008.jpg"/>
      </div>
      <div>La «Deuche» fête cette année ses 50 ans d’existence. Son inventeur, Pierre-Jules Boulanger, futur patron de Citroën, imagine un jour une nouvelle voiture adaptée à la vie rurale. Il travaillait alors pour la manufacture Michelin. Ces deux grands noms de l’automobile vont mettre au point en 1948 la plus emblématique des voitures françaises, la 2 CV. Comme il était bloqué dans un embouteillage de charrettes de paysans, Pierre Boulanger a eu l’idée de créer une nouvelle voiture. C’était en 1935. La future 2 CV s’appelait alors la «TPV», le Tout Petit Véhicule! Il devait transporter 2 personnes, 50 kg de pommes de terre, consommer au maximum trois litres aux cent, passer dans tous les chemins sans casser d’œufs et être accessible à une conductrice.<br/>Le premier prototype est mis au point en 1937. La 2 CV doit être présentée au public en 1938, mais la guerre menace. C’est en 1948 que le grand public va enfin découvrir la 2 CV au Salon de l’automobile. «Un tas de tôle» se moque alors un ministre. Pourtant, plus de 100 000 2 CV sont construites en 1957. La 2 CV devient alors la voiture des paysans, des infirmières, des enseignants et des curés de campagne. Lorsque sa fabrication s’arrête en 1990, près de sept millions d’exemplaires ont été produits. Pierre Boulanger, mort dans un accident de voiture en 1950, ne savait pas que sa création allait devenir un mythe. Il faut aujourd’hui entre 6000 et 15 000 F pour s’offrir une «deux pattes». Mais la rareté ou l’ancienneté de la voiture peuvent très vite faire monter les prix. Ainsi, le modèle Sahara, qui a deux moteurs, coûte entre 50 000 et 100 000 F!<br/>
         <i>(D’après la Revue de la Presse, juillet 1998)</i>
      </div>
      <div>
         <table class="table table-bordered c-table">
            <tr>
               <td>
          la 2 CV: «<GapFill id="g201" CorrectValue="la Deuche|la deux pattes" Width="200"/>»
        </td>
            </tr>
            <tr>
               <td>
          la vie à la campagne: <GapFill id="g252" CorrectValue="la vie rurale" Width="200"/>
               </td>
            </tr>
            <tr>
               <td>
          réaliser quelque chose: <GapFill id="g301" CorrectValue="créer|mettre au point" Width="200"/>
               </td>
            </tr>
            <tr>
               <td>
          symbolique: <GapFill id="g352" CorrectValue="emblématique" Width="200"/>
               </td>
            </tr>
            <tr>
               <td>
          grand nombre de voitures qui bloquent le trafic: <GapFill id="g401" CorrectValue="un embouteillage" Width="200"/>
               </td>
            </tr>
            <tr>
               <td>
          personne qui vit à la campagne: <GapFill id="g450" CorrectValue="un paysan" Width="200"/>
               </td>
            </tr>
            <tr>
               <td>
          facile à conduire pour une femme: <GapFill id="g499" CorrectValue="accessible à une conductrice" Width="200"/>
               </td>
            </tr>
            <tr>
               <td>
          la guerre risque de se produire: <GapFill id="g548" CorrectValue="la guerre menace" Width="200"/>
               </td>
            </tr>
         </table>
      </div>
   </Ex>
   <Ex id="hufex2_l04_d06"
       title="Familles de mots"
       instr="Cherchez dans le texte des substantifs de la même famille que les mots suivants:"
       tech_instr="FILLING_IN">
      <p>
         <a target="_blank"
            href="http://www.langmaster.cz/comcz/French2/l04/d/hufex2_l04_d06.htm">/French2/l04/d/hufex2_l04_d06.htm</a>
         <br/>
         <a target="_blank"
            href="http://www.langmaster.cz/comcz/French2/l04/d/home.htm">
                            cvičení 6</a>
      </p>
      <div>
        La «Deuche» fête cette année ses 50 ans d’existence. Son inventeur, Pierre-Jules Boulanger, futur patron de Citroën, imagine un jour une nouvelle voiture adaptée à la vie rurale. Il travaillait alors pour la manufacture Michelin. Ces deux grands noms de l’automobile vont mettre au point en 1948 la plus emblématique des voitures françaises, la 2 CV. Comme il était bloqué dans un embouteillage de charrettes de paysans, Pierre Boulanger a eu l’idée de créer une nouvelle voiture. C’était en 1935. La future 2 CV s’appelait alors la «TPV», le Tout Petit Véhicule! Il devait transporter 2 personnes, 50 kg de pommes de terre, consommer au maximum trois litres aux cent, passer dans tous les chemins sans casser d’œufs et être accessible à une conductrice.<br/>Le premier prototype est mis au point en 1937. La 2 CV doit être présentée au public en 1938, mais la guerre menace. C’est en 1948 que le grand public va enfin découvrir la 2 CV au Salon de l’automobile. «Un tas de tôle» se moque alors un ministre. Pourtant, plus de 100 000 2 CV sont construites en 1957. La 2 CV devient alors la voiture des paysans, des infirmières, des enseignants et des curés de campagne. Lorsque sa fabrication s’arrête en 1990, près de sept millions d’exemplaires ont été produits. Pierre Boulanger, mort dans un accident de voiture en 1950, ne savait pas que sa création allait devenir un mythe. Il faut aujourd’hui entre 6000 et 15 000 F pour s’offrir une «deux pattes». Mais la rareté ou l’ancienneté de la voiture peuvent très vite faire monter les prix. Ainsi, le modèle Sahara, qui a deux moteurs, coûte entre 50 000 et 100 000 F!<br/>
         <i>(D’après la Revue de la Presse, juillet 1998)</i>
      </div>
      <div class="row">
         <div class="col-md-3 ">
            <img src="/schools/eaimgmp3/french2/img/homestudy/lesson04/page130/0199h0092.jpg"/>
         </div>
         <div class="col-md-9 ">
            <table class="table table-bordered c-table">
               <tr>
                  <td>
            exister: <GapFill id="g201" CorrectValue="l’existence" Width="200"/>
                  </td>
               </tr>
               <tr>
                  <td>
            créer: <GapFill id="g250" CorrectValue="la création" Width="200"/>
                  </td>
               </tr>
               <tr>
                  <td>
            inventer: <GapFill id="g299" CorrectValue="un inventeur" Width="200"/>
                  </td>
               </tr>
               <tr>
                  <td>
            rare: <GapFill id="g348" CorrectValue="la rareté" Width="200"/>
                  </td>
               </tr>
               <tr>
                  <td>
            conduire: <GapFill id="g397" CorrectValue="une conductrice" Width="200"/>
                  </td>
               </tr>
               <tr>
                  <td>
            ancien: <GapFill id="g446" CorrectValue="l’ancienneté" Width="200"/>
                  </td>
               </tr>
               <tr>
                  <td>
            fabriquer: <GapFill id="g495" CorrectValue="la fabrication" Width="200"/>
                  </td>
               </tr>
            </table>
         </div>
      </div>
   </Ex>
   <Ex id="hufex2_l04_d07"
       title="Test"
       instr="Qu’exprimez-vous à travers vos vêtements? Découvrez votre style. Répondez sincèrement aux questions et ne cochez qu’une réponse par question."
       tech_instr="SINGLE_CHOICE">
      <p>
         <a target="_blank"
            href="http://www.langmaster.cz/comcz/French2/l04/d/hufex2_l04_d07.htm">/French2/l04/d/hufex2_l04_d07.htm</a>
         <br/>
         <a target="_blank"
            href="http://www.langmaster.cz/comcz/French2/l04/d/home.htm">
                            cvičení 7</a>
      </p>
      <div>
         <img src="/schools/eaimgmp3/french2/img/homestudy/lesson04/page131/1434h0003.jpg"/>
      </div>
      <div>
         <table class="table c-table">
            <tr>
               <td class=" middle">
                  <b>1. Plaire, c’est pour vous…</b>
                  <br/>
                  <CheckItem id="C1" TextId="TrueFalse" CorrectValue="false">quelque chose de compliqué.</CheckItem>
                  <br/>
                  <CheckItem id="C2" TextId="TrueFalse" CorrectValue="false">un détail important.</CheckItem>
                  <br/>
                  <CheckItem id="C3" TextId="TrueFalse" CorrectValue="false">un besoin.</CheckItem>
                  <br/>
                  <CheckItem id="C4" TextId="TrueFalse" CorrectValue="false">un devoir.</CheckItem>
               </td>
               <td class=" middle">
                  <b>2. Etre bien habillé signifie pour vous:</b>
                  <br/>
                  <CheckItem id="C5" TextId="TrueFalse" CorrectValue="false">être chic et simple.</CheckItem>
                  <br/>
                  <CheckItem id="C6" TextId="TrueFalse" CorrectValue="false">s’habiller comme les copains.</CheckItem>
                  <br/>
                  <CheckItem id="C7" TextId="TrueFalse" CorrectValue="false">charmer.</CheckItem>
                  <br/>
                  <CheckItem id="C8" TextId="TrueFalse" CorrectValue="false">se compliquer la vie.</CheckItem>
               </td>
            </tr>
            <tr>
               <td class=" middle">
                  <b>3. Vous achetez des vêtements…</b>
                  <br/>
                  <CheckItem id="h1" TextId="TrueFalse" CorrectValue="false">très souvent.</CheckItem>
                  <br/>
                  <CheckItem id="h2" TextId="TrueFalse" CorrectValue="false">rarement.</CheckItem>
                  <br/>
                  <CheckItem id="h3" TextId="TrueFalse" CorrectValue="false">quand c’est nécessaire.</CheckItem>
                  <br/>
                  <CheckItem id="h4" TextId="TrueFalse" CorrectValue="false">régulièrement.</CheckItem>
               </td>
               <td class=" middle">
                  <b>4. Vous détestez le plus porter…</b>
                  <br/>
                  <CheckItem id="b1" TextId="TrueFalse" CorrectValue="false">des vêtements sexy.</CheckItem>
                  <br/>
                  <CheckItem id="b2" TextId="TrueFalse" CorrectValue="false">des couleurs vives.</CheckItem>
                  <br/>
                  <CheckItem id="b3" TextId="TrueFalse" CorrectValue="false">des vêtements folkloriques.</CheckItem>
                  <br/>
                  <CheckItem id="b4" TextId="TrueFalse" CorrectValue="false">des joggings.</CheckItem>
               </td>
            </tr>
            <tr>
               <td class=" middle">
                  <b>5. Quand vous faites du shopping,</b>
                  <br/>
                  <CheckItem id="n1" TextId="TrueFalse" CorrectValue="false">vous n’entrez pas dans les boutiques qui ne correspondent pas à votre style.</CheckItem>
                  <br/>
                  <CheckItem id="n2" TextId="TrueFalse" CorrectValue="false">vous vous dépêchez.</CheckItem>
                  <br/>
                  <CheckItem id="n3" TextId="TrueFalse" CorrectValue="false">vous essayez toute la boutique.</CheckItem>
                  <br/>
                  <CheckItem id="n4" TextId="TrueFalse" CorrectValue="false">vous achetez toujours le même style de vêtements.</CheckItem>
               </td>
               <td class=" middle">
                  <b>6. Vous détestez être…</b>
                  <br/>
                  <CheckItem id="q1" TextId="TrueFalse" CorrectValue="false">vulgaire.</CheckItem>
                  <br/>
                  <CheckItem id="q2" TextId="TrueFalse" CorrectValue="false">excentrique.</CheckItem>
                  <br/>
                  <CheckItem id="q3" TextId="TrueFalse" CorrectValue="false">démodé(e).</CheckItem>
                  <br/>
                  <CheckItem id="q4" TextId="TrueFalse" CorrectValue="false">banal(e).</CheckItem>
               </td>
            </tr>
            <tr>
               <td class=" middle">
                  <b>7. Les vêtements des autres…</b>
                  <br/>
                  <CheckItem id="v1" TextId="TrueFalse" CorrectValue="false">ne vous intéressent pas.</CheckItem>
                  <br/>
                  <CheckItem id="v2" TextId="TrueFalse" CorrectValue="false">vous les comparez à vos vêtements.</CheckItem>
                  <br/>
                  <CheckItem id="v3" TextId="TrueFalse" CorrectValue="false">vous informent sur leur caractère.</CheckItem>
                  <br/>
                  <CheckItem id="v4" TextId="TrueFalse" CorrectValue="false">vous permettent de savoir à qui vous avez affaire. (statut, style de vie)</CheckItem>
               </td>
               <td class=" middle">
                  <b>8. Vous voulez que vos vêtements…</b>
                  <br/>
                  <CheckItem id="r1" TextId="TrueFalse" CorrectValue="false">n’attirent pas l’attention.</CheckItem>
                  <br/>
                  <CheckItem id="r2" TextId="TrueFalse" CorrectValue="false">conviennent en toutes circonstances.</CheckItem>
                  <br/>
                  <CheckItem id="r3" TextId="TrueFalse" CorrectValue="false">attirent les regards.</CheckItem>
                  <br/>
                  <CheckItem id="r4" TextId="TrueFalse" CorrectValue="false">montrent qui vous êtes.</CheckItem>
               </td>
            </tr>
            <tr>
               <td class=" middle">
                  <b>9. Avec vos vêtements, vous voulez exprimer…</b>
                  <br/>
                  <CheckItem id="g1" TextId="TrueFalse" CorrectValue="false">votre personnalité.</CheckItem>
                  <br/>
                  <CheckItem id="g2" TextId="TrueFalse" CorrectValue="false">votre sensualité.</CheckItem>
                  <br/>
                  <CheckItem id="g3" TextId="TrueFalse" CorrectValue="false">votre bon goût.</CheckItem>
                  <br/>
                  <CheckItem id="g4" TextId="TrueFalse" CorrectValue="false">le minimum.</CheckItem>
               </td>
               <td class=" middle">
                  <b>10. Quand quelqu’un critique vos vêtements,</b>
                  <br/>
                  <CheckItem id="f1" TextId="TrueFalse" CorrectValue="false">vous le prenez pour un ringard.</CheckItem>
                  <br/>
                  <CheckItem id="f2" TextId="TrueFalse" CorrectValue="false">vous réagissez mal.</CheckItem>
                  <br/>
                  <CheckItem id="f3" TextId="TrueFalse" CorrectValue="false">vous ne remettez plus ces vêtements.</CheckItem>
                  <br/>
                  <CheckItem id="f4" TextId="TrueFalse" CorrectValue="false">cela vous est égal.</CheckItem>
               </td>
            </tr>
            <tr>
               <td class=" middle">
                  <b>11. En général, vous vous habillez le matin…</b>
                  <br/>
                  <CheckItem id="e1" TextId="TrueFalse" CorrectValue="false">après une dizaine d’essayages.</CheckItem>
                  <br/>
                  <CheckItem id="e2" TextId="TrueFalse" CorrectValue="false">vite et bien.</CheckItem>
                  <br/>
                  <CheckItem id="e3" TextId="TrueFalse" CorrectValue="false">comme d’habitude.</CheckItem>
                  <br/>
                  <CheckItem id="e4" TextId="TrueFalse" CorrectValue="false">avec ce qui vous tombe sous la main.</CheckItem>
               </td>
               <td class=" middle"/>
            </tr>
         </table>
      </div>
        TODO Neodchycený element xsearch
    </Ex>
</Module>
