﻿<?xml version="1.0" encoding="utf-8"?>
<Page id="hufex2_l03_c04">
  <p>
    <a href="http://www.langmaster.cz/comcz/French2/l03/c/hufex2_l03_c04.htm">/French2/l03/c/hufex2_l03_c04.htm</a>
    <br />
    <a href="http://www.langmaster.cz/comcz/French2/l03/c/home.htm">
                            cvičení 4</a>
  </p>
  <div class="row">
    <div class="col-md-4 ">
      <img src="/schools/eaimgmp3/french2/img/homestudy/lesson03/page123/110_10.gif" />
    </div>
    <div class="col-md-8 ">
      <table class="table table-bordered c-table">
        <tr>
          <td>
            TODO group_set ysearch
        <GapFill id="g205" Width="200" CorrectValue="fruits|huile" InitValue="" />, 
            TODO group_set ysearch
        <GapFill id="g206" Width="200" CorrectValue="fruits|huile" InitValue="" /></td>
        </tr>
        <tr>
          <td>
            TODO group_set ysearch
        <GapFill id="g207" Width="200" CorrectValue="truite|cuillère" InitValue="" />, 
            TODO group_set ysearch
        <GapFill id="g208" Width="200" CorrectValue="truite|cuillère" InitValue="" /></td>
        </tr>
        <tr>
          <td>
            TODO group_set ysearch
        <GapFill id="g209" Width="200" CorrectValue="biscuits|parapluie" InitValue="" />, 
            TODO group_set ysearch
        <GapFill id="g210" Width="200" CorrectValue="biscuits|parapluie" InitValue="" /></td>
        </tr>
        <tr>
          <td>
            TODO group_set ysearch
        <GapFill id="g211" Width="200" CorrectValue="minuit|juillet" InitValue="" />, 
            TODO group_set ysearch
        <GapFill id="g212" Width="200" CorrectValue="minuit|juillet" InitValue="" /></td>
        </tr>
      </table>
    </div>
  </div>
  <info title="La cuisine de Louis" instrTitle="Observez l’illustration et retrouvez 8 mots contenant le son [çi]." instrs="FILLING_IN" />
</Page>