﻿<?xml version="1.0" encoding="utf-8"?>
<Page id="hufex1_l05_a04">
  <p>
    <a href="http://www.langmaster.cz/comcz/French1/l05/a/hufex1_l05_a04.htm">/French1/l05/a/hufex1_l05_a04.htm</a>
    <br />
    <a href="http://www.langmaster.cz/comcz/French1/l05/a/home.htm">
                            cvičení 4</a>
  </p>
  <div class="row">
    <div class="col-md-2 ">
      <img src="/schools/eaimgmp3/french1/img/homestudy/lesson05/page115/0357h0167.jpg" />
    </div>
    <div class="col-md-10 ">
      <Pairing id="E65">
        <PairingItem>un paquet<Right>de café</Right></PairingItem>
        <PairingItem>un pot<Right>de confiture</Right></PairingItem>
        <PairingItem>un tube<Right>de mayonnaise</Right></PairingItem>
        <PairingItem>une tablette<Right>de chocolat</Right></PairingItem>
        <PairingItem>une bouteille<Right>de vin</Right></PairingItem>
        <PairingItem>une douzaine<Right>d’œufs</Right></PairingItem>
        <PairingItem>un kilo<Right>de sucre</Right></PairingItem>
        <PairingItem>un groupe<Right>de touristes</Right></PairingItem>
      </Pairing>
    </div>
  </div>
  <info title="Associations" instrTitle="{{Ahtmltitle}}" instrs="PAIRING" />
</Page>