﻿<?xml version="1.0" encoding="utf-8"?>
<Page id="hufex1_l05_a06">
  <p>
    <a href="http://www.langmaster.cz/comcz/French1/l05/a/hufex1_l05_a06.htm">/French1/l05/a/hufex1_l05_a06.htm</a>
    <br />
    <a href="http://www.langmaster.cz/comcz/French1/l05/a/home.htm">
                            cvičení 6</a>
  </p>
  <table class="table table-bordered c-table">
    <tr>
      <td class="c-table-default middle">des amis</td>
      <td>
        <WordSelection id="ce485" CorrectValue="0" Words="une ratatouille|un sandwich|Paris|#un anniversaire" />
      </td>
    </tr>
    <tr>
      <td class="c-table-default middle">le Centre Pompidou</td>
      <td>
        <WordSelection id="ce307" CorrectValue="0" Words="une ratatouille|un sandwich|#Paris|un anniversaire" />
      </td>
    </tr>
    <tr>
      <td class="c-table-default middle">du beurre</td>
      <td>
        <WordSelection id="ce416" CorrectValue="0" Words="une ratatouille|#un sandwich|Paris|un anniversaire" />
      </td>
    </tr>
    <tr>
      <td class="c-table-default middle">des courgettes</td>
      <td>
        <WordSelection id="ce230" CorrectValue="0" Words="#une ratatouille|un sandwich|Paris|un anniversaire" />
      </td>
    </tr>
    <tr>
      <td class="c-table-default middle">les cadeaux</td>
      <td>
        <WordSelection id="ce509" CorrectValue="0" Words="une ratatouille|un sandwich|Paris|#un anniversaire" />
      </td>
    </tr>
    <tr>
      <td class="c-table-default middle">des oignons</td>
      <td>
        <WordSelection id="ce222" CorrectValue="0" Words="#une ratatouille|un sandwich|Paris|un anniversaire" />
      </td>
    </tr>
    <tr>
      <td class="c-table-default middle">du jambon</td>
      <td>
        <WordSelection id="ce408" CorrectValue="0" Words="une ratatouille|#un sandwich|Paris|un anniversaire" />
      </td>
    </tr>
    <tr>
      <td class="c-table-default middle">des musées</td>
      <td>
        <WordSelection id="ce323" CorrectValue="0" Words="une ratatouille|un sandwich|#Paris|un anniversaire" />
      </td>
    </tr>
    <tr>
      <td class="c-table-default middle">du pain</td>
      <td>
        <WordSelection id="ce400" CorrectValue="0" Words="une ratatouille|#un sandwich|Paris|un anniversaire" />
      </td>
    </tr>
    <tr>
      <td class="c-table-default middle">une fête</td>
      <td>
        <WordSelection id="ce493" CorrectValue="0" Words="une ratatouille|un sandwich|Paris|#un anniversaire" />
      </td>
    </tr>
    <tr>
      <td class="c-table-default middle">des aubergines</td>
      <td>
        <WordSelection id="ce214" CorrectValue="0" Words="#une ratatouille|un sandwich|Paris|un anniversaire" />
      </td>
    </tr>
    <tr>
      <td class="c-table-default middle">des cafés</td>
      <td>
        <WordSelection id="ce315" CorrectValue="0" Words="une ratatouille|un sandwich|#Paris|un anniversaire" />
      </td>
    </tr>
    <tr>
      <td class="c-table-default middle">des poivrons</td>
      <td>
        <WordSelection id="ce206" CorrectValue="0" Words="#une ratatouille|un sandwich|Paris|un anniversaire" />
      </td>
    </tr>
    <tr>
      <td class="c-table-default middle">la tour Eiffel</td>
      <td>
        <WordSelection id="ce299" CorrectValue="0" Words="une ratatouille|un sandwich|#Paris|un anniversaire" />
      </td>
    </tr>
    <tr>
      <td class="c-table-default middle">des tomates</td>
      <td>
        <WordSelection id="ce198" CorrectValue="0" Words="#une ratatouille|un sandwich|Paris|un anniversaire" />
      </td>
    </tr>
    <tr>
      <td class="c-table-default middle">des cinémas</td>
      <td>
        <WordSelection id="ce331" CorrectValue="0" Words="une ratatouille|un sandwich|#Paris|un anniversaire" />
      </td>
    </tr>
    <tr>
      <td class="c-table-default middle">du champagne</td>
      <td>
        <WordSelection id="ce501" CorrectValue="0" Words="une ratatouille|un sandwich|Paris|#un anniversaire" />
      </td>
    </tr>
  </table>
  <img src="/schools/eaimgmp3/french1/img/homestudy/lesson05/page116/c288h0039.jpg" />
  <info title="Qu’est-ce qu’il faut?" instrTitle="{{Ahtmltitle}}" instrs="SORTING_INTO_GROUPS_DRAG_AND_DROP" courseSeeAlsoStr="" />
</Page>