﻿<?xml version="1.0" encoding="utf-8"?>
<Module title="Chapitre A">
   <Ex id="hufex1_l05_a01"
       title="Les magasins"
       instr="{{Ahtmltitle}}"
       tech_instr="FILLING_IN SOUND_PLAYBACK">
      <p>
         <a target="_blank"
            href="http://www.langmaster.cz/comcz/French1/l05/a/hufex1_l05_a01.htm">/French1/l05/a/hufex1_l05_a01.htm</a>
         <br/>
         <a target="_blank"
            href="http://www.langmaster.cz/comcz/French1/l05/a/home.htm">
                            cvičení 1</a>
      </p>
      <div class="row">
         <div class="col-md-1 ">
            <MediaBigMark Url="/schools/eaimgmp3/french1wma/lesson05/hufex1_l05_a01.mp3"
                          Sequence=""/>
         </div>
         <div class="col-md-11 ">
            <table class="table table-bordered c-table">
               <tr>
                  <td>
                     <img src="/schools/eaimgmp3/french1/img/coursebook/lesson05/page35/olympus32097.jpg"/>
                  </td>
                  <td>
                     <img src="/schools/eaimgmp3/french1/img/coursebook/lesson05/page35/olympus32163.jpg"/>
                  </td>
               </tr>
               <tr>
                  <td>
                     <GapFill id="g170" CorrectValue="3" Width="2em"/>
                  </td>
                  <td>
                     <GapFill id="g172" CorrectValue="4" Width="2em"/>
                  </td>
               </tr>
               <tr>
                  <td>
                     <img src="/schools/eaimgmp3/french1/img/coursebook/lesson05/page35/olympus32014.jpg"/>
                  </td>
                  <td>
                     <img src="/schools/eaimgmp3/french1/img/coursebook/lesson05/page35/1692h0061.jpg"/>
                  </td>
               </tr>
               <tr>
                  <td>
                     <GapFill id="g188" CorrectValue="1" Width="2em"/>
                  </td>
                  <td>
                     <GapFill id="g190" CorrectValue="2" Width="2em"/>
                  </td>
               </tr>
            </table>
         </div>
      </div>
   </Ex>
   <Ex id="hufex1_l05_a02"
       title="Vous désirez?"
       instr="{{Ahtmltitle}}"
       tech_instr="SORTING_INTO_GROUPS_DRAG_AND_DROP SOUND_PLAYBACK">
      <p>
         <a target="_blank"
            href="http://www.langmaster.cz/comcz/French1/l05/a/hufex1_l05_a02.htm">/French1/l05/a/hufex1_l05_a02.htm</a>
         <br/>
         <a target="_blank"
            href="http://www.langmaster.cz/comcz/French1/l05/a/home.htm">
                            cvičení 2</a>
      </p>
      <div class="row">
         <div class="col-md-5 ">
            <img src="/schools/eaimgmp3/french1/img/coursebook/lesson05/page36/einkaufen.gif"/>
         </div>
         <div class="col-md-7 ">
            <div class="panel panel-info">
               <div class="panel-heading">
                  <h3>{{Aboxtitle}}</h3>
               </div>
               <div class="panel-body">
                  <p>
            {{Ttrans}}
            {{Ttrans1}}
          </p>
               </div>
            </div>
         </div>
      </div>
      <table class="table table-bordered c-table">
         <tr>
            <td class="c-table-default middle">un paquet de cigarettes</td>
            <td>
               <WordSelection id="ce223" Words="#un client|une cliente"/>
            </td>
         </tr>
         <tr>
            <td class="c-table-default middle">deux poivrons</td>
            <td>
               <WordSelection id="ce300" Words="un client|#une cliente"/>
            </td>
         </tr>
         <tr>
            <td class="c-table-default middle">des bananes</td>
            <td>
               <WordSelection id="ce356" Words="un client|#une cliente"/>
            </td>
         </tr>
         <tr>
            <td class="c-table-default middle">cinq timbres à 46 centimes</td>
            <td>
               <WordSelection id="ce215" Words="#un client|une cliente"/>
            </td>
         </tr>
         <tr>
            <td class="c-table-default middle">cinq cartes postales</td>
            <td>
               <WordSelection id="ce199" Words="#un client|une cliente"/>
            </td>
         </tr>
         <tr>
            <td class="c-table-default middle">du raisin blanc</td>
            <td>
               <WordSelection id="ce292" Words="un client|#une cliente"/>
            </td>
         </tr>
         <tr>
            <td class="c-table-default middle">une télécarte à 50 unités</td>
            <td>
               <WordSelection id="ce207" Words="#un client|une cliente"/>
            </td>
         </tr>
         <tr>
            <td class="c-table-default middle">une livre de courgettes</td>
            <td>
               <WordSelection id="ce340" Words="un client|#une cliente"/>
            </td>
         </tr>
         <tr>
            <td class="c-table-default middle">un kilo de tomates</td>
            <td>
               <WordSelection id="ce332" Words="un client|#une cliente"/>
            </td>
         </tr>
      </table>
      <div class="col-md-6">
         <div class="panel panel-info">
            <div class="panel-heading">
               <h3>Attention!</h3>
            </div>
            <div class="panel-body">
               <p>
          {{Ttrans2}}:
        </p>
               <p>
          1. {{Ttrans3}}
          <b> supérettes:</b>
                  <br/>
          {{Ttrans4}}
        </p>
               <p>
          2. {{Ttrans5}}
          <b>
            supermarché:<br/>
                  </b>
          {{Ttrans6}}
        </p>
               <p>
          3. {{Ttrans7}}
          <b>
            hypermarché:<br/>
                  </b>
          {{Ttrans8}}
        </p>
               <p>
          {{Ttrans9}}
        </p>
            </div>
         </div>
      </div>
   </Ex>
   <Ex id="hufex1_l05_a03"
       title="Dans les magasins"
       instr="{{Ahtmltitle}}"
       tech_instr="FILLING_IN">
      <p>
         <a target="_blank"
            href="http://www.langmaster.cz/comcz/French1/l05/a/hufex1_l05_a03.htm">/French1/l05/a/hufex1_l05_a03.htm</a>
         <br/>
         <a target="_blank"
            href="http://www.langmaster.cz/comcz/French1/l05/a/home.htm">
                            cvičení 3</a>
      </p>
      <div class="row">
         <div class="col-md-2 ">
            <img src="/schools/eaimgmp3/french1/img/coursebook/lesson05/page38/c275h0070.jpg"/>
         </div>
         <div class="col-md-10 ">
            <p>
               <MediaDialog id="E64" IsPassive="true">
                  <SndReplica Name="A">
                     <SndSent>
              Je voudrais </SndSent>
                     <SndSent>
                        <GapFill id="g200" CorrectValue="de l’"/>
                     </SndSent>
                     <SndSent>aspirine.
            </SndSent>
                  </SndReplica>
                  <SndReplica Name="B">
                     <SndSent>
                        <GapFill id="g207" CorrectValue="De l’"/>
                     </SndSent>
                     <SndSent>aspirine vitaminée?
            </SndSent>
                  </SndReplica>
                  <SndReplica Name="A">
                     <SndSent>Oui, s’il vous plaît.</SndSent>
                  </SndReplica>
               </MediaDialog>
            </p>
            <p>
               <MediaDialog id="E391" IsPassive="true">
                  <SndReplica Name="A">
                     <SndSent>
              Bonjour, Madame, </SndSent>
                     <SndSent>
                        <GapFill id="g527" CorrectValue="deux"/>
                     </SndSent>
                     <SndSent> timbres à 46 centimes, s’il vous plaît.
            </SndSent>
                  </SndReplica>
                  <SndReplica Name="B">
                     <SndSent>Voilà.</SndSent>
                  </SndReplica>
                  <SndReplica Name="A">
                     <SndSent>Je voudrais aussi une télécarte à 120 unités.</SndSent>
                  </SndReplica>
                  <SndReplica Name="B">
                     <SndSent>
              Ah, je n’ai plus </SndSent>
                     <SndSent>
                        <GapFill id="g546" CorrectValue="de"/>
                     </SndSent>
                     <SndSent> télécartes à 120 unités.
            </SndSent>
                  </SndReplica>
                  <SndReplica Name="A">
                     <SndSent>
                        <GapFill id="g553" CorrectValue="Une"/>
                     </SndSent>
                     <SndSent> à cinquante alors.
            </SndSent>
                  </SndReplica>
               </MediaDialog>
            </p>
            <p>
               <MediaDialog id="E606" IsPassive="true">
                  <SndReplica Name="A">
                     <SndSent>
              Je voudrais </SndSent>
                     <SndSent>
                        <GapFill id="g742" CorrectValue="deux"/>
                     </SndSent>
                     <SndSent> baguettes.
            </SndSent>
                  </SndReplica>
                  <SndReplica Name="B">
                     <SndSent>C’est tout?</SndSent>
                  </SndReplica>
                  <SndReplica Name="A">
                     <SndSent>
              Non, donnez-moi aussi </SndSent>
                     <SndSent>
                        <GapFill id="g755" CorrectValue="deux"/>
                     </SndSent>
                     <SndSent> croissants et un paquet </SndSent>
                     <SndSent>
                        <GapFill id="g756" CorrectValue="de"/>
                     </SndSent>
                     <SndSent> bonbons.
            </SndSent>
                  </SndReplica>
               </MediaDialog>
            </p>
            <p>
               <MediaDialog id="E809" IsPassive="true">
                  <SndReplica Name="A">
                     <SndSent>
              J’ai </SndSent>
                     <SndSent>
                        <GapFill id="g945" CorrectValue="deux"/>
                     </SndSent>
                     <SndSent> cartes postales et je voudrais </SndSent>
                     <SndSent>
                        <GapFill id="g946" CorrectValue="deux"/>
                     </SndSent>
                     <SndSent> timbres.
            </SndSent>
                  </SndReplica>
                  <SndReplica Name="B">
                     <SndSent>
              Je suis désolé, mais je n’ai plus </SndSent>
                     <SndSent>
                        <GapFill id="g953" CorrectValue="de"/>
                     </SndSent>
                     <SndSent> timbres.
            </SndSent>
                  </SndReplica>
                  <SndReplica Name="A">
                     <SndSent>
              Ce n’est pas grave. Donnez-moi un paquet </SndSent>
                     <SndSent>
                        <GapFill id="g960" CorrectValue="de"/>
                     </SndSent>
                     <SndSent> chewing-gums et </SndSent>
                     <SndSent>
                        <GapFill id="g961" CorrectValue="un paquet de"/>
                     </SndSent>
                     <SndSent> Gauloises Blondes.
            </SndSent>
                  </SndReplica>
               </MediaDialog>
            </p>
            <p>
               <MediaDialog id="E1014" IsPassive="true">
                  <SndReplica Name="A">
                     <SndSent>On prend une bière.</SndSent>
                  </SndReplica>
                  <SndReplica Name="B">
                     <SndSent>
              Non, merci, </SndSent>
                     <SndSent>
                        <GapFill id="g1156" CorrectValue="pas de"/>
                     </SndSent>
                     <SndSent> bière. Je préfère un café.
            </SndSent>
                  </SndReplica>
                  <SndReplica Name="A">
                     <SndSent>
              Monsieur, s’il vous plaît! </SndSent>
                     <SndSent>
                        <GapFill id="g1163" CorrectValue="Une"/>
                     </SndSent>
                     <SndSent> bière et </SndSent>
                     <SndSent>
                        <GapFill id="g1164" CorrectValue="un"/>
                     </SndSent>
                     <SndSent> café.
            </SndSent>
                  </SndReplica>
               </MediaDialog>
            </p>
            <p>
               <MediaDialog id="E1217" IsPassive="true">
                  <SndReplica Name="A">
                     <SndSent>
              Bien, je prends encore </SndSent>
                     <SndSent>
                        <GapFill id="g1353" CorrectValue="de la"/>
                     </SndSent>
                     <SndSent> salade, </SndSent>
                     <SndSent>
                        <GapFill id="g1354" CorrectValue="du"/>
                     </SndSent>
                     <SndSent> pain et c’est tout.
            </SndSent>
                  </SndReplica>
                  <SndReplica Name="B">
                     <SndSent>
              Maman, on prend un paquet </SndSent>
                     <SndSent>
                        <GapFill id="g1361" CorrectValue="de"/>
                     </SndSent>
                     <SndSent> bonbons?
            </SndSent>
                  </SndReplica>
                  <SndReplica Name="A">
                     <SndSent>
              Non, </SndSent>
                     <SndSent>
                        <GapFill id="g1368" CorrectValue="pas de"/>
                     </SndSent>
                     <SndSent> bonbons. Mais je suis d’accord pour </SndSent>
                     <SndSent>
                        <GapFill id="g1369" CorrectValue="un"/>
                     </SndSent>
                     <SndSent> croissant.
            </SndSent>
                  </SndReplica>
               </MediaDialog>
            </p>
         </div>
      </div>
      <div class="col-md-9">
         <div class="panel panel-info">
            <div class="panel-body">
               <table class="table c-table">
                  <tr>
                     <td class=" middle ">
                        <p>
                           <b>
                  {{Ttrans}}
                </b>
                           <br/>
                {{Ttrans1}}
                <br/>
                           <br/>
                           <i>
                    du raisin blanc<br/>
                    de la confiture<br/>
                    de l’aspirine<br/>
                    des bananes
                  </i>
                        </p>
                     </td>
                     <td class=" middle ">
                        <p>
                           <b>
                  {{Ttrans2}}
                </b>
                           <br/>
                {{Ttrans3}}<br/>
                           <br/>
                           <i>
                    une livre de clémentines<br/>
                    un paquet de cigarettes<br/>
                    un peu de persil<br/>
                    deux bananes
                  </i>
                        </p>
                     </td>
                     <td class=" middle ">
                        <p>
                           <b>
                  {{Ttrans4}}
                </b>
                           <br/>
                {{Ttrans5}} “de”
              </p>
                     </td>
                  </tr>
               </table>
            </div>
         </div>
      </div>
   </Ex>
   <Ex id="hufex1_l05_a04"
       title="Associations"
       instr="{{Ahtmltitle}}"
       tech_instr="PAIRING">
      <p>
         <a target="_blank"
            href="http://www.langmaster.cz/comcz/French1/l05/a/hufex1_l05_a04.htm">/French1/l05/a/hufex1_l05_a04.htm</a>
         <br/>
         <a target="_blank"
            href="http://www.langmaster.cz/comcz/French1/l05/a/home.htm">
                            cvičení 4</a>
      </p>
      <div class="row">
         <div class="col-md-2 ">
            <img src="/schools/eaimgmp3/french1/img/homestudy/lesson05/page115/0357h0167.jpg"/>
         </div>
         <div class="col-md-10 ">
            <Pairing id="E65">
               <PairingItem>un paquet<Right>de café</Right>
               </PairingItem>
               <PairingItem>un pot<Right>de confiture</Right>
               </PairingItem>
               <PairingItem>un tube<Right>de mayonnaise</Right>
               </PairingItem>
               <PairingItem>une tablette<Right>de chocolat</Right>
               </PairingItem>
               <PairingItem>une bouteille<Right>de vin</Right>
               </PairingItem>
               <PairingItem>une douzaine<Right>d’œufs</Right>
               </PairingItem>
               <PairingItem>un kilo<Right>de sucre</Right>
               </PairingItem>
               <PairingItem>un groupe<Right>de touristes</Right>
               </PairingItem>
            </Pairing>
         </div>
      </div>
   </Ex>
   <Ex id="hufex1_l05_a05"
       title="Le panier de Madame Angélique Rondeur"
       instr="{{Ahtmltitle}}"
       tech_instr="FILLING_IN">
      <p>
         <a target="_blank"
            href="http://www.langmaster.cz/comcz/French1/l05/a/hufex1_l05_a05.htm">/French1/l05/a/hufex1_l05_a05.htm</a>
         <br/>
         <a target="_blank"
            href="http://www.langmaster.cz/comcz/French1/l05/a/home.htm">
                            cvičení 5</a>
      </p>
      <div class="row">
         <div class="col-md-6 ">
        TODO osmisměrka/křížovka, co s ní? ysearch
    </div>
         <div class="col-md-6 ">
            <b>
          1.
        </b> un paquet de<br/>
            <b>
          2.
        </b> une tablette de<br/>
            <b>
          3.
        </b> six<br/>
            <b>
          4.
        </b> un morceau de<br/>
            <b>
          5.
        </b> une livre de<br/>
            <b>
          6.
        </b> deux litres de<br/>
            <b>
          7.
        </b> trois<br/>
            <b>
          8.
        </b> un kilo de<br/>
            <b>
          9.
        </b> une douzaine de<br/>
         </div>
      </div>
      <div class="row">
         <div class="col-md-2 ">
            <img src="/schools/eaimgmp3/french1/img/homestudy/lesson05/page115/0666h0054.gif"/>
         </div>
         <div class="col-md-10 ">
          Qu’est-ce qu’il y a caché dans son panier?<br/>
            <GapFill id="g597" CorrectValue="du champagne" Width="200"/>
         </div>
      </div>
   </Ex>
   <Ex id="hufex1_l05_a06"
       title="Qu’est-ce qu’il faut?"
       instr="{{Ahtmltitle}}"
       tech_instr="SORTING_INTO_GROUPS_DRAG_AND_DROP">
      <p>
         <a target="_blank"
            href="http://www.langmaster.cz/comcz/French1/l05/a/hufex1_l05_a06.htm">/French1/l05/a/hufex1_l05_a06.htm</a>
         <br/>
         <a target="_blank"
            href="http://www.langmaster.cz/comcz/French1/l05/a/home.htm">
                            cvičení 6</a>
      </p>
      <table class="table table-bordered c-table">
         <tr>
            <td class="c-table-default middle">les cadeaux</td>
            <td>
               <WordSelection id="ce509" Words="une ratatouille|un sandwich|Paris|#un anniversaire"/>
            </td>
         </tr>
         <tr>
            <td class="c-table-default middle">le Centre Pompidou</td>
            <td>
               <WordSelection id="ce307" Words="une ratatouille|un sandwich|#Paris|un anniversaire"/>
            </td>
         </tr>
         <tr>
            <td class="c-table-default middle">des cinémas</td>
            <td>
               <WordSelection id="ce331" Words="une ratatouille|un sandwich|#Paris|un anniversaire"/>
            </td>
         </tr>
         <tr>
            <td class="c-table-default middle">des aubergines</td>
            <td>
               <WordSelection id="ce214" Words="#une ratatouille|un sandwich|Paris|un anniversaire"/>
            </td>
         </tr>
         <tr>
            <td class="c-table-default middle">des musées</td>
            <td>
               <WordSelection id="ce323" Words="une ratatouille|un sandwich|#Paris|un anniversaire"/>
            </td>
         </tr>
         <tr>
            <td class="c-table-default middle">du champagne</td>
            <td>
               <WordSelection id="ce501" Words="une ratatouille|un sandwich|Paris|#un anniversaire"/>
            </td>
         </tr>
         <tr>
            <td class="c-table-default middle">des oignons</td>
            <td>
               <WordSelection id="ce222" Words="#une ratatouille|un sandwich|Paris|un anniversaire"/>
            </td>
         </tr>
         <tr>
            <td class="c-table-default middle">des poivrons</td>
            <td>
               <WordSelection id="ce206" Words="#une ratatouille|un sandwich|Paris|un anniversaire"/>
            </td>
         </tr>
         <tr>
            <td class="c-table-default middle">une fête</td>
            <td>
               <WordSelection id="ce493" Words="une ratatouille|un sandwich|Paris|#un anniversaire"/>
            </td>
         </tr>
         <tr>
            <td class="c-table-default middle">du pain</td>
            <td>
               <WordSelection id="ce400" Words="une ratatouille|#un sandwich|Paris|un anniversaire"/>
            </td>
         </tr>
         <tr>
            <td class="c-table-default middle">du beurre</td>
            <td>
               <WordSelection id="ce416" Words="une ratatouille|#un sandwich|Paris|un anniversaire"/>
            </td>
         </tr>
         <tr>
            <td class="c-table-default middle">des cafés</td>
            <td>
               <WordSelection id="ce315" Words="une ratatouille|un sandwich|#Paris|un anniversaire"/>
            </td>
         </tr>
         <tr>
            <td class="c-table-default middle">des courgettes</td>
            <td>
               <WordSelection id="ce230" Words="#une ratatouille|un sandwich|Paris|un anniversaire"/>
            </td>
         </tr>
         <tr>
            <td class="c-table-default middle">du jambon</td>
            <td>
               <WordSelection id="ce408" Words="une ratatouille|#un sandwich|Paris|un anniversaire"/>
            </td>
         </tr>
         <tr>
            <td class="c-table-default middle">des amis</td>
            <td>
               <WordSelection id="ce485" Words="une ratatouille|un sandwich|Paris|#un anniversaire"/>
            </td>
         </tr>
         <tr>
            <td class="c-table-default middle">la tour Eiffel</td>
            <td>
               <WordSelection id="ce299" Words="une ratatouille|un sandwich|#Paris|un anniversaire"/>
            </td>
         </tr>
         <tr>
            <td class="c-table-default middle">des tomates</td>
            <td>
               <WordSelection id="ce198" Words="#une ratatouille|un sandwich|Paris|un anniversaire"/>
            </td>
         </tr>
      </table>
      <img src="/schools/eaimgmp3/french1/img/homestudy/lesson05/page116/c288h0039.jpg"/>
   </Ex>
   <Ex id="hufex1_l05_a07"
       title="Pique-nique au bord de la mer"
       instr="{{Ahtmltitle}}"
       tech_instr="FILLING_IN">
      <p>
         <a target="_blank"
            href="http://www.langmaster.cz/comcz/French1/l05/a/hufex1_l05_a07.htm">/French1/l05/a/hufex1_l05_a07.htm</a>
         <br/>
         <a target="_blank"
            href="http://www.langmaster.cz/comcz/French1/l05/a/home.htm">
                            cvičení 7</a>
      </p>
      <Possibilities Words="biscuits (un paquet)|eau minérale (2 litres)|crème solaire (un tube)|oranges (un kilo)|fromage (300 g)|tomates (une livre)"/>
      <div class="row">
         <div class="col-md-2 ">
            <img src="/schools/eaimgmp3/french1/img/vocabulary/lesson05/page35/verkaufer2.gif"/>
         </div>
         <div class="col-md-10 ">
            <table class="table c-table">
               <tr>
                  <td class=" middle">
                     <b>Qu’est-ce qu’ils achètent?</b>
                  </td>
                  <td class=" middle"/>
               </tr>
               <tr>
                  <td class=" middle">Ils achètent du pain...</td>
                  <td class=" middle">
                     <GapFill id="g198"
                              CorrectValue="du fromage|de l’eau minérale|des oranges|des tomates|des biscuits|de la crème solaire"
                              Width="200"/>
                     <br/>
                     <GapFill id="g199"
                              CorrectValue="du fromage|de l’eau minérale|des oranges|des tomates|des biscuits|de la crème solaire"
                              Width="200"/>
                     <br/>
                     <GapFill id="g200"
                              CorrectValue="du fromage|de l’eau minérale|des oranges|des tomates|des biscuits|de la crème solaire"
                              Width="200"/>
                     <br/>
                     <GapFill id="g201"
                              CorrectValue="du fromage|de l’eau minérale|des oranges|des tomates|des biscuits|de la crème solaire"
                              Width="200"/>
                     <br/>
                     <GapFill id="g202"
                              CorrectValue="du fromage|de l’eau minérale|des oranges|des tomates|des biscuits|de la crème solaire"
                              Width="200"/>
                     <br/>
                     <GapFill id="g203"
                              CorrectValue="du fromage|de l’eau minérale|des oranges|des tomates|des biscuits|de la crème solaire"
                              Width="200"/>
                  </td>
               </tr>
               <tr>
                  <td class=" middle">
                     <b>Et combien?</b>
                  </td>
                  <td class=" middle"/>
               </tr>
               <tr>
                  <td class=" middle">Ils achètent deux baguettes...</td>
                  <td class=" middle">
                     <GapFill id="g212"
                              CorrectValue="300 g de fromage|2 litres d’eau minérale|un kilo d’oranges|une livre de tomates|un paquet de biscuits|un tube de crème solaire"
                              Width="200"/>
                     <br/>
                     <GapFill id="g213"
                              CorrectValue="300 g de fromage|2 litres d’eau minérale|un kilo d’oranges|une livre de tomates|un paquet de biscuits|un tube de crème solaire"
                              Width="200"/>
                     <br/>
                     <GapFill id="g214"
                              CorrectValue="300 g de fromage|2 litres d’eau minérale|un kilo d’oranges|une livre de tomates|un paquet de biscuits|un tube de crème solaire"
                              Width="200"/>
                     <br/>
                     <GapFill id="g215"
                              CorrectValue="300 g de fromage|2 litres d’eau minérale|un kilo d’oranges|une livre de tomates|un paquet de biscuits|un tube de crème solaire"
                              Width="200"/>
                     <br/>
                     <GapFill id="g216"
                              CorrectValue="300 g de fromage|2 litres d’eau minérale|un kilo d’oranges|une livre de tomates|un paquet de biscuits|un tube de crème solaire"
                              Width="200"/>
                     <br/>
                     <GapFill id="g217"
                              CorrectValue="300 g de fromage|2 litres d’eau minérale|un kilo d’oranges|une livre de tomates|un paquet de biscuits|un tube de crème solaire"
                              Width="200"/>
                  </td>
               </tr>
            </table>
         </div>
      </div>
   </Ex>
   <Ex id="hufex1_l05_a08"
       title="A vous!"
       instr="{{Ahtmltitle}}"
       tech_instr="FILLING_IN_FROM_A_LIST">
      <p>
         <a target="_blank"
            href="http://www.langmaster.cz/comcz/French1/l05/a/hufex1_l05_a08.htm">/French1/l05/a/hufex1_l05_a08.htm</a>
         <br/>
         <a target="_blank"
            href="http://www.langmaster.cz/comcz/French1/l05/a/home.htm">
                            cvičení 8</a>
      </p>
      <DragSource/>
      <div class="row">
         <div class="col-md-2 ">
            <img src="/schools/eaimgmp3/french1/img/vocabulary/lesson05/page35/verkaufer2.gif"/>
         </div>
         <div class="col-md-10 ">
            <table class="table table-bordered c-table">
               <tr>
                  <td class=" middle">
              une livre de <DragTarget id="g245" CorrectValue="tomates"/>
                  </td>
               </tr>
               <tr>
                  <td class=" middle">
              un litre de <DragTarget id="g294" CorrectValue="lait"/>
                  </td>
               </tr>
               <tr>
                  <td class=" middle">
              un paquet de <DragTarget id="g343" CorrectValue="cigarettes"/>
                  </td>
               </tr>
               <tr>
                  <td class=" middle">
              un morceau de <DragTarget id="g392" CorrectValue="fromage"/>
                  </td>
               </tr>
               <tr>
                  <td class=" middle">
              un pot de <DragTarget id="g441" CorrectValue="confiture"/>
                  </td>
               </tr>
            </table>
         </div>
      </div>
   </Ex>
   <Ex id="hufex1_l05_a09"
       title="Qui dit quoi?"
       instr="{{Ahtmltitle}}"
       tech_instr="TEXT_SECTION_SELECTING_ONE_OR_MORE_CORRECT_ANSWERS">
      <p>
         <a target="_blank"
            href="http://www.langmaster.cz/comcz/French1/l05/a/hufex1_l05_a09.htm">/French1/l05/a/hufex1_l05_a09.htm</a>
         <br/>
         <a target="_blank"
            href="http://www.langmaster.cz/comcz/French1/l05/a/home.htm">
                            cvičení 9</a>
      </p>
      <div class="row">
         <div class="col-md-2 ">
            <img src="/schools/eaimgmp3/french1/img/vocabulary/lesson05/page36/0244h0048.jpg"/>
         </div>
         <div class="col-md-10 ">
            <table class="table table-bordered c-table">
               <tr>
                  <td class=" middle">
                     <CheckItem id="t110" TextId="TrueFalse" CorrectValue="true">Vous avez des courgettes?</CheckItem>
                  </td>
               </tr>
               <tr>
                  <td class=" middle">
                     <CheckItem id="t121" TextId="TrueFalse" CorrectValue="true">Ça fait combien?</CheckItem>
                  </td>
               </tr>
               <tr>
                  <td class=" middle">
                     <CheckItem id="t132" TextId="TrueFalse" CorrectValue="false">Et avec ça? C’est tout?</CheckItem>
                  </td>
               </tr>
               <tr>
                  <td class=" middle">
                     <CheckItem id="t143" TextId="TrueFalse" CorrectValue="true">Je prends une salade.</CheckItem>
                  </td>
               </tr>
               <tr>
                  <td class=" middle">
                     <CheckItem id="t154" TextId="TrueFalse" CorrectValue="true">Je voudrais aussi des tomates.</CheckItem>
                  </td>
               </tr>
               <tr>
                  <td class=" middle">
                     <CheckItem id="t165" TextId="TrueFalse" CorrectValue="false">Vous désirez?</CheckItem>
                  </td>
               </tr>
               <tr>
                  <td class=" middle">
                     <CheckItem id="t176" TextId="TrueFalse" CorrectValue="true">Oui, c’est tout.</CheckItem>
                  </td>
               </tr>
               <tr>
                  <td class=" middle">
                     <CheckItem id="t187" TextId="TrueFalse" CorrectValue="false">Ça fait trois euros.</CheckItem>
                  </td>
               </tr>
               <tr>
                  <td class=" middle">
                     <CheckItem id="t198" TextId="TrueFalse" CorrectValue="false">Je n’ai plus de courgettes.</CheckItem>
                  </td>
               </tr>
               <tr>
                  <td class=" middle">
                     <CheckItem id="t209" TextId="TrueFalse" CorrectValue="false">On ne vend pas de lait.</CheckItem>
                  </td>
               </tr>
               <tr>
                  <td class=" middle">
                     <CheckItem id="t220" TextId="TrueFalse" CorrectValue="true">Vous vendez des poivrons?</CheckItem>
                  </td>
               </tr>
               <tr>
                  <td class=" middle">
                     <CheckItem id="t231" TextId="TrueFalse" CorrectValue="false">Je n’ai plus de persil.</CheckItem>
                  </td>
               </tr>
            </table>
         </div>
      </div>
      <div class="col-md-5">
         <div class="panel panel-info">
            <div class="panel-body">
               <p>
          {{Ttrans}}
        </p>
            </div>
         </div>
      </div>
   </Ex>
</Module>
