﻿<?xml version="1.0" encoding="utf-8"?>
<Page id="hufex1_l10_a01">
  <p>
    <a href="http://www.langmaster.cz/comcz/French1/l10/a/hufex1_l10_a01.htm">/French1/l10/a/hufex1_l10_a01.htm</a>
    <br />
    <a href="http://www.langmaster.cz/comcz/French1/l10/a/home.htm">
                            cvičení 1</a>
  </p>
  <div>
    <img src="/schools/eaimgmp3/french1/img/coursebook/lesson10/page83/oznameni.gif" />
  </div>
  <div>
        L<GapFill id="g153" Width="200" CorrectValue="a" InitValue="" /> f<GapFill id="g154" Width="200" CorrectValue="a" InitValue="" />m<GapFill id="g155" Width="200" CorrectValue="i" InitValue="" />ll<GapFill id="g156" Width="200" CorrectValue="e" InitValue="" /> D<GapFill id="g157" Width="200" CorrectValue="u" InitValue="" />l<GapFill id="g158" Width="200" CorrectValue="a" InitValue="" />c <GapFill id="g159" Width="200" CorrectValue="a" InitValue="" /> l<GapFill id="g160" Width="200" CorrectValue="a" InitValue="" /> j<GapFill id="g161" Width="200" CorrectValue="o" InitValue="" /><GapFill id="g162" Width="200" CorrectValue="i" InitValue="" /><GapFill id="g163" Width="200" CorrectValue="e" InitValue="" /> d’<GapFill id="g164" Width="200" CorrectValue="a" InitValue="" />nn<GapFill id="g165" Width="200" CorrectValue="o" InitValue="" />nc<GapFill id="g166" Width="200" CorrectValue="e" InitValue="" />r l<GapFill id="g167" Width="200" CorrectValue="a" InitValue="" /> n<GapFill id="g168" Width="200" CorrectValue="a" InitValue="" /><GapFill id="g169" Width="200" CorrectValue="i" InitValue="" /><br />ss<GapFill id="g170" Width="200" CorrectValue="a" InitValue="" />nc<GapFill id="g171" Width="200" CorrectValue="e" InitValue="" /> d<GapFill id="g172" Width="200" CorrectValue="e" InitValue="" /> s<GapFill id="g173" Width="200" CorrectValue="o" InitValue="" />n f<GapFill id="g174" Width="200" CorrectValue="i" InitValue="" />ls F<GapFill id="g175" Width="200" CorrectValue="é" InitValue="" />l<GapFill id="g176" Width="200" CorrectValue="i" InitValue="" />x. <br />l<GapFill id="g223" Width="200" CorrectValue="e" InitValue="" /> 3 <GapFill id="g224" Width="200" CorrectValue="a" InitValue="" />vr<GapFill id="g225" Width="200" CorrectValue="i" InitValue="" />l 1998.
      <br /><br /><i>Chère Christine!</i><br /><br />
        J<GapFill id="g318" Width="200" CorrectValue="e" InitValue="" /> s<GapFill id="g319" Width="200" CorrectValue="u" InitValue="" /><GapFill id="g320" Width="200" CorrectValue="i" InitValue="" />s tr<GapFill id="g321" Width="200" CorrectValue="è" InitValue="" />s h<GapFill id="g322" Width="200" CorrectValue="e" InitValue="" /><GapFill id="g323" Width="200" CorrectValue="u" InitValue="" />r<GapFill id="g324" Width="200" CorrectValue="e" InitValue="" /><GapFill id="g325" Width="200" CorrectValue="u" InitValue="" />s<GapFill id="g326" Width="200" CorrectValue="e" InitValue="" /> d<GapFill id="g327" Width="200" CorrectValue="e" InitValue="" /> t’<GapFill id="g328" Width="200" CorrectValue="a" InitValue="" />nn<GapFill id="g329" Width="200" CorrectValue="o" InitValue="" />nc<GapFill id="g330" Width="200" CorrectValue="e" InitValue="" />r l<GapFill id="g331" Width="200" CorrectValue="a" InitValue="" /> n<GapFill id="g332" Width="200" CorrectValue="a" InitValue="" /><GapFill id="g333" Width="200" CorrectValue="i" InitValue="" />ss<br /><GapFill id="g334" Width="200" CorrectValue="a" InitValue="" />nc<GapFill id="g335" Width="200" CorrectValue="e" InitValue="" /> d<GapFill id="g336" Width="200" CorrectValue="e" InitValue="" /> m<GapFill id="g337" Width="200" CorrectValue="a" InitValue="" /> p<GapFill id="g338" Width="200" CorrectValue="e" InitValue="" />t<GapFill id="g339" Width="200" CorrectValue="i" InitValue="" />t<GapFill id="g340" Width="200" CorrectValue="e" InitValue="" /> f<GapFill id="g341" Width="200" CorrectValue="i" InitValue="" />ll<GapFill id="g342" Width="200" CorrectValue="e" InitValue="" /> J<GapFill id="g343" Width="200" CorrectValue="u" InitValue="" />l<GapFill id="g344" Width="200" CorrectValue="i" InitValue="" /><GapFill id="g345" Width="200" CorrectValue="e" InitValue="" />.<br />
        J<GapFill id="g392" Width="200" CorrectValue="u" InitValue="" />l<GapFill id="g393" Width="200" CorrectValue="i" InitValue="" /><GapFill id="g394" Width="200" CorrectValue="e" InitValue="" /> <GapFill id="g395" Width="200" CorrectValue="e" InitValue="" />st n<GapFill id="g396" Width="200" CorrectValue="é" InitValue="" /><GapFill id="g397" Width="200" CorrectValue="e" InitValue="" /> <GapFill id="g398" Width="200" CorrectValue="à" InitValue="" /> N<GapFill id="g399" Width="200" CorrectValue="i" InitValue="" />c<GapFill id="g400" Width="200" CorrectValue="e" InitValue="" />, <GapFill id="g401" Width="200" CorrectValue="à" InitValue="" /> 15 h<GapFill id="g402" Width="200" CorrectValue="e" InitValue="" /><GapFill id="g403" Width="200" CorrectValue="u" InitValue="" />r<GapFill id="g404" Width="200" CorrectValue="e" InitValue="" />s.<br /><GapFill id="g451" Width="200" CorrectValue="E" InitValue="" />ll<GapFill id="g452" Width="200" CorrectValue="e" InitValue="" /> v<GapFill id="g453" Width="200" CorrectValue="a" InitValue="" /> b<GapFill id="g454" Width="200" CorrectValue="i" InitValue="" /><GapFill id="g455" Width="200" CorrectValue="e" InitValue="" />n <GapFill id="g456" Width="200" CorrectValue="e" InitValue="" />t s<GapFill id="g457" Width="200" CorrectValue="a" InitValue="" /> m<GapFill id="g458" Width="200" CorrectValue="a" InitValue="" />m<GapFill id="g459" Width="200" CorrectValue="a" InitValue="" />n <GapFill id="g460" Width="200" CorrectValue="a" InitValue="" /><GapFill id="g461" Width="200" CorrectValue="u" InitValue="" />ss<GapFill id="g462" Width="200" CorrectValue="i" InitValue="" />.
      <br /><br />
        Gr<GapFill id="g509" Width="200" CorrectValue="o" InitValue="" />ss<GapFill id="g510" Width="200" CorrectValue="e" InitValue="" />s b<GapFill id="g511" Width="200" CorrectValue="i" InitValue="" />s<GapFill id="g512" Width="200" CorrectValue="e" InitValue="" />s.
      </div>
  <info title="Annonces" instrTitle="{{Ahtmltitle}}" instrs="FILLING_IN" />
</Page>