﻿<?xml version="1.0" encoding="utf-8"?>
<Page id="hufex1_l10_a03">
  <p>
    <a href="http://www.langmaster.cz/comcz/French1/l10/a/hufex1_l10_a03.htm">/French1/l10/a/hufex1_l10_a03.htm</a>
    <br />
    <a href="http://www.langmaster.cz/comcz/French1/l10/a/home.htm">
                            cvičení 3</a>
  </p>
  <div class="row">
    <div class="col-md-2 ">
      <img src="/schools/eaimgmp3/french1/img/vocabulary/lesson10/page93/masculin.jpg" />
    </div>
    <div class="col-md-4 ">
      <table class="table table-bordered c-table">
        <tr>
          <td class="c-table-default middle">masculin</td>
          <td class="c-table-default middle">féminin</td>
        </tr>
        <tr>
          <td class=" middle">actif</td>
          <td class=" middle">
            <GapFill id="g208" Width="200" CorrectValue="active" InitValue="" />
          </td>
        </tr>
        <tr>
          <td class=" middle">négatif</td>
          <td class=" middle">
            <GapFill id="g212" Width="200" CorrectValue="négative" InitValue="" />
          </td>
        </tr>
        <tr>
          <td class=" middle">
            <GapFill id="g215" Width="200" CorrectValue="sportif" InitValue="" />
          </td>
          <td class=" middle">sportive</td>
        </tr>
        <tr>
          <td class=" middle">
            <GapFill id="g219" Width="200" CorrectValue="alternatif" InitValue="" />
          </td>
          <td class=" middle">alternative</td>
        </tr>
        <tr>
          <td class=" middle">préventif</td>
          <td class=" middle">
            <GapFill id="g224" Width="200" CorrectValue="préventive" InitValue="" />
          </td>
        </tr>
        <tr>
          <td class=" middle">massif</td>
          <td class=" middle">
            <GapFill id="g228" Width="200" CorrectValue="massive" InitValue="" />
          </td>
        </tr>
        <tr>
          <td class=" middle">
            <GapFill id="g231" Width="200" CorrectValue="fictif" InitValue="" />
          </td>
          <td class=" middle">fictive</td>
        </tr>
        <tr>
          <td class=" middle">lucratif</td>
          <td class=" middle">
            <GapFill id="g236" Width="200" CorrectValue="lucrative" InitValue="" />
          </td>
        </tr>
        <tr>
          <td class=" middle">communicatif</td>
          <td class=" middle">
            <GapFill id="g240" Width="200" CorrectValue="communicative" InitValue="" />
          </td>
        </tr>
      </table>
    </div>
    <div class="col-md-2 ">
      <img src="/schools/eaimgmp3/french1/img/vocabulary/lesson10/page93/feminin.jpg" />
    </div>
  </div>
  <div class="col-md-6">
    <div class="panel panel-info">
      <div class="panel-body">
        <p>
          {{Ttrans}}:
        
      </p>
        <p>
          act<b>if </b>- act<b>ive</b></p>
      </div>
    </div>
  </div>
  <info title="Le genre" instrTitle="{{Ahtmltitle}}" instrs="FILLING_IN" />
</Page>