﻿<?xml version="1.0" encoding="utf-8"?>
<Page id="hufex1_l10_a05">
  <p>
    <a href="http://www.langmaster.cz/comcz/French1/l10/a/hufex1_l10_a05.htm">/French1/l10/a/hufex1_l10_a05.htm</a>
    <br />
    <a href="http://www.langmaster.cz/comcz/French1/l10/a/home.htm">
                            cvičení 5</a>
  </p>
  <div>
    <img src="/schools/eaimgmp3/french1/img/vocabulary/lesson10/page96/wahrsagerin1.gif" />
  </div>
  <div>
    <Pairing id="E65">
      <PairingItem>Il ne travaille que...<Right>...trois jours par semaine.</Right></PairingItem>
      <PairingItem>Le matin, elle ne mange que...<Right>...des céréales.</Right></PairingItem>
      <PairingItem>A la télé, il ne regarde que...<Right>...les films d’amour.</Right></PairingItem>
      <PairingItem>Depuis qu’elle l’a rencontré, elle ne pense que...<Right>...à lui.</Right></PairingItem>
      <PairingItem>Nous ne partons en vacances que...<Right>...dans trois semaines.</Right></PairingItem>
    </Pairing>
  </div>
  <div class="col-md-6">
    <div class="panel panel-info">
      <div class="panel-body">
        <p>
          {{Ttrans}}
        </p>
        <p>
          <b>
            1. {{Ttrans1}}
          </b>
          <br />
          <i>Je n’achète que des pommes.
            - {{Ttrans2}}
          </i>
        </p>
        <p>
          <b>2.</b>
          <b>
            {{Ttrans3}}
          </b>
          <br />
          <i>Il n’arrivera que demain. - {{Ttrans4}}
          </i>
        </p>
      </div>
    </div>
  </div>
  <info title="«Ne... que»" instrTitle="{{Ahtmltitle}}" instrs="PAIRING" />
</Page>