﻿<?xml version="1.0" encoding="utf-8"?>
<Page id="hufex1_l10_a06">
  <p>
    <a href="http://www.langmaster.cz/comcz/French1/l10/a/hufex1_l10_a06.htm">/French1/l10/a/hufex1_l10_a06.htm</a>
    <br />
    <a href="http://www.langmaster.cz/comcz/French1/l10/a/home.htm">
                            cvičení 6</a>
  </p>
  <div>
    <img src="/schools/eaimgmp3/french1/img/vocabulary/lesson10/page99/1608h0085.jpg" />
  </div>
  <div>
    <table>
      <tr>
        <td class=" middle" />
        <td class=" middle">
          <MacroListWordOrdering Width="600-800"><![CDATA[
il|Depuis|ne|qu’il|plus|,|mange|malade|est
Depuis qu’il est malade , il ne mange plus]]></MacroListWordOrdering>
        </td>
      </tr>
      <tr>
        <td class=" middle" />
        <td class=" middle">
          <MacroListWordOrdering Width="600-800"><![CDATA[
,|il|l’adore|mais|l’aime|pas|ne|Elle
Elle l’adore , mais il ne l’aime pas]]></MacroListWordOrdering>
        </td>
      </tr>
      <tr>
        <td class=" middle" />
        <td class=" middle">
          <MacroListWordOrdering Width="600-800"><![CDATA[
Il|à|son|anniversaire|personne|invité|n’a
Il n’a invité personne à son anniversaire]]></MacroListWordOrdering>
        </td>
      </tr>
      <tr>
        <td class=" middle" />
        <td class=" middle">
          <MacroListWordOrdering Width="600-800"><![CDATA[
ils|jamais|J’écris|répondent|toujours|ne|,|mais
J’écris toujours , mais ils ne répondent jamais]]></MacroListWordOrdering>
        </td>
      </tr>
    </table>
  </div>
  <info title="Phrases" instrTitle="{{Ahtmltitle}}" instrs="WORD_SEQUENCING" />
</Page>