﻿<?xml version="1.0" encoding="utf-8"?>
<Page id="hufex1_l10_a09">
  <p>
    <a href="http://www.langmaster.cz/comcz/French1/l10/a/hufex1_l10_a09.htm">/French1/l10/a/hufex1_l10_a09.htm</a>
    <br />
    <a href="http://www.langmaster.cz/comcz/French1/l10/a/home.htm">
                            cvičení 9</a>
  </p>
  <div>
    <img src="/schools/eaimgmp3/french1/img/vocabulary/lesson10/page102/0339h0128.gif" />
  </div>
  <div>
    <Pairing id="E65">
      <PairingItem>l’appartement ancien<Right>rénover</Right></PairingItem>
      <PairingItem>la maison<Right>la pièce</Right></PairingItem>
      <PairingItem>la ferme<Right>la campagne</Right></PairingItem>
      <PairingItem>la sœur<Right>le frère</Right></PairingItem>
      <PairingItem>la naissance<Right>l’enfant</Right></PairingItem>
      <PairingItem>le couple<Right>le mariage</Right></PairingItem>
      <PairingItem>voyager<Right>l’avion</Right></PairingItem>
      <PairingItem>envoyer<Right>la lettre</Right></PairingItem>
    </Pairing>
  </div>
  <info title="Les paires" instrTitle="{{Ahtmltitle}}" instrs="PAIRING" />
</Page>