﻿<?xml version="1.0" encoding="utf-8"?>
<Page id="hufex2_l09_a03">
  <p>
    <a href="http://www.langmaster.cz/comcz/French2/l09/a/hufex2_l09_a03.htm">/French2/l09/a/hufex2_l09_a03.htm</a>
    <br />
    <a href="http://www.langmaster.cz/comcz/French2/l09/a/home.htm">
                            cvičení 3</a>
  </p>
  <div>
    <img src="/schools/eaimgmp3/french2/img/homestudy/lesson09/page166/1204h0006.jpg" />
  </div>
  <br />
  <div>
    <Pairing id="E65">
      <PairingItem>L’argent lui file entre les doigts.<Right>Il dépense beaucoup d’argent.</Right></PairingItem>
      <PairingItem>Cela ne tient qu’à un fil.<Right>C’est fragile, précaire.</Right></PairingItem>
      <PairingItem>J’ai perdu le fil de la conversation.<Right>Je ne sais plus de quoi on parle.</Right></PairingItem>
      <PairingItem>Je vais passer un coup de fil.<Right>Je vais téléphoner.</Right></PairingItem>
      <PairingItem>Il n’a pas inventé le fil à couper le beurre.<Right>Il n’est pas très malin.</Right></PairingItem>
      <PairingItem>Elle a filé à l’anglaise.<Right>Elle est partie sans être vue.</Right></PairingItem>
    </Pairing>
  </div>
  <info title="«Fil», «filer»" instrTitle="Associez les expressions aux définitions suivantes." instrs="PAIRING" />
</Page>