﻿<?xml version="1.0" encoding="utf-8"?>
<Page id="hufex2_l09_a04">
  <p>
    <a href="http://www.langmaster.cz/comcz/French2/l09/a/hufex2_l09_a04.htm">/French2/l09/a/hufex2_l09_a04.htm</a>
    <br />
    <a href="http://www.langmaster.cz/comcz/French2/l09/a/home.htm">
                            cvičení 4</a>
  </p>
  <div class="row">
    <div class="col-md-3 ">
      <img src="/schools/eaimgmp3/french2/img/vocabulary/lesson09/page101/1529h0044.jpg" />
    </div>
    <div class="col-md-9 ">
      <Pairing id="E65">
        <PairingItem>faire du ski<Right>skier</Right></PairingItem>
        <PairingItem>faire de la natation<Right>nager</Right></PairingItem>
        <PairingItem>faire une bise<Right>embrasser</Right></PairingItem>
        <PairingItem>faire de la méditation<Right>méditer</Right></PairingItem>
        <PairingItem>se faire un resto<Right>aller au ...</Right></PairingItem>
        <PairingItem>Ça fait combien?<Right>coûter</Right></PairingItem>
        <PairingItem>faire un cadeau<Right>offrir</Right></PairingItem>
        <PairingItem>faire une lettre<Right>écrire</Right></PairingItem>
        <PairingItem>faire la vaisselle<Right>laver</Right></PairingItem>
        <PairingItem>faire jeune<Right>avoir l’air ...</Right></PairingItem>
        <PairingItem>faire des reproches<Right>reprocher</Right></PairingItem>
      </Pairing>
    </div>
  </div>
  <info title="A vous!" instrTitle="Reliez les expressions avec faire au verbe du même sens." instrs="PAIRING" />
</Page>