﻿<?xml version="1.0" encoding="utf-8"?>
<Page id="hufex2_l09_a08">
  <p>
    <a href="http://www.langmaster.cz/comcz/French2/l09/a/hufex2_l09_a08.htm">/French2/l09/a/hufex2_l09_a08.htm</a>
    <br />
    <a href="http://www.langmaster.cz/comcz/French2/l09/a/home.htm">
                            cvičení 8</a>
  </p>
  <Possibilities Words="couvert|complet|ranger|certain|discret|possible|actif|commander|favorable|motiver" />
  <div class="row">
    <div class="col-md-4 ">
      <img src="/schools/eaimgmp3/french2/img/coursebook/lesson09/page85/1846h0008.jpg" />
    </div>
    <div class="col-md-8 ">
      <table class="table table-bordered c-table">
        <tr>
          <td class="c-table-default middle">in-/im-</td>
          <td class="c-table-default middle">dé-</td>
        </tr>
        <tr>
          <td class=" middle">inconnu</td>
          <td class=" middle">déplaire</td>
        </tr>
        <tr>
          <td class=" middle">
            TODO group_set ysearch
        <GapFill id="g164" Width="25" CorrectValue="impossible|inactif|incertain|incomplet|indiscret" InitValue="" />
            TODO group_set ysearch
        <GapFill id="g165" Width="25" CorrectValue="impossible|inactif|incertain|incomplet|indiscret" InitValue="" />
            TODO group_set ysearch
        <GapFill id="g166" Width="25" CorrectValue="impossible|inactif|incertain|incomplet|indiscret" InitValue="" />
            TODO group_set ysearch
        <GapFill id="g167" Width="25" CorrectValue="impossible|inactif|incertain|incomplet|indiscret" InitValue="" />
            TODO group_set ysearch
        <GapFill id="g168" Width="25" CorrectValue="impossible|inactif|incertain|incomplet|indiscret" InitValue="" /></td>
          <td class=" middle">
            TODO group_set ysearch
        <GapFill id="g171" Width="25" CorrectValue="démotiver|découvert|décommander|défavorable|déranger" InitValue="" />
            TODO group_set ysearch
        <GapFill id="g172" Width="25" CorrectValue="démotiver|découvert|décommander|défavorable|déranger" InitValue="" />
            TODO group_set ysearch
        <GapFill id="g173" Width="25" CorrectValue="démotiver|découvert|décommander|défavorable|déranger" InitValue="" />
            TODO group_set ysearch
        <GapFill id="g174" Width="25" CorrectValue="démotiver|découvert|décommander|défavorable|déranger" InitValue="" />
            TODO group_set ysearch
        <GapFill id="g175" Width="25" CorrectValue="démotiver|découvert|décommander|défavorable|déranger" InitValue="" /></td>
        </tr>
      </table>
    </div>
  </div>
  <div class="col-md-5">
    <div class="panel panel-info">
      <div class="panel-body">
        <p>
          {{Ttrans}}
        </p>
      </div>
    </div>
  </div>
  <info title="Les contraires" instrTitle="Trouvez le bon préfix pour exprimer le contraire. Complétez le tableau." instrs="FILLING_IN" />
</Page>