﻿<?xml version="1.0" encoding="utf-8"?>
<Page id="hufex1_l07_b02">
  <p>
    <a href="http://www.langmaster.cz/comcz/French1/l07/b/hufex1_l07_b02.htm">/French1/l07/b/hufex1_l07_b02.htm</a>
    <br />
    <a href="http://www.langmaster.cz/comcz/French1/l07/b/home.htm">
                            cvičení 2</a>
  </p>
  <div class="row">
    <div class="col-md-2 ">
      <img src="/schools/eaimgmp3/french1/img/homestudy/lesson07/page129/1641h0003.jpg" />
    </div>
    <div class="col-md-10 ">
      <table class="table table-bordered c-table">
        <tr>
          <td class=" middle">
              Vous passez les vacances en <GapFill id="g156" Width="200" CorrectValue="pleine" InitValue="plein" /> nature?
            </td>
        </tr>
        <tr>
          <td class=" middle">
              Oui, pour moi, le calme, c’est <GapFill id="g205" Width="200" CorrectValue="important" InitValue="important" />.
            </td>
        </tr>
        <tr>
          <td class=" middle">
              Vous aimez écrire des cartes <GapFill id="g254" Width="200" CorrectValue="postales" InitValue="postal" />?
            </td>
        </tr>
        <tr>
          <td class=" middle">
              J’adore! La <GapFill id="g303" Width="200" CorrectValue="première" InitValue="premier" /> est pour une amie <GapFill id="g304" Width="200" CorrectValue="italienne" InitValue="italien" />.
            </td>
        </tr>
        <tr>
          <td class=" middle">
              Je voudrais un <GapFill id="g353" Width="200" CorrectValue="bon" InitValue="bon" /> camembert.
            </td>
        </tr>
        <tr>
          <td class=" middle">
              Voilà! Il est <GapFill id="g402" Width="200" CorrectValue="excellent" InitValue="excellent" />.
            </td>
        </tr>
        <tr>
          <td class=" middle">
              Vous aimez la cuisine <GapFill id="g451" Width="200" CorrectValue="chinoise" InitValue="chinois" />?
            </td>
        </tr>
        <tr>
          <td class=" middle">
              Oui, mais je préfère la cuisine <GapFill id="g500" Width="200" CorrectValue="vietnamienne" InitValue="vietnamien" />.
            </td>
        </tr>
        <tr>
          <td class=" middle">
              Après les <GapFill id="g549" Width="200" CorrectValue="petites" InitValue="petit" /> séances de méditation, qu’est-ce que vous faites?
            </td>
        </tr>
        <tr>
          <td class=" middle">
              Des activités très <GapFill id="g598" Width="200" CorrectValue="intéressantes" InitValue="intéressant" />.
            </td>
        </tr>
      </table>
    </div>
  </div>
  <info title="Avec ou sans -e" instrTitle="{{Ahtmltitle}}" instrs="CORRECTION" />
</Page>