﻿<?xml version="1.0" encoding="utf-8"?>
<Page id="hufex1_l07_b03">
  <p>
    <a href="http://www.langmaster.cz/comcz/French1/l07/b/hufex1_l07_b03.htm">/French1/l07/b/hufex1_l07_b03.htm</a>
    <br />
    <a href="http://www.langmaster.cz/comcz/French1/l07/b/home.htm">
                            cvičení 3</a>
  </p>
  <Possibilities Words="allemand|français|italien|anglais|autrichien" />
  <div>
    <table>
      <tr>
        <td class=" middle">
          <b>{{Tb}}</b>
          <img src="/schools/eaimgmp3/french1/img/homestudy/lesson07/page128/16_flagge.jpg" />
          <br />
          <GapFill id="g289" Width="200" CorrectValue="Ce sont les drapeaux anglais." InitValue="Ce sont les drapeaux anglais." />
        </td>
        <td class=" middle">
          <img src="/schools/eaimgmp3/french1/img/homestudy/lesson07/page128/biers.jpg" />
          <br />
          <GapFill id="g394" Width="200" CorrectValue="Ce sont des bières allemandes." InitValue="" />
        </td>
      </tr>
      <tr>
        <td class=" middle">
          <img src="/schools/eaimgmp3/french1/img/homestudy/lesson07/page128/contrex.jpg" />
          <br />
          <GapFill id="g497" Width="200" CorrectValue="C’est une eau minérale française." InitValue="" />
        </td>
        <td class=" middle">
          <img src="/schools/eaimgmp3/french1/img/homestudy/lesson07/page128/16_pisa.jpg" />
          <br />
          <GapFill id="g600" Width="200" CorrectValue="C’est un monument italien." InitValue="" />
        </td>
      </tr>
      <tr>
        <td class=" middle">
          <img src="/schools/eaimgmp3/french1/img/homestudy/lesson07/page128/16_2.jpg" />
          <br />
          <GapFill id="g703" Width="200" CorrectValue="C’est une ville autrichienne." InitValue="" />
        </td>
        <td class=" middle" />
      </tr>
    </table>
  </div>
  <info title="Qu’est-ce que c’est?" instrTitle="{{Ahtmltitle}}" instrs="FILLING_IN" />
</Page>