﻿<?xml version="1.0" encoding="utf-8"?>
<Page id="hufex1_l07_b06">
  <p>
    <a href="http://www.langmaster.cz/comcz/French1/l07/b/hufex1_l07_b06.htm">/French1/l07/b/hufex1_l07_b06.htm</a>
    <br />
    <a href="http://www.langmaster.cz/comcz/French1/l07/b/home.htm">
                            cvičení 6</a>
  </p>
  <div>
    <img src="/schools/eaimgmp3/french1/img/homestudy/lesson07/page130/anglie2002289.jpg" />
  </div>
  <div>
    <table>
      <tr>
        <td class=" middle" />
        <td class=" middle">
          <MacroListWordOrdering Width="600-800"><![CDATA[
aux|partie|Claire|croisière|Caraïbes|est|en
Claire est partie en croisière aux Caraïbes]]></MacroListWordOrdering>
        </td>
      </tr>
      <tr>
        <td class=" middle" />
        <td class=" middle">
          <MacroListWordOrdering Width="600-800"><![CDATA[
Nous|trois|sommes|Egypte|en|semaines|restés
Nous sommes restés trois semaines en Egypte]]></MacroListWordOrdering>
        </td>
      </tr>
      <tr>
        <td class=" middle" />
        <td class=" middle">
          <MacroListWordOrdering Width="600-800"><![CDATA[
Ils|sont|acheter|dans|d’avion|billet|entrés|agence|pour|un|une
Ils sont entrés dans une agence pour acheter un billet d’avion]]></MacroListWordOrdering>
        </td>
      </tr>
      <tr>
        <td class=" middle" />
        <td class=" middle">
          <MacroListWordOrdering Width="600-800"><![CDATA[
devant|une|ne|passés|pharmacie|pas|sommes|Nous
Nous ne sommes pas passés devant une pharmacie]]></MacroListWordOrdering>
        </td>
      </tr>
      <tr>
        <td class=" middle" />
        <td class=" middle">
          <MacroListWordOrdering Width="600-800"><![CDATA[
pas|Portugal|sont|ne|allés|au|Ils
Ils ne sont pas allés au Portugal]]></MacroListWordOrdering>
        </td>
      </tr>
    </table>
  </div>
  <info title="L’ordre des mots" instrTitle="{{Ahtmltitle}}" instrs="WORD_SEQUENCING" />
</Page>