﻿<?xml version="1.0" encoding="utf-8"?>
<Page id="hufex1_l07_b08">
  <p>
    <a href="http://www.langmaster.cz/comcz/French1/l07/b/hufex1_l07_b08.htm">/French1/l07/b/hufex1_l07_b08.htm</a>
    <br />
    <a href="http://www.langmaster.cz/comcz/French1/l07/b/home.htm">
                            cvičení 8</a>
  </p>
  <div>
    <img src="/schools/eaimgmp3/french1/img/vocabulary/lesson07/page64/bewegung.gif" />
  </div>
  <div class="row">
    <div class="col-md-3 ">
      <div class="panel panel-info">
        <div class="panel-heading">
          <h3>Attention!</h3>
        </div>
        <div class="panel-body">
          <p>
            {{Ttrans}}
            <br />
            {{Ttrans1}}
          </p>
        </div>
      </div>
    </div>
    <div class="col-md-9 ">
      <table class="table table-bordered c-table">
        <tr>
          <td class=" middle">
              {{Ttrans2}}
              <br /><GapFill id="g327" Width="200" CorrectValue="passer" InitValue="" /></td>
        </tr>
        <tr>
          <td class=" middle">
              {{Ttrans3}}
              <br /><GapFill id="g427" Width="200" CorrectValue="tomber" InitValue="" /></td>
        </tr>
        <tr>
          <td class=" middle">
              {{Ttrans4}}
              <br /><GapFill id="g527" Width="200" CorrectValue="rester" InitValue="" /></td>
        </tr>
        <tr>
          <td class=" middle">
              {{Ttrans5}}
              <br /><GapFill id="g627" Width="200" CorrectValue="monter" InitValue="" /></td>
        </tr>
        <tr>
          <td class=" middle">
              {{Ttrans6}}
              <br /><GapFill id="g727" Width="200" CorrectValue="naître" InitValue="" /></td>
        </tr>
        <tr>
          <td class=" middle">
              {{Ttrans7}}
              <br /><GapFill id="g827" Width="200" CorrectValue="partir" InitValue="" /></td>
        </tr>
        <tr>
          <td class=" middle">
              {{Ttrans8}}
              <br /><GapFill id="g927" Width="200" CorrectValue="aller" InitValue="" /></td>
        </tr>
        <tr>
          <td class=" middle">
              {{Ttrans9}}
              <br /><GapFill id="g1027" Width="200" CorrectValue="arriver|venir" InitValue="" /></td>
        </tr>
        <tr>
          <td class=" middle">
              {{Ttrans10}}
              <br /><GapFill id="g1134" Width="200" CorrectValue="descendre" InitValue="" /></td>
        </tr>
        <tr>
          <td class=" middle">
              {{Ttrans11}}
              <br /><GapFill id="g1234" Width="200" CorrectValue="entrer" InitValue="" /></td>
        </tr>
        <tr>
          <td class=" middle">
              {{Ttrans12}}
              <br /><GapFill id="g1334" Width="200" CorrectValue="sortir" InitValue="" /></td>
        </tr>
        <tr>
          <td class=" middle">
              {{Ttrans13}}
              <br /><GapFill id="g1434" Width="200" CorrectValue="mourir" InitValue="" /></td>
        </tr>
      </table>
    </div>
  </div>
  <info title="Le passé composé avec être" instrTitle="{{Ahtmltitle}}" instrs="FILLING_IN" />
</Page>