﻿<?xml version="1.0" encoding="utf-8"?>
<Page id="hufex1_l07_b09">
  <p>
    <a href="http://www.langmaster.cz/comcz/French1/l07/b/hufex1_l07_b09.htm">/French1/l07/b/hufex1_l07_b09.htm</a>
    <br />
    <a href="http://www.langmaster.cz/comcz/French1/l07/b/home.htm">
                            cvičení 9</a>
  </p>
  <div class="row">
    <div class="col-md-2 ">
      <img src="/schools/eaimgmp3/french1/img/vocabulary/lesson07/page64/1475h0088.gif" />
    </div>
    <div class="col-md-4 ">
      <div>
        <table class="table c-table">
          <tr>
            <td>
              <b>
                  {{Ttrans}}
                </b>
              <br />
                monter / descendre<br /><GapFill id="g284" Width="200" CorrectValue="monté / descendu" InitValue="monté / descendu" /></td>
          </tr>
        </table>
      </div>
      <table class="table table-bordered c-table">
        <tr>
          <td class=" middle">
              arriver / partir<br /><GapFill id="g384" Width="200" CorrectValue="arrivé / parti" InitValue="" /></td>
        </tr>
        <tr>
          <td class=" middle">
              partir / rester<br /><GapFill id="g482" Width="200" CorrectValue="parti / resté" InitValue="" /></td>
        </tr>
        <tr>
          <td class=" middle">
              entrer / sortir<br /><GapFill id="g580" Width="200" CorrectValue="entré / sorti" InitValue="" /></td>
        </tr>
        <tr>
          <td class=" middle">
              naître / mourir<br /><GapFill id="g678" Width="200" CorrectValue="né / mort" InitValue="" /></td>
        </tr>
      </table>
    </div>
    <div class="col-md-4 ">
      <div class="panel panel-info">
        <div class="panel-body">
          <p>
            <b>
              {{Ttrans1}}
            </b>
          </p>
          <p>
            {{Ttrans2}}
          </p>
        </div>
      </div>
    </div>
  </div>
  <info title="Les contraires" instrTitle="{{Ahtmltitle}}" instrs="FILLING_IN" />
</Page>