﻿<?xml version="1.0" encoding="utf-8"?>
<Page id="hufex1_l07_b10">
  <p>
    <a href="http://www.langmaster.cz/comcz/French1/l07/b/hufex1_l07_b10.htm">/French1/l07/b/hufex1_l07_b10.htm</a>
    <br />
    <a href="http://www.langmaster.cz/comcz/French1/l07/b/home.htm">
                            cvičení 10</a>
  </p>
  <div class="row">
    <div class="col-md-4 ">
      <img src="/schools/eaimgmp3/french1/img/vocabulary/lesson07/page65/1861h0001.jpg" />
    </div>
    <div class="col-md-8 ">
      <div>
        <table class="table c-table">
          <tr>
            <td>
              <b>
                  {{Ttrans}}
                </b>
              <br />
             venir –
                {{Ttrans1}}
                <br /><GapFill id="g284" Width="200" CorrectValue="revenir" InitValue="revenir" /></td>
          </tr>
        </table>
      </div>
      <table class="table table-bordered c-table">
        <tr>
          <td class=" middle">
              faire –
              {{Ttrans2}}
              <br /><GapFill id="g384" Width="200" CorrectValue="refaire" InitValue="" /></td>
        </tr>
        <tr>
          <td class=" middle">
           prendre –
              {{Ttrans3}}
              <br /><GapFill id="g482" Width="200" CorrectValue="reprendre" InitValue="" /></td>
        </tr>
        <tr>
          <td class=" middle">
        partir -
              {{Ttrans4}}
              <br /><GapFill id="g580" Width="200" CorrectValue="repartir" InitValue="" /></td>
        </tr>
        <tr>
          <td class=" middle">
              voir -
              {{Ttrans5}}
              <br /><GapFill id="g678" Width="200" CorrectValue="revoir" InitValue="" /></td>
        </tr>
      </table>
    </div>
  </div>
  <div class="col-md-5">
    <div class="panel panel-info">
      <div class="panel-heading">
        <h3>{{Aboxtitle}}</h3>
      </div>
      <div class="panel-body">
        <p>
          {{Ttrans6}}
        </p>
        <p>
          {{Ttrans7}}
            <b> Partir </b> -
          {{Ttrans8}}
            <b> repartir - </b>
          {{Ttrans9}}
        </p>
      </div>
    </div>
  </div>
  <info title="Répetition" instrTitle="{{Ahtmltitle}}" instrs="FILLING_IN" />
</Page>