﻿<?xml version="1.0" encoding="utf-8"?>
<Module title="Chapitre B">
   <Ex id="hufex1_l07_b01"
       title="Adjectifs"
       instr="{{Ahtmltitle}}"
       tech_instr="CORRECTION">
      <p>
         <a target="_blank"
            href="http://www.langmaster.cz/comcz/French1/l07/b/hufex1_l07_b01.htm">/French1/l07/b/hufex1_l07_b01.htm</a>
         <br/>
         <a target="_blank"
            href="http://www.langmaster.cz/comcz/French1/l07/b/home.htm">
                            cvičení 1</a>
      </p>
      <div class="row">
         <div class="col-md-2 ">
            <img src="/schools/eaimgmp3/french1/img/coursebook/lesson07/page61/0645h0242.gif"/>
         </div>
         <div class="col-md-10 ">
            <table class="table table-bordered c-table">
               <tr>
                  <td class=" middle">
              Elle aime la salade <GapFill id="g156" CorrectValue="verte," InitValue="vert," Width="200"/> le riz <GapFill id="g157"
                              CorrectValue="complet"
                              InitValue="complet"
                              Width="200"/> et les fruits <GapFill id="g158" CorrectValue="rouges." InitValue="rouge." Width="200"/>
                  </td>
               </tr>
               <tr>
                  <td class=" middle">
              Lille est une <GapFill id="g207" CorrectValue="grande" InitValue="grand" Width="200"/> ville <GapFill id="g208"
                              CorrectValue="française"
                              InitValue="français"
                              Width="200"/> avec un orchestre très <GapFill id="g209"
                              CorrectValue="dynamique."
                              InitValue="dynamique."
                              Width="200"/>
                  </td>
               </tr>
               <tr>
                  <td class=" middle">
              J’adore les pâtes <GapFill id="g258"
                              CorrectValue="italiennes,"
                              InitValue="italien,"
                              Width="200"/> les vins <GapFill id="g259"
                              CorrectValue="espagnols,"
                              InitValue="espagnol"
                              Width="200"/> le chocolat <GapFill id="g260"
                              CorrectValue="suisse,"
                              InitValue="suisse,"
                              Width="200"/> la bière <GapFill id="g261"
                              CorrectValue="allemande"
                              InitValue="allemand"
                              Width="200"/> et les bonbons <GapFill id="g262"
                              CorrectValue="anglais."
                              InitValue="anglais."
                              Width="200"/>
                  </td>
               </tr>
               <tr>
                  <td class=" middle">
              Juliette Binoche est une actrice <GapFill id="g311"
                              CorrectValue="française,"
                              InitValue="français,"
                              Width="200"/> <GapFill id="g312"
                              CorrectValue="discrète"
                              InitValue="discret"
                              Width="200"/> et <GapFill id="g313"
                              CorrectValue="charmante."
                              InitValue="charmant."
                              Width="200"/>
                  </td>
               </tr>
               <tr>
                  <td class=" middle">
              Julien et Nathalie sont <GapFill id="g362"
                              CorrectValue="dynamiques,"
                              InitValue="dynamique,"
                              Width="200"/> <GapFill id="g363"
                              CorrectValue="sportifs"
                              InitValue="sportif"
                              Width="200"/> et <GapFill id="g364"
                              CorrectValue="passionnés"
                              InitValue="passionné"
                              Width="200"/> de jazz.
            </td>
               </tr>
               <tr>
                  <td class=" middle">
              Ils cherchent un <GapFill id="g413" CorrectValue="petit" InitValue="petit" Width="200"/> appartement sur les <GapFill id="g414" CorrectValue="grands" InitValue="grand" Width="200"/> boulevards.
            </td>
               </tr>
            </table>
         </div>
      </div>
      <div class="col-md-5">
         <div class="panel panel-info">
            <div class="panel-body">
               <table class="table c-table">
                  <tr>
                     <td>
                        <p>
                           <b>Singulier</b>
                        </p>
                        <p>
                le vin italien<br/>
                la bière allemand<b>e</b>
                           <br/>
                un enfant japonais
              </p>
                     </td>
                     <td>
                        <p>
                           <b>Pluriel</b>
                        </p>
                        <p>
                           <b>les</b> vin<b>s</b> italien<b>s</b>
                           <br/>
                           <b>les </b>bière<b>s </b>allemand<b>es</b>
                           <br/>
                           <b>des </b>enfants japonais
              </p>
                     </td>
                  </tr>
               </table>
            </div>
         </div>
      </div>
   </Ex>
   <Ex id="hufex1_l07_b02"
       title="Avec ou sans -e"
       instr="{{Ahtmltitle}}"
       tech_instr="CORRECTION">
      <p>
         <a target="_blank"
            href="http://www.langmaster.cz/comcz/French1/l07/b/hufex1_l07_b02.htm">/French1/l07/b/hufex1_l07_b02.htm</a>
         <br/>
         <a target="_blank"
            href="http://www.langmaster.cz/comcz/French1/l07/b/home.htm">
                            cvičení 2</a>
      </p>
      <div class="row">
         <div class="col-md-2 ">
            <img src="/schools/eaimgmp3/french1/img/homestudy/lesson07/page129/1641h0003.jpg"/>
         </div>
         <div class="col-md-10 ">
            <table class="table table-bordered c-table">
               <tr>
                  <td class=" middle">
              Vous passez les vacances en <GapFill id="g156" CorrectValue="pleine" InitValue="plein" Width="200"/> nature?
            </td>
               </tr>
               <tr>
                  <td class=" middle">
              Oui, pour moi, le calme, c’est <GapFill id="g205"
                              CorrectValue="important"
                              InitValue="important"
                              Width="200"/>.
            </td>
               </tr>
               <tr>
                  <td class=" middle">
              Vous aimez écrire des cartes <GapFill id="g254"
                              CorrectValue="postales"
                              InitValue="postal"
                              Width="200"/>?
            </td>
               </tr>
               <tr>
                  <td class=" middle">
              J’adore! La <GapFill id="g303"
                              CorrectValue="première"
                              InitValue="premier"
                              Width="200"/> est pour une amie <GapFill id="g304"
                              CorrectValue="italienne"
                              InitValue="italien"
                              Width="200"/>.
            </td>
               </tr>
               <tr>
                  <td class=" middle">
              Je voudrais un <GapFill id="g353" CorrectValue="bon" InitValue="bon" Width="200"/> camembert.
            </td>
               </tr>
               <tr>
                  <td class=" middle">
              Voilà! Il est <GapFill id="g402"
                              CorrectValue="excellent"
                              InitValue="excellent"
                              Width="200"/>.
            </td>
               </tr>
               <tr>
                  <td class=" middle">
              Vous aimez la cuisine <GapFill id="g451"
                              CorrectValue="chinoise"
                              InitValue="chinois"
                              Width="200"/>?
            </td>
               </tr>
               <tr>
                  <td class=" middle">
              Oui, mais je préfère la cuisine <GapFill id="g500"
                              CorrectValue="vietnamienne"
                              InitValue="vietnamien"
                              Width="200"/>.
            </td>
               </tr>
               <tr>
                  <td class=" middle">
              Après les <GapFill id="g549" CorrectValue="petites" InitValue="petit" Width="200"/> séances de méditation, qu’est-ce que vous faites?
            </td>
               </tr>
               <tr>
                  <td class=" middle">
              Des activités très <GapFill id="g598"
                              CorrectValue="intéressantes"
                              InitValue="intéressant"
                              Width="200"/>.
            </td>
               </tr>
            </table>
         </div>
      </div>
   </Ex>
   <Ex id="hufex1_l07_b03"
       title="Qu’est-ce que c’est?"
       instr="{{Ahtmltitle}}"
       tech_instr="FILLING_IN">
      <p>
         <a target="_blank"
            href="http://www.langmaster.cz/comcz/French1/l07/b/hufex1_l07_b03.htm">/French1/l07/b/hufex1_l07_b03.htm</a>
         <br/>
         <a target="_blank"
            href="http://www.langmaster.cz/comcz/French1/l07/b/home.htm">
                            cvičení 3</a>
      </p>
      <Possibilities Words="anglais|français|allemand|autrichien|italien"/>
      <div>
         <table class="table c-table">
            <tr>
               <td class=" middle">
                  <b>{{Tb}}</b>
                  <img src="/schools/eaimgmp3/french1/img/homestudy/lesson07/page128/16_flagge.jpg"/>
                  <br/>
                  <GapFill id="g289"
                           CorrectValue="Ce sont les drapeaux anglais."
                           InitValue="Ce sont les drapeaux anglais."
                           Example="true"
                           Width="200"/>
               </td>
               <td class=" middle">
                  <img src="/schools/eaimgmp3/french1/img/homestudy/lesson07/page128/biers.jpg"/>
                  <br/>
                  <GapFill id="g394" CorrectValue="Ce sont des bières allemandes." Width="200"/>
               </td>
            </tr>
            <tr>
               <td class=" middle">
                  <img src="/schools/eaimgmp3/french1/img/homestudy/lesson07/page128/contrex.jpg"/>
                  <br/>
                  <GapFill id="g497"
                           CorrectValue="C’est une eau minérale française."
                           Width="200"/>
               </td>
               <td class=" middle">
                  <img src="/schools/eaimgmp3/french1/img/homestudy/lesson07/page128/16_pisa.jpg"/>
                  <br/>
                  <GapFill id="g600" CorrectValue="C’est un monument italien." Width="200"/>
               </td>
            </tr>
            <tr>
               <td class=" middle">
                  <img src="/schools/eaimgmp3/french1/img/homestudy/lesson07/page128/16_2.jpg"/>
                  <br/>
                  <GapFill id="g703" CorrectValue="C’est une ville autrichienne." Width="200"/>
               </td>
               <td class=" middle"/>
            </tr>
         </table>
      </div>
   </Ex>
   <Ex id="hufex1_l07_b04"
       title="Passé composé"
       instr="{{Ahtmltitle}}"
       tech_instr="CORRECTION">
      <p>
         <a target="_blank"
            href="http://www.langmaster.cz/comcz/French1/l07/b/hufex1_l07_b04.htm">/French1/l07/b/hufex1_l07_b04.htm</a>
         <br/>
         <a target="_blank"
            href="http://www.langmaster.cz/comcz/French1/l07/b/home.htm">
                            cvičení 4</a>
      </p>
      <div>
         <img src="/schools/eaimgmp3/french1/img/coursebook/lesson07/page62/bewegung.gif"/>
      </div>
      <div>
         <table class="table table-bordered c-table">
            <tr>
               <td class=" middle">
            Julie <GapFill id="g203" CorrectValue="est née" InitValue="naître" Width="200"/> à Marseille.
          </td>
            </tr>
            <tr>
               <td class=" middle">
            Simon et elle <GapFill id="g252"
                           CorrectValue="sont allés"
                           InitValue="aller"
                           Width="200"/> à Paris pour chercher du travail.
          </td>
            </tr>
            <tr>
               <td class=" middle">
            Il y a six mois, Julie <GapFill id="g301"
                           CorrectValue="est partie"
                           InitValue="partir"
                           Width="200"/> en Tunisie avec une amie.
          </td>
            </tr>
            <tr>
               <td class=" middle">
            Simon <GapFill id="g350"
                           CorrectValue="n’est pas venu"
                           InitValue="ne pas venir"
                           Width="200"/>.
          </td>
            </tr>
            <tr>
               <td class=" middle">
            Corinne et Marie <GapFill id="g399"
                           CorrectValue="sont parties"
                           InitValue="partir"
                           Width="200"/> aux Etats-Unis pour apprendre l’anglais. Elles <GapFill id="g400"
                           CorrectValue="sont revenues"
                           InitValue="revenir"
                           Width="200"/> il y a deux jours.
          </td>
            </tr>
            <tr>
               <td class=" middle">
            Tu <GapFill id="g449"
                           CorrectValue="es rentré|es rentrée"
                           InitValue="rentrer"
                           Width="200"/> du concert à quelle heure ? – A minuit.
          </td>
            </tr>
         </table>
      </div>
   </Ex>
   <Ex id="hufex1_l07_b05"
       title="Né ou née"
       instr="{{Ahtmltitle}}"
       tech_instr="CORRECTION">
      <p>
         <a target="_blank"
            href="http://www.langmaster.cz/comcz/French1/l07/b/hufex1_l07_b05.htm">/French1/l07/b/hufex1_l07_b05.htm</a>
         <br/>
         <a target="_blank"
            href="http://www.langmaster.cz/comcz/French1/l07/b/home.htm">
                            cvičení 5</a>
      </p>
      <div>
         <img src="/schools/eaimgmp3/french1/img/homestudy/lesson07/page129/obr.gif"/>
      </div>
      <div>
         <table class="table table-bordered c-table">
            <tr>
               <td class=" middle">
            Françoise est <GapFill id="g156" CorrectValue="née" InitValue="né" Width="200"/> en Guadeloupe.
          </td>
            </tr>
            <tr>
               <td class=" middle">
            Les Cédolin sont <GapFill id="g205" CorrectValue="allés" InitValue="allé" Width="200"/> en Bavière en voiture. Ils sont <GapFill id="g206" CorrectValue="passés" InitValue="passé" Width="200"/> par la Suisse.
          </td>
            </tr>
            <tr>
               <td class=" middle">
            L’avion de Marseille est <GapFill id="g255" CorrectValue="arrivé" InitValue="arrivé" Width="200"/> à Paris avec une demi-heure de retard.
          </td>
            </tr>
            <tr>
               <td class=" middle">
            Elles sont <GapFill id="g304"
                           CorrectValue="revenues"
                           InitValue="revenu"
                           Width="200"/> des Etats-Unis il y a une semaine.
          </td>
            </tr>
            <tr>
               <td class=" middle">
            Grace Kelly est <GapFill id="g353" CorrectValue="morte" InitValue="mort" Width="200"/> dans un accident de voiture.
          </td>
            </tr>
            <tr>
               <td class=" middle">
            Nous sommes <GapFill id="g402"
                           CorrectValue="descendus|descendues"
                           InitValue="descendu"
                           Width="200"/> à la station Châtelet et nous sommes <GapFill id="g405"
                           CorrectValue="allés|allées"
                           InitValue="allé"
                           Width="200"/> au Louvre à pied.
          </td>
            </tr>
            <tr>
               <td class=" middle">
            Suzanne et Basile sont <GapFill id="g456" CorrectValue="partis" InitValue="parti" Width="200"/> sans laisser d’adresse.
          </td>
            </tr>
            <tr>
               <td class=" middle">
            On est <GapFill id="g505" CorrectValue="resté" InitValue="resté" Width="200"/> dix ans au Maroc.
          </td>
            </tr>
            <tr>
               <td class=" middle">
            Les enfants, est-ce que vous êtes <GapFill id="g554"
                           CorrectValue="allés|allées"
                           InitValue="allé"
                           Width="200"/> faire les courses?
          </td>
            </tr>
            <tr>
               <td class=" middle">
            Elle est <GapFill id="g605" CorrectValue="montée" InitValue="monté" Width="200"/> trop vite et elle est <GapFill id="g606" CorrectValue="tombée" InitValue="tombé" Width="200"/> dans l’escalier.
          </td>
            </tr>
         </table>
      </div>
   </Ex>
   <Ex id="hufex1_l07_b06"
       title="L’ordre des mots"
       instr="{{Ahtmltitle}}"
       tech_instr="WORD_SEQUENCING">
      <p>
         <a target="_blank"
            href="http://www.langmaster.cz/comcz/French1/l07/b/hufex1_l07_b06.htm">/French1/l07/b/hufex1_l07_b06.htm</a>
         <br/>
         <a target="_blank"
            href="http://www.langmaster.cz/comcz/French1/l07/b/home.htm">
                            cvičení 6</a>
      </p>
      <div>
         <img src="/schools/eaimgmp3/french1/img/homestudy/lesson07/page130/anglie2002289.jpg"/>
      </div>
      <div>
         <table class="table c-table">
            <tr>
               <td class=" middle"/>
               <td class=" middle">
                  <MacroListWordOrdering Width="600-800" InlineType="GapFill"><![CDATA[
Caraïbes|en|croisière|est|partie|Claire|aux
Claire est partie en croisière aux Caraïbes]]></MacroListWordOrdering>
               </td>
            </tr>
            <tr>
               <td class=" middle"/>
               <td class=" middle">
                  <MacroListWordOrdering Width="600-800" InlineType="GapFill"><![CDATA[
Egypte|en|semaines|trois|Nous|sommes|restés
Nous sommes restés trois semaines en Egypte]]></MacroListWordOrdering>
               </td>
            </tr>
            <tr>
               <td class=" middle"/>
               <td class=" middle">
                  <MacroListWordOrdering Width="600-800" InlineType="GapFill"><![CDATA[
Ils|dans|sont|acheter|une|billet|entrés|pour|un|agence|d’avion
Ils sont entrés dans une agence pour acheter un billet d’avion]]></MacroListWordOrdering>
               </td>
            </tr>
            <tr>
               <td class=" middle"/>
               <td class=" middle">
                  <MacroListWordOrdering Width="600-800" InlineType="GapFill"><![CDATA[
ne|pas|devant|une|sommes|passés|pharmacie|Nous
Nous ne sommes pas passés devant une pharmacie]]></MacroListWordOrdering>
               </td>
            </tr>
            <tr>
               <td class=" middle"/>
               <td class=" middle">
                  <MacroListWordOrdering Width="600-800" InlineType="GapFill"><![CDATA[
Portugal|Ils|sont|ne|au|pas|allés
Ils ne sont pas allés au Portugal]]></MacroListWordOrdering>
               </td>
            </tr>
         </table>
      </div>
   </Ex>
   <Ex id="hufex1_l07_b07"
       title="En général, oui, mais..."
       instr="{{Ahtmltitle}}"
       tech_instr="FILLING_IN">
      <p>
         <a target="_blank"
            href="http://www.langmaster.cz/comcz/French1/l07/b/hufex1_l07_b07.htm">/French1/l07/b/hufex1_l07_b07.htm</a>
         <br/>
         <a target="_blank"
            href="http://www.langmaster.cz/comcz/French1/l07/b/home.htm">
                            cvičení 7</a>
      </p>
      <div>
         <img src="/schools/eaimgmp3/french1/img/homestudy/lesson07/page130/c174h0045.jpg"/>
      </div>
      <div>
         <i>
          Vous sortez souvent le samedi soir?<br/>
          En général, oui. Mais samedi dernier, nous ne sommes pas sortis.<br/>
          Nous sommes restés à la maison.
        </i>
         <br/>
         <br/>
        Vous partez toujours en vacances en août?<br/>
        En général, oui. Mais l’année dernière, <GapFill id="g338"
                  CorrectValue="on n´est pas partis en août|nous ne sommes pas partis en août|nous ne sommes pas parties en août"
                  Width="200"/>.<br/>
         <GapFill id="g388"
                  CorrectValue="On est partis en septembre|Nous sommes partis en septembre|Nous sommes parties en septembre"
                  Width="200"/>. (septembre)
      <br/>
         <br/>
        Vous restez chez vous à Noël?<br/>
        D’habitude, oui. Mais l’année dernière, je <GapFill id="g484"
                  CorrectValue="ne suis pas resté chez moi|ne suis pas restée chez moi"
                  Width="200"/>.<br/>
         <GapFill id="g533"
                  CorrectValue="Je suis allé faire du ski|Je suis allée faire du ski"
                  Width="200"/>. (aller faire du ski)
      <br/>
         <br/>
        Vous descendez à l’hôtel quand vous voyagez?<br/>
        Oui. Mais la dernière fois, nous <GapFill id="g628"
                  CorrectValue="ne sommes pas descendus à l’hôtel|ne sommes pas descendues à l’hôtel"
                  Width="200"/>.<br/>
         <GapFill id="g677"
                  CorrectValue="Nous sommes allés au camping|Nous sommes allées au camping"
                  Width="200"/>. (aller au camping)
      <br/>
         <br/>
        Ils viennent souvent dans la région?<br/>
        Oui, en été. Mais l’été dernier, ils <GapFill id="g772" CorrectValue="ne sont pas venus" Width="200"/>.<br/>
         <GapFill id="g819" CorrectValue="Ils sont allés en Espagne" Width="200"/>. (aller en Espagne)
      <br/>
         <br/>
        Vous passez toujours par l’Italie pour aller sur la Côte d’Azur?<br/>
        Normalement, oui. Mais le mois dernier, je <GapFill id="g912"
                  CorrectValue="ne suis pas passé par l’Italie|ne suis pas passée par l’Italie"
                  Width="200"/>.<br/>
         <GapFill id="g961"
                  CorrectValue="Je suis passé par la Suisse|Je suis passée par la Suisse"
                  Width="200"/>. (Suisse)
      </div>
   </Ex>
   <Ex id="hufex1_l07_b08"
       title="Le passé composé avec être"
       instr="{{Ahtmltitle}}"
       tech_instr="FILLING_IN">
      <p>
         <a target="_blank"
            href="http://www.langmaster.cz/comcz/French1/l07/b/hufex1_l07_b08.htm">/French1/l07/b/hufex1_l07_b08.htm</a>
         <br/>
         <a target="_blank"
            href="http://www.langmaster.cz/comcz/French1/l07/b/home.htm">
                            cvičení 8</a>
      </p>
      <div>
         <img src="/schools/eaimgmp3/french1/img/vocabulary/lesson07/page64/bewegung.gif"/>
      </div>
      <div class="row">
         <div class="col-md-3 ">
            <div class="panel panel-info">
               <div class="panel-heading">
                  <h3>Attention!</h3>
               </div>
               <div class="panel-body">
                  <p>
            {{Ttrans}}
            <br/>
            {{Ttrans1}}
          </p>
               </div>
            </div>
         </div>
         <div class="col-md-9 ">
            <table class="table table-bordered c-table">
               <tr>
                  <td class=" middle">
              {{Ttrans2}}
              <br/>
                     <GapFill id="g327" CorrectValue="passer" Width="200"/>
                  </td>
               </tr>
               <tr>
                  <td class=" middle">
              {{Ttrans3}}
              <br/>
                     <GapFill id="g427" CorrectValue="tomber" Width="200"/>
                  </td>
               </tr>
               <tr>
                  <td class=" middle">
              {{Ttrans4}}
              <br/>
                     <GapFill id="g527" CorrectValue="rester" Width="200"/>
                  </td>
               </tr>
               <tr>
                  <td class=" middle">
              {{Ttrans5}}
              <br/>
                     <GapFill id="g627" CorrectValue="monter" Width="200"/>
                  </td>
               </tr>
               <tr>
                  <td class=" middle">
              {{Ttrans6}}
              <br/>
                     <GapFill id="g727" CorrectValue="naître" Width="200"/>
                  </td>
               </tr>
               <tr>
                  <td class=" middle">
              {{Ttrans7}}
              <br/>
                     <GapFill id="g827" CorrectValue="partir" Width="200"/>
                  </td>
               </tr>
               <tr>
                  <td class=" middle">
              {{Ttrans8}}
              <br/>
                     <GapFill id="g927" CorrectValue="aller" Width="200"/>
                  </td>
               </tr>
               <tr>
                  <td class=" middle">
              {{Ttrans9}}
              <br/>
                     <GapFill id="g1027" CorrectValue="arriver|venir" Width="200"/>
                  </td>
               </tr>
               <tr>
                  <td class=" middle">
              {{Ttrans10}}
              <br/>
                     <GapFill id="g1134" CorrectValue="descendre" Width="200"/>
                  </td>
               </tr>
               <tr>
                  <td class=" middle">
              {{Ttrans11}}
              <br/>
                     <GapFill id="g1234" CorrectValue="entrer" Width="200"/>
                  </td>
               </tr>
               <tr>
                  <td class=" middle">
              {{Ttrans12}}
              <br/>
                     <GapFill id="g1334" CorrectValue="sortir" Width="200"/>
                  </td>
               </tr>
               <tr>
                  <td class=" middle">
              {{Ttrans13}}
              <br/>
                     <GapFill id="g1434" CorrectValue="mourir" Width="200"/>
                  </td>
               </tr>
            </table>
         </div>
      </div>
   </Ex>
   <Ex id="hufex1_l07_b09"
       title="Les contraires"
       instr="{{Ahtmltitle}}"
       tech_instr="FILLING_IN">
      <p>
         <a target="_blank"
            href="http://www.langmaster.cz/comcz/French1/l07/b/hufex1_l07_b09.htm">/French1/l07/b/hufex1_l07_b09.htm</a>
         <br/>
         <a target="_blank"
            href="http://www.langmaster.cz/comcz/French1/l07/b/home.htm">
                            cvičení 9</a>
      </p>
      <div class="row">
         <div class="col-md-2 ">
            <img src="/schools/eaimgmp3/french1/img/vocabulary/lesson07/page64/1475h0088.gif"/>
         </div>
         <div class="col-md-4 ">
            <div>
               <table class="table c-table">
                  <tr>
                     <td>
                        <b>
                  {{Ttrans}}
                </b>
                        <br/>
                monter / descendre<br/>
                        <GapFill id="g284"
                                 CorrectValue="monté / descendu"
                                 InitValue="monté / descendu"
                                 Example="true"
                                 Width="200"/>
                     </td>
                  </tr>
               </table>
            </div>
            <table class="table table-bordered c-table">
               <tr>
                  <td class=" middle">
              arriver / partir<br/>
                     <GapFill id="g384" CorrectValue="arrivé / parti" Width="200"/>
                  </td>
               </tr>
               <tr>
                  <td class=" middle">
              partir / rester<br/>
                     <GapFill id="g482" CorrectValue="parti / resté" Width="200"/>
                  </td>
               </tr>
               <tr>
                  <td class=" middle">
              entrer / sortir<br/>
                     <GapFill id="g580" CorrectValue="entré / sorti" Width="200"/>
                  </td>
               </tr>
               <tr>
                  <td class=" middle">
              naître / mourir<br/>
                     <GapFill id="g678" CorrectValue="né / mort" Width="200"/>
                  </td>
               </tr>
            </table>
         </div>
         <div class="col-md-4 ">
            <div class="panel panel-info">
               <div class="panel-body">
                  <p>
                     <b>
              {{Ttrans1}}
            </b>
                  </p>
                  <p>
            {{Ttrans2}}
          </p>
               </div>
            </div>
         </div>
      </div>
   </Ex>
   <Ex id="hufex1_l07_b10"
       title="Répetition"
       instr="{{Ahtmltitle}}"
       tech_instr="FILLING_IN">
      <p>
         <a target="_blank"
            href="http://www.langmaster.cz/comcz/French1/l07/b/hufex1_l07_b10.htm">/French1/l07/b/hufex1_l07_b10.htm</a>
         <br/>
         <a target="_blank"
            href="http://www.langmaster.cz/comcz/French1/l07/b/home.htm">
                            cvičení 10</a>
      </p>
      <div class="row">
         <div class="col-md-4 ">
            <img src="/schools/eaimgmp3/french1/img/vocabulary/lesson07/page65/1861h0001.jpg"/>
         </div>
         <div class="col-md-8 ">
            <div>
               <table class="table c-table">
                  <tr>
                     <td>
                        <b>
                  {{Ttrans}}
                </b>
                        <br/>
             venir –
                {{Ttrans1}}
                <br/>
                        <GapFill id="g284"
                                 CorrectValue="revenir"
                                 InitValue="revenir"
                                 Example="true"
                                 Width="200"/>
                     </td>
                  </tr>
               </table>
            </div>
            <table class="table table-bordered c-table">
               <tr>
                  <td class=" middle">
              faire –
              {{Ttrans2}}
              <br/>
                     <GapFill id="g384" CorrectValue="refaire" Width="200"/>
                  </td>
               </tr>
               <tr>
                  <td class=" middle">
           prendre –
              {{Ttrans3}}
              <br/>
                     <GapFill id="g482" CorrectValue="reprendre" Width="200"/>
                  </td>
               </tr>
               <tr>
                  <td class=" middle">
        partir -
              {{Ttrans4}}
              <br/>
                     <GapFill id="g580" CorrectValue="repartir" Width="200"/>
                  </td>
               </tr>
               <tr>
                  <td class=" middle">
              voir -
              {{Ttrans5}}
              <br/>
                     <GapFill id="g678" CorrectValue="revoir" Width="200"/>
                  </td>
               </tr>
            </table>
         </div>
      </div>
      <div class="col-md-5">
         <div class="panel panel-info">
            <div class="panel-heading">
               <h3>{{Aboxtitle}}</h3>
            </div>
            <div class="panel-body">
               <p>
          {{Ttrans6}}
        </p>
               <p>
          {{Ttrans7}}
            <b> Partir </b> -
          {{Ttrans8}}
            <b> repartir - </b>
          {{Ttrans9}}
        </p>
            </div>
         </div>
      </div>
   </Ex>
</Module>
