﻿<?xml version="1.0" encoding="utf-8"?>
<Page id="hufex2_l09_b02">
  <p>
    <a href="http://www.langmaster.cz/comcz/French2/l09/b/hufex2_l09_b02.htm">/French2/l09/b/hufex2_l09_b02.htm</a>
    <br />
    <a href="http://www.langmaster.cz/comcz/French2/l09/b/home.htm">
                            cvičení 2</a>
  </p>
  <DragSource />
  <div class="row">
    <div class="col-md-3 ">
      <img src="/schools/eaimgmp3/french2/img/coursebook/lesson09/page83/1610h0014.jpg" />
    </div>
    <div class="col-md-9 ">
      <table class="table table-bordered c-table">
        <tr>
          <td class=" middle">habitant d’une ville:</td>
          <td class=" middle">
            <DragTarget id="g198" Width="200" CorrectValue="citadin" />
          </td>
        </tr>
        <tr>
          <td class=" middle">traditionnel:</td>
          <td class=" middle">
            <DragTarget id="g202" Width="200" CorrectValue="ancestral" />
          </td>
        </tr>
        <tr>
          <td class=" middle">mauvais, désagréable, défavorable:</td>
          <td class=" middle">
            <DragTarget id="g206" Width="200" CorrectValue="hostile" />
          </td>
        </tr>
        <tr>
          <td class=" middle">quand le nombre d’habitants au km2 devient trop important:</td>
          <td class=" middle">
            <DragTarget id="g210" Width="200" CorrectValue="surpopulation" />
          </td>
        </tr>
        <tr>
          <td class=" middle">qui est très connu et apprécié:</td>
          <td class=" middle">
            <DragTarget id="g214" Width="200" CorrectValue="réputé" />
          </td>
        </tr>
        <tr>
          <td class=" middle">qualité d’une personne qui réfléchit toujours avant de faire quelque chose:</td>
          <td class=" middle">
            <DragTarget id="g218" Width="200" CorrectValue="sagesse" />
          </td>
        </tr>
        <tr>
          <td class=" middle">amateur, personne qui pratique une activité:</td>
          <td class=" middle">
            <DragTarget id="g222" Width="200" CorrectValue="adepte" />
          </td>
        </tr>
        <tr>
          <td class=" middle">être en honneur, à la mode. Prospérer, se développer:</td>
          <td class=" middle">
            <DragTarget id="g226" Width="200" CorrectValue="fleurir" />
          </td>
        </tr>
        <tr>
          <td class=" middle">avantage, utilité, résultat positif:</td>
          <td class=" middle">
            <DragTarget id="g230" Width="200" CorrectValue="bienfait" />
          </td>
        </tr>
      </table>
    </div>
  </div>
  <info title="Définitions" instrTitle="Retrouvez les définitions des mots suivants." instrs="FILLING_IN_FROM_A_LIST" />
</Page>