﻿<?xml version="1.0" encoding="utf-8"?>
<Page id="hufex2_l09_b06">
  <p>
    <a href="http://www.langmaster.cz/comcz/French2/l09/b/hufex2_l09_b06.htm">/French2/l09/b/hufex2_l09_b06.htm</a>
    <br />
    <a href="http://www.langmaster.cz/comcz/French2/l09/b/home.htm">
                            cvičení 6</a>
  </p>
  <div class="row">
    <div class="col-md-3 ">
      <img src="/schools/eaimgmp3/french2/img/coursebook/lesson09/page84/1505h0031.jpg" />
    </div>
    <div class="col-md-9 ">
      <table>
        <tr>
          <td class=" middle">
            <b>VENIR</b>
          </td>
          <td class=" middle">
            <b>Présent:</b> ils <GapFill id="g158" Width="200" CorrectValue="viennent" InitValue="" /></td>
          <td class=" middle" />
        </tr>
        <tr>
          <td class=" middle" />
          <td class=" middle">
            <b>Imparfait:</b> nous <GapFill id="g165" Width="200" CorrectValue="venions" InitValue="" /></td>
          <td class=" middle" />
        </tr>
        <tr>
          <td class=" middle" />
          <td class=" middle">
            <b>Subjonctif:</b>
          </td>
          <td class=" middle" />
        </tr>
        <tr>
          <td class=" middle" />
          <td class=" middle">
              que je <GapFill id="g178" Width="200" CorrectValue="vienne" InitValue="" /></td>
          <td class=" middle">
              que nous <GapFill id="g180" Width="200" CorrectValue="venions" InitValue="" /></td>
        </tr>
        <tr>
          <td class=" middle" />
          <td class=" middle">
              que tu <GapFill id="g185" Width="200" CorrectValue="viennes" InitValue="" /></td>
          <td class=" middle">
              que vous <GapFill id="g187" Width="200" CorrectValue="veniez" InitValue="" /></td>
        </tr>
        <tr>
          <td class=" middle" />
          <td class=" middle">
              qu’il <GapFill id="g192" Width="200" CorrectValue="vienne" InitValue="" /></td>
          <td class=" middle">
              qu’ils <GapFill id="g194" Width="200" CorrectValue="viennent" InitValue="" /></td>
        </tr>
        <tr>
          <td class=" middle" />
          <td class=" middle" />
          <td class=" middle" />
        </tr>
        <tr>
          <td class=" middle">
            <b>PROFITER</b>
          </td>
          <td class=" middle">
            <b>Présent:</b> ils <GapFill id="g205" Width="200" CorrectValue="profitent" InitValue="" /></td>
          <td class=" middle" />
        </tr>
        <tr>
          <td class=" middle" />
          <td class=" middle">
            <b>Imparfait:</b> nous <GapFill id="g212" Width="200" CorrectValue="profitions" InitValue="" /></td>
          <td class=" middle" />
        </tr>
        <tr>
          <td class=" middle" />
          <td class=" middle">
            <b>Subjonctif:</b>
          </td>
          <td class=" middle" />
        </tr>
        <tr>
          <td class=" middle" />
          <td class=" middle">
              que je <GapFill id="g225" Width="200" CorrectValue="profite" InitValue="" /></td>
          <td class=" middle">
              que nous <GapFill id="g227" Width="200" CorrectValue="profitions" InitValue="" /></td>
        </tr>
        <tr>
          <td class=" middle" />
          <td class=" middle">
              que tu <GapFill id="g232" Width="200" CorrectValue="profites" InitValue="" /></td>
          <td class=" middle">
              que vous <GapFill id="g234" Width="200" CorrectValue="profitiez" InitValue="" /></td>
        </tr>
        <tr>
          <td class=" middle" />
          <td class=" middle">
              qu’il <GapFill id="g239" Width="200" CorrectValue="profite" InitValue="" /></td>
          <td class=" middle">
              qu’ils <GapFill id="g241" Width="200" CorrectValue="profitent" InitValue="" /></td>
        </tr>
        <tr>
          <td class=" middle" />
          <td class=" middle" />
          <td class=" middle" />
        </tr>
        <tr>
          <td class=" middle">
            <b>METTRE</b>
          </td>
          <td class=" middle">
            <b>Présent:</b> ils <GapFill id="g252" Width="200" CorrectValue="mettent" InitValue="" /></td>
          <td class=" middle" />
        </tr>
        <tr>
          <td class=" middle" />
          <td class=" middle">
            <b>Imparfait:</b> nous <GapFill id="g259" Width="200" CorrectValue="mettions" InitValue="" /></td>
          <td class=" middle" />
        </tr>
        <tr>
          <td class=" middle" />
          <td class=" middle">
            <b>Subjonctif:</b>
          </td>
          <td class=" middle" />
        </tr>
        <tr>
          <td class=" middle" />
          <td class=" middle">
              que je <GapFill id="g272" Width="200" CorrectValue="mette" InitValue="" /></td>
          <td class=" middle">
              que nous <GapFill id="g274" Width="200" CorrectValue="mettions" InitValue="" /></td>
        </tr>
        <tr>
          <td class=" middle" />
          <td class=" middle">
              que tu <GapFill id="g279" Width="200" CorrectValue="mettes" InitValue="" /></td>
          <td class=" middle">
              que vous <GapFill id="g281" Width="200" CorrectValue="mettiez" InitValue="" /></td>
        </tr>
        <tr>
          <td class=" middle" />
          <td class=" middle">
              qu’il <GapFill id="g286" Width="200" CorrectValue="mette" InitValue="" /></td>
          <td class=" middle">
              qu’ils <GapFill id="g288" Width="200" CorrectValue="mettent" InitValue="" /></td>
        </tr>
      </table>
    </div>
  </div>
  <info title="La conjugaison" instrTitle="Conjuguez ces verbes au présent, à l’imparfait et au subjonctif." instrs="FILLING_IN" />
</Page>