﻿<?xml version="1.0" encoding="utf-8"?>
<Page id="hufex2_l09_b08">
  <p>
    <a href="http://www.langmaster.cz/comcz/French2/l09/b/hufex2_l09_b08.htm">/French2/l09/b/hufex2_l09_b08.htm</a>
    <br />
    <a href="http://www.langmaster.cz/comcz/French2/l09/b/home.htm">
                            cvičení 8</a>
  </p>
  <div class="row">
    <div class="col-md-2 ">
      <img src="/schools/eaimgmp3/french2/img/coursebook/lesson09/page85/0311h0035.jpg" />
    </div>
    <div class="col-md-10 ">
      <table class="table table-bordered c-table">
        <tr>
          <td>
            Il faut que je <GapFill id="g156" Width="200" CorrectValue="m’occupe" InitValue="s’occuper" /> de la maison, que je <GapFill id="g157" Width="200" CorrectValue="fasse" InitValue="faire" /> les courses, que je <GapFill id="g158" Width="200" CorrectValue="coure" InitValue="courir" /> toute la journée.
          </td>
        </tr>
        <tr>
          <td>
            Il faut que Bécassine <GapFill id="g207" Width="200" CorrectValue="fasse" InitValue="faire" /> du sport.
          </td>
        </tr>
        <tr>
          <td>
            Est-il nécessaire que nous <GapFill id="g256" Width="200" CorrectValue="emportions" InitValue="emporter" /> un imperméable?
          </td>
        </tr>
        <tr>
          <td>
            Nous vous faisons une série de propositions pour que vous <GapFill id="g305" Width="200" CorrectValue="puissiez" InitValue="pouvoir" /> choisir.
          </td>
        </tr>
        <tr>
          <td>
            Je crains que les bains de foin ne me <GapFill id="g354" Width="200" CorrectValue="réussissent" InitValue="réussir" /> pas. Je suis allergique.
          </td>
        </tr>
        <tr>
          <td>
            Je préfère toujours qu’on me <GapFill id="g403" Width="200" CorrectValue="dise" InitValue="dire" /> la vérité.
          </td>
        </tr>
        <tr>
          <td>
            Le médecin n’est pas d’accord pour que tu <GapFill id="g452" Width="200" CorrectValue="pratiques" InitValue="pratiquer" /> des sports violents.
          </td>
        </tr>
      </table>
    </div>
  </div>
  <info title="Correction" instrTitle="Mettez les verbes au subjonctif." instrs="CORRECTION" />
</Page>