﻿<?xml version="1.0" encoding="utf-8"?>
<Module title="Chapitre B">
   <Ex id="hufex2_l09_b01"
       title="Contre le stress"
       instr="Lisez le texte et retrouvez le pays d’origine des techniques pour combattre le stress."
       tech_instr="FILLING_IN">
      <p>
         <a target="_blank"
            href="http://www.langmaster.cz/comcz/French2/l09/b/hufex2_l09_b01.htm">/French2/l09/b/hufex2_l09_b01.htm</a>
         <br/>
         <a target="_blank"
            href="http://www.langmaster.cz/comcz/French2/l09/b/home.htm">
                            cvičení 1</a>
      </p>
      <div>
        De Tokyo à Paris, de Rome à Pékin ou Los Angeles, tous les citadins sont malades du stress. Vous aussi? Pour que vous puissiez le combattre, nous vous proposons un petit tour du monde des techniques de détente et de relaxation.<br/>De l’Asie à l’Europe, chaque pays a ses recettes ancestrales ou ultramodernes pour s’adapter à un environnement hostile. Pollution, embouteillages, chômage pour les uns, surpopulation, bruit, promiscuité pour les autres, personne n’échappe à ce mal du siècle qu’est le stress. Réputés pour leur sagesse, les orientaux ont depuis longtemps compris qu’il valait mieux prévenir que guérir. Chez eux, depuis toujours, il faut prendre soin de son énergie vitale, base de l’équilibre entre le corps et l’esprit. Tai chi, qi gong, yoga font partie de leur vie. Ces techniques, appelées gymnastiques douces, font de plus en plus d’adeptes en Europe. Si vous craignez que cela ne vous convienne pas, essayez donc l’acupuncture!<br/>En Italie apparaissent des villages écologiques, véritables paradis de verdure, où l’on mange bio et où l’on pratique la méditation. En Allemagne fleurissent un peu partout d’immenses centres thermaux où on élimine ses toxines grâce à des saunas, des bains glacés, des jets massants et relaxants. En Autriche, il faut absolument que vous profitiez des bienfaits du foin. 20 minutes dans un bain de foin, cela régénère l’organisme. Les Japonais partent de temps en temps faire des cures d’ensablement au pied des volcans et il n’est pas rare que des hommes d’affaires japonais, assis confortablement, aient la tête enfermée dans un casque de relaxation. Les Américains, eux, sont amateurs de techniques extravagantes. Le nec plus ultra à Los Angeles consiste à se rendre dans un bar pour sniffer de l’oxygène: on inhale pendant 20 minutes de l’oxygène pur aromatisé au parfum de votre choix. Revenons en France. Bains de boue, thalassothérapie spéciale antistress, cascades d’eau froide, cybersiestes, vous n’avez que l’embarras du choix. Eau, foin ou yoga, faites attention en tout cas à ce que cette course à la détente ne soit pas une nouvelle source de stress!
      </div>
      <div class="row">
         <div class="col-md-3 ">
            <img src="/schools/eaimgmp3/french2/img/coursebook/lesson09/page82/09_082_5.jpg"/>
         </div>
         <div class="col-md-9 ">
            <table class="table table-bordered c-table">
               <tr>
                  <td class=" middle">
                     <b>tai chi</b>
                  </td>
                  <td class=" middle">
                     <GapFill id="g265"
                              CorrectValue="gymnastique douce chinois|Chine|la Chine"
                              Width="200"/>
                  </td>
               </tr>
               <tr>
                  <td class=" middle">
                     <b>bain de foin</b>
                  </td>
                  <td class=" middle">
                     <GapFill id="g435" CorrectValue="Autriche|l’Autriche" Width="200"/>
                  </td>
               </tr>
               <tr>
                  <td class=" middle">
                     <b>casque de relaxation</b>
                  </td>
                  <td class=" middle">
                     <GapFill id="g437" CorrectValue="Japon|le Japon" Width="200"/>
                  </td>
               </tr>
               <tr>
                  <td class=" middle">
                     <b>bar à oxygène</b>
                  </td>
                  <td class=" middle">
                     <GapFill id="g279"
                              CorrectValue="Etats-Unis|Los Angeles|les Etats-Unis|"
                              Width="200"/>
                  </td>
               </tr>
               <tr>
                  <td class=" middle">
                     <b>cascades d’eau froide</b>
                  </td>
                  <td class=" middle">
                     <GapFill id="g440" CorrectValue="France|la France" Width="200"/>
                  </td>
               </tr>
               <tr>
                  <td class=" middle">
                     <b>bain de boue</b>
                  </td>
                  <td class=" middle">
                     <GapFill id="g442" CorrectValue="France|la France" Width="200"/>
                  </td>
               </tr>
            </table>
         </div>
      </div>
   </Ex>
   <Ex id="hufex2_l09_b02"
       title="Définitions"
       instr="Retrouvez les définitions des mots suivants."
       tech_instr="FILLING_IN_FROM_A_LIST">
      <p>
         <a target="_blank"
            href="http://www.langmaster.cz/comcz/French2/l09/b/hufex2_l09_b02.htm">/French2/l09/b/hufex2_l09_b02.htm</a>
         <br/>
         <a target="_blank"
            href="http://www.langmaster.cz/comcz/French2/l09/b/home.htm">
                            cvičení 2</a>
      </p>
      <DragSource/>
      <div class="row">
         <div class="col-md-3 ">
            <img src="/schools/eaimgmp3/french2/img/coursebook/lesson09/page83/1610h0014.jpg"/>
         </div>
         <div class="col-md-9 ">
            <table class="table table-bordered c-table">
               <tr>
                  <td class=" middle">habitant d’une ville:</td>
                  <td class=" middle">
                     <DragTarget id="g198" CorrectValue="citadin" Width="200"/>
                  </td>
               </tr>
               <tr>
                  <td class=" middle">traditionnel:</td>
                  <td class=" middle">
                     <DragTarget id="g202" CorrectValue="ancestral" Width="200"/>
                  </td>
               </tr>
               <tr>
                  <td class=" middle">mauvais, désagréable, défavorable:</td>
                  <td class=" middle">
                     <DragTarget id="g206" CorrectValue="hostile" Width="200"/>
                  </td>
               </tr>
               <tr>
                  <td class=" middle">quand le nombre d’habitants au km2 devient trop important:</td>
                  <td class=" middle">
                     <DragTarget id="g210" CorrectValue="surpopulation" Width="200"/>
                  </td>
               </tr>
               <tr>
                  <td class=" middle">qui est très connu et apprécié:</td>
                  <td class=" middle">
                     <DragTarget id="g214" CorrectValue="réputé" Width="200"/>
                  </td>
               </tr>
               <tr>
                  <td class=" middle">qualité d’une personne qui réfléchit toujours avant de faire quelque chose:</td>
                  <td class=" middle">
                     <DragTarget id="g218" CorrectValue="sagesse" Width="200"/>
                  </td>
               </tr>
               <tr>
                  <td class=" middle">amateur, personne qui pratique une activité:</td>
                  <td class=" middle">
                     <DragTarget id="g222" CorrectValue="adepte" Width="200"/>
                  </td>
               </tr>
               <tr>
                  <td class=" middle">être en honneur, à la mode. Prospérer, se développer:</td>
                  <td class=" middle">
                     <DragTarget id="g226" CorrectValue="fleurir" Width="200"/>
                  </td>
               </tr>
               <tr>
                  <td class=" middle">avantage, utilité, résultat positif:</td>
                  <td class=" middle">
                     <DragTarget id="g230" CorrectValue="bienfait" Width="200"/>
                  </td>
               </tr>
            </table>
         </div>
      </div>
   </Ex>
   <Ex id="hufex2_l09_b03"
       title="Les mots connus"
       instr="Maintenant vous connaissez les mots. Complétez-les dans les phrases."
       tech_instr="FILLING_IN">
      <p>
         <a target="_blank"
            href="http://www.langmaster.cz/comcz/French2/l09/b/hufex2_l09_b03.htm">/French2/l09/b/hufex2_l09_b03.htm</a>
         <br/>
         <a target="_blank"
            href="http://www.langmaster.cz/comcz/French2/l09/b/home.htm">
                            cvičení 3</a>
      </p>
      <div class="row">
         <div class="col-md-2 ">
            <img src="/schools/eaimgmp3/french2/img/coursebook/lesson09/page83/0720h0267.jpg"/>
         </div>
         <div class="col-md-10 ">
            <table class="table table-bordered c-table">
               <tr>
                  <td>
            A Dijon, «La Cloche» est un restaurant très <GapFill id="g156" CorrectValue="réputé" Width="200"/>.
          </td>
               </tr>
               <tr>
                  <td>
            Ma grand-mère était une personne d’une grande <GapFill id="g205" CorrectValue="sagesse" Width="200"/>: je lui dois beaucoup.
          </td>
               </tr>
               <tr>
                  <td>
            Le métro est un moyen de transport que les <GapFill id="g254" CorrectValue="citadins" Width="200"/> utilisent volontiers.
          </td>
               </tr>
               <tr>
                  <td>
            Ma meilleure amie avait des problèmes de stress. Depuis qu’elle a fait un stage de yoga, elle est devenue une <GapFill id="g303" CorrectValue="adepte" Width="200"/> de la relaxation et elle va beaucoup mieux.
          </td>
               </tr>
               <tr>
                  <td>
            Ma région d’origine ne compte que 10 habitants au km2: nous n’avons vraiment pas de problème de <GapFill id="g352" CorrectValue="surpopulation" Width="200"/>.
          </td>
               </tr>
            </table>
         </div>
      </div>
   </Ex>
   <Ex id="hufex2_l09_b04"
       title="Le stress"
       instr="Ces personnes sont malades du stress. Quelle(s) technique(s) pourrai(en)t les aider? Complétez le tableau."
       tech_instr="FILLING_IN_FROM_A_LIST SOUND_PLAYBACK">
      <p>
         <a target="_blank"
            href="http://www.langmaster.cz/comcz/French2/l09/b/hufex2_l09_b04.htm">/French2/l09/b/hufex2_l09_b04.htm</a>
         <br/>
         <a target="_blank"
            href="http://www.langmaster.cz/comcz/French2/l09/b/home.htm">
                            cvičení 4</a>
      </p>
      <DragSource/>
      <div class="row">
         <div class="col-md-3 ">
            <img src="/schools/eaimgmp3/french2/img/coursebook/lesson09/page84/1701h0052.jpg"/>
         </div>
         <div class="col-md-9 ">
            <table class="table table-bordered c-table">
               <tr>
                  <td class=" middle">
                     <MediaBigMark Url="/schools/eaimgmp3/french2wma/lesson09/hufex2_l09_b04.mp3"
                                   Sequence="0-3"/>
                  </td>
                  <td class=" middle">
                     <DragTarget id="g421" CorrectValue="bar à oxygène" Width="200"/>
                  </td>
               </tr>
               <tr>
                  <td class=" middle">
                     <MediaBigMark Url="/schools/eaimgmp3/french2wma/lesson09/hufex2_l09_b04.mp3"
                                   Sequence="4-14"/>
                  </td>
                  <td class=" middle">
                     <DragTarget id="g427" CorrectValue="tai chi|yoga|qi gong"/>, <DragTarget id="g428" CorrectValue="tai chi|yoga|qi gong"/>, <DragTarget id="g429" CorrectValue="tai chi|yoga|qi gong"/>
                  </td>
               </tr>
               <tr>
                  <td class=" middle">
                     <MediaBigMark Url="/schools/eaimgmp3/french2wma/lesson09/hufex2_l09_b04.mp3"
                                   Sequence="15-20"/>
                  </td>
                  <td class=" middle">
                     <DragTarget id="g435" CorrectValue="saunas|bains glacés|jets massants"/>, <DragTarget id="g436" CorrectValue="saunas|bains glacés|jets massants"/>, <DragTarget id="g437" CorrectValue="saunas|bains glacés|jets massants"/>
                  </td>
               </tr>
               <tr>
                  <td class=" middle">
                     <MediaBigMark Url="/schools/eaimgmp3/french2wma/lesson09/hufex2_l09_b04.mp3"
                                   Sequence="21-"/>
                  </td>
                  <td class=" middle">
                     <DragTarget id="g442" CorrectValue="cybersieste" Width="200"/>
                  </td>
               </tr>
            </table>
         </div>
      </div>
   </Ex>
   <Ex id="hufex2_l09_b05"
       title="Le subjonctif"
       instr="Dans ce texte, soulignez les verbes au présent. Les autres sont au subjonctif."
       tech_instr="TEXT_SECTION_SELECTING_ONE_OR_MORE_CORRECT_ANSWERS">
      <p>
         <a target="_blank"
            href="http://www.langmaster.cz/comcz/French2/l09/b/hufex2_l09_b05.htm">/French2/l09/b/hufex2_l09_b05.htm</a>
         <br/>
         <a target="_blank"
            href="http://www.langmaster.cz/comcz/French2/l09/b/home.htm">
                            cvičení 5</a>
      </p>
      <div class="row">
         <div class="col-md-3 ">
            <img src="/schools/eaimgmp3/french2/img/coursebook/lesson09/page84/1836h0036.jpg"/>
         </div>
         <div class="col-md-9 ">
          Vous TODO POZOR, více správných hodnot, ruční předělávka ysearch<WordSelection id="o118"
                           Words="#voulez|#C’est|#faut|appreniez|#est|prenne|#Essayez|#vous craignez|convienne|#choisissez|#n’est pas|expérimente|#avez"/> être en forme toute l’année?   très simple. Il   que vous   à profiter des bons moments de la vie. Les orientaux l’ont compris depuis longtemps: il   nécessaire qu’on   soin de son énergie vitale.   donc les gymnastiques douces, et si   que cela ne vous   pas,   l’acupuncture. Il   rare qu’on   un moment avant de trouver la bonne technique, mais vous   vraiment l’embarras du choix!
        </div>
      </div>
      <div class="col-md-7">
         <div class="panel panel-info">
            <div class="panel-heading">
               <h3>Formation</h3>
            </div>
            <div class="panel-body">
               <p>
                  <i>– radical de la 3ème personne du pluriel du présent</i>
               </p>
               <table class="table c-table">
                  <tr>
                     <td>
                        <p>
                prendre
              </p>
                     </td>
                     <td>
                        <p>
                ils <b>prenn</b>ent
              </p>
                     </td>
                     <td>
                        <p>
                prenne <b>+ e</b>
                           <br/>
                prenne <b>+ es</b>
                           <br/>
                prenne <b>+ e</b>
                           <br/>
                prenne <b>+ ent</b>
                        </p>
                     </td>
                     <td>
                        <p>
                           <b>que </b>je <b>
                  prenne<br/>
                  que
                </b>tu <b>
                  prennes<br/>
                  qu’
                </b>il/elle<b>
                  prenne<br/>
                  qu’
                </b>ils/elles <b>prennent</b>
                        </p>
                     </td>
                  </tr>
                  <tr>
                     <td colspan="4">
                        <p>
                           <i>– 1ère et 2ème personnes du pluriel de l’imparfait</i>
                        </p>
                     </td>
                  </tr>
                  <tr>
                     <td/>
                     <td>
                        <p>
                nous <b>pren</b>ions<br/>
                vous <b>pren</b>iez
              </p>
                     </td>
                     <td>
                        <p>
                pren + <b>ions</b>
                           <br/>
                pren + <b>iez</b>
                        </p>
                     </td>
                     <td>
                        <p>
                           <b>que </b>nous <b>
                  prenions<br/>
                  que
                </b>vous <b>preniez</b>
                        </p>
                     </td>
                  </tr>
               </table>
            </div>
         </div>
      </div>
   </Ex>
   <Ex id="hufex2_l09_b06"
       title="La conjugaison"
       instr="Conjuguez ces verbes au présent, à l’imparfait et au subjonctif."
       tech_instr="FILLING_IN">
      <p>
         <a target="_blank"
            href="http://www.langmaster.cz/comcz/French2/l09/b/hufex2_l09_b06.htm">/French2/l09/b/hufex2_l09_b06.htm</a>
         <br/>
         <a target="_blank"
            href="http://www.langmaster.cz/comcz/French2/l09/b/home.htm">
                            cvičení 6</a>
      </p>
      <div class="row">
         <div class="col-md-3 ">
            <img src="/schools/eaimgmp3/french2/img/coursebook/lesson09/page84/1505h0031.jpg"/>
         </div>
         <div class="col-md-9 ">
            <table class="table c-table">
               <tr>
                  <td class=" middle">
                     <b>VENIR</b>
                  </td>
                  <td class=" middle">
                     <b>Présent:</b> ils <GapFill id="g158" CorrectValue="viennent" Width="200"/>
                  </td>
                  <td class=" middle"/>
               </tr>
               <tr>
                  <td class=" middle"/>
                  <td class=" middle">
                     <b>Imparfait:</b> nous <GapFill id="g165" CorrectValue="venions" Width="200"/>
                  </td>
                  <td class=" middle"/>
               </tr>
               <tr>
                  <td class=" middle"/>
                  <td class=" middle">
                     <b>Subjonctif:</b>
                  </td>
                  <td class=" middle"/>
               </tr>
               <tr>
                  <td class=" middle"/>
                  <td class=" middle">
              que je <GapFill id="g178" CorrectValue="vienne" Width="200"/>
                  </td>
                  <td class=" middle">
              que nous <GapFill id="g180" CorrectValue="venions" Width="200"/>
                  </td>
               </tr>
               <tr>
                  <td class=" middle"/>
                  <td class=" middle">
              que tu <GapFill id="g185" CorrectValue="viennes" Width="200"/>
                  </td>
                  <td class=" middle">
              que vous <GapFill id="g187" CorrectValue="veniez" Width="200"/>
                  </td>
               </tr>
               <tr>
                  <td class=" middle"/>
                  <td class=" middle">
              qu’il <GapFill id="g192" CorrectValue="vienne" Width="200"/>
                  </td>
                  <td class=" middle">
              qu’ils <GapFill id="g194" CorrectValue="viennent" Width="200"/>
                  </td>
               </tr>
               <tr>
                  <td class=" middle"/>
                  <td class=" middle"/>
                  <td class=" middle"/>
               </tr>
               <tr>
                  <td class=" middle">
                     <b>PROFITER</b>
                  </td>
                  <td class=" middle">
                     <b>Présent:</b> ils <GapFill id="g205" CorrectValue="profitent" Width="200"/>
                  </td>
                  <td class=" middle"/>
               </tr>
               <tr>
                  <td class=" middle"/>
                  <td class=" middle">
                     <b>Imparfait:</b> nous <GapFill id="g212" CorrectValue="profitions" Width="200"/>
                  </td>
                  <td class=" middle"/>
               </tr>
               <tr>
                  <td class=" middle"/>
                  <td class=" middle">
                     <b>Subjonctif:</b>
                  </td>
                  <td class=" middle"/>
               </tr>
               <tr>
                  <td class=" middle"/>
                  <td class=" middle">
              que je <GapFill id="g225" CorrectValue="profite" Width="200"/>
                  </td>
                  <td class=" middle">
              que nous <GapFill id="g227" CorrectValue="profitions" Width="200"/>
                  </td>
               </tr>
               <tr>
                  <td class=" middle"/>
                  <td class=" middle">
              que tu <GapFill id="g232" CorrectValue="profites" Width="200"/>
                  </td>
                  <td class=" middle">
              que vous <GapFill id="g234" CorrectValue="profitiez" Width="200"/>
                  </td>
               </tr>
               <tr>
                  <td class=" middle"/>
                  <td class=" middle">
              qu’il <GapFill id="g239" CorrectValue="profite" Width="200"/>
                  </td>
                  <td class=" middle">
              qu’ils <GapFill id="g241" CorrectValue="profitent" Width="200"/>
                  </td>
               </tr>
               <tr>
                  <td class=" middle"/>
                  <td class=" middle"/>
                  <td class=" middle"/>
               </tr>
               <tr>
                  <td class=" middle">
                     <b>METTRE</b>
                  </td>
                  <td class=" middle">
                     <b>Présent:</b> ils <GapFill id="g252" CorrectValue="mettent" Width="200"/>
                  </td>
                  <td class=" middle"/>
               </tr>
               <tr>
                  <td class=" middle"/>
                  <td class=" middle">
                     <b>Imparfait:</b> nous <GapFill id="g259" CorrectValue="mettions" Width="200"/>
                  </td>
                  <td class=" middle"/>
               </tr>
               <tr>
                  <td class=" middle"/>
                  <td class=" middle">
                     <b>Subjonctif:</b>
                  </td>
                  <td class=" middle"/>
               </tr>
               <tr>
                  <td class=" middle"/>
                  <td class=" middle">
              que je <GapFill id="g272" CorrectValue="mette" Width="200"/>
                  </td>
                  <td class=" middle">
              que nous <GapFill id="g274" CorrectValue="mettions" Width="200"/>
                  </td>
               </tr>
               <tr>
                  <td class=" middle"/>
                  <td class=" middle">
              que tu <GapFill id="g279" CorrectValue="mettes" Width="200"/>
                  </td>
                  <td class=" middle">
              que vous <GapFill id="g281" CorrectValue="mettiez" Width="200"/>
                  </td>
               </tr>
               <tr>
                  <td class=" middle"/>
                  <td class=" middle">
              qu’il <GapFill id="g286" CorrectValue="mette" Width="200"/>
                  </td>
                  <td class=" middle">
              qu’ils <GapFill id="g288" CorrectValue="mettent" Width="200"/>
                  </td>
               </tr>
            </table>
         </div>
      </div>
   </Ex>
   <Ex id="hufex2_l09_b07"
       title="Les verbes au subjonctif"
       instr="Relevez dans les phrases les verbes au subjonctif et retrouvez l’infinitif."
       tech_instr="FILLING_IN">
      <p>
         <a target="_blank"
            href="http://www.langmaster.cz/comcz/French2/l09/b/hufex2_l09_b07.htm">/French2/l09/b/hufex2_l09_b07.htm</a>
         <br/>
         <a target="_blank"
            href="http://www.langmaster.cz/comcz/French2/l09/b/home.htm">
                            cvičení 7</a>
      </p>
      <div class="row">
         <div class="col-md-3 ">
            <img src="/schools/eaimgmp3/french2/img/coursebook/lesson09/page85/09_085_2.gif"/>
         </div>
         <div class="col-md-3 ">
            <img src="/schools/eaimgmp3/french2/img/coursebook/lesson09/page85/09_085_1.gif"/>
         </div>
      </div>
      <div>
         <div>
            <table class="table c-table">
               <tr>
                  <td>
                     <b>{{Ttrans}}:</b>
                     <br/>
              J’aimerais que tu saches combien je t’aime.<br/>
                     <GapFill id="g378"
                              CorrectValue="saches"
                              InitValue="saches"
                              Example="true"/> - <GapFill id="f2" CorrectValue="savoir" InitValue="savoir" Example="true"/>
                  </td>
               </tr>
            </table>
         </div>
         <table class="table table-bordered c-table">
            <tr>
               <td>
          J’aimerais que nous ayons un deuxième enfant.<br/>
                  <GapFill id="g478" CorrectValue="ayons" Width="200"/> – <GapFill id="f3" CorrectValue="avoir" Width="200"/>
               </td>
            </tr>
            <tr>
               <td>
          J’aimerais que tu sois plus tendre avec moi.<br/>
                  <GapFill id="g576" CorrectValue="sois" Width="200"/> – <GapFill id="f4" CorrectValue="être" Width="200"/>
               </td>
            </tr>
            <tr>
               <td>
          J’aimerais que nous puissions vieillir ensemble.<br/>
                  <GapFill id="g674" CorrectValue="puissions" Width="200"/> – <GapFill id="f5" CorrectValue="pouvoir" Width="200"/>
               </td>
            </tr>
            <tr>
               <td>
          J’aimerais que tu n’ailles plus tous les week-ends chez ta mère.<br/>
                  <GapFill id="g772" CorrectValue="ailles" Width="200"/> – <GapFill id="f6" CorrectValue="aller" Width="200"/>
               </td>
            </tr>
            <tr>
               <td>
          J’aimerais que nous fassions plus de choses ensemble.<br/>
                  <GapFill id="g870" CorrectValue="fassions" Width="200"/> – <GapFill id="f7" CorrectValue="faire" Width="200"/>
               </td>
            </tr>
         </table>
      </div>
   </Ex>
   <Ex id="hufex2_l09_b08"
       title="Correction"
       instr="Mettez les verbes au subjonctif."
       tech_instr="CORRECTION">
      <p>
         <a target="_blank"
            href="http://www.langmaster.cz/comcz/French2/l09/b/hufex2_l09_b08.htm">/French2/l09/b/hufex2_l09_b08.htm</a>
         <br/>
         <a target="_blank"
            href="http://www.langmaster.cz/comcz/French2/l09/b/home.htm">
                            cvičení 8</a>
      </p>
      <div class="row">
         <div class="col-md-2 ">
            <img src="/schools/eaimgmp3/french2/img/coursebook/lesson09/page85/0311h0035.jpg"/>
         </div>
         <div class="col-md-10 ">
            <table class="table table-bordered c-table">
               <tr>
                  <td>
            Il faut que je <GapFill id="g156"
                              CorrectValue="m’occupe"
                              InitValue="s’occuper"
                              Width="200"/> de la maison, que je <GapFill id="g157" CorrectValue="fasse" InitValue="faire" Width="200"/> les courses, que je <GapFill id="g158" CorrectValue="coure" InitValue="courir" Width="200"/> toute la journée.
          </td>
               </tr>
               <tr>
                  <td>
            Il faut que Bécassine <GapFill id="g207" CorrectValue="fasse" InitValue="faire" Width="200"/> du sport.
          </td>
               </tr>
               <tr>
                  <td>
            Est-il nécessaire que nous <GapFill id="g256"
                              CorrectValue="emportions"
                              InitValue="emporter"
                              Width="200"/> un imperméable?
          </td>
               </tr>
               <tr>
                  <td>
            Nous vous faisons une série de propositions pour que vous <GapFill id="g305"
                              CorrectValue="puissiez"
                              InitValue="pouvoir"
                              Width="200"/> choisir.
          </td>
               </tr>
               <tr>
                  <td>
            Je crains que les bains de foin ne me <GapFill id="g354"
                              CorrectValue="réussissent"
                              InitValue="réussir"
                              Width="200"/> pas. Je suis allergique.
          </td>
               </tr>
               <tr>
                  <td>
            Je préfère toujours qu’on me <GapFill id="g403" CorrectValue="dise" InitValue="dire" Width="200"/> la vérité.
          </td>
               </tr>
               <tr>
                  <td>
            Le médecin n’est pas d’accord pour que tu <GapFill id="g452"
                              CorrectValue="pratiques"
                              InitValue="pratiquer"
                              Width="200"/> des sports violents.
          </td>
               </tr>
            </table>
         </div>
      </div>
   </Ex>
   <Ex id="hufex2_l09_b09"
       title="Emploi du subjonctif"
       instr="Transformez les phrases d’après le modèle."
       tech_instr="FILLING_IN">
      <p>
         <a target="_blank"
            href="http://www.langmaster.cz/comcz/French2/l09/b/hufex2_l09_b09.htm">/French2/l09/b/hufex2_l09_b09.htm</a>
         <br/>
         <a target="_blank"
            href="http://www.langmaster.cz/comcz/French2/l09/b/home.htm">
                            cvičení 9</a>
      </p>
      <div>
         <img src="/schools/eaimgmp3/french2/img/coursebook/lesson09/page86/kos.gif"/>
      </div>
      <div>
         <div>
            <table class="table c-table">
               <tr>
                  <td>
                     <b>{{Ttrans}}:</b>
                     <br/>
              Vous préférez les gymnastiques douces aux sports violents. C’est normal.<br/>
                     <GapFill id="g283"
                              CorrectValue="Il est normal que vous préfériez les gymnastiques douces aux sports violents."
                              InitValue="Il est normal que vous préfériez les gymnastiques douces aux sports violents."
                              Example="true"/>
                  </td>
               </tr>
            </table>
         </div>
         <ListGroup IsStriped="true">
            <Noop>
          Prenez soin de votre énergie vitale. C’est nécessaire.<br/>
               <GapFill id="g383"
                        CorrectValue="Il est nécessaire que vous preniez soin de votre énergie vitale."
                        Width="200"/>
            </Noop>
            <Noop>
          Il va faire beau. C’est très probable.<br/>
               <GapFill id="g481"
                        CorrectValue="Il est probable qu’il fasse beau."
                        Width="200"/>
            </Noop>
            <Noop>
          Faites une cure de légumes verts. Il le faut.<br/>
               <GapFill id="g579"
                        CorrectValue="Il faut que vous fassiez une cure de légumes verts."
                        Width="200"/>
            </Noop>
            <Noop>
          Vous ne pouvez pas nous accompagner. Dommage.<br/>
               <GapFill id="g1293"
                        CorrectValue="Il est dommage que vous ne puissiez pas nous accompagner.|Dommage que vous ne puissiez pas nous accompagner."
                        Width="200"/>
            </Noop>
            <Noop>
          Vous devez être à l’heure. Je l’exige.<br/>
               <GapFill id="g775"
                        CorrectValue="J’exige que vous soyez à l’heure."
                        Width="200"/>
            </Noop>
            <Noop>
          Allez accueillir M. Renaud à la gare. Il le faut absolument.<br/>
               <GapFill id="g873"
                        CorrectValue="Il faut absolument que vous alliez accueillir M. Renaud à la gare."
                        Width="200"/>
            </Noop>
            <Noop>
          Tu viens passer quelques jours chez nous? J’en suis ravie.<br/>
               <GapFill id="g971"
                        CorrectValue="Je suis ravie que tu viennes passer quelques jours chez nous."
                        Width="200"/>
            </Noop>
         </ListGroup>
      </div>
      <div>
         <table class="table table-bordered c-table">
            <tr>
               <td>
                  <b>Le subjonctif s’emploie après des verbes ou des expressions qui expriment:</b>
               </td>
            </tr>
         </table>
      </div>
      <div>
         <table class="table c-table">
            <tr>
               <td class=" middle">
                  <img src="/schools/eaimgmp3/french2/img/coursebook/lesson09/page86/c891h0007.gif"/>
               </td>
               <td class=" middle">
                  <b>* une volonté, un souhait, une interdiction</b>
                  <br/>il faut que<br/>il est nécessaire<br/>vouloir que<br/>préférer/aimer mieux que<br/>souhaiter que<br/>interdire que<br/>etc.
          </td>
               <td class=" middle">
                  <b>un doute</b>
                  <br/>douter que<br/>ne pas croire que<br/>ne pas penser que<br/>il se peut/il est possible que<br/>etc.
          </td>
               <td class=" middle">
                  <img src="/schools/eaimgmp3/french2/img/coursebook/lesson09/page86/otaznik.gif"/>
               </td>
            </tr>
            <tr>
               <td class=" middle">
                  <img src="/schools/eaimgmp3/french2/img/coursebook/lesson09/page86/2494_10_6.gif"/>
               </td>
               <td class=" middle">
                  <b>un sentiment (crainte, regret…)</b>
                  <br/>craindre que<br/>avoir peur que<br/>regretter que<br/>être désolé, heureux que<br/>dommage que<br/>etc.
          </td>
               <td class=" middle">
                  <b>un jugement</b>
                  <br/>il n’est pas rare que<br/>il est normal que<br/>il est logique que<br/>il est absurde que<br/>il vaut mieux que
          </td>
               <td class=" middle">
                  <img src="/schools/eaimgmp3/french2/img/coursebook/lesson09/page86/1259h0018.gif"/>
               </td>
            </tr>
         </table>
      </div>
   </Ex>
   <Ex id="hufex2_l09_b10"
       title="Subjonctif ou indicatif?"
       instr="Ecoutez et cochez si les verbes sont au subjonctif ou à l’indicatif."
       tech_instr="SINGLE_CHOICE SOUND_PLAYBACK">
      <p>
         <a target="_blank"
            href="http://www.langmaster.cz/comcz/French2/l09/b/hufex2_l09_b10.htm">/French2/l09/b/hufex2_l09_b10.htm</a>
         <br/>
         <a target="_blank"
            href="http://www.langmaster.cz/comcz/French2/l09/b/home.htm">
                            cvičení 10</a>
      </p>
      <div class="row">
         <div class="col-md-3 ">
            <img src="/schools/eaimgmp3/french2/img/coursebook/lesson09/page85/0690h0120.gif"/>
         </div>
         <div class="col-md-1 ">
            <MediaBigMark Url="/schools/eaimgmp3/french2wma/lesson09/hufex2_l09_b10.mp3"
                          Sequence=""/>
         </div>
         <div class="col-md-8 ">
            <table class="table table-bordered c-table">
               <tr>
                  <td class="c-table middle">
                     <b>a.</b>
                  </td>
                  <td>
                     <WordSelection id="o278" Words="#subjonctif|indicatif"/>
                  </td>
               </tr>
               <tr>
                  <td class="c-table middle">
                     <b>b.</b>
                  </td>
                  <td>
                     <WordSelection id="o425" Words="subjonctif|#indicatif"/>
                  </td>
               </tr>
               <tr>
                  <td class="c-table middle">
                     <b>c.</b>
                  </td>
                  <td>
                     <WordSelection id="o572" Words="#subjonctif|indicatif"/>
                  </td>
               </tr>
               <tr>
                  <td class="c-table middle">
                     <b>d.</b>
                  </td>
                  <td>
                     <WordSelection id="o719" Words="#subjonctif|indicatif"/>
                  </td>
               </tr>
               <tr>
                  <td class="c-table middle">
                     <b>e.</b>
                  </td>
                  <td>
                     <WordSelection id="o866" Words="subjonctif|#indicatif"/>
                  </td>
               </tr>
               <tr>
                  <td class="c-table middle">
                     <b>f.</b>
                  </td>
                  <td>
                     <WordSelection id="o1013" Words="#subjonctif|indicatif"/>
                  </td>
               </tr>
               <tr>
                  <td class="c-table middle">
                     <b>g.</b>
                  </td>
                  <td>
                     <WordSelection id="o1160" Words="subjonctif|#indicatif"/>
                  </td>
               </tr>
               <tr>
                  <td class="c-table middle">
                     <b>h.</b>
                  </td>
                  <td>
                     <WordSelection id="o1307" Words="#subjonctif|indicatif"/>
                  </td>
               </tr>
               <tr>
                  <td class="c-table middle">
                     <b>i.</b>
                  </td>
                  <td>
                     <WordSelection id="o1454" Words="#subjonctif|indicatif"/>
                  </td>
               </tr>
               <tr>
                  <td class="c-table middle">
                     <b>j.</b>
                  </td>
                  <td>
                     <WordSelection id="o1601" Words="#subjonctif|indicatif"/>
                  </td>
               </tr>
            </table>
         </div>
      </div>
   </Ex>
   <Ex id="hufex2_l09_b11"
       title="La lettre de Yannick"
       instr="Complétez la lettre avec les verbes au subjonctif."
       tech_instr="CORRECTION">
      <p>
         <a target="_blank"
            href="http://www.langmaster.cz/comcz/French2/l09/b/hufex2_l09_b11.htm">/French2/l09/b/hufex2_l09_b11.htm</a>
         <br/>
         <a target="_blank"
            href="http://www.langmaster.cz/comcz/French2/l09/b/home.htm">
                            cvičení 11</a>
      </p>
      <div class="row">
         <div class="col-md-3 ">
            <img src="/schools/eaimgmp3/french2/img/coursebook/lesson09/page85/0800h3250.jpg"/>
         </div>
         <div class="col-md-9 ">
            <i>
               <table class="table table-bordered c-table">
                  <tr>
                     <td>Chers amis,  </td>
                  </tr>
                  <tr>
                     <td>Je vous présente mes meilleurs vœux pour la nouvelle année.</td>
                  </tr>
                  <tr>
                     <td>
              Dommage que je ne <GapFill id="g246" CorrectValue="puisse" InitValue="pouvoir" Width="200"/> pas faire la fête avec vous. D’ailleurs je ne pense pas qu’on <GapFill id="g247"
                                 CorrectValue="se voie"
                                 InitValue="se voir"
                                 Width="200"/> avant que je <GapFill id="g248"
                                 CorrectValue="reparte"
                                 InitValue="repartir"
                                 Width="200"/> pour Cayenne. Il faut absolument que Camille et moi, nous <GapFill id="g249" CorrectValue="allions" InitValue="aller" Width="200"/> voir notre fils à Paris, et je ne crois pas que nous <GapFill id="g250" CorrectValue="ayons" InitValue="avoir" Width="200"/> le temps de passer à Marseille. Il faudrait que je <GapFill id="g251" CorrectValue="sache" InitValue="savoir" Width="200"/> à quelles dates vous pensez venir en Guyane. Il se peut que je <GapFill id="g252" CorrectValue="sois" InitValue="être" Width="200"/> souvent en voyage d’affaires l’année prochaine. Camille est ravie que vous <GapFill id="g253" CorrectValue="veniez" InitValue="venir" Width="200"/> enfin à Cayenne et que nous <GapFill id="g254" CorrectValue="fassions" InitValue="faire" Width="200"/> un peu de tourisme ensemble. Je souhaite donc que tous vos projets <GapFill id="g255"
                                 CorrectValue="se réalisent"
                                 InitValue="se réaliser"
                                 Width="200"/>, que vous <GapFill id="g256" CorrectValue="soyez" InitValue="être" Width="200"/> en bonne santé, que votre fille <GapFill id="g257"
                                 CorrectValue="réussisse"
                                 InitValue="réussir"
                                 Width="200"/> son bac et surtout, que nous <GapFill id="g258"
                                 CorrectValue="nous voyions"
                                 InitValue="se voir"
                                 Width="200"/> bientôt.
            </td>
                  </tr>
                  <tr>
                     <td>Mes amitiés</td>
                  </tr>
                  <tr>
                     <td>Yannick</td>
                  </tr>
               </table>
            </i>
         </div>
      </div>
   </Ex>
   <Ex id="hufex2_l09_b12"
       title="Les conseils"
       instr="Reformulez les phrases avec «il faut» et subjonctif. L’exemple vous aide."
       tech_instr="FILLING_IN">
      <p>
         <a target="_blank"
            href="http://www.langmaster.cz/comcz/French2/l09/b/hufex2_l09_b12.htm">/French2/l09/b/hufex2_l09_b12.htm</a>
         <br/>
         <a target="_blank"
            href="http://www.langmaster.cz/comcz/French2/l09/b/home.htm">
                            cvičení 12</a>
      </p>
      <div class="row">
         <div class="col-md-3 ">
            <img src="/schools/eaimgmp3/french2/img/coursebook/lesson09/page86/0655h0060.gif"/>
         </div>
         <div class="col-md-9 ">
            <div>
               <table class="table c-table">
                  <tr>
                     <td>
                        <b>{{Ttrans}}:</b>
                        <br/>
                Faites du sport plus souvent!<br/>
                        <GapFill id="g284"
                                 CorrectValue="Il faut que vous fassiez"
                                 InitValue="Il faut que vous fassiez"
                                 Example="true"/> du sport plus souvent.
              </td>
                  </tr>
               </table>
            </div>
            <ListGroup IsStriped="true">
               <Noop>
            Prenez le temps de manger.<br/>
                  <GapFill id="g384" CorrectValue="Il faut que vous preniez" Width="200"/> le temps de manger.
          </Noop>
               <Noop>
            Ne buvez pas trop d’alcool.<br/>
                  <GapFill id="g1432"
                           CorrectValue="Il faut que vous ne buviez pas|Il ne faut pas que vous buviez"
                           Width="200"/> trop d’alcool.
          </Noop>
               <Noop>
            Allez vous promener dans la nature.<br/>
                  <GapFill id="g580" CorrectValue="Il faut que vous alliez" Width="200"/> vous promener dans la nature.
          </Noop>
               <Noop>
            Essayez de vous détendre après le travail.<br/>
                  <GapFill id="g678" CorrectValue="Il faut que vous essayiez" Width="200"/> de vous détendre après le travail.
          </Noop>
               <Noop>
            Ne travaillez pas jusqu’à 10 heures du soir.<br/>
                  <GapFill id="g1434"
                           CorrectValue="Il faut que vous ne travailliez pas|Il ne faut pas que vous travailliez"
                           Width="200"/> jusqu’à 10 heures du soir.
          </Noop>
               <Noop>
            Couchez-vous plus tôt.<br/>
                  <GapFill id="g874" CorrectValue="Il faut que vous vous couchiez" Width="200"/> plus tôt.
          </Noop>
               <Noop>
            Voyez des amis plus souvent.<br/>
                  <GapFill id="g972" CorrectValue="Il faut que vous voyiez" Width="200"/> des amis plus souvent.
          </Noop>
               <Noop>
            Faites-vous plaisir de temps en temps.<br/>
                  <GapFill id="g1436" CorrectValue="Il faut que vous vous fassiez" Width="200"/> plaisir de temps en temps.
          </Noop>
               <Noop>
            Offrez-vous des vacances dans un endroit qui vous plaît.<br/>
                  <GapFill id="g1168" CorrectValue="Il faut que vous vous offriez" Width="200"/> des vacances dans un endroit qui vous plaît.
          </Noop>
               <Noop>
            Mariez-vous!<br/>
                  <GapFill id="g1266"
                           CorrectValue="Il faut que vous vous mariiez."
                           Width="200"/>
               </Noop>
            </ListGroup>
         </div>
      </div>
   </Ex>
</Module>
