﻿<?xml version="1.0" encoding="utf-8"?>
<Page id="hufex2_l06_c04">
  <p>
    <a href="http://www.langmaster.cz/comcz/French2/l06/c/hufex2_l06_c04.htm">/French2/l06/c/hufex2_l06_c04.htm</a>
    <br />
    <a href="http://www.langmaster.cz/comcz/French2/l06/c/home.htm">
                            cvičení 4</a>
  </p>
  <DragSource />
  <div class="row">
    <div class="col-md-2 ">
      <img src="/schools/eaimgmp3/french2/img/homestudy/lesson06/page142/0244h0009.jpg" />
    </div>
    <div class="col-md-10 ">
      <table class="table table-bordered c-table">
        <tr>
          <td>
            Vous <DragTarget id="g196" Width="200" CorrectValue="y" /> allez comment en Corse? En bateau ou en avion?
          </td>
        </tr>
        <tr>
          <td>
            Vous connaissez Bordeaux? – Comme ma poche! J’<DragTarget id="g245" Width="200" CorrectValue="y" /> ai vécu pendant 10 ans.
          </td>
        </tr>
        <tr>
          <td>
            Tu veux encore 40€! Pour quoi faire? - J’<DragTarget id="g294" Width="200" CorrectValue="en" /> ai besoin pour acheter des livres.
          </td>
        </tr>
        <tr>
          <td>
            Le Pérou? J’<DragTarget id="g343" Width="200" CorrectValue="en" /> rêve depuis longtemps!
          </td>
        </tr>
        <tr>
          <td>
            Cet horrible week-end à Lyon! Je m’<DragTarget id="g392" Width="200" CorrectValue="en" /> souviens comme si c’était hier.
          </td>
        </tr>
        <tr>
          <td>
            Nous adorons cette région. Nous <DragTarget id="g441" Width="200" CorrectValue="y" /> retournons tous les ans.
          </td>
        </tr>
        <tr>
          <td>
            Tu n’es pas encore allé à la banque! Vas-<DragTarget id="g490" Width="200" CorrectValue="y" /> tout de suite! Elle ferme dans 10 minutes.
          </td>
        </tr>
        <tr>
          <td>
            Les Maldives? J’<DragTarget id="g539" Width="200" CorrectValue="en" /> viens. C’est un vrai paradis. J’<DragTarget id="g540" Width="200" CorrectValue="y" /> suis resté trois semaines!
          </td>
        </tr>
        <tr>
          <td>
            Et les passeports? Il faut s’<DragTarget id="g589" Width="200" CorrectValue="en" /> occuper! - J’<DragTarget id="g590" Width="200" CorrectValue="y" /> pense, ma chérie.
          </td>
        </tr>
        <tr>
          <td>
            Alors, qu’est-ce qu’on fait le week-end prochain? - Je ne sais pas, mais je vais <DragTarget id="g639" Width="200" CorrectValue="y" /> réfléchir.
          </td>
        </tr>
      </table>
    </div>
  </div>
  <info title="«Y» ou «en»?" instrTitle="Décidez et complétez." instrs="FILLING_IN_FROM_A_LIST" />
</Page>