﻿<?xml version="1.0" encoding="utf-8"?>
<Page id="hufex2_l06_c05">
  <p>
    <a href="http://www.langmaster.cz/comcz/French2/l06/c/hufex2_l06_c05.htm">/French2/l06/c/hufex2_l06_c05.htm</a>
    <br />
    <a href="http://www.langmaster.cz/comcz/French2/l06/c/home.htm">
                            cvičení 5</a>
  </p>
  <DragSource />
  <div class="row">
    <div class="col-md-3 ">
      <img src="/schools/eaimgmp3/french2/img/vocabulary/lesson06/page68/trinker.gif" />
      <br />
      <br />
      <br />
      <br />
      <br />
      <br />
      <img src="/schools/eaimgmp3/french2/img/homestudy/lesson06/page142/1899h0050w.jpg" />
    </div>
    <div class="col-md-9 ">
      <div>
        <table class="table c-table">
          <tr>
            <td>
              <b>
                  {{Ttrans}}:
                </b>
              <br />
                Vous mangez beaucoup de légumes frais?<br /><DragTarget id="g324" CorrectValue="Oui, j’en mange beaucoup." /></td>
          </tr>
        </table>
      </div>
      <table>
        <tr>
          <td class=" middle" />
          <td class=" middle">
              Vous mangez de la viande combien de fois par semaine?<br /><DragTarget id="g424" CorrectValue="J’en mange 2 fois par semaine." /></td>
        </tr>
        <tr>
          <td class=" middle" />
          <td class=" middle">
              Vous consommez des surgelés?<br /><DragTarget id="g522" CorrectValue="Oui, j’en consomme." /></td>
        </tr>
        <tr>
          <td class=" middle" />
          <td class=" middle">
              Vous avez un congélateur?<br /><DragTarget id="g620" CorrectValue="Oui, j’en ai un." /></td>
        </tr>
        <tr>
          <td class=" middle" />
          <td class=" middle">
              Vous achetez parfois des coquillages?<br /><DragTarget id="g718" CorrectValue="Oui, j’en achète parfois." /></td>
        </tr>
        <tr>
          <td class=" middle" />
          <td class=" middle">
              Vous faites parfois des plats exotiques?<br /><DragTarget id="g816" CorrectValue="Non, je n’en fais jamais." /></td>
        </tr>
        <tr>
          <td class=" middle" />
          <td class=" middle">
              Vous avez un four à micro-ondes?<br /><DragTarget id="g1347" CorrectValue="Oui, j’en ai un." /></td>
        </tr>
        <tr>
          <td class=" middle" />
          <td class=" middle">
              Vous buvez du café au petit déjeuner?<br /><DragTarget id="g1012" CorrectValue="Oui, j’en bois." /></td>
        </tr>
        <tr>
          <td class=" middle" />
          <td class=" middle">
              Vous avez une recette préférée?<br /><DragTarget id="g1110" CorrectValue="Oui, j’en ai une." /></td>
        </tr>
        <tr>
          <td class=" middle" />
          <td class=" middle">
              Vous dépensez beaucoup d’argent pour la nourriture?<br /><DragTarget id="g1208" CorrectValue="Non, je n’en dépense pas beaucoup." /></td>
        </tr>
      </table>
    </div>
  </div>
  <info title="Vos habitudes alimentaires" instrTitle="Vos habitudes alimentaires, parlez-en en répondant aux questions suivantes!" instrs="FILLING_IN_FROM_A_LIST" />
</Page>