﻿<?xml version="1.0" encoding="utf-8"?>
<Page id="hufex2_l06_c06">
  <p>
    <a href="http://www.langmaster.cz/comcz/French2/l06/c/hufex2_l06_c06.htm">/French2/l06/c/hufex2_l06_c06.htm</a>
    <br />
    <a href="http://www.langmaster.cz/comcz/French2/l06/c/home.htm">
                            cvičení 6</a>
  </p>
  <div>
    <img src="/schools/eaimgmp3/french2/img/homestudy/lesson06/page143/c157h0034.jpg" />
  </div>
  <div>
    <Pairing id="E64">
      <PairingItem>Vous voulez encore du fromage?<Right>Oui, j’en veux bien encore un morceau.</Right></PairingItem>
      <PairingItem>Est-ce qu’il y a un train pour Strasbourg le matin?<Right>Oui, il y en a un qui part à 8 h 30.</Right></PairingItem>
      <PairingItem>Tu as pris combien de bouteilles de champagne?<Right>J’en ai pris trois bouteilles.</Right></PairingItem>
      <PairingItem>Est-ce que vous vous souvenez de votre première voiture?<Right>Je m’en souviens très bien. C’était une 2 CV noire.</Right></PairingItem>
      <PairingItem>Quand est-ce que vous allez faire du ski?<Right>On va en faire le week-end prochain, s’il y a assez de neige.</Right></PairingItem>
      <PairingItem>Combien d’enfants avez-vous?<Right>On en a trois.</Right></PairingItem>
      <PairingItem>Vous avez des lunettes?<Right>Oui, j’en ai une paire. Mais je ne les mets que pour lire.</Right></PairingItem>
      <PairingItem>Voulez-vous une tasse de café?<Right>Non, merci, je n’en bois jamais le soir. Ça m’empêche de dormir.</Right></PairingItem>
    </Pairing>
  </div>
  <info title="Questions" instrTitle="Trouvez les questions aux réponses suivantes et reliez-les." instrs="PAIRING" />
</Page>