﻿<?xml version="1.0" encoding="utf-8"?>
<Page id="hufex2_l06_c07">
  <p>
    <a href="http://www.langmaster.cz/comcz/French2/l06/c/hufex2_l06_c07.htm">/French2/l06/c/hufex2_l06_c07.htm</a>
    <br />
    <a href="http://www.langmaster.cz/comcz/French2/l06/c/home.htm">
                            cvičení 7</a>
  </p>
  <DragSource />
  <div class="row">
    <div class="col-md-3 ">
      <img src="/schools/eaimgmp3/french2/img/homestudy/lesson06/page143/olympus32219.jpg" />
    </div>
    <div class="col-md-9 ">
      <table class="table table-bordered c-table">
        <tr>
          <td>- Vous aimez la bière?</td>
        </tr>
        <tr>
          <td>
            - Oui, mais je <DragTarget id="g852" Width="200" CorrectValue="en" /> bois seulement quand il fait chaud.
          </td>
        </tr>
        <tr>
          <td>- Alors, comment trouvez-vous ce vin?</td>
        </tr>
        <tr>
          <td>
            - Je <DragTarget id="g287" Width="200" CorrectValue="le" /> trouve excellent. Je vais <DragTarget id="g288" Width="200" CorrectValue="en" /> prendre 4 bouteilles.
          </td>
        </tr>
        <tr>
          <td>- Vous avez encore des œufs frais?</td>
        </tr>
        <tr>
          <td>
            - Non, désolé, je n’<DragTarget id="g899" Width="200" CorrectValue="en" /> ai plus. J’ai tout vendu!
          </td>
        </tr>
        <tr>
          <td>
            - Les escargots, tu <DragTarget id="g382" Width="200" CorrectValue="les" /> manges comment?
          </td>
        </tr>
        <tr>
          <td>
            - Je <DragTarget id="g429" Width="200" CorrectValue="les" /> préfère avec du beurre et du persil. Mais je n’<DragTarget id="g430" Width="200" CorrectValue="en" /> mange pas souvent.
          </td>
        </tr>
        <tr>
          <td>
            - Encore des haricots verts! On <DragTarget id="g477" Width="200" CorrectValue="en" /> mange tous les jours! Tu sais bien que je n’aime pas ça.
          </td>
        </tr>
        <tr>
          <td>- Maman! Je prends combien de baguettes?</td>
        </tr>
        <tr>
          <td>
            - Prends-<DragTarget id="g570" Width="200" CorrectValue="en" /> deux.
          </td>
        </tr>
        <tr>
          <td>
            - Et des brioches, j’<DragTarget id="g617" Width="200" CorrectValue="en" /> prends aussi?
          </td>
        </tr>
        <tr>
          <td>
            - Oui, mais achète-<DragTarget id="g664" Width="200" CorrectValue="les" /> à la pâtisserie. Elles sont meilleures.
          </td>
        </tr>
        <tr>
          <td>- Tu connais un bon restaurant grec?</td>
        </tr>
        <tr>
          <td>
            - Oui, j’<DragTarget id="g757" Width="200" CorrectValue="en" /> connais un qui n’est pas loin de chez moi. D’ailleurs la propriétaire, tu <DragTarget id="g758" Width="200" CorrectValue="la" /> connais. C’est la sœur de la boulangère.
          </td>
        </tr>
      </table>
    </div>
  </div>
  <info title="Le, la, les, en" instrTitle="Le, la, les, en - ce sont les éléments qui manquent dans cet exercice. A vous de compléter!" instrs="FILLING_IN_FROM_A_LIST" />
</Page>