﻿<?xml version="1.0" encoding="utf-8"?>
<Page id="hufex2_l06_c08">
  <p>
    <a href="http://www.langmaster.cz/comcz/French2/l06/c/hufex2_l06_c08.htm">/French2/l06/c/hufex2_l06_c08.htm</a>
    <br />
    <a href="http://www.langmaster.cz/comcz/French2/l06/c/home.htm">
                            cvičení 8</a>
  </p>
  <DragSource />
  <div>
    <img src="/schools/eaimgmp3/french2/img/vocabulary/lesson06/page68/taxi.gif" />
  </div>
  <table class="table table-bordered c-table">
    <tr>
      <td class="c-table-default middle" />
      <td class="c-table-default middle">Qui l’utilise?</td>
      <td class="c-table-default middle">A quoi cela sert?</td>
    </tr>
    <tr>
      <td class=" middle">le répondeur</td>
      <td class=" middle">
        <DragTarget id="g203" Width="200" CorrectValue="une personne qui n’est pas là" />
      </td>
      <td class=" middle">
        <DragTarget id="g205" Width="200" CorrectValue="pour enregistrer des messages" />
      </td>
    </tr>
    <tr>
      <td class=" middle">le taxi</td>
      <td class=" middle">
        <DragTarget id="g209" Width="200" CorrectValue="le voyageur" />
      </td>
      <td class=" middle">
        <DragTarget id="g211" Width="200" CorrectValue="pour aller à la gare" />
      </td>
    </tr>
    <tr>
      <td class=" middle">les lunettes</td>
      <td class=" middle">
        <DragTarget id="g215" Width="200" CorrectValue="le lecteur" />
      </td>
      <td class=" middle">
        <DragTarget id="g217" Width="200" CorrectValue="pour mieux voir" />
      </td>
    </tr>
    <tr>
      <td class=" middle">le cartable</td>
      <td class=" middle">
        <DragTarget id="g221" Width="200" CorrectValue="l’étudiant" />
      </td>
      <td class=" middle">
        <DragTarget id="g223" Width="200" CorrectValue="pour porter des livres" />
      </td>
    </tr>
    <tr>
      <td class=" middle">le collier</td>
      <td class=" middle">
        <DragTarget id="g227" Width="200" CorrectValue="le chien" />
      </td>
      <td class=" middle">
        <DragTarget id="g229" Width="200" CorrectValue="pour lutter contre les puces" />
      </td>
    </tr>
    <tr>
      <td class=" middle">le parfum</td>
      <td class=" middle">
        <DragTarget id="g233" Width="200" CorrectValue="la femme et l’homme" />
      </td>
      <td class=" middle">
        <DragTarget id="g235" Width="200" CorrectValue="pour sentir bon" />
      </td>
    </tr>
  </table>
  <info title="A vous!" instrTitle="Il y a deux groupes d’expressions. Complétez le tableau avec ces expressions en répondant aux questions." instrs="FILLING_IN_FROM_A_LIST" />
</Page>