﻿<?xml version="1.0" encoding="utf-8"?>
<Page id="hufex2_l06_c09">
  <p>
    <a href="http://www.langmaster.cz/comcz/French2/l06/c/hufex2_l06_c09.htm">/French2/l06/c/hufex2_l06_c09.htm</a>
    <br />
    <a href="http://www.langmaster.cz/comcz/French2/l06/c/home.htm">
                            cvičení 9</a>
  </p>
  <div>
    <img src="/schools/eaimgmp3/french2/img/vocabulary/lesson06/page70/olympus32223.jpg" />
  </div>
  <div>
    <Pairing id="E64">
      <PairingItem>Je mets le livre sur la table.<Right>
            {{Ttrans}}
          </Right></PairingItem>
      <PairingItem>Je mets la table.<Right>
            {{Ttrans1}}
          </Right></PairingItem>
      <PairingItem>Je mets mon manteau.<Right>
            {{Ttrans2}}
          </Right></PairingItem>
      <PairingItem>Je mets du lait dans mon café.<Right>
            {{Ttrans3}}
          </Right></PairingItem>
      <PairingItem>Je mets de l’argent de côté.<Right>
            {{Ttrans4}}
          </Right></PairingItem>
      <PairingItem>Il met la télé tous les matins.<Right>
            {{Ttrans5}}
          </Right></PairingItem>
      <PairingItem>Il met 5 minutes à faire cet exercice.<Right>
            {{Ttrans6}}
          </Right></PairingItem>
    </Pairing>
  </div>
  <info title="Mettre" instrTitle="Apprenez tous les sens du verbe «mettre». Traduisez les phrases suivantes en les reliant aux équivalents." instrs="PAIRING" />
</Page>