﻿<?xml version="1.0" encoding="utf-8"?>
<Module title="Chapitre C">
   <Ex id="hufex2_l06_c01"
       title="Au feu! Au voleur!"
       instr="Il faut toujours distinguer les sons [ø] et [œ]. Ecoutez les phrases suivantes et marquez le son [ø]."
       tech_instr="TEXT_SECTION_SELECTING_ONE_OR_MORE_CORRECT_ANSWERS SOUND_PLAYBACK">
      <p>
         <a target="_blank"
            href="http://www.langmaster.cz/comcz/French2/l06/c/hufex2_l06_c01.htm">/French2/l06/c/hufex2_l06_c01.htm</a>
         <br/>
         <a target="_blank"
            href="http://www.langmaster.cz/comcz/French2/l06/c/home.htm">
                            cvičení 1</a>
      </p>
      <div>
         <img src="/schools/eaimgmp3/french2/img/coursebook/lesson06/page59/57_oben_links.gif"/>
      </div>
      <table class="table table-bordered c-table">
         <tr>
            <td class=" middle">
               <MediaText id="snd0"
                          Url="/schools/eaimgmp3/french2wma/lesson06/hufex2_l06_c01.mp3"
                          Sequence="0,1-2"/>
               <CheckItem id="o124" TextId="TrueFalse" CorrectValue="true">eu</CheckItem>
             est mass
            <CheckItem id="o126" TextId="TrueFalse" CorrectValue="true">eu</CheckItem>
            r dans la Cr
            <CheckItem id="o127" TextId="TrueFalse" CorrectValue="true">eu</CheckItem>
            se.
          </td>
         </tr>
         <tr>
            <td class=" middle">
               <MediaText id="snd3" Sequence="3,4" ContinueOf="snd0"/>
               <CheckItem id="o139" TextId="TrueFalse" CorrectValue="true">eux!</CheckItem>
               <MediaText id="snd5" Sequence="5" ContinueOf="snd3"/>
               <CheckItem id="o140" TextId="TrueFalse" CorrectValue="true">œux</CheckItem>
            de bon
            <CheckItem id="o141" TextId="TrueFalse" CorrectValue="false">heur!</CheckItem>
            </td>
         </tr>
         <tr>
            <td class=" middle">
               <MediaText id="snd6" Sequence="6,7-8" ContinueOf="snd5"/>
               <CheckItem id="o154" TextId="TrueFalse" CorrectValue="true">heu</CheckItem> r
            <CheckItem id="o155" TextId="TrueFalse" CorrectValue="true">eu</CheckItem> sement,
            je ne p
            <CheckItem id="o156" TextId="TrueFalse" CorrectValue="true">eux</CheckItem>
             pas déj
            <CheckItem id="o157" TextId="TrueFalse" CorrectValue="true">eu</CheckItem>
            ner avec 
            <CheckItem id="o158" TextId="TrueFalse" CorrectValue="true">eux</CheckItem>  j
            <CheckItem id="o159" TextId="TrueFalse" CorrectValue="true">eu</CheckItem> di.
          </td>
         </tr>
         <tr>
            <td class=" middle">
               <MediaText id="snd9" Sequence="9,10" ContinueOf="snd6"/>
               <CheckItem id="ao172" TextId="TrueFalse" CorrectValue="true">eu</CheckItem> geot de ma s
            <CheckItem id="o173" TextId="TrueFalse" CorrectValue="false">œu</CheckItem> r a de vi
            <CheckItem id="ao174" TextId="TrueFalse" CorrectValue="true">eu</CheckItem> x pn
            <CheckItem id="o175" TextId="TrueFalse" CorrectValue="true">eu</CheckItem> s.
            <MediaText id="snd11" Sequence="11" ContinueOf="snd9"/>
               <CheckItem id="o176" TextId="TrueFalse" CorrectValue="true">eux!</CheckItem>
            </td>
         </tr>
         <tr>
            <td class=" middle">
               <MediaText id="snd12" Sequence="12,13-14" ContinueOf="snd11"/>
               <CheckItem id="o189" TextId="TrueFalse" CorrectValue="true">œu</CheckItem> fs avec un p
            <CheckItem id="o190" TextId="TrueFalse" CorrectValue="true">eu</CheckItem> de b
            <CheckItem id="o191" TextId="TrueFalse" CorrectValue="false">eu</CheckItem> rre, c’est bien meill
            <CheckItem id="o192" TextId="TrueFalse" CorrectValue="false">eu</CheckItem> r!
          </td>
         </tr>
      </table>
   </Ex>
   <Ex id="hufex2_l06_c02"
       title="Les sons [ø] et [œ]"
       instr="Vous allez entendre plusieurs phrases. Chacune d’entre elles comprend 2 mots avec les sons [ø] et [œ]. Cochez la combinaison des sons entendues."
       tech_instr="SINGLE_CHOICE SOUND_PLAYBACK">
      <p>
         <a target="_blank"
            href="http://www.langmaster.cz/comcz/French2/l06/c/hufex2_l06_c02.htm">/French2/l06/c/hufex2_l06_c02.htm</a>
         <br/>
         <a target="_blank"
            href="http://www.langmaster.cz/comcz/French2/l06/c/home.htm">
                            cvičení 2</a>
      </p>
      <div class="row">
         <div class="col-md-4 ">
            <img src="/schools/eaimgmp3/french2/img/coursebook/lesson06/page59/1311h0018.jpg"/>
         </div>
         <div class="col-md-8 ">
            <table class="table table-bordered c-table">
               <tr>
                  <td class="c-table-default middle">Attention!</td>
                  <td class="c-table-default middle"/>
                  <td class="c-table-default middle"/>
                  <td class="c-table-default middle"/>
                  <td class="c-table-default middle"/>
               </tr>
               <tr>
                  <td class=" middle">[œ]</td>
                  <td class=" middle"/>
                  <td class=" middle">-&gt;</td>
                  <td class=" middle">[ø]</td>
                  <td class=" middle"/>
               </tr>
               <tr>
                  <td class=" middle">un œuf</td>
                  <td class=" middle">[œf]</td>
                  <td class=" middle">-&gt;</td>
                  <td class=" middle">des œufs</td>
                  <td class=" middle">[ø]</td>
               </tr>
               <tr>
                  <td class=" middle">un bœuf</td>
                  <td class=" middle">[bœuf]</td>
                  <td class=" middle">-&gt;</td>
                  <td class=" middle">des bœufs</td>
                  <td class=" middle">[bø]</td>
               </tr>
               <tr>
                  <td class=" middle">un œil</td>
                  <td class=" middle">[œj]</td>
                  <td class=" middle">-&gt;</td>
                  <td class=" middle">des yeux</td>
                  <td class=" middle">[jø]</td>
               </tr>
            </table>
         </div>
      </div>
      <div class="row">
         <div class="col-md-1 ">
            <MediaBigMark Url="/schools/eaimgmp3/french2wma/lesson06/hufex2_l06_c02.mp3"
                          Sequence=""/>
         </div>
         <div class="col-md-11 ">
            <table class="table table-bordered c-table">
               <tr>
                  <td class="c-table middle">a.</td>
                  <td>
                     <WordSelection id="o500" Words="[ø]/[ø]|#[ø]/[œ]|[œ]/[ø]|[œ]/[œ]"/>
                  </td>
               </tr>
               <tr>
                  <td class="c-table middle">b.</td>
                  <td>
                     <WordSelection id="o749" Words="[ø]/[ø]|[ø]/[œ]|[œ]/[ø]|#[œ]/[œ]"/>
                  </td>
               </tr>
               <tr>
                  <td class="c-table middle">c.</td>
                  <td>
                     <WordSelection id="o998" Words="#[ø]/[ø]|[ø]/[œ]|[œ]/[ø]|[œ]/[œ]"/>
                  </td>
               </tr>
               <tr>
                  <td class="c-table middle">d.</td>
                  <td>
                     <WordSelection id="o1247" Words="[ø]/[ø]|#[ø]/[œ]|[œ]/[ø]|[œ]/[œ]"/>
                  </td>
               </tr>
               <tr>
                  <td class="c-table middle">e.</td>
                  <td>
                     <WordSelection id="o1496" Words="[ø]/[ø]|[ø]/[œ]|#[œ]/[ø]|[œ]/[œ]"/>
                  </td>
               </tr>
               <tr>
                  <td class="c-table middle">f.</td>
                  <td>
                     <WordSelection id="o1745" Words="[ø]/[ø]|[ø]/[œ]|#[œ]/[ø]|[œ]/[œ]"/>
                  </td>
               </tr>
               <tr>
                  <td class="c-table middle">g.</td>
                  <td>
                     <WordSelection id="o1994" Words="[ø]/[ø]|[ø]/[œ]|[œ]/[ø]|#[œ]/[œ]"/>
                  </td>
               </tr>
               <tr>
                  <td class="c-table middle">h.</td>
                  <td>
                     <WordSelection id="o2243" Words="#[ø]/[ø]|[ø]/[œ]|[œ]/[ø]|[œ]/[œ]"/>
                  </td>
               </tr>
            </table>
         </div>
      </div>
   </Ex>
   <Ex id="hufex2_l06_c03"
       title="Divertissement"
       instr="Lisez le poème et répétez. Distinguez bien les sons [ø] et [œ]."
       tech_instr="SOUND_PLAYBACK">
      <p>
         <a target="_blank"
            href="http://www.langmaster.cz/comcz/French2/l06/c/hufex2_l06_c03.htm">/French2/l06/c/hufex2_l06_c03.htm</a>
         <br/>
         <a target="_blank"
            href="http://www.langmaster.cz/comcz/French2/l06/c/home.htm">
                            cvičení 3</a>
      </p>
      <div class="row">
         <div class="col-md-7 ">
            <b> Rêve</b>
            <br/>
            <br/>
            <MediaText id="snd0"
                       Url="/schools/eaimgmp3/french2wma/lesson06/hufex2_l06_c03.mp3"
                       Sequence="0"/>
            <br/>
            <MediaText id="snd1" Sequence="1" ContinueOf="snd0"/>
            <br/>
            <MediaText id="snd2" Sequence="2" ContinueOf="snd1"/>
            <br/>
            <MediaText id="snd3" Sequence="3" ContinueOf="snd2"/>
            <br/>
            <MediaText id="snd4" Sequence="4" ContinueOf="snd3"/>
            <br/>
            <MediaText id="snd5" Sequence="5" ContinueOf="snd4"/>
            <br/>
            <MediaText id="snd7" Sequence="7" ContinueOf="snd5"/>
            <br/>
            <MediaText id="snd8" Sequence="8" ContinueOf="snd7"/>
            <br/>
            <MediaText id="snd9" Sequence="9" ContinueOf="snd8"/>
            <br/>
         </div>
         <div class="col-md-5 ">
            <img src="/schools/eaimgmp3/french2/img/coursebook/lesson06/page59/57_unten.gif"/>
         </div>
      </div>
   </Ex>
   <Ex id="hufex2_l06_c04"
       title="«Y» ou «en»?"
       instr="Décidez et complétez."
       tech_instr="FILLING_IN_FROM_A_LIST">
      <p>
         <a target="_blank"
            href="http://www.langmaster.cz/comcz/French2/l06/c/hufex2_l06_c04.htm">/French2/l06/c/hufex2_l06_c04.htm</a>
         <br/>
         <a target="_blank"
            href="http://www.langmaster.cz/comcz/French2/l06/c/home.htm">
                            cvičení 4</a>
      </p>
      <DragSource/>
      <div class="row">
         <div class="col-md-2 ">
            <img src="/schools/eaimgmp3/french2/img/homestudy/lesson06/page142/0244h0009.jpg"/>
         </div>
         <div class="col-md-10 ">
            <table class="table table-bordered c-table">
               <tr>
                  <td>
            Vous <DragTarget id="g196" CorrectValue="y" Width="200"/> allez comment en Corse? En bateau ou en avion?
          </td>
               </tr>
               <tr>
                  <td>
            Vous connaissez Bordeaux? – Comme ma poche! J’<DragTarget id="g245" CorrectValue="y" Width="200"/> ai vécu pendant 10 ans.
          </td>
               </tr>
               <tr>
                  <td>
            Tu veux encore 40€! Pour quoi faire? - J’<DragTarget id="g294" CorrectValue="en" Width="200"/> ai besoin pour acheter des livres.
          </td>
               </tr>
               <tr>
                  <td>
            Le Pérou? J’<DragTarget id="g343" CorrectValue="en" Width="200"/> rêve depuis longtemps!
          </td>
               </tr>
               <tr>
                  <td>
            Cet horrible week-end à Lyon! Je m’<DragTarget id="g392" CorrectValue="en" Width="200"/> souviens comme si c’était hier.
          </td>
               </tr>
               <tr>
                  <td>
            Nous adorons cette région. Nous <DragTarget id="g441" CorrectValue="y" Width="200"/> retournons tous les ans.
          </td>
               </tr>
               <tr>
                  <td>
            Tu n’es pas encore allé à la banque! Vas-<DragTarget id="g490" CorrectValue="y" Width="200"/> tout de suite! Elle ferme dans 10 minutes.
          </td>
               </tr>
               <tr>
                  <td>
            Les Maldives? J’<DragTarget id="g539" CorrectValue="en" Width="200"/> viens. C’est un vrai paradis. J’<DragTarget id="g540" CorrectValue="y" Width="200"/> suis resté trois semaines!
          </td>
               </tr>
               <tr>
                  <td>
            Et les passeports? Il faut s’<DragTarget id="g589" CorrectValue="en" Width="200"/> occuper! - J’<DragTarget id="g590" CorrectValue="y" Width="200"/> pense, ma chérie.
          </td>
               </tr>
               <tr>
                  <td>
            Alors, qu’est-ce qu’on fait le week-end prochain? - Je ne sais pas, mais je vais <DragTarget id="g639" CorrectValue="y" Width="200"/> réfléchir.
          </td>
               </tr>
            </table>
         </div>
      </div>
   </Ex>
   <Ex id="hufex2_l06_c05"
       title="Vos habitudes alimentaires"
       instr="Vos habitudes alimentaires, parlez-en en répondant aux questions suivantes!"
       tech_instr="FILLING_IN_FROM_A_LIST">
      <p>
         <a target="_blank"
            href="http://www.langmaster.cz/comcz/French2/l06/c/hufex2_l06_c05.htm">/French2/l06/c/hufex2_l06_c05.htm</a>
         <br/>
         <a target="_blank"
            href="http://www.langmaster.cz/comcz/French2/l06/c/home.htm">
                            cvičení 5</a>
      </p>
      <DragSource/>
      <div class="row">
         <div class="col-md-3 ">
            <img src="/schools/eaimgmp3/french2/img/vocabulary/lesson06/page68/trinker.gif"/>
            <br/>
            <br/>
            <br/>
            <br/>
            <br/>
            <br/>
            <img src="/schools/eaimgmp3/french2/img/homestudy/lesson06/page142/1899h0050w.jpg"/>
         </div>
         <div class="col-md-9 ">
            <div>
               <table class="table c-table">
                  <tr>
                     <td>
                        <b>
                  {{Ttrans}}:
                </b>
                        <br/>
                Vous mangez beaucoup de légumes frais?<br/>
                        <DragTarget id="g324"
                                    CorrectValue="Oui, j’en mange beaucoup."
                                    InitValue="Oui, j’en mange beaucoup."
                                    Example="true"/>
                     </td>
                  </tr>
               </table>
            </div>
            <table class="table c-table">
               <tr>
                  <td class=" middle"/>
                  <td class=" middle">
              Vous mangez de la viande combien de fois par semaine?<br/>
                     <DragTarget id="g424" CorrectValue="J’en mange 2 fois par semaine."/>
                  </td>
               </tr>
               <tr>
                  <td class=" middle"/>
                  <td class=" middle">
              Vous consommez des surgelés?<br/>
                     <DragTarget id="g522" CorrectValue="Oui, j’en consomme."/>
                  </td>
               </tr>
               <tr>
                  <td class=" middle"/>
                  <td class=" middle">
              Vous avez un congélateur?<br/>
                     <DragTarget id="g620" CorrectValue="Oui, j’en ai un."/>
                  </td>
               </tr>
               <tr>
                  <td class=" middle"/>
                  <td class=" middle">
              Vous achetez parfois des coquillages?<br/>
                     <DragTarget id="g718" CorrectValue="Oui, j’en achète parfois."/>
                  </td>
               </tr>
               <tr>
                  <td class=" middle"/>
                  <td class=" middle">
              Vous faites parfois des plats exotiques?<br/>
                     <DragTarget id="g816" CorrectValue="Non, je n’en fais jamais."/>
                  </td>
               </tr>
               <tr>
                  <td class=" middle"/>
                  <td class=" middle">
              Vous avez un four à micro-ondes?<br/>
                     <DragTarget id="g1347" CorrectValue="Oui, j’en ai un."/>
                  </td>
               </tr>
               <tr>
                  <td class=" middle"/>
                  <td class=" middle">
              Vous buvez du café au petit déjeuner?<br/>
                     <DragTarget id="g1012" CorrectValue="Oui, j’en bois."/>
                  </td>
               </tr>
               <tr>
                  <td class=" middle"/>
                  <td class=" middle">
              Vous avez une recette préférée?<br/>
                     <DragTarget id="g1110" CorrectValue="Oui, j’en ai une."/>
                  </td>
               </tr>
               <tr>
                  <td class=" middle"/>
                  <td class=" middle">
              Vous dépensez beaucoup d’argent pour la nourriture?<br/>
                     <DragTarget id="g1208" CorrectValue="Non, je n’en dépense pas beaucoup."/>
                  </td>
               </tr>
            </table>
         </div>
      </div>
   </Ex>
   <Ex id="hufex2_l06_c06"
       title="Questions"
       instr="Trouvez les questions aux réponses suivantes et reliez-les."
       tech_instr="PAIRING">
      <p>
         <a target="_blank"
            href="http://www.langmaster.cz/comcz/French2/l06/c/hufex2_l06_c06.htm">/French2/l06/c/hufex2_l06_c06.htm</a>
         <br/>
         <a target="_blank"
            href="http://www.langmaster.cz/comcz/French2/l06/c/home.htm">
                            cvičení 6</a>
      </p>
      <div>
         <img src="/schools/eaimgmp3/french2/img/homestudy/lesson06/page143/c157h0034.jpg"/>
      </div>
      <div>
         <Pairing id="E64">
            <PairingItem>Vous voulez encore du fromage?<Right>Oui, j’en veux bien encore un morceau.</Right>
            </PairingItem>
            <PairingItem>Est-ce qu’il y a un train pour Strasbourg le matin?<Right>Oui, il y en a un qui part à 8 h 30.</Right>
            </PairingItem>
            <PairingItem>Tu as pris combien de bouteilles de champagne?<Right>J’en ai pris trois bouteilles.</Right>
            </PairingItem>
            <PairingItem>Est-ce que vous vous souvenez de votre première voiture?<Right>Je m’en souviens très bien. C’était une 2 CV noire.</Right>
            </PairingItem>
            <PairingItem>Quand est-ce que vous allez faire du ski?<Right>On va en faire le week-end prochain, s’il y a assez de neige.</Right>
            </PairingItem>
            <PairingItem>Combien d’enfants avez-vous?<Right>On en a trois.</Right>
            </PairingItem>
            <PairingItem>Vous avez des lunettes?<Right>Oui, j’en ai une paire. Mais je ne les mets que pour lire.</Right>
            </PairingItem>
            <PairingItem>Voulez-vous une tasse de café?<Right>Non, merci, je n’en bois jamais le soir. Ça m’empêche de dormir.</Right>
            </PairingItem>
         </Pairing>
      </div>
   </Ex>
   <Ex id="hufex2_l06_c07"
       title="Le, la, les, en"
       instr="Le, la, les, en - ce sont les éléments qui manquent dans cet exercice. A vous de compléter!"
       tech_instr="FILLING_IN_FROM_A_LIST">
      <p>
         <a target="_blank"
            href="http://www.langmaster.cz/comcz/French2/l06/c/hufex2_l06_c07.htm">/French2/l06/c/hufex2_l06_c07.htm</a>
         <br/>
         <a target="_blank"
            href="http://www.langmaster.cz/comcz/French2/l06/c/home.htm">
                            cvičení 7</a>
      </p>
      <DragSource/>
      <div class="row">
         <div class="col-md-3 ">
            <img src="/schools/eaimgmp3/french2/img/homestudy/lesson06/page143/olympus32219.jpg"/>
         </div>
         <div class="col-md-9 ">
            <table class="table table-bordered c-table">
               <tr>
                  <td>- Vous aimez la bière?</td>
               </tr>
               <tr>
                  <td>
            - Oui, mais je <DragTarget id="g852" CorrectValue="en" Width="200"/> bois seulement quand il fait chaud.
          </td>
               </tr>
               <tr>
                  <td>- Alors, comment trouvez-vous ce vin?</td>
               </tr>
               <tr>
                  <td>
            - Je <DragTarget id="g287" CorrectValue="le" Width="200"/> trouve excellent. Je vais <DragTarget id="g288" CorrectValue="en" Width="200"/> prendre 4 bouteilles.
          </td>
               </tr>
               <tr>
                  <td>- Vous avez encore des œufs frais?</td>
               </tr>
               <tr>
                  <td>
            - Non, désolé, je n’<DragTarget id="g899" CorrectValue="en" Width="200"/> ai plus. J’ai tout vendu!
          </td>
               </tr>
               <tr>
                  <td>
            - Les escargots, tu <DragTarget id="g382" CorrectValue="les" Width="200"/> manges comment?
          </td>
               </tr>
               <tr>
                  <td>
            - Je <DragTarget id="g429" CorrectValue="les" Width="200"/> préfère avec du beurre et du persil. Mais je n’<DragTarget id="g430" CorrectValue="en" Width="200"/> mange pas souvent.
          </td>
               </tr>
               <tr>
                  <td>
            - Encore des haricots verts! On <DragTarget id="g477" CorrectValue="en" Width="200"/> mange tous les jours! Tu sais bien que je n’aime pas ça.
          </td>
               </tr>
               <tr>
                  <td>- Maman! Je prends combien de baguettes?</td>
               </tr>
               <tr>
                  <td>
            - Prends-<DragTarget id="g570" CorrectValue="en" Width="200"/> deux.
          </td>
               </tr>
               <tr>
                  <td>
            - Et des brioches, j’<DragTarget id="g617" CorrectValue="en" Width="200"/> prends aussi?
          </td>
               </tr>
               <tr>
                  <td>
            - Oui, mais achète-<DragTarget id="g664" CorrectValue="les" Width="200"/> à la pâtisserie. Elles sont meilleures.
          </td>
               </tr>
               <tr>
                  <td>- Tu connais un bon restaurant grec?</td>
               </tr>
               <tr>
                  <td>
            - Oui, j’<DragTarget id="g757" CorrectValue="en" Width="200"/> connais un qui n’est pas loin de chez moi. D’ailleurs la propriétaire, tu <DragTarget id="g758" CorrectValue="la" Width="200"/> connais. C’est la sœur de la boulangère.
          </td>
               </tr>
            </table>
         </div>
      </div>
   </Ex>
   <Ex id="hufex2_l06_c08"
       title="A vous!"
       instr="Il y a deux groupes d’expressions. Complétez le tableau avec ces expressions en répondant aux questions."
       tech_instr="FILLING_IN_FROM_A_LIST">
      <p>
         <a target="_blank"
            href="http://www.langmaster.cz/comcz/French2/l06/c/hufex2_l06_c08.htm">/French2/l06/c/hufex2_l06_c08.htm</a>
         <br/>
         <a target="_blank"
            href="http://www.langmaster.cz/comcz/French2/l06/c/home.htm">
                            cvičení 8</a>
      </p>
      <DragSource/>
      <div>
         <img src="/schools/eaimgmp3/french2/img/vocabulary/lesson06/page68/taxi.gif"/>
      </div>
      <table class="table table-bordered c-table">
         <tr>
            <td class="c-table-default middle"/>
            <td class="c-table-default middle">Qui l’utilise?</td>
            <td class="c-table-default middle">A quoi cela sert?</td>
         </tr>
         <tr>
            <td class=" middle">le répondeur</td>
            <td class=" middle">
               <DragTarget id="g203" CorrectValue="une personne qui n’est pas là" Width="200"/>
            </td>
            <td class=" middle">
               <DragTarget id="g205" CorrectValue="pour enregistrer des messages" Width="200"/>
            </td>
         </tr>
         <tr>
            <td class=" middle">le taxi</td>
            <td class=" middle">
               <DragTarget id="g209" CorrectValue="le voyageur" Width="200"/>
            </td>
            <td class=" middle">
               <DragTarget id="g211" CorrectValue="pour aller à la gare" Width="200"/>
            </td>
         </tr>
         <tr>
            <td class=" middle">les lunettes</td>
            <td class=" middle">
               <DragTarget id="g215" CorrectValue="le lecteur" Width="200"/>
            </td>
            <td class=" middle">
               <DragTarget id="g217" CorrectValue="pour mieux voir" Width="200"/>
            </td>
         </tr>
         <tr>
            <td class=" middle">le cartable</td>
            <td class=" middle">
               <DragTarget id="g221" CorrectValue="l’étudiant" Width="200"/>
            </td>
            <td class=" middle">
               <DragTarget id="g223" CorrectValue="pour porter des livres" Width="200"/>
            </td>
         </tr>
         <tr>
            <td class=" middle">le collier</td>
            <td class=" middle">
               <DragTarget id="g227" CorrectValue="le chien" Width="200"/>
            </td>
            <td class=" middle">
               <DragTarget id="g229" CorrectValue="pour lutter contre les puces" Width="200"/>
            </td>
         </tr>
         <tr>
            <td class=" middle">le parfum</td>
            <td class=" middle">
               <DragTarget id="g233" CorrectValue="la femme et l’homme" Width="200"/>
            </td>
            <td class=" middle">
               <DragTarget id="g235" CorrectValue="pour sentir bon" Width="200"/>
            </td>
         </tr>
      </table>
   </Ex>
   <Ex id="hufex2_l06_c09"
       title="Mettre"
       instr="Apprenez tous les sens du verbe «mettre». Traduisez les phrases suivantes en les reliant aux équivalents."
       tech_instr="PAIRING">
      <p>
         <a target="_blank"
            href="http://www.langmaster.cz/comcz/French2/l06/c/hufex2_l06_c09.htm">/French2/l06/c/hufex2_l06_c09.htm</a>
         <br/>
         <a target="_blank"
            href="http://www.langmaster.cz/comcz/French2/l06/c/home.htm">
                            cvičení 9</a>
      </p>
      <div>
         <img src="/schools/eaimgmp3/french2/img/vocabulary/lesson06/page70/olympus32223.jpg"/>
      </div>
      <div>
         <Pairing id="E64">
            <PairingItem>Je mets le livre sur la table.<Right>
            {{Ttrans}}
          </Right>
            </PairingItem>
            <PairingItem>Je mets la table.<Right>
            {{Ttrans1}}
          </Right>
            </PairingItem>
            <PairingItem>Je mets mon manteau.<Right>
            {{Ttrans2}}
          </Right>
            </PairingItem>
            <PairingItem>Je mets du lait dans mon café.<Right>
            {{Ttrans3}}
          </Right>
            </PairingItem>
            <PairingItem>Je mets de l’argent de côté.<Right>
            {{Ttrans4}}
          </Right>
            </PairingItem>
            <PairingItem>Il met la télé tous les matins.<Right>
            {{Ttrans5}}
          </Right>
            </PairingItem>
            <PairingItem>Il met 5 minutes à faire cet exercice.<Right>
            {{Ttrans6}}
          </Right>
            </PairingItem>
         </Pairing>
      </div>
   </Ex>
</Module>
