﻿<?xml version="1.0" encoding="utf-8"?>
<Page id="hufex2_l08_a03">
  <p>
    <a href="http://www.langmaster.cz/comcz/French2/l08/a/hufex2_l08_a03.htm">/French2/l08/a/hufex2_l08_a03.htm</a>
    <br />
    <a href="http://www.langmaster.cz/comcz/French2/l08/a/home.htm">
                            cvičení 2</a>
  </p>
  <div>
    <h4>
      <b>Renato doit-il fermer son bec?</b>
    </h4>
        Procès spectaculaire autour d’un coq «trop bruyant» à Villefranche-du-Périgord, un village de Dordogne. Parce que le coq de son voisin le réveillait trop tôt, un industriel a porté plainte contre le coq et son propriétaire.<br />En quelques jours, Renato, un coq de 4 ans, est devenu une vraie célébrité dans son village: accusé d’être «trop bruyant» par un habitant qui a porté plainte, Renato se retrouve aujourd’hui devant le tribunal de police. En compagnie de son propriétaire, bien sûr, qui risque une amende symbolique de 1 franc de dommages et intérêts s’il perd le procès.<br />Depuis l’été dernier, l’histoire mobilise les 830 habitants de Villefranche-du-Périgord. Dans ce village, un industriel lorrain a restauré une vieille maison qu’il habite fréquemment. Tout près de là, Bernard et Nicole soignent leurs bêtes. Dans son poulailler, Renato passe des jours tranquilles.Soudain, en juin dernier, l’industriel lorrain arrive, furieux: il faut fermer le bec du coq. Devant le tribunal de police, son avocat résume: «Ce coq chante à toute heure du jour et de la nuit, de préférence entre 4 et 7 heures du matin. Ce coq est anormal et son propriétaire le laisse volontairement chanter pour déranger ses voisins.»<br />Bernard et Nicole s’étonnent: «Nous n’avons jamais eu de problèmes avec nos bêtes. Tous les coqs chantent! Le nôtre ni plus ni moins que les autres. Nous ne comprenons pas.» Pour supporter Renato, l’association «Vivre à la campagne» a fait circuler une pétition de soutien et organisé un défilé de solidarité dans la rue principale de Villefranche. Rien n’y fait. L’industriel lorrain ne renonce pas. L’affaire Renato doit se régler devant le tribunal de police de Sarlat.
        <br /><i>(D’après la Revue de la Presse, mai 1995)</i></div>
  <div>
    <img src="/schools/eaimgmp3/french2/img/coursebook/lesson08/page71/71_mitte.jpg" />
  </div>
  <br />
  <div>
    <Pairing id="E64">
      <PairingItem>Où se passe ce fait divers?<Right>A Villefranche-du-Périgord.</Right></PairingItem>
      <PairingItem>Qui a porté plainte contre le coq Renato?<Right>Un industriel lorrain qui habite près de la ferme.</Right></PairingItem>
      <PairingItem>Pour quelles raisons a-t-il porté plainte?<Right>Parce que le coq Renato est trop bruyant.</Right></PairingItem>
      <PairingItem>Qu’est-ce que les propriétaires du coq pensent de cette plainte?<Right>Ils ne comprennent pas parce que tous les coqs chantent.</Right></PairingItem>
      <PairingItem>Qu’a fait l’association «Vivre à la campagne» pour soutenir Renato?<Right>Elle a fait circuler une pétition et organisé un défilé de solidarité dans le village.</Right></PairingItem>
      <PairingItem>Où cette affaire va-t-elle se régler?<Right>Devant le tribunal de police de Sarlat.</Right></PairingItem>
    </Pairing>
  </div>
  <info title="Le coq Renato" instrTitle="Voici un procès spectaculaire autour d’un coq «trop bruyant». Lisez le texte et reliez les questions avec les bonnes réponses." instrs="PAIRING" />
</Page>