﻿<?xml version="1.0" encoding="utf-8"?>
<Page id="hufex2_l08_a04">
  <p>
    <a href="http://www.langmaster.cz/comcz/French2/l08/a/hufex2_l08_a04.htm">/French2/l08/a/hufex2_l08_a04.htm</a>
    <br />
    <a href="http://www.langmaster.cz/comcz/French2/l08/a/home.htm">
                            cvičení 3</a>
  </p>
  <table class="table table-bordered c-table">
    <tr>
      <td class="c-table-default middle">porte que l’on ferme à clef</td>
      <td>
        <WordSelection id="ce469" CorrectValue="0" Words="bruits de la ville|bruits du matin|bruits de la campagne|#bruits du soir" />
      </td>
    </tr>
    <tr>
      <td class="c-table-default middle">tracteur</td>
      <td>
        <WordSelection id="ce283" CorrectValue="0" Words="bruits de la ville|bruits du matin|#bruits de la campagne|bruits du soir" />
      </td>
    </tr>
    <tr>
      <td class="c-table-default middle">voitures</td>
      <td>
        <WordSelection id="ce198" CorrectValue="0" Words="#bruits de la ville|bruits du matin|bruits de la campagne|bruits du soir" />
      </td>
    </tr>
    <tr>
      <td class="c-table-default middle">cigales</td>
      <td>
        <WordSelection id="ce291" CorrectValue="0" Words="bruits de la ville|bruits du matin|#bruits de la campagne|bruits du soir" />
      </td>
    </tr>
    <tr>
      <td class="c-table-default middle">sirène</td>
      <td>
        <WordSelection id="ce206" CorrectValue="0" Words="#bruits de la ville|bruits du matin|bruits de la campagne|bruits du soir" />
      </td>
    </tr>
    <tr>
      <td class="c-table-default middle">télévision</td>
      <td>
        <WordSelection id="ce453" CorrectValue="0" Words="bruits de la ville|bruits du matin|bruits de la campagne|#bruits du soir" />
      </td>
    </tr>
    <tr>
      <td class="c-table-default middle">grands magasins</td>
      <td>
        <WordSelection id="ce214" CorrectValue="0" Words="#bruits de la ville|bruits du matin|bruits de la campagne|bruits du soir" />
      </td>
    </tr>
    <tr>
      <td class="c-table-default middle">réveil</td>
      <td>
        <WordSelection id="ce384" CorrectValue="0" Words="bruits de la ville|#bruits du matin|bruits de la campagne|bruits du soir" />
      </td>
    </tr>
    <tr>
      <td class="c-table-default middle">ramassage des poubelles</td>
      <td>
        <WordSelection id="ce376" CorrectValue="0" Words="bruits de la ville|#bruits du matin|bruits de la campagne|bruits du soir" />
      </td>
    </tr>
    <tr>
      <td class="c-table-default middle">disco</td>
      <td>
        <WordSelection id="ce461" CorrectValue="0" Words="bruits de la ville|bruits du matin|bruits de la campagne|#bruits du soir" />
      </td>
    </tr>
    <tr>
      <td class="c-table-default middle">vaches</td>
      <td>
        <WordSelection id="ce299" CorrectValue="0" Words="bruits de la ville|bruits du matin|#bruits de la campagne|bruits du soir" />
      </td>
    </tr>
    <tr>
      <td class="c-table-default middle">coq</td>
      <td>
        <WordSelection id="ce307" CorrectValue="0" Words="bruits de la ville|bruits du matin|#bruits de la campagne|bruits du soir" />
      </td>
    </tr>
  </table>
  <img src="/schools/eaimgmp3/french2/img/vocabulary/lesson08/page89/0810h0005.jpg" />
  <info title="Quel bruit!" instrTitle="Il y a quatre groupes. Classez les mots donnés dans les quatre groupes selon le type de bruit." instrs="SORTING_INTO_GROUPS_DRAG_AND_DROP" />
</Page>