﻿<?xml version="1.0" encoding="utf-8"?>
<Page id="hufex2_l08_a06">
  <p>
    <a href="http://www.langmaster.cz/comcz/French2/l08/a/hufex2_l08_a06.htm">/French2/l08/a/hufex2_l08_a06.htm</a>
    <br />
    <a href="http://www.langmaster.cz/comcz/French2/l08/a/home.htm">
                            cvičení 5</a>
  </p>
  <table class="table table-bordered c-table">
    <tr>
      <td class="c-table-default middle">métro</td>
      <td>
        <WordSelection id="ce338" CorrectValue="0" Words="à|#en" />
      </td>
    </tr>
    <tr>
      <td class="c-table-default middle">moto</td>
      <td>
        <WordSelection id="ce253" CorrectValue="0" Words="#à|en" />
      </td>
    </tr>
    <tr>
      <td class="c-table-default middle">pied</td>
      <td>
        <WordSelection id="ce261" CorrectValue="0" Words="#à|en" />
      </td>
    </tr>
    <tr>
      <td class="c-table-default middle">train</td>
      <td>
        <WordSelection id="ce354" CorrectValue="0" Words="à|#en" />
      </td>
    </tr>
    <tr>
      <td class="c-table-default middle">cheval</td>
      <td>
        <WordSelection id="ce269" CorrectValue="0" Words="#à|en" />
      </td>
    </tr>
    <tr>
      <td class="c-table-default middle">bus</td>
      <td>
        <WordSelection id="ce346" CorrectValue="0" Words="à|#en" />
      </td>
    </tr>
    <tr>
      <td class="c-table-default middle">vélo</td>
      <td>
        <WordSelection id="ce245" CorrectValue="0" Words="#à|en" />
      </td>
    </tr>
  </table>
  <img src="/schools/eaimgmp3/french2/img/vocabulary/lesson08/page91/sonne.gif" />
  <img src="/schools/eaimgmp3/french2/img/vocabulary/lesson08/page91/sonne1.gif" />
  <info title="«A» ou «en»" instrTitle="Classez les mots d’après la préposition." instrs="SORTING_INTO_GROUPS_DRAG_AND_DROP" />
</Page>