﻿<?xml version="1.0" encoding="utf-8"?>
<Page id="hufex2_l08_a07">
  <p>
    <a href="http://www.langmaster.cz/comcz/French2/l08/a/hufex2_l08_a07.htm">/French2/l08/a/hufex2_l08_a07.htm</a>
    <br />
    <a href="http://www.langmaster.cz/comcz/French2/l08/a/home.htm">
                            cvičení 6</a>
  </p>
  <DragSource />
  <div class="row">
    <div class="col-md-2 ">
      <img src="/schools/eaimgmp3/french2/img/vocabulary/lesson08/page98/0418h0153.gif" />
    </div>
    <div class="col-md-10 ">
      <table class="table table-bordered c-table">
        <tr>
          <td>
            <DragTarget id="g196" Width="200" CorrectValue="aménager" /> des pistes cyclables
          </td>
        </tr>
        <tr>
          <td>
            <DragTarget id="g245" Width="200" CorrectValue="porter" /> un casque
          </td>
        </tr>
        <tr>
          <td>
            <DragTarget id="g294" Width="200" CorrectValue="s’installer à Colmar" /> pour des raisons professionnelles
          </td>
        </tr>
        <tr>
          <td>
            <DragTarget id="g343" Width="200" CorrectValue="sortir" /> par tous les temps
          </td>
        </tr>
        <tr>
          <td>
            <DragTarget id="g392" Width="200" CorrectValue="pleuvoir" /> sans arrêt
          </td>
        </tr>
        <tr>
          <td>
            <DragTarget id="g441" Width="200" CorrectValue="présenter" /> des avantages
          </td>
        </tr>
      </table>
    </div>
  </div>
  <info title="Trouvez le début!" instrTitle="On a oublié les débuts. Trouvez les et complétez avec les expressions données." instrs="FILLING_IN_FROM_A_LIST" />
</Page>