﻿<?xml version="1.0" encoding="utf-8"?>
<Page id="hufex1_l06_a01">
  <p>
    <a href="http://www.langmaster.cz/comcz/French1/l06/a/hufex1_l06_a01.htm">/French1/l06/a/hufex1_l06_a01.htm</a>
    <br />
    <a href="http://www.langmaster.cz/comcz/French1/l06/a/home.htm">
                            cvičení 1</a>
  </p>
  <div>
    <table>
      <tr>
        <td class=" middle">
            Problèmes de stress?<br />
            De concentration?
            <h4>
              YOGA - MEDITATION<br />RELAXATION<br /><h4><i>avec Simon Castell</i></h4></h4>
            anpour se détendre<br />
            pour rester en forme<br />
            pour rencontrer des gens<br />
            pour retrouver l’équilibre<br />
            et parce que c’est excellent pour la santé!<br /><b>Quand?</b><br />
            Stages d’une semaine:<br />
            du 2 au 8 septembre - du 10 au 16 septembre<br /><b>Où?</b><br />
            Dans une ferme, en pleine nature, à 5 km de Florac.<br />
            Autres activités:<br />
            ateliers photo, poterie, aquarelle, randonnée, VTT<br /><b>Le prix?</b><br />
            250 euros pour une semaine de stage<br />
            (en petits groupes de 5 à 6 personnes), pension complète<br />
            RENSEIGNEMENTS - INSCRIPTIONS:<br />
            Mas les Châtaigniers<br />
            48000 Florac<br />
            Tél./Fax: 04-31-25-25-33
          </td>
      </tr>
    </table>
  </div>
  <div class="row">
    <div class="col-md-3 ">
      <img src="/schools/eaimgmp3/french1/img/coursebook/lesson06/page45/apres.jpg" />
    </div>
    <div class="col-md-9 ">
      <b>Quand?</b>
      <br />
            TODO group_set ysearch
        <GapFill id="g200" Width="200" CorrectValue="du deux au huit septembre|du 2 au 8 septembre" InitValue="" /><br />
            TODO group_set ysearch
        <GapFill id="g201" Width="200" CorrectValue="du dix au seize septembre|du 10 au 16 septembre" InitValue="" /><br /><b>Où?</b><br />
        Dans une ferme, en pleine nature, 
            TODO group_set ysearch
        <GapFill id="g294" Width="200" CorrectValue="à cinq km de Florac|à 5 km de Florac" InitValue="" /><br /><b>Quelles sont les autres activités?</b><br />
            TODO group_set ysearch
        <GapFill id="g388" Width="200" CorrectValue="ateliers photo|poterie|aquarelle|randonnée|VTT" InitValue="" /><br />
            TODO group_set ysearch
        <GapFill id="g389" Width="200" CorrectValue="ateliers photo|poterie|aquarelle|randonnée|VTT" InitValue="" /><br />
            TODO group_set ysearch
        <GapFill id="g390" Width="200" CorrectValue="ateliers photo|poterie|aquarelle|randonnée|VTT" InitValue="" /><br />
            TODO group_set ysearch
        <GapFill id="g391" Width="200" CorrectValue="ateliers photo|poterie|aquarelle|randonnée|VTT" InitValue="" /><br />
            TODO group_set ysearch
        <GapFill id="g392" Width="200" CorrectValue="ateliers photo|poterie|aquarelle|randonnée|VTT" InitValue="" /><br /><b>Quel est le prix?</b><br />
            TODO group_set ysearch
        <GapFill id="g485" Width="200" CorrectValue="deux cent cinquante|250" InitValue="" /> euros pour une semaine de stage
      </div>
  </div>
  <info title="Yoga - méditation" instrTitle="{{Ahtmltitle}}" instrs="FILLING_IN" />
</Page>