﻿<?xml version="1.0" encoding="utf-8"?>
<Page id="hufex1_l06_a06">
  <p>
    <a href="http://www.langmaster.cz/comcz/French1/l06/a/hufex1_l06_a06.htm">/French1/l06/a/hufex1_l06_a06.htm</a>
    <br />
    <a href="http://www.langmaster.cz/comcz/French1/l06/a/home.htm">
                            cvičení 6</a>
  </p>
  <div>
    <img src="/schools/eaimgmp3/french1/img/homestudy/lesson06/page121/1755h0017.jpg" />
  </div>
  <div>
    <div>
      <table class="table c-table">
        <tr>
          <td>
            <b>
                {{Ttrans}}
              </b>
              Vous préférez voyager en train ou en voiture?<br /><GapFill id="g283" Width="200" CorrectValue="Préférez-vous voyager en train ou en voiture?" InitValue="Préférez-vous voyager en train ou en voiture?" /></td>
        </tr>
      </table>
    </div>
    <table class="table table-bordered c-table">
      <tr>
        <td class=" middle">Vous arrivez quand?<br /><GapFill id="g383" Width="200" CorrectValue="Quand est-ce que vous arrivez?|Quand arrivez-vous?" InitValue="" /></td>
      </tr>
      <tr>
        <td class=" middle">
            Vous choisissez le stage photo?<br /><GapFill id="g488" Width="200" CorrectValue="Est-ce que vous choisissez le stage photo?|Choisissez-vous le stage photo?" InitValue="" /></td>
      </tr>
      <tr>
        <td class=" middle">
            Vous restez longtemps?<br /><GapFill id="g593" Width="200" CorrectValue="Est-ce que vous restez longtemps?|Restez-vous longtemps?" InitValue="" /></td>
      </tr>
      <tr>
        <td class=" middle">
            Est-ce que vous savez faire la cuisine?<br /><GapFill id="g698" Width="200" CorrectValue="Vous savez faire la cuisine?|Savez-vous faire la cuisine?" InitValue="" /></td>
      </tr>
      <tr>
        <td class=" middle">
            Où est-ce que tu fais une randonnée?<br /><GapFill id="g803" Width="200" CorrectValue="Tu fais une randonnée où?|Où fais-tu une randonnée?" InitValue="" /></td>
      </tr>
      <tr>
        <td class=" middle">
            Combien de personnes est-ce que tu peux emmener?<br /><GapFill id="g908" Width="200" CorrectValue="Tu peux emmener combien de personnes?|Combien de personnes peux-tu emmener?" InitValue="" /></td>
      </tr>
      <tr>
        <td class=" middle">
            Etes-vous satisfait du stage?<br /><GapFill id="g1013" Width="200" CorrectValue="Vous êtes satisfait du stage?|Est-ce que vous êtes satisfait du stage?" InitValue="" /></td>
      </tr>
      <tr>
        <td class=" middle">
            Quand partent-ils pour Lyon?<br /><GapFill id="g1118" Width="200" CorrectValue="Ils partent quand pour Lyon?|Quand est-ce qu’ils partent pour Lyon?" InitValue="" /></td>
      </tr>
    </table>
  </div>
  <info title="Comment poser des questions" instrTitle="{{Ahtmltitle}}" instrs="FILLING_IN" />
</Page>