﻿<?xml version="1.0" encoding="utf-8"?>
<Page id="hufex1_l06_a07">
  <p>
    <a href="http://www.langmaster.cz/comcz/French1/l06/a/hufex1_l06_a07.htm">/French1/l06/a/hufex1_l06_a07.htm</a>
    <br />
    <a href="http://www.langmaster.cz/comcz/French1/l06/a/home.htm">
                            cvičení 7</a>
  </p>
  <div>
    <img src="/schools/eaimgmp3/french1/img/homestudy/lesson06/page122/1633h0030.jpg" />
  </div>
  <div>
    <div>
      <table class="table c-table">
        <tr>
          <td>
            <b>
                {{Ttrans}}
              </b>
              Je vais à Nice.<br /><GapFill id="g283" Width="200" CorrectValue="Où allez-vous?" InitValue="Où allez-vous?" /></td>
        </tr>
      </table>
    </div>
    <table class="table table-bordered c-table">
      <tr>
        <td class=" middle">
            Nous venons en voiture.<br /><GapFill id="g383" Width="200" CorrectValue="Comment venez-vous?" InitValue="" /></td>
      </tr>
      <tr>
        <td class=" middle">
            On ne peut pas venir parce que Laurent a du travail.<br /><GapFill id="g481" Width="200" CorrectValue="Pourquoi ne pouvez-vous pas venir?" InitValue="" /></td>
      </tr>
      <tr>
        <td class=" middle">
            Ils habitent dans les Cévennes.<br /><GapFill id="g579" Width="200" CorrectValue="Où habitent-ils?" InitValue="" /></td>
      </tr>
      <tr>
        <td class=" middle">Le stage coûte 600 euros.<br /><GapFill id="g677" Width="200" CorrectValue="Combien coûte le stage?" InitValue="" /></td>
      </tr>
      <tr>
        <td class=" middle">
            Nous arrivons demain matin.<br /><GapFill id="g775" Width="200" CorrectValue="Quand arrivez-vous?" InitValue="" /></td>
      </tr>
      <tr>
        <td class=" middle">
            On veut manger au restaurant.<br /><GapFill id="g873" Width="200" CorrectValue="Où voulez-vous manger?" InitValue="" /></td>
      </tr>
      <tr>
        <td class=" middle">
            Je fais du VTT pour rester en forme.<br /><GapFill id="g971" Width="200" CorrectValue="Pourquoi fais-tu du VTT?" InitValue="" /></td>
      </tr>
      <tr>
        <td class=" middle">
            Ils font un stage de poterie.<br /><GapFill id="g1069" Width="200" CorrectValue="Que font-ils comme stage?" InitValue="" /></td>
      </tr>
      <tr>
        <td class=" middle">
            On finit vers midi.<br /><GapFill id="g1167" Width="200" CorrectValue="Quand finissez-vous?" InitValue="" /></td>
      </tr>
    </table>
  </div>
  <info title="Maintenant, à vous de demander!" instrTitle="{{Ahtmltitle}}" instrs="FILLING_IN" />
</Page>