﻿<?xml version="1.0" encoding="utf-8"?>
<Page id="hufex1_l06_a10">
  <p>
    <a href="http://www.langmaster.cz/comcz/French1/l06/a/hufex1_l06_a10.htm">/French1/l06/a/hufex1_l06_a10.htm</a>
    <br />
    <a href="http://www.langmaster.cz/comcz/French1/l06/a/home.htm">
                            cvičení 10</a>
  </p>
  <div class="row">
    <div class="col-md-2 ">
      <img src="/schools/eaimgmp3/french1/img/vocabulary/lesson06/page53/1425h0119.jpg" />
    </div>
    <div class="col-md-10 ">
      <Pairing id="E64">
        <PairingItem>Tu fais quoi?<Right>Qu’est-ce que tu fais?</Right></PairingItem>
        <PairingItem>Vous mangez quand?<Right>Quand est-ce que vous mangez?</Right></PairingItem>
        <PairingItem>Il est midi moins le quart.<Right>Il est 11 heures quarante-cinq.</Right></PairingItem>
        <PairingItem>Une ferme en Provence<Right>Un mas</Right></PairingItem>
        <PairingItem>Il est professeur.<Right>Il est enseignant.</Right></PairingItem>
        <PairingItem>Je fais de la méditation.<Right>Je médite.</Right></PairingItem>
        <PairingItem>Où est le mas les Châtaigniers?<Right>Où se trouve le mas les Châtaigniers?</Right></PairingItem>
        <PairingItem>Il est quelle heure?<Right>Quelle heure est-il?</Right></PairingItem>
      </Pairing>
    </div>
  </div>
  <info title="Révision" instrTitle="{{Ahtmltitle}}" instrs="PAIRING" />
</Page>