﻿<?xml version="1.0" encoding="utf-8"?>
<Page id="hufex1_l03_a09">
  <p>
    <a href="http://www.langmaster.cz/comcz/French1/l03/a/hufex1_l03_a09.htm">/French1/l03/a/hufex1_l03_a09.htm</a>
    <br />
    <a href="http://www.langmaster.cz/comcz/French1/l03/a/home.htm">
                            cvičení 9</a>
  </p>
  <div class="row">
    <div class="col-md-2 ">
      <img src="/schools/eaimgmp3/french1/img/homestudy/lesson03/page104/1810h0012.jpg" />
    </div>
    <div class="col-md-10 ">
      <b>
          {{Ttrans}}
        </b>
      <br />
          Nous / aimer / le ski<br /><GapFill id="g331" Width="200" CorrectValue="Nous aimons le ski." InitValue="Nous aimons le ski." /><table class="table table-bordered c-table"><tr><td class=" middle">
              Elles / chercher / un cadeau<br /><GapFill id="g431" Width="200" CorrectValue="Elles cherchent un cadeau." InitValue="" /></td></tr><tr><td class=" middle">
              Tu / détester / l’opéra<br /><GapFill id="g529" Width="200" CorrectValue="Tu détestes l’opéra." InitValue="" /></td></tr><tr><td class=" middle">
              Il / avoir / un hôtel trois étoiles<br /><GapFill id="g627" Width="200" CorrectValue="Il a un hôtel trois étoiles." InitValue="" /></td></tr><tr><td class=" middle">
              Vous / être / gentil<br /><GapFill id="g725" Width="200" CorrectValue="Vous êtes gentil." InitValue="" /></td></tr><tr><td class=" middle">
             Vous / habiter / sur une île<br /><GapFill id="g823" Width="200" CorrectValue="Vous habitez sur une île." InitValue="" /></td></tr></table></div>
  </div>
  <info title="La composition" instrTitle="{{Ahtmltitle}}" instrs="FILLING_IN" />
</Page>