﻿<?xml version="1.0" encoding="utf-8"?>
<Module title="Chapitre A">
   <Ex id="hufex1_l03_a01"
       title="Les bruits et les images"
       instr="{{Ahtmltitle}}"
       tech_instr="FILLING_IN SOUND_PLAYBACK">
      <p>
         <a target="_blank"
            href="http://www.langmaster.cz/comcz/French1/l03/a/hufex1_l03_a01.htm">/French1/l03/a/hufex1_l03_a01.htm</a>
         <br/>
         <a target="_blank"
            href="http://www.langmaster.cz/comcz/French1/l03/a/home.htm">
                            cvičení 1</a>
      </p>
      <div class="row">
         <div class="col-md-1 ">
            <MediaBigMark Url="/schools/eaimgmp3/french1wma/lesson03/hufex1_l03_a01.mp3"
                          Sequence=""/>
         </div>
         <div class="col-md-11 ">
            <table class="table c-table">
               <tr>
                  <td class=" middle">
                     <img src="/schools/eaimgmp3/french1/img/coursebook/lesson03/page19/leski.jpg"/>
                  </td>
                  <td class=" middle">
                     <img src="/schools/eaimgmp3/french1/img/coursebook/lesson03/page19/mucke.jpg"/>
                  </td>
                  <td class=" middle">
                     <img src="/schools/eaimgmp3/french1/img/coursebook/lesson03/page19/lefootball.jpg"/>
                  </td>
                  <td class=" middle">
                     <img src="/schools/eaimgmp3/french1/img/coursebook/lesson03/page19/deti.jpg"/>
                  </td>
                  <td class=" middle">
                     <img src="/schools/eaimgmp3/french1/img/coursebook/lesson03/page19/kulecnik.jpg"/>
                  </td>
               </tr>
               <tr>
                  <td class=" middle">
                     <GapFill id="g216" CorrectValue="10" Width="200"/>
                  </td>
                  <td class=" middle">
                     <GapFill id="g218" CorrectValue="6" Width="200"/>
                  </td>
                  <td class=" middle">
                     <GapFill id="g220" CorrectValue="3" Width="200"/>
                  </td>
                  <td class=" middle">
                     <GapFill id="g433" CorrectValue="2" Width="200"/>
                  </td>
                  <td class=" middle">
                     <GapFill id="g435" CorrectValue="4" Width="200"/>
                  </td>
               </tr>
               <tr>
                  <td class=" middle">
                     <img src="/schools/eaimgmp3/french1/img/coursebook/lesson03/page19/katzen.jpg"/>
                  </td>
                  <td class=" middle">
                     <img src="/schools/eaimgmp3/french1/img/coursebook/lesson03/page19/iopera.jpg"/>
                  </td>
                  <td class=" middle">
                     <img src="/schools/eaimgmp3/french1/img/coursebook/lesson03/page19/lachanson.jpg"/>
                  </td>
                  <td class=" middle">
                     <img src="/schools/eaimgmp3/french1/img/coursebook/lesson03/page19/raper.jpg"/>
                  </td>
                  <td class=" middle">
                     <img src="/schools/eaimgmp3/french1/img/coursebook/lesson03/page19/harmonikar.jpg"/>
                  </td>
               </tr>
               <tr>
                  <td class=" middle">
                     <GapFill id="g242" CorrectValue="8" Width="200"/>
                  </td>
                  <td class=" middle">
                     <GapFill id="g244" CorrectValue="1" Width="200"/>
                  </td>
                  <td class=" middle">
                     <GapFill id="g246" CorrectValue="9" Width="200"/>
                  </td>
                  <td class=" middle">
                     <GapFill id="g437" CorrectValue="5" Width="200"/>
                  </td>
                  <td class=" middle">
                     <GapFill id="g439" CorrectValue="7" Width="200"/>
                  </td>
               </tr>
            </table>
         </div>
      </div>
   </Ex>
   <Ex id="hufex1_l03_a02"
       title="Autour de nous"
       instr="{{Ahtmltitle}}"
       tech_instr="SORTING_INTO_GROUPS_DRAG_AND_DROP">
      <p>
         <a target="_blank"
            href="http://www.langmaster.cz/comcz/French1/l03/a/hufex1_l03_a02.htm">/French1/l03/a/hufex1_l03_a02.htm</a>
         <br/>
         <a target="_blank"
            href="http://www.langmaster.cz/comcz/French1/l03/a/home.htm">
                            cvičení 2</a>
      </p>
      <table class="table table-bordered c-table">
         <tr>
            <td class="c-table-default middle">les chats</td>
            <td>
               <WordSelection id="ce206" Words="#les animaux|la musique|le sport"/>
            </td>
         </tr>
         <tr>
            <td class="c-table-default middle">l’opéra</td>
            <td>
               <WordSelection id="ce283" Words="les animaux|#la musique|le sport"/>
            </td>
         </tr>
         <tr>
            <td class="c-table-default middle">le ski</td>
            <td>
               <WordSelection id="ce368" Words="les animaux|la musique|#le sport"/>
            </td>
         </tr>
         <tr>
            <td class="c-table-default middle">le football</td>
            <td>
               <WordSelection id="ce376" Words="les animaux|la musique|#le sport"/>
            </td>
         </tr>
         <tr>
            <td class="c-table-default middle">le chien</td>
            <td>
               <WordSelection id="ce214" Words="#les animaux|la musique|le sport"/>
            </td>
         </tr>
         <tr>
            <td class="c-table-default middle">les moustiques</td>
            <td>
               <WordSelection id="ce198" Words="#les animaux|la musique|le sport"/>
            </td>
         </tr>
         <tr>
            <td class="c-table-default middle">la pétanque</td>
            <td>
               <WordSelection id="ce384" Words="les animaux|la musique|#le sport"/>
            </td>
         </tr>
         <tr>
            <td class="c-table-default middle">le rap</td>
            <td>
               <WordSelection id="ce291" Words="les animaux|#la musique|le sport"/>
            </td>
         </tr>
         <tr>
            <td class="c-table-default middle">la chanson</td>
            <td>
               <WordSelection id="ce299" Words="les animaux|#la musique|le sport"/>
            </td>
         </tr>
      </table>
      <img src="/schools/eaimgmp3/french1/img/coursebook/lesson03/page19/0200h0007.jpg"/>
      <div class="col-md-4">
         <div class="panel panel-info">
            <div class="panel-body">
               <table class="table c-table">
                  <tr>
                     <td>
              j’aime...
            </td>
                     <td>
              je n’aime pas...
            </td>
                  </tr>
                  <tr>
                     <td>
              j’aime beaucoup...
            </td>
                     <td>
              je n’aime pas du tout...
            </td>
                  </tr>
                  <tr>
                     <td>
              j’adore....
            </td>
                     <td>
              je déteste...
            </td>
                  </tr>
               </table>
            </div>
         </div>
      </div>
      <div class="col-md-3">
         <div class="panel panel-info">
            <div class="panel-body">
               <p>Qu’est-ce que tu aimes ?
          <br/>
          {{Ttrans}}
        </p>
            </div>
         </div>
      </div>
   </Ex>
   <Ex id="hufex1_l03_a03"
       title="J’aime ... et vous?"
       instr="{{Ahtmltitle}}"
       tech_instr="CHARACTER_SEQUENCING">
      <p>
         <a target="_blank"
            href="http://www.langmaster.cz/comcz/French1/l03/a/hufex1_l03_a03.htm">/French1/l03/a/hufex1_l03_a03.htm</a>
         <br/>
         <a target="_blank"
            href="http://www.langmaster.cz/comcz/French1/l03/a/home.htm">
                            cvičení 3</a>
      </p>
      <div class="row">
         <div class="col-md-3 ">
            <img src="/schools/eaimgmp3/french1/img/coursebook/lesson03/page21/blumen.gif"/>
         </div>
         <div class="col-md-3 ">
            <img src="/schools/eaimgmp3/french1/img/coursebook/lesson03/page21/malerpalette.gif"/>
         </div>
         <div class="col-md-3 ">
            <img src="/schools/eaimgmp3/french1/img/coursebook/lesson03/page21/sportler.gif"/>
         </div>
      </div>
      <div class="row">
         <div class="col-md-2 ">
            <img src="/schools/eaimgmp3/french1/img/coursebook/lesson03/page21/05_flaggen.gif"/>
         </div>
         <div class="col-md-10 ">
            <table class="table c-table">
               <tr>
                  <td class=" middle"/>
                  <td class=" middle">
                     <MacroListWordOrdering Width="600-800" InlineType="GapFill"><![CDATA[
l|e|u|r|f
f l e u r]]></MacroListWordOrdering>
                  </td>
               </tr>
               <tr>
                  <td class=" middle"/>
                  <td class=" middle">
                     <MacroListWordOrdering Width="600-800" InlineType="GapFill"><![CDATA[
u|c|o|u|r|l|e
c o u l e u r]]></MacroListWordOrdering>
                  </td>
               </tr>
               <tr>
                  <td class=" middle"/>
                  <td class=" middle">
                     <MacroListWordOrdering Width="600-800" InlineType="GapFill"><![CDATA[
e|n|u|l|g|a
l a n g u e]]></MacroListWordOrdering>
                  </td>
               </tr>
               <tr>
                  <td class=" middle"/>
                  <td class=" middle">
                     <MacroListWordOrdering Width="600-800" InlineType="GapFill"><![CDATA[
o|t|s|r|p
s p o r t]]></MacroListWordOrdering>
                  </td>
               </tr>
            </table>
         </div>
      </div>
   </Ex>
   <Ex id="hufex1_l03_a04"
       title="Monsieur et Madame Padacor"
       instr="{{Ahtmltitle}}"
       tech_instr="FILLING_IN">
      <p>
         <a target="_blank"
            href="http://www.langmaster.cz/comcz/French1/l03/a/hufex1_l03_a04.htm">/French1/l03/a/hufex1_l03_a04.htm</a>
         <br/>
         <a target="_blank"
            href="http://www.langmaster.cz/comcz/French1/l03/a/home.htm">
                            cvičení 4</a>
      </p>
      <div class="row">
         <div class="col-md-3 ">
            <img src="/schools/eaimgmp3/french1/img/homestudy/lesson03/page103/13_1.gif"/>
         </div>
         <div class="col-md-3 ">
            <img src="/schools/eaimgmp3/french1/img/homestudy/lesson03/page103/iopera.gif"/>
         </div>
      </div>
      <div>
         <table class="table table-bordered c-table">
            <tr>
               <td class="c-table-default middle">Il aime</td>
               <td class="c-table-default middle">Elle aime</td>
            </tr>
            <tr>
               <td class=" middle">
                  <GapFill id="g161" CorrectValue="le jazz|la voile|le noir" Width="200"/>
                  <br/>
                  <GapFill id="g162" CorrectValue="le jazz|la voile|le noir" Width="200"/>
                  <br/>
                  <GapFill id="g163" CorrectValue="le jazz|la voile|le noir" Width="200"/>
               </td>
               <td class=" middle">
                  <GapFill id="g166" CorrectValue="l’opéra|le yoga|le blanc" Width="200"/>
                  <br/>
                  <GapFill id="g167" CorrectValue="l’opéra|le yoga|le blanc" Width="200"/>
                  <br/>
                  <GapFill id="g168" CorrectValue="l’opéra|le yoga|le blanc" Width="200"/>
               </td>
            </tr>
         </table>
      </div>
      <div class="col-md-3">
         <div class="panel panel-info">
            <div class="panel-heading">
               <h3>{{Aboxtitle}}</h3>
            </div>
            <div class="panel-body">
               <p>
          {{Ttrans}}
        </p>
            </div>
         </div>
      </div>
   </Ex>
   <Ex id="hufex1_l03_a05"
       title="Les mots avec les articles"
       instr="{{Ahtmltitle}}"
       tech_instr="SORTING_INTO_GROUPS_DRAG_AND_DROP">
      <p>
         <a target="_blank"
            href="http://www.langmaster.cz/comcz/French1/l03/a/hufex1_l03_a05.htm">/French1/l03/a/hufex1_l03_a05.htm</a>
         <br/>
         <a target="_blank"
            href="http://www.langmaster.cz/comcz/French1/l03/a/home.htm">
                            cvičení 5</a>
      </p>
      <div>
         <img src="/schools/eaimgmp3/french1/img/coursebook/lesson03/page22/mongolfrieren.gif"/>
      </div>
      <table class="table table-bordered c-table">
         <tr>
            <td class="c-table-default middle">enfants</td>
            <td>
               <WordSelection id="ce518" Words="le|la|#les|l’"/>
            </td>
         </tr>
         <tr>
            <td class="c-table-default middle">animaux</td>
            <td>
               <WordSelection id="ce542" Words="le|la|#les|l’"/>
            </td>
         </tr>
         <tr>
            <td class="c-table-default middle">musette</td>
            <td>
               <WordSelection id="ce449" Words="le|#la|les|l’"/>
            </td>
         </tr>
         <tr>
            <td class="c-table-default middle">ski</td>
            <td>
               <WordSelection id="ce276" Words="#le|la|les|l’"/>
            </td>
         </tr>
         <tr>
            <td class="c-table-default middle">roses</td>
            <td>
               <WordSelection id="ce550" Words="le|la|#les|l’"/>
            </td>
         </tr>
         <tr>
            <td class="c-table-default middle">chats</td>
            <td>
               <WordSelection id="ce534" Words="le|la|#les|l’"/>
            </td>
         </tr>
         <tr>
            <td class="c-table-default middle">animal</td>
            <td>
               <WordSelection id="ce667" Words="le|la|les|#l’"/>
            </td>
         </tr>
         <tr>
            <td class="c-table-default middle">cinéma</td>
            <td>
               <WordSelection id="ce316" Words="#le|la|les|l’"/>
            </td>
         </tr>
         <tr>
            <td class="c-table-default middle">chanson</td>
            <td>
               <WordSelection id="ce417" Words="le|#la|les|l’"/>
            </td>
         </tr>
         <tr>
            <td class="c-table-default middle">jazz</td>
            <td>
               <WordSelection id="ce308" Words="#le|la|les|l’"/>
            </td>
         </tr>
         <tr>
            <td class="c-table-default middle">anglais</td>
            <td>
               <WordSelection id="ce651" Words="le|la|les|#l’"/>
            </td>
         </tr>
         <tr>
            <td class="c-table-default middle">yoga</td>
            <td>
               <WordSelection id="ce332" Words="#le|la|les|l’"/>
            </td>
         </tr>
         <tr>
            <td class="c-table-default middle">espagnol</td>
            <td>
               <WordSelection id="ce635" Words="le|la|les|#l’"/>
            </td>
         </tr>
         <tr>
            <td class="c-table-default middle">gymnastique</td>
            <td>
               <WordSelection id="ce433" Words="le|#la|les|l’"/>
            </td>
         </tr>
         <tr>
            <td class="c-table-default middle">sport</td>
            <td>
               <WordSelection id="ce300" Words="#le|la|les|l’"/>
            </td>
         </tr>
         <tr>
            <td class="c-table-default middle">italien</td>
            <td>
               <WordSelection id="ce643" Words="le|la|les|#l’"/>
            </td>
         </tr>
         <tr>
            <td class="c-table-default middle">bleu</td>
            <td>
               <WordSelection id="ce340" Words="#le|la|les|l’"/>
            </td>
         </tr>
         <tr>
            <td class="c-table-default middle">anniversaire</td>
            <td>
               <WordSelection id="ce627" Words="le|la|les|#l’"/>
            </td>
         </tr>
         <tr>
            <td class="c-table-default middle">rap</td>
            <td>
               <WordSelection id="ce292" Words="#le|la|les|l’"/>
            </td>
         </tr>
         <tr>
            <td class="c-table-default middle">voile</td>
            <td>
               <WordSelection id="ce441" Words="le|#la|les|l’"/>
            </td>
         </tr>
         <tr>
            <td class="c-table-default middle">tulipes</td>
            <td>
               <WordSelection id="ce558" Words="le|la|#les|l’"/>
            </td>
         </tr>
         <tr>
            <td class="c-table-default middle">enfant</td>
            <td>
               <WordSelection id="ce659" Words="le|la|les|#l’"/>
            </td>
         </tr>
         <tr>
            <td class="c-table-default middle">français</td>
            <td>
               <WordSelection id="ce324" Words="#le|la|les|l’"/>
            </td>
         </tr>
         <tr>
            <td class="c-table-default middle">musique</td>
            <td>
               <WordSelection id="ce425" Words="le|#la|les|l’"/>
            </td>
         </tr>
         <tr>
            <td class="c-table-default middle">football</td>
            <td>
               <WordSelection id="ce284" Words="#le|la|les|l’"/>
            </td>
         </tr>
         <tr>
            <td class="c-table-default middle">moustiques</td>
            <td>
               <WordSelection id="ce526" Words="le|la|#les|l’"/>
            </td>
         </tr>
         <tr>
            <td class="c-table-default middle">pétanque</td>
            <td>
               <WordSelection id="ce409" Words="le|#la|les|l’"/>
            </td>
         </tr>
      </table>
      <div class="col-md-5">
         <div class="panel panel-info">
            <div class="panel-body">
               <table class="table c-table">
                  <tr>
                     <td class=" middle ">
                        <p>
                {{Ttrans}}
              </p>
                        <p>
                le, la, l’, pl. les
              </p>
                        <p>
                J’aime le rap.<br/>
                Tu aimes la voile?<br/>
                J’adore l’opéra.<br/>
                J’aime beaucoup les chats.
              </p>
                     </td>
                     <td class=" middle ">
                        <p>
                {{Ttrans1}}
              </p>
                        <p>
                un, une, pl. des
              </p>
                        <p>
                Je cherche un cadeau.<br/>
                Tu as une idée?<br/>
                Vous avez des enfants?
              </p>
                     </td>
                  </tr>
               </table>
            </div>
         </div>
      </div>
   </Ex>
   <Ex id="hufex1_l03_a06"
       title="Ecouter et classer"
       instr="{{Ahtmltitle}}"
       tech_instr="SINGLE_CHOICE SOUND_PLAYBACK">
      <p>
         <a target="_blank"
            href="http://www.langmaster.cz/comcz/French1/l03/a/hufex1_l03_a06.htm">/French1/l03/a/hufex1_l03_a06.htm</a>
         <br/>
         <a target="_blank"
            href="http://www.langmaster.cz/comcz/French1/l03/a/home.htm">
                            cvičení 6</a>
      </p>
      <div class="row">
         <div class="col-md-2 ">
            <img src="/schools/eaimgmp3/french1/img/homestudy/lesson03/page104/1827h0007.jpg"/>
         </div>
         <div class="col-md-1 ">
            <MediaBigMark Url="/schools/eaimgmp3/french1wma/lesson03/hufex1_l03_a06.mp3"
                          Sequence=""/>
         </div>
         <div class="col-md-9 ">
            <table class="table table-bordered c-table">
               <tr>
                  <td class="c-table middle">
                     <b>a</b>
                  </td>
                  <td>
                     <WordSelection id="o327" Words="le|#la|l’"/>
                  </td>
               </tr>
               <tr>
                  <td class="c-table middle">
                     <b>b</b>
                  </td>
                  <td>
                     <WordSelection id="o531" Words="le|la|#l’"/>
                  </td>
               </tr>
               <tr>
                  <td class="c-table middle">
                     <b>c</b>
                  </td>
                  <td>
                     <WordSelection id="o735" Words="le|#la|l’"/>
                  </td>
               </tr>
               <tr>
                  <td class="c-table middle">
                     <b>d</b>
                  </td>
                  <td>
                     <WordSelection id="o939" Words="le|#la|l’"/>
                  </td>
               </tr>
               <tr>
                  <td class="c-table middle">
                     <b>e</b>
                  </td>
                  <td>
                     <WordSelection id="o1143" Words="#le|la|l’"/>
                  </td>
               </tr>
               <tr>
                  <td class="c-table middle">
                     <b>f</b>
                  </td>
                  <td>
                     <WordSelection id="o1347" Words="le|la|#l’"/>
                  </td>
               </tr>
               <tr>
                  <td class="c-table middle">
                     <b>g</b>
                  </td>
                  <td>
                     <WordSelection id="o1551" Words="le|#la|l’"/>
                  </td>
               </tr>
               <tr>
                  <td class="c-table middle">
                     <b>h</b>
                  </td>
                  <td>
                     <WordSelection id="o1755" Words="#le|la|l’"/>
                  </td>
               </tr>
               <tr>
                  <td class="c-table middle">
                     <b>i</b>
                  </td>
                  <td>
                     <WordSelection id="o1959" Words="le|#la|l’"/>
                  </td>
               </tr>
               <tr>
                  <td class="c-table middle">
                     <b>j</b>
                  </td>
                  <td>
                     <WordSelection id="o2163" Words="#le|la|l’"/>
                  </td>
               </tr>
               <tr>
                  <td class="c-table middle">
                     <b>k</b>
                  </td>
                  <td>
                     <WordSelection id="o2367" Words="le|la|#l’"/>
                  </td>
               </tr>
               <tr>
                  <td class="c-table middle">
                     <b>l</b>
                  </td>
                  <td>
                     <WordSelection id="o2571" Words="le|la|#l’"/>
                  </td>
               </tr>
            </table>
         </div>
      </div>
   </Ex>
   <Ex id="hufex1_l03_a07"
       title="La conjugaison"
       instr="{{Ahtmltitle}}"
       tech_instr="FILLING_IN SOUND_PLAYBACK">
      <p>
         <a target="_blank"
            href="http://www.langmaster.cz/comcz/French1/l03/a/hufex1_l03_a07.htm">/French1/l03/a/hufex1_l03_a07.htm</a>
         <br/>
         <a target="_blank"
            href="http://www.langmaster.cz/comcz/French1/l03/a/home.htm">
                            cvičení 7</a>
      </p>
      <div class="row">
         <div class="col-md-2 ">
            <img src="/schools/eaimgmp3/french1/img/coursebook/lesson03/page23/1827h0011.jpg"/>
         </div>
         <div class="col-md-10 ">
            <MediaDialog Url="/schools/eaimgmp3/french1wma/lesson03/hufex1_l03_a07.mp3" id="E65">
               <SndReplica Name="A" Sequence="1">
                  <SndSent ReplacePtr="1">
              Vous habit<GapFill id="g172" CorrectValue="ez"/> toujours place Clichy?
            </SndSent>
               </SndReplica>
               <SndReplica Name="B" Sequence="2,3">
                  <SndSent ReplacePtr="2">
              maintenant, j’habit<GapFill id="g180" CorrectValue="e"/> rue des Rosiers.
            </SndSent>
               </SndReplica>
               <SndReplica Name="A" Sequence="5">
                  <SndSent ReplacePtr="5">
              Qu’est-ce qu’il aim<GapFill id="g188" CorrectValue="e"/> comme couleur?
            </SndSent>
               </SndReplica>
               <SndReplica Name="B" Sequence="6,7">
                  <SndSent ReplacePtr="6">
              Il ador<GapFill id="g196" CorrectValue="e"/> le bleu,
             
              il détest<GapFill id="g197" CorrectValue="e"/> le rouge.
            </SndSent>
               </SndReplica>
               <SndReplica Name="A" Sequence="9">
                  <SndSent ReplacePtr="9">
              Qu’est-ce que tu cherch<GapFill id="g205" CorrectValue="es"/> comme cadeau?
            </SndSent>
               </SndReplica>
               <SndReplica Name="B" Sequence="10,11,12">
                  <SndSent ReplacePtr="10">
              les Dupont ador<GapFill id="g213" CorrectValue="ent"/> l’opéra,
             
              mais ils n’aim<GapFill id="g214" CorrectValue="ent"/> pas le rock.
            </SndSent>
               </SndReplica>
               <SndReplica Name="A" Sequence="14,15">
                  <SndSent ReplacePtr="14">
              je n’aim<GapFill id="g222" CorrectValue="e"/> pas les romans policiers.
            </SndSent>
               </SndReplica>
               <SndReplica Name="B" Sequence="16"/>
               <SndReplica Name="A" Sequence="18">
                  <SndSent ReplacePtr="18">
              Vous vous appel<GapFill id="g237" CorrectValue="ez"/> comment?
            </SndSent>
               </SndReplica>
               <SndReplica Name="B" Sequence="19">
                  <SndSent ReplacePtr="19">
              Je m’appell<GapFill id="g245" CorrectValue="e"/> Alain Moreau.
            </SndSent>
               </SndReplica>
            </MediaDialog>
         </div>
      </div>
      <div>
         <table class="table c-table">
            <tr>
               <td class=" middle">
                  <img src="/schools/eaimgmp3/french1/img/general/mann_mit_trichter_frei.gif"/>
               </td>
               <td class=" middle">
                  <img src="/schools/eaimgmp3/french1/img/general/mann_schreiber_frei.gif"/>
               </td>
               <td class=" middle">
                  <img src="/schools/eaimgmp3/french1/img/general/mann_mit_trichter_frei.gif"/>
               </td>
               <td class=" middle">
                  <img src="/schools/eaimgmp3/french1/img/general/mann_schreiber_frei.gif"/>
               </td>
            </tr>
            <tr>
               <td class=" middle">
            j’aim <b>e</b>
                  <img src="/schools/eaimgmp3/french1/img/general/fisch.gif"/>
               </td>
               <td class=" middle">j’aim<b>e</b>
               </td>
               <td class=" middle">
            je cherch <b>e</b>
                  <img src="/schools/eaimgmp3/french1/img/general/fisch.gif"/>
               </td>
               <td class=" middle">je cherch<b>e</b>
               </td>
            </tr>
            <tr>
               <td class=" middle">
            tu aim <b>es</b>
                  <img src="/schools/eaimgmp3/french1/img/general/fisch.gif"/>
               </td>
               <td class=" middle">tu aim<b>es</b>
               </td>
               <td class=" middle">
            tu cherch <b>es</b>
                  <img src="/schools/eaimgmp3/french1/img/general/fisch.gif"/>
               </td>
               <td class=" middle">tu cherch<b>es</b>
               </td>
            </tr>
            <tr>
               <td class=" middle">
            il/elle/on aim <b>e</b>
                  <img src="/schools/eaimgmp3/french1/img/general/fisch.gif"/>
               </td>
               <td class=" middle">il/elle/on aim<b>e</b>
               </td>
               <td class=" middle">
            il/elle/on cherch <b>e</b>
                  <img src="/schools/eaimgmp3/french1/img/general/fisch.gif"/>
               </td>
               <td class=" middle">il/elle/on cherch<b>e</b>
               </td>
            </tr>
            <tr>
               <td class=" middle">nous aim <b>ons</b>
               </td>
               <td class=" middle">nous aim<b>ons</b>
               </td>
               <td class=" middle">nous cherch <b>ons</b>
               </td>
               <td class=" middle">nous cherch<b>ons</b>
               </td>
            </tr>
            <tr>
               <td class=" middle">vous aime <b>ez</b>
               </td>
               <td class=" middle">vous aim<b>ez</b>
               </td>
               <td class=" middle">vous cherch <b>ez</b>
               </td>
               <td class=" middle">vous cherch<b>ez</b>
               </td>
            </tr>
            <tr>
               <td class=" middle">
            ils/elles aim <b>ent</b>
                  <img src="/schools/eaimgmp3/french1/img/general/fisch.gif"/>
               </td>
               <td class=" middle">ils/elles aim<b>ent</b>
               </td>
               <td class=" middle">
            ils/elles cherch <b>ent</b>
                  <img src="/schools/eaimgmp3/french1/img/general/fisch.gif"/>
               </td>
               <td class=" middle">ils/elles cherch<b>ent</b>
               </td>
            </tr>
            <tr>
               <td class=" middle">adorer, habiter</td>
               <td class=" middle"/>
               <td class=" middle">détester, parler</td>
               <td class=" middle"/>
            </tr>
         </table>
      </div>
   </Ex>
   <Ex id="hufex1_l03_a08"
       title="Les phrases complètes"
       instr="{{Ahtmltitle}}"
       tech_instr="FILLING_IN">
      <p>
         <a target="_blank"
            href="http://www.langmaster.cz/comcz/French1/l03/a/hufex1_l03_a08.htm">/French1/l03/a/hufex1_l03_a08.htm</a>
         <br/>
         <a target="_blank"
            href="http://www.langmaster.cz/comcz/French1/l03/a/home.htm">
                            cvičení 8</a>
      </p>
      <Possibilities Words="parler|avoir|détester|s’appeler|chercher|habiter|aimer|adorer"/>
      <div class="row">
         <div class="col-md-2 ">
            <img src="/schools/eaimgmp3/french1/img/homestudy/lesson03/page104/c848h0078.jpg"/>
         </div>
         <div class="col-md-10 ">
            <table class="table table-bordered c-table">
               <tr>
                  <td class=" middle">
              J’<GapFill id="g156" CorrectValue="aime|adore" Width="200"/> le français.
            </td>
               </tr>
               <tr>
                  <td class=" middle">
              Vous <GapFill id="g207" CorrectValue="avez|cherchez" Width="200"/> une cassette vidéo?
            </td>
               </tr>
               <tr>
                  <td class=" middle">
              Elles <GapFill id="g258" CorrectValue="ont" Width="200"/> 20 ans.
            </td>
               </tr>
               <tr>
                  <td class=" middle">
              Nous <GapFill id="g307" CorrectValue="adorons|aimons|détestons" Width="200"/> l’opéra italien.
            </td>
               </tr>
               <tr>
                  <td class=" middle">
              Il <GapFill id="g359" CorrectValue="déteste|aime|adore" Width="200"/> le football.
            </td>
               </tr>
               <tr>
                  <td class=" middle">
              Elle <GapFill id="g411" CorrectValue="s’appelle" Width="200"/> Marguerite.
            </td>
               </tr>
               <tr>
                  <td class=" middle">
              Tu <GapFill id="g460" CorrectValue="habites" Width="200"/> toujours rue des Lilas?
            </td>
               </tr>
               <tr>
                  <td class=" middle">
              Vous <GapFill id="g509" CorrectValue="parlez" Width="200"/> français?
            </td>
               </tr>
            </table>
         </div>
      </div>
   </Ex>
   <Ex id="hufex1_l03_a09"
       title="La composition"
       instr="{{Ahtmltitle}}"
       tech_instr="FILLING_IN">
      <p>
         <a target="_blank"
            href="http://www.langmaster.cz/comcz/French1/l03/a/hufex1_l03_a09.htm">/French1/l03/a/hufex1_l03_a09.htm</a>
         <br/>
         <a target="_blank"
            href="http://www.langmaster.cz/comcz/French1/l03/a/home.htm">
                            cvičení 9</a>
      </p>
      <div class="row">
         <div class="col-md-2 ">
            <img src="/schools/eaimgmp3/french1/img/homestudy/lesson03/page104/1810h0012.jpg"/>
         </div>
         <div class="col-md-10 ">
            <b>
          {{Ttrans}}
        </b>
            <br/>
          Nous / aimer / le ski<br/>
            <GapFill id="g331"
                     CorrectValue="Nous aimons le ski."
                     InitValue="Nous aimons le ski."
                     Example="true"
                     Width="200"/>
            <table class="table table-bordered c-table">
               <tr>
                  <td class=" middle">
              Elles / chercher / un cadeau<br/>
                     <GapFill id="g431" CorrectValue="Elles cherchent un cadeau." Width="200"/>
                  </td>
               </tr>
               <tr>
                  <td class=" middle">
              Tu / détester / l’opéra<br/>
                     <GapFill id="g529" CorrectValue="Tu détestes l’opéra." Width="200"/>
                  </td>
               </tr>
               <tr>
                  <td class=" middle">
              Il / avoir / un hôtel trois étoiles<br/>
                     <GapFill id="g627" CorrectValue="Il a un hôtel trois étoiles." Width="200"/>
                  </td>
               </tr>
               <tr>
                  <td class=" middle">
              Vous / être / gentil<br/>
                     <GapFill id="g725" CorrectValue="Vous êtes gentil." Width="200"/>
                  </td>
               </tr>
               <tr>
                  <td class=" middle">
             Vous / habiter / sur une île<br/>
                     <GapFill id="g823" CorrectValue="Vous habitez sur une île." Width="200"/>
                  </td>
               </tr>
            </table>
         </div>
      </div>
   </Ex>
</Module>
