﻿<?xml version="1.0" encoding="utf-8"?>
<Page id="hufex1_l10_c07">
  <p>
    <a href="http://www.langmaster.cz/comcz/French1/l10/c/hufex1_l10_c07.htm">/French1/l10/c/hufex1_l10_c07.htm</a>
    <br />
    <a href="http://www.langmaster.cz/comcz/French1/l10/c/home.htm">
                            cvičení 7</a>
  </p>
  <div class="row">
    <div class="col-md-2 ">
      <img src="/schools/eaimgmp3/french1/img/coursebook/lesson10/page88/1474h0025.jpg" />
    </div>
    <div class="col-md-10 ">
      <table class="table table-bordered c-table">
        <tr>
          <td class="c-table-default middle">Elle</td>
          <td class="c-table-default middle">Lui</td>
        </tr>
        <tr>
          <td class=" middle">Elle ne regarde jamais la télévision.</td>
          <td class=" middle">Il regarde toujours la télévision.</td>
        </tr>
        <tr>
          <td class=" middle">Elle aime sortir.</td>
          <td class=" middle">Il n’aime pas sortir.</td>
        </tr>
        <tr>
          <td class=" middle">Elle a des amis.</td>
          <td class=" middle">
              Il <GapFill id="g167" Width="200" CorrectValue="n’a pas d’amis." InitValue="" /></td>
        </tr>
        <tr>
          <td class=" middle">
              Elle <GapFill id="g170" Width="200" CorrectValue="fait encore du tennis." InitValue="" /></td>
          <td class=" middle">Il ne fait plus de tennis.</td>
        </tr>
        <tr>
          <td class=" middle">
              Elle <GapFill id="g174" Width="200" CorrectValue="ne cherche jamais ses clés." InitValue="" /></td>
          <td class=" middle">Il cherche toujours ses clés.</td>
        </tr>
        <tr>
          <td class=" middle">Elle invite toujours quelqu’un.</td>
          <td class=" middle">
              Il <GapFill id="g179" Width="200" CorrectValue="n’invite jamais personne." InitValue="" /></td>
        </tr>
        <tr>
          <td class=" middle">
              Elle <GapFill id="g182" Width="200" CorrectValue="fait quelque chose." InitValue="" /></td>
          <td class=" middle">Il ne fait rien.</td>
        </tr>
      </table>
    </div>
  </div>
  <div class="col-md-10">
    <div class="panel panel-info">
      <div class="panel-heading">
        <h3>La négation</h3>
      </div>
      <div class="panel-body">
        <table class="table c-table">
          <tr>
            <td>
              <p>
                <b>ne... personne</b>
              </p>
              <p>
                <i>
                  Vous avez vu quelqu’un?<br />
                  Je n’ai vu personne.
                </i>
              </p>
            </td>
            <td>
              <p>
                <b>ne... rien</b>
              </p>
              <p>
                <i>
                  Vous avez entendu quelque chose?<br />
                  Je n’ai rien entendu.
                </i>
              </p>
            </td>
            <td>
              <p>
                <b>ne... jamais</b>
              </p>
              <p>
                <i>
                  Vous n’avez pas de chance!<br />
                  Non, je n’ai jamais eu la chance!
                </i>
              </p>
            </td>
          </tr>
        </table>
      </div>
    </div>
  </div>
  <info title="Elle et lui" instrTitle="{{Ahtmltitle}}" instrs="FILLING_IN" />
</Page>