﻿<?xml version="1.0" encoding="utf-8"?>
<Module title="Chapitre C">
   <Ex id="hufex1_l10_c01"
       title="[p] ou [b]?"
       instr="{{Ahtmltitle}}"
       tech_instr="SINGLE_CHOICE SOUND_PLAYBACK">
      <p>
         <a target="_blank"
            href="http://www.langmaster.cz/comcz/French1/l10/c/hufex1_l10_c01.htm">/French1/l10/c/hufex1_l10_c01.htm</a>
         <br/>
         <a target="_blank"
            href="http://www.langmaster.cz/comcz/French1/l10/c/home.htm">
                            cvičení 1</a>
      </p>
      <div class="row">
         <div class="col-md-4 ">
            <img src="/schools/eaimgmp3/french1/img/coursebook/lesson10/page90/flasche_und_fisch.gif"/>
         </div>
         <div class="col-md-1 ">
            <MediaBigMark Url="/schools/eaimgmp3/french1wma/lesson10/hufex1_l10_c01.mp3"
                          Sequence=""/>
         </div>
         <div class="col-md-6 ">
            <table class="table table-bordered c-table">
               <tr>
                  <td class="c-table middle">  1.</td>
                  <td>
                     <WordSelection id="o475" Words="#[p]|[b]"/>
                  </td>
               </tr>
               <tr>
                  <td class="c-table middle">  2.</td>
                  <td>
                     <WordSelection id="o627" Words="[p]|#[b]"/>
                  </td>
               </tr>
               <tr>
                  <td class="c-table middle">  3.</td>
                  <td>
                     <WordSelection id="o779" Words="#[p]|[b]"/>
                  </td>
               </tr>
               <tr>
                  <td class="c-table middle">  4.</td>
                  <td>
                     <WordSelection id="o931" Words="#[p]|[b]"/>
                  </td>
               </tr>
               <tr>
                  <td class="c-table middle">  5.</td>
                  <td>
                     <WordSelection id="o1083" Words="[p]|#[b]"/>
                  </td>
               </tr>
               <tr>
                  <td class="c-table middle">  6.</td>
                  <td>
                     <WordSelection id="o1235" Words="#[p]|[b]"/>
                  </td>
               </tr>
               <tr>
                  <td class="c-table middle">  7.</td>
                  <td>
                     <WordSelection id="o1387" Words="[p]|#[b]"/>
                  </td>
               </tr>
               <tr>
                  <td class="c-table middle">  8.</td>
                  <td>
                     <WordSelection id="o1539" Words="#[p]|[b]"/>
                  </td>
               </tr>
               <tr>
                  <td class="c-table middle">  9.</td>
                  <td>
                     <WordSelection id="o1691" Words="[p]|#[b]"/>
                  </td>
               </tr>
               <tr>
                  <td class="c-table middle">10.</td>
                  <td>
                     <WordSelection id="o1843" Words="[p]|#[b]"/>
                  </td>
               </tr>
            </table>
         </div>
      </div>
   </Ex>
   <Ex id="hufex1_l10_c02"
       title="Divertissement"
       instr="{{Ahtmltitle}}"
       tech_instr="SOUND_PLAYBACK">
      <p>
         <a target="_blank"
            href="http://www.langmaster.cz/comcz/French1/l10/c/hufex1_l10_c02.htm">/French1/l10/c/hufex1_l10_c02.htm</a>
         <br/>
         <a target="_blank"
            href="http://www.langmaster.cz/comcz/French1/l10/c/home.htm">
                            cvičení 2</a>
      </p>
      <div class="row">
         <div class="col-md-5 ">
            <img src="/schools/eaimgmp3/french1/img/coursebook/lesson10/page90/90_boot.gif"/>
         </div>
         <div class="col-md-7 ">
            <MediaText id="snd0"
                       Url="/schools/eaimgmp3/french1wma/lesson10/hufex1_l10_c02.mp3"
                       Sequence="0"/>
            <br/>
            <MediaText id="snd1" Sequence="1" ContinueOf="snd0"/>
            <br/>
            <MediaText id="snd2" Sequence="2" ContinueOf="snd1"/>
            <br/>
            <MediaText id="snd3" Sequence="3" ContinueOf="snd2"/>
            <br/>
            <MediaText id="snd4" Sequence="4" ContinueOf="snd3"/>
            <br/>
            <MediaText id="snd5" Sequence="5" ContinueOf="snd4"/>
            <br/>
            <MediaText id="snd6" Sequence="6" ContinueOf="snd5"/>
            <br/>
            <MediaText id="snd7" Sequence="7" ContinueOf="snd6"/>
            <br/>
            <MediaText id="snd8" Sequence="8" ContinueOf="snd7"/>
            <br/>
            <MediaText id="snd9" Sequence="9" ContinueOf="snd8"/>
            <br/>
            <MediaText id="snd10" Sequence="10" ContinueOf="snd9"/>
            <br/>
            <MediaText id="snd11" Sequence="11" ContinueOf="snd10"/>
         </div>
      </div>
   </Ex>
   <Ex id="hufex1_l10_c03"
       title="Maison ou appartement?"
       instr="{{Ahtmltitle}}"
       tech_instr="FILLING_IN_FROM_A_LIST SOUND_PLAYBACK">
      <p>
         <a target="_blank"
            href="http://www.langmaster.cz/comcz/French1/l10/c/hufex1_l10_c03.htm">/French1/l10/c/hufex1_l10_c03.htm</a>
         <br/>
         <a target="_blank"
            href="http://www.langmaster.cz/comcz/French1/l10/c/home.htm">
                            cvičení 3</a>
      </p>
      <DragSource/>
      <div class="row">
         <div class="col-md-3 ">
            <img src="/schools/eaimgmp3/french1/img/coursebook/lesson10/page89/0775h7794.jpg"/>
         </div>
         <div class="col-md-3 ">
            <img src="/schools/eaimgmp3/french1/img/coursebook/lesson10/page89/c625h0041.jpg"/>
         </div>
      </div>
      <div class="row">
         <div class="col-md-1 ">
            <MediaBigMark Url="/schools/eaimgmp3/french1wma/lesson10/hufex1_l10_c03.mp3"
                          Sequence=""/>
         </div>
         <div class="col-md-11 ">
            <table class="table table-bordered c-table">
               <tr>
                  <td class="c-table-default middle"/>
                  <td class="c-table-default middle">pour</td>
                  <td class="c-table-default middle">contre</td>
               </tr>
               <tr>
                  <td class=" middle">maison</td>
                  <td class=" middle">
                     <DragTarget id="g449" CorrectValue="grande|calme|jardin"/>
                     <br/>
                     <DragTarget id="g450" CorrectValue="grande|calme|jardin"/>
                     <br/>
                     <DragTarget id="g451" CorrectValue="grande|calme|jardin"/>
                  </td>
                  <td class=" middle">
                     <DragTarget id="g454"
                                 CorrectValue="loin de Strasbourg|il faut l’acheter|il faut la restaurer"/>
                     <br/>
                     <DragTarget id="g455"
                                 CorrectValue="loin de Strasbourg|il faut l’acheter|il faut la restaurer"/>
                     <br/>
                     <DragTarget id="g456"
                                 CorrectValue="loin de Strasbourg|il faut l’acheter|il faut la restaurer"/>
                  </td>
               </tr>
               <tr>
                  <td class=" middle">appartement</td>
                  <td class=" middle">
                     <DragTarget id="g461" CorrectValue="centre ville|à louer"/>
                     <br/>
                     <DragTarget id="g462" CorrectValue="centre ville|à louer"/>
                  </td>
                  <td class=" middle">
                     <DragTarget id="g465" CorrectValue="trop petit|bruit"/>
                     <br/>
                     <DragTarget id="g466" CorrectValue="trop petit|bruit"/>
                  </td>
               </tr>
            </table>
         </div>
      </div>
   </Ex>
   <Ex id="hufex1_l10_c04"
       title="Benoît et Petra"
       instr="{{Ahtmltitle}}"
       tech_instr="SOUND_PLAYBACK">
      <p>
         <a target="_blank"
            href="http://www.langmaster.cz/comcz/French1/l10/c/hufex1_l10_c04.htm">/French1/l10/c/hufex1_l10_c04.htm</a>
         <br/>
         <a target="_blank"
            href="http://www.langmaster.cz/comcz/French1/l10/c/home.htm">
                            cvičení 4</a>
      </p>
      <div class="row">
         <div class="col-md-12 ">
            <MediaDialog Url="/schools/eaimgmp3/french1wma/lesson10/hufex1_l10_c03.mp3" id="E65">
               <SndReplica Name="A" Sequence="0-1"/>
               <SndReplica Name="B" Sequence="2-3"/>
               <SndReplica Name="A" Sequence="4-7"/>
               <SndReplica Name="B" Sequence="8-11"/>
               <SndReplica Name="A" Sequence="12-15"/>
               <SndReplica Name="B" Sequence="16-19"/>
            </MediaDialog>
         </div>
      </div>
      <div class="row">
         <div class="col-md-3 ">
            <img src="/schools/eaimgmp3/french1/img/coursebook/lesson10/page89/0800h6100.jpg"/>
         </div>
         <div class="col-md-9 ">
            <div class="panel panel-info">
               <div class="panel-body">
                  <p>
                     <b>Donnez votre avis!</b>
            {{Ttrans}}
            <br/>
                     <br/>
                     <b>1.</b>
                     <i>je trouve que...
            </i>
                     <br/>
            {{Ttrans1}}
            <br/>
                     <br/>
                     <b>2. </b>
                     <i>je pense que... </i>
                     <br/>
            {{Ttrans2}}
            <br/>
                     <br/>
                     <b>3. </b>
              j<i>e crois que... </i>
                     <br/>
            {{Ttrans3}}
          </p>
               </div>
            </div>
         </div>
      </div>
   </Ex>
   <Ex id="hufex1_l10_c05"
       title="Formes négatives"
       instr="{{Ahtmltitle}}"
       tech_instr="FILLING_IN">
      <p>
         <a target="_blank"
            href="http://www.langmaster.cz/comcz/French1/l10/c/hufex1_l10_c05.htm">/French1/l10/c/hufex1_l10_c05.htm</a>
         <br/>
         <a target="_blank"
            href="http://www.langmaster.cz/comcz/French1/l10/c/home.htm">
                            cvičení 5</a>
      </p>
      <div class="row">
         <div class="col-md-3 ">
            <img src="/schools/eaimgmp3/french1/img/homestudy/lesson10/page147/0401h0002.jpg"/>
         </div>
         <div class="col-md-9 ">
            <div>
               <table class="table c-table">
                  <tr>
                     <td>
                        <b>
                  {{Ttrans}}:
                </b>
                        <br/>
                  Il fait toujours beau ici!<br/>
                        <GapFill id="g283"
                                 CorrectValue="Il ne fait jamais beau ici!"
                                 InitValue="Il ne fait jamais beau ici!"
                                 Example="true"
                                 Width="200"/>
                     </td>
                  </tr>
               </table>
            </div>
            <table class="table table-bordered c-table">
               <tr>
                  <td class=" middle">
              Ils connaissent quelqu’un à Strasbourg.<br/>
                     <GapFill id="g383"
                              CorrectValue="Ils ne connaissent personne à Strasbourg."
                              Width="200"/>
                  </td>
               </tr>
               <tr>
                  <td class=" middle">
              Vous voulez encore de la tarte aux pommes?<br/>
                     <GapFill id="g481"
                              CorrectValue="Vous ne voulez plus de tarte aux pommes?"
                              Width="200"/>
                  </td>
               </tr>
               <tr>
                  <td class=" middle">
              Ils ont des amis en Alsace.<br/>
                     <GapFill id="g579"
                              CorrectValue="Ils n’ont pas d’amis en Alsace."
                              Width="200"/>
                  </td>
               </tr>
               <tr>
                  <td class=" middle">
              J’ai quelque chose à faire ici.<br/>
                     <GapFill id="g677" CorrectValue="Je n’ai rien à faire ici." Width="200"/>
                  </td>
               </tr>
               <tr>
                  <td class=" middle">
              Il a déjà quitté le bureau.<br/>
                     <GapFill id="g775"
                              CorrectValue="Il n’a pas encore quitté le bureau."
                              Width="200"/>
                  </td>
               </tr>
               <tr>
                  <td class=" middle">
              Elle voyage toujours en avion.<br/>
                     <GapFill id="g873"
                              CorrectValue="Elle ne voyage jamais en avion."
                              Width="200"/>
                  </td>
               </tr>
               <tr>
                  <td class=" middle">
              Ils ont invité 15 personnes à leur anniversaire de mariage.<br/>
                     <GapFill id="g971"
                              CorrectValue="Ils n’ont invité personne à leur anniversaire de mariage."
                              Width="200"/>
                  </td>
               </tr>
               <tr>
                  <td class=" middle">
              Vous avez oublié quelque chose?<br/>
                     <GapFill id="g1069" CorrectValue="Vous n’avez rien oublié?" Width="200"/>
                  </td>
               </tr>
               <tr>
                  <td class=" middle">
              Ils ont déjà trouvé un logement.<br/>
                     <GapFill id="g1167"
                              CorrectValue="Ils n’ont pas encore trouvé de logement."
                              Width="200"/>
                  </td>
               </tr>
            </table>
         </div>
      </div>
      <div class="col-md-7">
         <div class="panel panel-info">
            <div class="panel-heading">
               <h3>{{Aboxtitle}}</h3>
            </div>
            <div class="panel-body">
               <p>
          {{Ttrans1}}
        </p>
               <p>
                  <b>ne ... plus</b>
          {{Ttrans2}}
          <br/>
                  <i>Il ne fait plus de sport.
            {{Ttrans3}}
            <br/>
                  </i>
                  <b>ne ... jamais</b>
          {{Ttrans4}}
          <br/>
                  <i>Elle ne regarde jamais la télévision.
            {{Ttrans5}}
            <br/>
                  </i>
                  <b>ne ... nulle part</b>
          {{Ttrans6}}
          <br/>
                  <i>
Je cherche Pierre mais il n’ est nulle part.
            {{Ttrans7}}
          </i>
                  <b>ne ... rien</b>
          {{Ttrans8}}
          <br/>
                  <i>Tu as entendu quelque chose? - Non, je n’ai rien entendu.
            {{Ttrans9}}
          </i>
               </p>
               <p>
          {{Ttrans10}}
        </p>
               <p>
          Benoît, on ne <b>le</b> voit <b>jamais</b> sur un court de tennis.
        </p>
            </div>
         </div>
      </div>
   </Ex>
   <Ex id="hufex1_l10_c06"
       title="Le jeu des 7 erreurs"
       instr="{{Ahtmltitle}}"
       tech_instr="FILLING_IN">
      <p>
         <a target="_blank"
            href="http://www.langmaster.cz/comcz/French1/l10/c/hufex1_l10_c06.htm">/French1/l10/c/hufex1_l10_c06.htm</a>
         <br/>
         <a target="_blank"
            href="http://www.langmaster.cz/comcz/French1/l10/c/home.htm">
                            cvičení 6</a>
      </p>
      <Possibilities Words="rien|pas de|personne"/>
      <div>
         <img src="/schools/eaimgmp3/french1/img/homestudy/lesson10/page147/147.gif"/>
      </div>
      <div>
         <b>{{Ttrans}}:</b>
         <br/>
          Il n’y a pas d’enfant à la fenêtre.
      <br/>
         <GapFill id="g301"
                  CorrectValue="Il n’y a pas de soleil.|Il n’y a personne dans la voiture.|Il n’y a pas de chat sur la terrasse.|Il n’y a pas de vélo dans le garage.|Il n’y a rien sur la table.|Il n’y a personne dans le jardin."
                  Width="200"/>
         <br/>
         <GapFill id="g302"
                  CorrectValue="Il n’y a pas de soleil.|Il n’y a personne dans la voiture.|Il n’y a pas de chat sur la terrasse.|Il n’y a pas de vélo dans le garage.|Il n’y a rien sur la table.|Il n’y a personne dans le jardin."
                  Width="200"/>
         <br/>
         <GapFill id="g303"
                  CorrectValue="Il n’y a pas de soleil.|Il n’y a personne dans la voiture.|Il n’y a pas de chat sur la terrasse.|Il n’y a pas de vélo dans le garage.|Il n’y a rien sur la table.|Il n’y a personne dans le jardin."
                  Width="200"/>
         <br/>
         <GapFill id="g304"
                  CorrectValue="Il n’y a pas de soleil.|Il n’y a personne dans la voiture.|Il n’y a pas de chat sur la terrasse.|Il n’y a pas de vélo dans le garage.|Il n’y a rien sur la table.|Il n’y a personne dans le jardin."
                  Width="200"/>
         <br/>
         <GapFill id="g305"
                  CorrectValue="Il n’y a pas de soleil.|Il n’y a personne dans la voiture.|Il n’y a pas de chat sur la terrasse.|Il n’y a pas de vélo dans le garage.|Il n’y a rien sur la table.|Il n’y a personne dans le jardin."
                  Width="200"/>
         <br/>
         <GapFill id="g306"
                  CorrectValue="Il n’y a pas de soleil.|Il n’y a personne dans la voiture.|Il n’y a pas de chat sur la terrasse.|Il n’y a pas de vélo dans le garage.|Il n’y a rien sur la table.|Il n’y a personne dans le jardin."
                  Width="200"/>
      </div>
   </Ex>
   <Ex id="hufex1_l10_c07"
       title="Elle et lui"
       instr="{{Ahtmltitle}}"
       tech_instr="FILLING_IN">
      <p>
         <a target="_blank"
            href="http://www.langmaster.cz/comcz/French1/l10/c/hufex1_l10_c07.htm">/French1/l10/c/hufex1_l10_c07.htm</a>
         <br/>
         <a target="_blank"
            href="http://www.langmaster.cz/comcz/French1/l10/c/home.htm">
                            cvičení 7</a>
      </p>
      <div class="row">
         <div class="col-md-2 ">
            <img src="/schools/eaimgmp3/french1/img/coursebook/lesson10/page88/1474h0025.jpg"/>
         </div>
         <div class="col-md-10 ">
            <table class="table table-bordered c-table">
               <tr>
                  <td class="c-table-default middle">Elle</td>
                  <td class="c-table-default middle">Lui</td>
               </tr>
               <tr>
                  <td class=" middle">Elle ne regarde jamais la télévision.</td>
                  <td class=" middle">Il regarde toujours la télévision.</td>
               </tr>
               <tr>
                  <td class=" middle">Elle aime sortir.</td>
                  <td class=" middle">Il n’aime pas sortir.</td>
               </tr>
               <tr>
                  <td class=" middle">Elle a des amis.</td>
                  <td class=" middle">
              Il <GapFill id="g167" CorrectValue="n’a pas d’amis." Width="200"/>
                  </td>
               </tr>
               <tr>
                  <td class=" middle">
              Elle <GapFill id="g170" CorrectValue="fait encore du tennis." Width="200"/>
                  </td>
                  <td class=" middle">Il ne fait plus de tennis.</td>
               </tr>
               <tr>
                  <td class=" middle">
              Elle <GapFill id="g174" CorrectValue="ne cherche jamais ses clés." Width="200"/>
                  </td>
                  <td class=" middle">Il cherche toujours ses clés.</td>
               </tr>
               <tr>
                  <td class=" middle">Elle invite toujours quelqu’un.</td>
                  <td class=" middle">
              Il <GapFill id="g179" CorrectValue="n’invite jamais personne." Width="200"/>
                  </td>
               </tr>
               <tr>
                  <td class=" middle">
              Elle <GapFill id="g182" CorrectValue="fait quelque chose." Width="200"/>
                  </td>
                  <td class=" middle">Il ne fait rien.</td>
               </tr>
            </table>
         </div>
      </div>
      <div class="col-md-11">
         <div class="panel panel-info">
            <div class="panel-heading">
               <h3>La négation</h3>
            </div>
            <div class="panel-body">
               <table class="table c-table">
                  <tr>
                     <td>
                        <p>
                           <b>ne... personne</b>
                        </p>
                        <p>
                           <i>
                  Vous avez vu quelqu’un?<br/>
                  Je n’ai vu personne.
                </i>
                        </p>
                     </td>
                     <td>
                        <p>
                           <b>ne... rien</b>
                        </p>
                        <p>
                           <i>
                  Vous avez entendu quelque chose?<br/>
                  Je n’ai rien entendu.
                </i>
                        </p>
                     </td>
                     <td>
                        <p>
                           <b>ne... jamais</b>
                        </p>
                        <p>
                           <i>
                  Vous n’avez pas de chance!<br/>
                  Non, je n’ai jamais eu la chance!
                </i>
                        </p>
                     </td>
                  </tr>
               </table>
            </div>
         </div>
      </div>
   </Ex>
</Module>
