﻿<?xml version="1.0" encoding="utf-8"?>
<Page id="hufex1_l01_a01">
  <p>
    <a href="http://www.langmaster.cz/comcz/French1/l01/a/hufex1_l01_a01.htm">/French1/l01/a/hufex1_l01_a01.htm</a>
    <br />
    <a href="http://www.langmaster.cz/comcz/French1/l01/a/home.htm">
                            cvičení 1</a>
  </p>
  <DragSource />
  <div class="row">
    <div class="col-md-5 ">
      <img src="/schools/eaimgmp3/french1/img/coursebook/lesson01/page09/komplet.gif" />
    </div>
    <div class="col-md-7 ">
      <table class="table table-bordered c-table">
        <tr>
          <td class=" middle">
              Ca<DragTarget id="d1e31" CorrectValue="fé" /></td>
        </tr>
        <tr>
          <td class=" middle">
              Fon<DragTarget id="d1e32" CorrectValue="due" /></td>
        </tr>
        <tr>
          <td class=" middle">
              Bis<DragTarget id="d1e33" CorrectValue="trot" /></td>
        </tr>
        <tr>
          <td class=" middle">
              Mé<DragTarget id="d1e34" CorrectValue="tro" /></td>
        </tr>
        <tr>
          <td class=" middle">
              Air<DragTarget id="d1e35" CorrectValue="bus" /></td>
        </tr>
        <tr>
          <td class=" middle">
              Twin<DragTarget id="d1e36" CorrectValue="go" /></td>
        </tr>
      </table>
    </div>
  </div>
  <info title="Evoquez vos souvenirs de France!" instrTitle="{{Ahtmltitle}}" instrs="FILLING_IN_FROM_A_LIST" />
</Page>