﻿<?xml version="1.0" encoding="utf-8"?>
<Page id="hufex1_l01_a02">
  <p>
    <a href="http://www.langmaster.cz/comcz/French1/l01/a/hufex1_l01_a02.htm">/French1/l01/a/hufex1_l01_a02.htm</a>
    <br />
    <a href="http://www.langmaster.cz/comcz/French1/l01/a/home.htm">
                            cvičení 2</a>
  </p>
  <div>
    <table>
      <tr>
        <td class=" middle">
          <GapFill id="g203" Width="200" CorrectValue="10" InitValue="" />
        </td>
        <td class=" middle">le Pays Basque</td>
        <td class=" middle">
          <GapFill id="g206" Width="200" CorrectValue="3" InitValue="" />
        </td>
        <td class=" middle">la Normandie</td>
        <td class=" middle">
          <GapFill id="g209" Width="200" CorrectValue="1" InitValue="" />
        </td>
        <td class=" middle">le Nord</td>
      </tr>
      <tr>
        <td class=" middle">
          <GapFill id="g213" Width="200" CorrectValue="8" InitValue="" />
        </td>
        <td class=" middle">le Languedoc</td>
        <td class=" middle">
          <GapFill id="g216" Width="200" CorrectValue="9" InitValue="" />
        </td>
        <td class=" middle">la Lorraine</td>
        <td class=" middle">
          <GapFill id="g219" Width="200" CorrectValue="5" InitValue="" />
        </td>
        <td class=" middle">la Provence</td>
      </tr>
      <tr>
        <td class=" middle">
          <GapFill id="g223" Width="200" CorrectValue="2" InitValue="" />
        </td>
        <td class=" middle">la Corse</td>
        <td class=" middle">
          <GapFill id="g226" Width="200" CorrectValue="11" InitValue="" />
        </td>
        <td class=" middle">la Bourgogne</td>
        <td class=" middle">
          <GapFill id="g229" Width="200" CorrectValue="7" InitValue="" />
        </td>
        <td class=" middle">l’Auvergne</td>
      </tr>
      <tr>
        <td class=" middle">
          <GapFill id="g233" Width="200" CorrectValue="12" InitValue="" />
        </td>
        <td class=" middle">le Périgord</td>
        <td class=" middle">
          <GapFill id="g236" Width="200" CorrectValue="4" InitValue="" />
        </td>
        <td class=" middle">l’Alsace</td>
        <td class=" middle">
          <GapFill id="g239" Width="200" CorrectValue="6" InitValue="" />
        </td>
        <td class=" middle">la Bretagne</td>
      </tr>
    </table>
  </div>
  <div>
    <img src="/schools/eaimgmp3/french1/img/coursebook/lesson01/page10/hexagone.gif" />
  </div>
  <info title="Carte" instrTitle="{{Ahtmltitle}}" instrs="FILLING_IN" />
</Page>