﻿<?xml version="1.0" encoding="utf-8"?>
<Page id="hufex1_l01_a04">
  <p>
    <a href="http://www.langmaster.cz/comcz/French1/l01/a/hufex1_l01_a04.htm">/French1/l01/a/hufex1_l01_a04.htm</a>
    <br />
    <a href="http://www.langmaster.cz/comcz/French1/l01/a/home.htm">
                            cvičení 4</a>
  </p>
  <table class="table table-bordered c-table">
    <tr>
      <td class="c-table-default middle">Provence</td>
      <td>
        <WordSelection id="ce284" CorrectValue="0" Words="le|#la" />
      </td>
    </tr>
    <tr>
      <td class="c-table-default middle">Normandie</td>
      <td>
        <WordSelection id="ce300" CorrectValue="0" Words="le|#la" />
      </td>
    </tr>
    <tr>
      <td class="c-table-default middle">Roussillon</td>
      <td>
        <WordSelection id="ce199" CorrectValue="0" Words="#le|la" />
      </td>
    </tr>
    <tr>
      <td class="c-table-default middle">Bretagne</td>
      <td>
        <WordSelection id="ce292" CorrectValue="0" Words="le|#la" />
      </td>
    </tr>
    <tr>
      <td class="c-table-default middle">Périgord</td>
      <td>
        <WordSelection id="ce215" CorrectValue="0" Words="#le|la" />
      </td>
    </tr>
    <tr>
      <td class="c-table-default middle">Nord</td>
      <td>
        <WordSelection id="ce207" CorrectValue="0" Words="#le|la" />
      </td>
    </tr>
  </table>
  <img src="/schools/eaimgmp3/french1/img/vocabulary/lesson01/page08/verkaufer.gif" />
  <img src="/schools/eaimgmp3/french1/img/vocabulary/lesson01/page08/kundin.gif" />
  <div class="panel panel-info">
    <div class="panel-heading">
      <h3>{{Aboxtitle}}</h3>
    </div>
    <div class="panel-body">
      <p>
          {{Ttrans}}
        </p>
    </div>
  </div>
  <info title="Les articles définis" instrTitle="{{Ahtmltitle}}" instrs="SORTING_INTO_GROUPS_DRAG_AND_DROP" />
</Page>