﻿<?xml version="1.0" encoding="utf-8"?>
<Module title="Chapitre A">
   <Ex id="hufex1_l01_a01"
       title="Evoquez vos souvenirs de France!"
       instr="{{Ahtmltitle}}"
       tech_instr="FILLING_IN_FROM_A_LIST">
      <p>
         <a target="_blank"
            href="http://www.langmaster.cz/comcz/French1/l01/a/hufex1_l01_a01.htm">/French1/l01/a/hufex1_l01_a01.htm</a>
         <br/>
         <a target="_blank"
            href="http://www.langmaster.cz/comcz/French1/l01/a/home.htm">
                            cvičení 1</a>
      </p>
      <DragSource/>
      <div class="row">
         <div class="col-md-5 ">
            <img src="/schools/eaimgmp3/french1/img/coursebook/lesson01/page09/komplet.gif"/>
         </div>
         <div class="col-md-7 ">
            <table class="table table-bordered c-table">
               <tr>
                  <td class=" middle">
              Ca<DragTarget id="d1e31" CorrectValue="fé"/>
                  </td>
               </tr>
               <tr>
                  <td class=" middle">
              Fon<DragTarget id="d1e32" CorrectValue="due"/>
                  </td>
               </tr>
               <tr>
                  <td class=" middle">
              Bis<DragTarget id="d1e33" CorrectValue="trot"/>
                  </td>
               </tr>
               <tr>
                  <td class=" middle">
              Mé<DragTarget id="d1e34" CorrectValue="tro"/>
                  </td>
               </tr>
               <tr>
                  <td class=" middle">
              Air<DragTarget id="d1e35" CorrectValue="bus"/>
                  </td>
               </tr>
               <tr>
                  <td class=" middle">
              Twin<DragTarget id="d1e36" CorrectValue="go"/>
                  </td>
               </tr>
            </table>
         </div>
      </div>
   </Ex>
   <Ex id="hufex1_l01_a02"
       title="Carte"
       instr="{{Ahtmltitle}}"
       tech_instr="FILLING_IN">
      <p>
         <a target="_blank"
            href="http://www.langmaster.cz/comcz/French1/l01/a/hufex1_l01_a02.htm">/French1/l01/a/hufex1_l01_a02.htm</a>
         <br/>
         <a target="_blank"
            href="http://www.langmaster.cz/comcz/French1/l01/a/home.htm">
                            cvičení 2</a>
      </p>
      <div>
         <table class="table c-table">
            <tr>
               <td class=" middle">
                  <GapFill id="g203" CorrectValue="10" Width="200"/>
               </td>
               <td class=" middle">le Pays Basque</td>
               <td class=" middle">
                  <GapFill id="g206" CorrectValue="3" Width="200"/>
               </td>
               <td class=" middle">la Normandie</td>
               <td class=" middle">
                  <GapFill id="g209" CorrectValue="1" Width="200"/>
               </td>
               <td class=" middle">le Nord</td>
            </tr>
            <tr>
               <td class=" middle">
                  <GapFill id="g213" CorrectValue="8" Width="200"/>
               </td>
               <td class=" middle">le Languedoc</td>
               <td class=" middle">
                  <GapFill id="g216" CorrectValue="9" Width="200"/>
               </td>
               <td class=" middle">la Lorraine</td>
               <td class=" middle">
                  <GapFill id="g219" CorrectValue="5" Width="200"/>
               </td>
               <td class=" middle">la Provence</td>
            </tr>
            <tr>
               <td class=" middle">
                  <GapFill id="g223" CorrectValue="2" Width="200"/>
               </td>
               <td class=" middle">la Corse</td>
               <td class=" middle">
                  <GapFill id="g226" CorrectValue="11" Width="200"/>
               </td>
               <td class=" middle">la Bourgogne</td>
               <td class=" middle">
                  <GapFill id="g229" CorrectValue="7" Width="200"/>
               </td>
               <td class=" middle">l’Auvergne</td>
            </tr>
            <tr>
               <td class=" middle">
                  <GapFill id="g233" CorrectValue="12" Width="200"/>
               </td>
               <td class=" middle">le Périgord</td>
               <td class=" middle">
                  <GapFill id="g236" CorrectValue="4" Width="200"/>
               </td>
               <td class=" middle">l’Alsace</td>
               <td class=" middle">
                  <GapFill id="g239" CorrectValue="6" Width="200"/>
               </td>
               <td class=" middle">la Bretagne</td>
            </tr>
         </table>
      </div>
      <div>
         <img src="/schools/eaimgmp3/french1/img/coursebook/lesson01/page10/hexagone.gif"/>
      </div>
   </Ex>
   <Ex id="hufex1_l01_a03"
       title="Mots masqués"
       instr="{{Ahtmltitle}}"
       tech_instr="TEXT_SECTION_SELECTING_ONE_OR_MORE_CORRECT_ANSWERS">
      <p>
         <a target="_blank"
            href="http://www.langmaster.cz/comcz/French1/l01/a/hufex1_l01_a03.htm">/French1/l01/a/hufex1_l01_a03.htm</a>
         <br/>
         <a target="_blank"
            href="http://www.langmaster.cz/comcz/French1/l01/a/home.htm">
                            cvičení 3</a>
      </p>
      <div class="row">
         <div class="col-md-10 ">
        TODO osmisměrka/křížovka, co s ní? ysearch
    </div>
         <div class="col-md-2 ">
            <img src="/schools/eaimgmp3/french1/img/coursebook/lesson01/page10/1829h0014.jpg"/>
         </div>
      </div>
   </Ex>
   <Ex id="hufex1_l01_a04"
       title="Les articles définis"
       instr="{{Ahtmltitle}}"
       tech_instr="SORTING_INTO_GROUPS_DRAG_AND_DROP">
      <p>
         <a target="_blank"
            href="http://www.langmaster.cz/comcz/French1/l01/a/hufex1_l01_a04.htm">/French1/l01/a/hufex1_l01_a04.htm</a>
         <br/>
         <a target="_blank"
            href="http://www.langmaster.cz/comcz/French1/l01/a/home.htm">
                            cvičení 4</a>
      </p>
      <table class="table table-bordered c-table">
         <tr>
            <td class="c-table-default middle">Normandie</td>
            <td>
               <WordSelection id="ce300" Words="le|#la"/>
            </td>
         </tr>
         <tr>
            <td class="c-table-default middle">Périgord</td>
            <td>
               <WordSelection id="ce215" Words="#le|la"/>
            </td>
         </tr>
         <tr>
            <td class="c-table-default middle">Nord</td>
            <td>
               <WordSelection id="ce207" Words="#le|la"/>
            </td>
         </tr>
         <tr>
            <td class="c-table-default middle">Roussillon</td>
            <td>
               <WordSelection id="ce199" Words="#le|la"/>
            </td>
         </tr>
         <tr>
            <td class="c-table-default middle">Provence</td>
            <td>
               <WordSelection id="ce284" Words="le|#la"/>
            </td>
         </tr>
         <tr>
            <td class="c-table-default middle">Bretagne</td>
            <td>
               <WordSelection id="ce292" Words="le|#la"/>
            </td>
         </tr>
      </table>
      <img src="/schools/eaimgmp3/french1/img/vocabulary/lesson01/page08/verkaufer.gif"/>
      <img src="/schools/eaimgmp3/french1/img/vocabulary/lesson01/page08/kundin.gif"/>
      <div class="col-md-5">
         <div class="panel panel-info">
            <div class="panel-heading">
               <h3>{{Aboxtitle}}</h3>
            </div>
            <div class="panel-body">
               <p>
          {{Ttrans}}
        </p>
            </div>
         </div>
      </div>
   </Ex>
   <Ex id="hufex1_l01_a05"
       title="L’alphabet en jouant"
       instr="{{Ahtmltitle}}"
       tech_instr="FILLING_IN SOUND_PLAYBACK">
      <p>
         <a target="_blank"
            href="http://www.langmaster.cz/comcz/French1/l01/a/hufex1_l01_a05.htm">/French1/l01/a/hufex1_l01_a05.htm</a>
         <br/>
         <a target="_blank"
            href="http://www.langmaster.cz/comcz/French1/l01/a/home.htm">
                            cvičení 5</a>
      </p>
      <div>
         <img src="/schools/eaimgmp3/french1/img/homestudy/lesson01/page96/014_schnecke.gif"/>
      </div>
      <div>
         <table class="table table-bordered c-table">
            <tr>
               <td class=" middle">
                  <MediaText id="snd0"
                             Url="/schools/eaimgmp3/french1wma/lesson01/hufex1_l01_a05.mp3"
                             Sequence="0">
                     <SndSent ReplacePtr="0">
                        <b>A</b>lphabet</SndSent>
                  </MediaText>
               </td>
               <td class=" middle">
                  <MediaText id="snd1" Sequence="1" ContinueOf="snd0">
                     <SndSent ReplacePtr="1">
                        <b>B</b>
                        <GapFill id="g375" CorrectValue="anane" Width="200"/>
                     </SndSent>
                  </MediaText>
               </td>
               <td class=" middle">
                  <MediaText id="snd2" Sequence="2" ContinueOf="snd1">
                     <SndSent ReplacePtr="2">
                        <b>C</b>
                        <GapFill id="g376" CorrectValue="igarette" Width="200"/>
                     </SndSent>
                  </MediaText>
               </td>
               <td class=" middle">
                  <MediaText id="snd3" Sequence="3" ContinueOf="snd2">
                     <SndSent ReplacePtr="3">
                        <b>D</b>
                        <GapFill id="g244" CorrectValue="octeur" Width="200"/>
                     </SndSent>
                  </MediaText>
               </td>
            </tr>
            <tr>
               <td class=" middle">
                  <MediaText id="snd4" Sequence="4" ContinueOf="snd3">
                     <SndSent ReplacePtr="4">
                        <b>E</b>
                        <GapFill id="g377" CorrectValue="léphant" Width="200"/>
                     </SndSent>
                  </MediaText>
               </td>
               <td class=" middle">
                  <MediaText id="snd5" Sequence="5" ContinueOf="snd4">
                     <SndSent ReplacePtr="5">
                        <b>F</b>
                        <GapFill id="g378" CorrectValue="rance" Width="200"/>
                     </SndSent>
                  </MediaText>
               </td>
               <td class=" middle">
                  <MediaText id="snd6" Sequence="6" ContinueOf="snd5">
                     <SndSent ReplacePtr="6">
                        <b>G</b>
                        <GapFill id="g379" CorrectValue="uitare" Width="200"/>
                     </SndSent>
                  </MediaText>
               </td>
               <td class=" middle">
                  <MediaText id="snd7" Sequence="7" ContinueOf="snd6">
                     <SndSent ReplacePtr="7">
                        <b>H</b>
                        <GapFill id="g380" CorrectValue="ôtel" Width="200"/>
                     </SndSent>
                  </MediaText>
               </td>
            </tr>
            <tr>
               <td class=" middle">
                  <MediaText id="snd8" Sequence="8" ContinueOf="snd7">
                     <SndSent ReplacePtr="8">
                        <b>I</b>
                        <GapFill id="g381" CorrectValue="dée" Width="200"/>
                     </SndSent>
                  </MediaText>
               </td>
               <td class=" middle">
                  <MediaText id="snd9" Sequence="9" ContinueOf="snd8">
                     <SndSent ReplacePtr="9">
                        <b>J</b>
                        <GapFill id="g382" CorrectValue="ournal" Width="200"/>
                     </SndSent>
                  </MediaText>
               </td>
               <td class=" middle">
                  <MediaText id="snd10" Sequence="10" ContinueOf="snd9">
                     <SndSent ReplacePtr="10">
                        <b>K</b>
                        <GapFill id="g383" CorrectValue="iosque" Width="200"/>
                     </SndSent>
                  </MediaText>
               </td>
               <td class=" middle">
                  <MediaText id="snd11" Sequence="11" ContinueOf="snd10">
                     <SndSent ReplacePtr="11">
                        <b>L</b>
                        <GapFill id="g384" CorrectValue="ilas" Width="200"/>
                     </SndSent>
                  </MediaText>
               </td>
            </tr>
            <tr>
               <td class=" middle">
                  <MediaText id="snd12" Sequence="12" ContinueOf="snd11">
                     <SndSent ReplacePtr="12">
                        <b>M</b>
                        <GapFill id="g385" CorrectValue="usique" Width="200"/>
                     </SndSent>
                  </MediaText>
               </td>
               <td class=" middle">
                  <MediaText id="snd13" Sequence="13" ContinueOf="snd12">
                     <SndSent ReplacePtr="13">
                        <b>N</b>
                        <GapFill id="g386" CorrectValue="ougat" Width="200"/>
                     </SndSent>
                  </MediaText>
               </td>
               <td class=" middle">
                  <MediaText id="snd14" Sequence="14" ContinueOf="snd13">
                     <SndSent ReplacePtr="14">
                        <b>O</b>
                        <GapFill id="g387" CorrectValue="range" Width="200"/>
                     </SndSent>
                  </MediaText>
               </td>
               <td class=" middle">
                  <MediaText id="snd15" Sequence="15" ContinueOf="snd14">
                     <SndSent ReplacePtr="15">
                        <b>P</b>
                        <GapFill id="g388" CorrectValue="arfum" Width="200"/>
                     </SndSent>
                  </MediaText>
               </td>
            </tr>
            <tr>
               <td class=" middle">
                  <MediaText id="snd16" Sequence="16" ContinueOf="snd15">
                     <SndSent ReplacePtr="16">
                        <b>Q</b>
                        <GapFill id="g389" CorrectValue="uébec" Width="200"/>
                     </SndSent>
                  </MediaText>
               </td>
               <td class=" middle">
                  <MediaText id="snd17" Sequence="17" ContinueOf="snd16">
                     <SndSent ReplacePtr="17">
                        <b>R</b>
                        <GapFill id="g390" CorrectValue="ose" Width="200"/>
                     </SndSent>
                  </MediaText>
               </td>
               <td class=" middle">
                  <MediaText id="snd18" Sequence="18" ContinueOf="snd17">
                     <SndSent ReplacePtr="18">
                        <b>S</b>
                        <GapFill id="g391" CorrectValue="alade" Width="200"/>
                     </SndSent>
                  </MediaText>
               </td>
               <td class=" middle">
                  <MediaText id="snd19" Sequence="19" ContinueOf="snd18">
                     <SndSent ReplacePtr="19">
                        <b>T</b>
                        <GapFill id="g392" CorrectValue="éléphone" Width="200"/>
                     </SndSent>
                  </MediaText>
               </td>
            </tr>
            <tr>
               <td class=" middle">
                  <MediaText id="snd20" Sequence="20" ContinueOf="snd19">
                     <SndSent ReplacePtr="20">
                        <b>U</b>
                        <GapFill id="g393" CorrectValue="niversité" Width="200"/>
                     </SndSent>
                  </MediaText>
               </td>
               <td class=" middle">
                  <MediaText id="snd21" Sequence="21" ContinueOf="snd20">
                     <SndSent ReplacePtr="21">
                        <b>V</b>
                        <GapFill id="g394" CorrectValue="ase" Width="200"/>
                     </SndSent>
                  </MediaText>
               </td>
               <td class=" middle">
                  <MediaText id="snd22" Sequence="22" ContinueOf="snd21">
                     <SndSent ReplacePtr="22">
                        <b>W</b>
                        <GapFill id="g395" CorrectValue="agon" Width="200"/>
                     </SndSent>
                  </MediaText>
               </td>
               <td class=" middle">
                  <MediaText id="snd23" Sequence="23" ContinueOf="snd22">
                     <SndSent ReplacePtr="23">
                        <b>X</b>
                        <GapFill id="g396" CorrectValue="ylophone" Width="200"/>
                     </SndSent>
                  </MediaText>
               </td>
            </tr>
            <tr>
               <td class=" middle"/>
               <td class=" middle">
                  <MediaText id="snd24" Sequence="24" ContinueOf="snd23">
                     <SndSent ReplacePtr="24">
                        <b>Y</b>
                        <GapFill id="g397" CorrectValue="oga" Width="200"/>
                     </SndSent>
                  </MediaText>
               </td>
               <td class=" middle">
                  <MediaText id="snd25" Sequence="25" ContinueOf="snd24">
                     <SndSent ReplacePtr="25">
                        <b>Z</b>
                        <GapFill id="g398" CorrectValue="oo" Width="200"/>
                     </SndSent>
                  </MediaText>
               </td>
               <td class=" middle"/>
            </tr>
         </table>
      </div>
   </Ex>
</Module>
