﻿<?xml version="1.0" encoding="utf-8"?>
<Page id="hufex2_l05_a04">
  <p>
    <a href="http://www.langmaster.cz/comcz/French2/l05/a/hufex2_l05_a04.htm">/French2/l05/a/hufex2_l05_a04.htm</a>
    <br />
    <a href="http://www.langmaster.cz/comcz/French2/l05/a/home.htm">
                            cvičení 4</a>
  </p>
  <div class="row" />
  <div>
    <img src="/schools/eaimgmp3/french2/img/vocabulary/lesson05/page54/1483h0017.jpg" />
  </div>
  <div>
    <Pairing id="E64">
      <PairingItem>Il a plus de boulot.<Right>Il n’a plus de travail.</Right></PairingItem>
      <PairingItem>Ce gosse lit que des polars.<Right>Cet enfant ne lit que des romans policiers.</Right></PairingItem>
      <PairingItem>Il a pas l’air sympa, ce type.<Right>Cet homme n’a pas l’air  sympathique.</Right></PairingItem>
      <PairingItem>Il est pas super, ce film.<Right>Ce film n’est pas très intéressant.</Right></PairingItem>
      <PairingItem>C’est quoi, votre profession?<Right>Quelle est votre profession?</Right></PairingItem>
      <PairingItem>J’en ai marre.<Right>J’en ai assez.</Right></PairingItem>
      <PairingItem>On se fait un resto, ce soir?<Right>Nous pourrions peut-être aller au restaurant, ce soir?</Right></PairingItem>
      <PairingItem>J’adore mon prof de géo!<Right>J’aime beaucoup mon professeur de géographie.</Right></PairingItem>
    </Pairing>
  </div>
  <info title="Le français familier" instrTitle="Il y a une expression du même sens en français familier et une en français standard. Reliez-les." instrs="PAIRING" />
</Page>