﻿<?xml version="1.0" encoding="utf-8"?>
<Page id="hufex2_l06_b06">
  <p>
    <a href="http://www.langmaster.cz/comcz/French2/l06/b/hufex2_l06_b06.htm">/French2/l06/b/hufex2_l06_b06.htm</a>
    <br />
    <a href="http://www.langmaster.cz/comcz/French2/l06/b/home.htm">
                            cvičení 6</a>
  </p>
  <div class="row">
    <div class="col-md-3 ">
      <img src="/schools/eaimgmp3/french2/img/coursebook/lesson06/page56/c630h0028.jpg" />
    </div>
    <div class="col-md-9 ">
      <div>
        <table class="table c-table">
          <tr>
            <td>
              <b>{{Ttrans}}</b>
              <br />
                Les enfants avaient vraiment besoin <i>de nouveaux cartables</i>? - Oui, ils...<br /><GapFill id="g284" CorrectValue="Oui, ils en avaient vraiment besoin." InitValue="Oui, ils en avaient vraiment besoin." /></td>
          </tr>
        </table>
      </div>
      <table>
        <tr>
          <td class=" middle" />
          <td class=" middle">
              Vous rêvez <i>d’une randonnée dans le désert</i>? - Oui, j’... depuis toujours.<br /><GapFill id="g384" Width="200" CorrectValue="Oui, j’en rêve depuis toujours." InitValue="" /></td>
        </tr>
        <tr>
          <td class=" middle" />
          <td class=" middle">
              Est-ce que vous avez déjà parlé <i>de vos problèmes</i> avec quelqu’un? - Oui, j’... à mon psy ce matin.<br /><GapFill id="g482" Width="200" CorrectValue="Oui, j’en ai parlé à mon psy ce matin." InitValue="" /></td>
        </tr>
        <tr>
          <td class=" middle" />
          <td class=" middle">
              Vous voulez bien réfléchir <i>à la question</i>? - Oui, je...<br /><GapFill id="g580" Width="200" CorrectValue="Oui, je veux bien y réfléchir." InitValue="" /></td>
        </tr>
        <tr>
          <td class=" middle" />
          <td class=" middle">
              Est-ce que vous vous souvenez <i>de nos cousins</i> d’Auvergne? - Oui, je... parfaitement<br /><GapFill id="g678" Width="200" CorrectValue="Oui, je me souviens parfaitement d’eux." InitValue="" /></td>
        </tr>
        <tr>
          <td class=" middle" />
          <td class=" middle">
              Ils sont arrivés <i>à finir ce travail</i>? - Oui, ils...<br /><GapFill id="g776" Width="200" CorrectValue="Oui, ils y sont arrivés." InitValue="" /></td>
        </tr>
        <tr>
          <td class=" middle" />
          <td class=" middle">
              Est-ce que vous pensez souvent <i>à votre avenir</i>? - Non, je...<br /><GapFill id="g874" Width="200" CorrectValue="Non, je n’y pense pas souvent." InitValue="" /></td>
        </tr>
        <tr>
          <td class=" middle" />
          <td class=" middle">
              Est-ce que vous avez besoin <i>de conseils</i>? - Non, je...<br /><GapFill id="g972" Width="200" CorrectValue="Non, je n’en ai pas besoin." InitValue="" /></td>
        </tr>
      </table>
    </div>
  </div>
  <div class="col-md-9">
    <div class="panel panel-info">
      <div class="panel-heading">
        <h3>«en» et «y»: préposition + objet ou idée</h3>
      </div>
      <div class="panel-body">
        <table class="table c-table">
          <tr>
            <td>
              <p>
                Tu te souviens <b>de notre week-end à Paris?</b><br />
                Oui, je m’<b>en</b> souviens.
              </p>
              <table class="table c-table">
                <tr>
                  <td>
                    <p>
                      se souvenir<br />
                      avoir besoin<br />
                      parler<br />
                      rêver<br />
                      s’occuper
                    </p>
                  </td>
                  <td />
                  <td>
                    <p>
                      <b>de</b> quelque chose -&gt; <b>en</b></p>
                  </td>
                </tr>
              </table>
              <p>
                Je me souviens du stage de yoga.<br />
                Je m’<b>en</b> souviens.
              </p>
              <p>
                Je me souviens du prof de yoga.<br />
                Je me souviens <b>de</b><b>lui</b>.
              </p>
            </td>
            <td>
              <p>
                Tu penses <b>aux vacances?</b><br />
                Oui, j’<b>y</b> pense.
              </p>
              <table class="table c-table">
                <tr>
                  <td>
                    <p>
                      penser<br />
                      réfléchir<br />
                      s’intéresser<br />
                      arriver<br /></p>
                  </td>
                  <td />
                  <td>
                    <p>
                      <b>à </b>quelque chose -&gt; <b>y</b></p>
                  </td>
                </tr>
              </table>
              <p>
                Je pense souvent au Mas de Châtaniers.<br />
                J’<b>y</b> pense souvent.
              </p>
              <p>
                Je pense souvent à Florence.<br />
                Je pense souvent <b>à elle</b>.
              </p>
            </td>
          </tr>
        </table>
      </div>
    </div>
  </div>
  <info title="J’y pense ..." instrTitle="Répondez aux questions et remplacez les éléments en italique par un pronom." instrs="FILLING_IN" />
</Page>