﻿<?xml version="1.0" encoding="utf-8"?>
<Page id="hufex2_l06_b08">
  <p>
    <a href="http://www.langmaster.cz/comcz/French2/l06/b/hufex2_l06_b08.htm">/French2/l06/b/hufex2_l06_b08.htm</a>
    <br />
    <a href="http://www.langmaster.cz/comcz/French2/l06/b/home.htm">
                            cvičení 8</a>
  </p>
  <div class="row">
    <div class="col-md-2 ">
      <img src="/schools/eaimgmp3/french2/img/coursebook/lesson06/page57/0939h0071.gif" />
    </div>
    <div class="col-md-10 ">
      <table>
        <tr>
          <td class=" middle" />
          <td class=" middle">
              J’en bois avec du lait au petit déjeuner.<br /><GapFill id="g284" Width="200" CorrectValue="du thé|du café" InitValue="du thé" /></td>
        </tr>
        <tr>
          <td class=" middle" />
          <td class=" middle">
              Quand on en dépense trop, on est à découvert.<br /><GapFill id="g389" Width="200" CorrectValue="de l’argent" InitValue="" /></td>
        </tr>
        <tr>
          <td class=" middle" />
          <td class=" middle">
              Pour gagner au loto, il faut en avoir.<br /><GapFill id="g487" Width="200" CorrectValue="de la chance" InitValue="" /></td>
        </tr>
        <tr>
          <td class=" middle" />
          <td class=" middle">
              J’en achète à ma femme pour son anniversaire.<br /><GapFill id="g585" Width="200" CorrectValue="des fleurs|des bijoux|des cadeaux|des boucles d’oreilles" InitValue="" /></td>
        </tr>
      </table>
    </div>
  </div>
  <info title="Pronom «en» + expression de la quantité" instrTitle="Que remplace «en» dans les phrases suivantes? Devinez et complétez." instrs="FILLING_IN" />
</Page>