﻿<?xml version="1.0" encoding="utf-8"?>
<Page id="hufex2_l06_b09">
  <p>
    <a href="http://www.langmaster.cz/comcz/French2/l06/b/hufex2_l06_b09.htm">/French2/l06/b/hufex2_l06_b09.htm</a>
    <br />
    <a href="http://www.langmaster.cz/comcz/French2/l06/b/home.htm">
                            cvičení 9</a>
  </p>
  <div>
    <div>
      <table class="table c-table">
        <tr>
          <td>
            <b>{{Ttrans}}</b>
            <br />
              On y va quand on veut faire du ski. <GapFill id="g199" CorrectValue="A la montagne" InitValue="A la montagne" />.
            </td>
        </tr>
      </table>
    </div>
    <table>
      <tr>
        <td class=" middle" />
        <td class=" middle">
            On y achète des livres et des journaux. <GapFill id="g251" Width="200" CorrectValue="Dans une librairie|A la maison de la presse" InitValue="" />.
          </td>
      </tr>
      <tr>
        <td class=" middle" />
        <td class=" middle">
            On y prend l’avion. <GapFill id="g302" Width="200" CorrectValue="A l’aéroport" InitValue="" />.
          </td>
      </tr>
      <tr>
        <td class=" middle" />
        <td class=" middle">
            On s’y baigne en été. <GapFill id="g351" Width="200" CorrectValue="Dans la mer" InitValue="" />.
          </td>
      </tr>
      <tr>
        <td class=" middle" />
        <td class=" middle">
            On y trouve des objets et des vêtements pas chers. <GapFill id="g400" Width="200" CorrectValue="Au marché aux Puces" InitValue="" />.
          </td>
      </tr>
      <tr>
        <td class=" middle" />
        <td class=" middle">
            On y va quand le chat est malade. <GapFill id="g449" Width="200" CorrectValue="Chez le vétérinaire" InitValue="" />.
          </td>
      </tr>
      <tr>
        <td class=" middle" />
        <td class=" middle">
            Tous les enfants y vont. <GapFill id="g498" Width="200" CorrectValue="A l’école" InitValue="" />.
          </td>
      </tr>
      <tr>
        <td class=" middle" />
        <td class=" middle">
            On y met les produits surgelés. <GapFill id="g547" Width="200" CorrectValue="Dans le congélateur" InitValue="" />.
          </td>
      </tr>
      <tr>
        <td class=" middle" />
        <td class=" middle">
            On y va parce qu’on est obligé d’y aller. <GapFill id="g596" Width="200" CorrectValue="Au travail" InitValue="" />.
          </td>
      </tr>
      <tr>
        <td class=" middle" />
        <td class=" middle">
            On y change de l’argent. <GapFill id="g645" Width="200" CorrectValue="Dans une banque" InitValue="" />.
          </td>
      </tr>
    </table>
    <div class="row">
      <div class="col-md-3 ">
        <img src="/schools/eaimgmp3/french2/img/homestudy/lesson06/page141/c647h0058.jpg" />
      </div>
      <div class="col-md-9 ">
        <div class="panel panel-info">
          <div class="panel-heading">
            <h3>{{Aboxtitle}}</h3>
          </div>
          <div class="panel-body">
            <p>
              
                {{Ttrans1}}
            </p>
            <p>
              <i>
                Elle est revenue <b>de</b> la ville.
                <br />
                Elle <b>en</b> est revenue épuisée.
              </i>
            </p>
            <p>
              
                {{Ttrans2}}
            </p>
            <p>
              <i>
                Elle est allée <b>à</b> Paris.<br />
                Elle <b>y</b> est allée seule.
              </i>
            </p>
          </div>
        </div>
      </div>
    </div>
  </div>
  <info title="Le pronom «y»" instrTitle="Que peut remplacer «y» dans ces phrases? Lisez l’exemple et continuez en complétant avec des compléments de lieu." instrs="FILLING_IN" />
</Page>