﻿<?xml version="1.0" encoding="utf-8"?>
<Module title="Chapitre B">
   <Ex id="hufex2_l06_b01"
       title="Portrait d’une fourmi"
       instr="La fourmi est économe. La cigale, par contre, dépense beaucoup. Classez les expressions suivantes dans deux groupes d’après l’animal qui caractérisent."
       tech_instr="SORTING_INTO_GROUPS_DRAG_AND_DROP">
      <p>
         <a target="_blank"
            href="http://www.langmaster.cz/comcz/French2/l06/b/hufex2_l06_b01.htm">/French2/l06/b/hufex2_l06_b01.htm</a>
         <br/>
         <a target="_blank"
            href="http://www.langmaster.cz/comcz/French2/l06/b/home.htm">
                            cvičení 1</a>
      </p>
      <table class="table table-bordered c-table">
         <tr>
            <td class="c-table-default middle">le budget</td>
            <td>
               <WordSelection id="ce222" Words="#la fourmi|la cigale"/>
            </td>
         </tr>
         <tr>
            <td class="c-table-default middle">gagner</td>
            <td>
               <WordSelection id="ce198" Words="#la fourmi|la cigale"/>
            </td>
         </tr>
         <tr>
            <td class="c-table-default middle">jeter l’argent par les fenêtres</td>
            <td>
               <WordSelection id="ce323" Words="la fourmi|#la cigale"/>
            </td>
         </tr>
         <tr>
            <td class="c-table-default middle">emprunter de l’argent</td>
            <td>
               <WordSelection id="ce339" Words="la fourmi|#la cigale"/>
            </td>
         </tr>
         <tr>
            <td class="c-table-default middle">un relevé de compte</td>
            <td>
               <WordSelection id="ce238" Words="#la fourmi|la cigale"/>
            </td>
         </tr>
         <tr>
            <td class="c-table-default middle">économe</td>
            <td>
               <WordSelection id="ce214" Words="#la fourmi|la cigale"/>
            </td>
         </tr>
         <tr>
            <td class="c-table-default middle">être à découvert</td>
            <td>
               <WordSelection id="ce331" Words="la fourmi|#la cigale"/>
            </td>
         </tr>
         <tr>
            <td class="c-table-default middle">un compte d’épargne</td>
            <td>
               <WordSelection id="ce230" Words="#la fourmi|la cigale"/>
            </td>
         </tr>
         <tr>
            <td class="c-table-default middle">comparer les prix</td>
            <td>
               <WordSelection id="ce246" Words="#la fourmi|la cigale"/>
            </td>
         </tr>
         <tr>
            <td class="c-table-default middle">placer de l’argent</td>
            <td>
               <WordSelection id="ce206" Words="#la fourmi|la cigale"/>
            </td>
         </tr>
         <tr>
            <td class="c-table-default middle">acheter des actions</td>
            <td>
               <WordSelection id="ce254" Words="#la fourmi|la cigale"/>
            </td>
         </tr>
      </table>
      <img src="/schools/eaimgmp3/french2/img/coursebook/lesson06/page51/49_oben1.jpg"/>
      <img src="/schools/eaimgmp3/french2/img/coursebook/lesson06/page51/49_o0.jpg"/>
   </Ex>
   <Ex id="hufex2_l06_b02"
       title="Dialogue"
       instr="Lisez et écoutez le dialogue, exercez la  bonne prononciation."
       tech_instr="SOUND_PLAYBACK">
      <p>
         <a target="_blank"
            href="http://www.langmaster.cz/comcz/French2/l06/b/hufex2_l06_b02.htm">/French2/l06/b/hufex2_l06_b02.htm</a>
         <br/>
         <a target="_blank"
            href="http://www.langmaster.cz/comcz/French2/l06/b/home.htm">
                            cvičení 2</a>
      </p>
      <div class="row">
         <div class="col-md-4 ">
            <img src="/schools/eaimgmp3/french2/img/vocabulary/lesson06/page64/geldzumfensterraus.gif"/>
         </div>
         <div class="col-md-8 ">
            <MediaDialog Url="/schools/eaimgmp3/french2wma/lesson06/hufex2_l06_b02.mp3" id="E65">
               <SndReplica Name="A" Sequence="0,1,2,3,4">
                  <SndSent>
            que la banque vient de nous envoyer?
             
            tu exagères!
          </SndSent>
               </SndReplica>
               <SndReplica Name="B" Sequence="5-6,7,8,9,10,11-12">
                  <SndSent>
            les cartables...  
            tu ne t’occupes jamais de ce genre d’achats et tu n’as plus la notion des prix.
          </SndSent>
               </SndReplica>
               <SndReplica Name="A" Sequence="13,14,15-16,17,18">
                  <SndSent>
            parlons-en!
             
            tout ça n’explique pas le découvert.
          </SndSent>
               </SndReplica>
               <SndReplica Name="B" Sequence="19,20,21,22,23-24">
                  <SndSent>
            j’ai bien le droit de me faire plaisir de temps en temps.
             
            quand il s’agit de la voiture, tu n’es pas aussi regardant...
          </SndSent>
               </SndReplica>
               <SndReplica Name="A" Sequence="25,26">
                  <SndSent>
            tu as craqué sur quoi?
          </SndSent>
               </SndReplica>
               <SndReplica Name="B" Sequence="27,28,29,30-31">
                  <SndSent>
            qui étaient exposés à la salle des ventes?
             
            j’y suis retournée avec Claude et je n’ai pas pu résister.
          </SndSent>
               </SndReplica>
               <SndReplica Name="A" Sequence="32"/>
               <SndReplica Name="B" Sequence="33,34">
                  <SndSent>
            de savoir ce que c’est?
          </SndSent>
               </SndReplica>
               <SndReplica Name="A" Sequence="35,36">
                  <SndSent>
            comme d’habitude.
          </SndSent>
               </SndReplica>
               <SndReplica Name="B" Sequence="37,38,39,40,41">
                  <SndSent>
            tu te trompes.
             
            je me suis offert un petit collier.
            </SndSent>
               </SndReplica>
               <SndReplica Name="A" Sequence="42"/>
            </MediaDialog>
         </div>
      </div>
      <div>
         <img src="/schools/eaimgmp3/french2/img/coursebook/lesson06/page59/57_oben_links.gif"/>
      </div>
   </Ex>
   <Ex id="hufex2_l06_b03"
       title="Lui et elle"
       instr="Voici le dialogue que vous avez déjà entendu. Maintenant, relisez-le et complétez le tableau par les expressions précisément extraites du texte. Suivez l’exemple."
       tech_instr="FILLING_IN SOUND_PLAYBACK">
      <p>
         <a target="_blank"
            href="http://www.langmaster.cz/comcz/French2/l06/b/hufex2_l06_b03.htm">/French2/l06/b/hufex2_l06_b03.htm</a>
         <br/>
         <a target="_blank"
            href="http://www.langmaster.cz/comcz/French2/l06/b/home.htm">
                            cvičení 3</a>
      </p>
      <div>
         <img src="/schools/eaimgmp3/french2/img/coursebook/lesson06/page53/1807h0021.jpg"/>
      </div>
      <div>
         <MediaDialog Url="/schools/eaimgmp3/french2wma/lesson06/hufex2_l06_b02.mp3" id="E65">
            <SndReplica Name="lui" Sequence="0,1,2,3,4"/>
            <SndReplica Name="elle" Sequence="5-6,7,8,9,10,11-12"/>
            <SndReplica Name="lui" Sequence="13,14,15-16,17,18"/>
            <SndReplica Name="elle" Sequence="19,20,21,22,23-24"/>
            <SndReplica Name="lui" Sequence="25,26"/>
            <SndReplica Name="elle" Sequence="27,28,29,30-31"/>
            <SndReplica Name="lui" Sequence="32"/>
            <SndReplica Name="elle" Sequence="33,34"/>
            <SndReplica Name="lui" Sequence="35,36"/>
            <SndReplica Name="elle" Sequence="37,38,39,40,41"/>
            <SndReplica Name="lui" Sequence="42"/>
         </MediaDialog>
      </div>
      <table class="table table-bordered c-table">
         <tr>
            <td>Reproches</td>
         </tr>
         <tr>
            <td>
        Cette petite plaisanterie t’a coûté combien?<br/>
               <GapFill id="g625"
                        CorrectValue="Franchement, tu exagères!|Tu ne t’occupes jamais de ce genre d’achats et tu n’as plus la notion des prix.|Pourquoi est-ce que tu ne prends pas le temps de comparer avant d’acheter?|Tu jettes notre argent par les fenêtres.|Quand il s’agît de la voiture, tu n’es pas aussi regardant."
                        Width="50"/>
               <GapFill id="g626"
                        CorrectValue="Franchement, tu exagères!|Tu ne t’occupes jamais de ce genre d’achats et tu n’as plus la notion des prix.|Pourquoi est-ce que tu ne prends pas le temps de comparer avant d’acheter?|Tu jettes notre argent par les fenêtres.|Quand il s’agît de la voiture, tu n’es pas aussi regardant."
                        Width="50"/>
               <GapFill id="g627"
                        CorrectValue="Franchement, tu exagères!|Tu ne t’occupes jamais de ce genre d’achats et tu n’as plus la notion des prix.|Pourquoi est-ce que tu ne prends pas le temps de comparer avant d’acheter?|Tu jettes notre argent par les fenêtres.|Quand il s’agît de la voiture, tu n’es pas aussi regardant."
                        Width="50"/>
               <GapFill id="g628"
                        CorrectValue="Franchement, tu exagères!|Tu ne t’occupes jamais de ce genre d’achats et tu n’as plus la notion des prix.|Pourquoi est-ce que tu ne prends pas le temps de comparer avant d’acheter?|Tu jettes notre argent par les fenêtres.|Quand il s’agît de la voiture, tu n’es pas aussi regardant."
                        Width="50"/>
               <GapFill id="g629"
                        CorrectValue="Franchement, tu exagères!|Tu ne t’occupes jamais de ce genre d’achats et tu n’as plus la notion des prix.|Pourquoi est-ce que tu ne prends pas le temps de comparer avant d’acheter?|Tu jettes notre argent par les fenêtres.|Quand il s’agît de la voiture, tu n’es pas aussi regardant."
                        Width="50"/>
            </td>
         </tr>
      </table>
      <br/>
      <table class="table table-bordered c-table">
         <tr>
            <td>Justifications</td>
         </tr>
         <tr>
            <td>
               <GapFill id="g452"
                        CorrectValue="Après tout, j’ai bien le droit de me faire plaisir de temps en temps.|Tu sais bien que c’était la rentrée."
                        Width="50"/>
               <GapFill id="g453"
                        CorrectValue="Après tout, j’ai bien le droit de me faire plaisir de temps en temps.|Tu sais bien que c’était la rentrée."
                        Width="50"/>
            </td>
         </tr>
      </table>
   </Ex>
   <Ex id="hufex2_l06_b04"
       title="Publi-reportage"
       instr="Lisez ce reportage et puis complétez avec les pronoms où, qui ou que."
       tech_instr="FILLING_IN_FROM_A_LIST">
      <p>
         <a target="_blank"
            href="http://www.langmaster.cz/comcz/French2/l06/b/hufex2_l06_b04.htm">/French2/l06/b/hufex2_l06_b04.htm</a>
         <br/>
         <a target="_blank"
            href="http://www.langmaster.cz/comcz/French2/l06/b/home.htm">
                            cvičení 4</a>
      </p>
      <DragSource/>
      <div class="row">
         <div class="col-md-2 ">
            <img src="/schools/eaimgmp3/french2/img/coursebook/lesson06/page54/1723h0001.gif"/>
         </div>
         <div class="col-md-10 ">
            <b>Publi-reportage</b>
            <br/>
            <br/>
        A 10 h 04, le train entre en gare. Parmi les voyageurs, une jeune femme <DragTarget id="g240" CorrectValue="qui"/> a l’air pressée. Le taxi <DragTarget id="g241" CorrectValue="qu’"/> elle prend démarre aussitôt. «Il n’y a pas une minute à perdre!» Mais où va-t-elle donc? Dix minutes plus tard, le taxi longe une rue magique: à droite, une boutique <DragTarget id="g242" CorrectValue="qui"/> propose des réductions de 30 à 50%; à gauche, un magasin <DragTarget id="g243" CorrectValue="où"/> l’on trouve tous les jeans du monde: enfin, un immense parking et, tout au fond, le paradis! «Déposez-moi ici!» «Ici?» «Oui.» La jeune femme disparaît aussitôt dans un gigantesque centre commercial et en ressort deux heures plus tard avec un sourire <DragTarget id="g244" CorrectValue="qui"/> en dit long. Le manteau <DragTarget id="g245" CorrectValue="qu’"/> elle vient d’acheter était soldé à 50%. «Alors, j’ai craqué sur une paire de chaussures <DragTarget id="g246" CorrectValue="qui"/> me plaisaient bien. Il faut être folle pour dépenser plus!» Avez-vous deviné <DragTarget id="g247" CorrectValue="où"/> elle était? Au Club des Marques de Troyes bien sûr, la ville <DragTarget id="g248" CorrectValue="où"/> la vie est moins chère.<DragTarget id="g249" CorrectValue="que"/>
         </div>
      </div>
      <div class="col-md-8">
         <div class="panel panel-info">
            <div class="panel-body">
               <p>
                  <b>Troyes</b>
                  <br/>
          - {{Ttrans}}<br/>
          - {{Ttrans1}}<br/>
          - {{Ttrans2}}<br/>
          - {{Ttrans3}}<br/>
          - {{Ttrans4}}
        </p>
            </div>
         </div>
      </div>
   </Ex>
   <Ex id="hufex2_l06_b05"
       title="Les pronoms «y» et «en»"
       instr="Apprenez les pronoms «y» et «en» en complétant cet exercice."
       tech_instr="FILLING_IN_FROM_A_LIST">
      <p>
         <a target="_blank"
            href="http://www.langmaster.cz/comcz/French2/l06/b/hufex2_l06_b05.htm">/French2/l06/b/hufex2_l06_b05.htm</a>
         <br/>
         <a target="_blank"
            href="http://www.langmaster.cz/comcz/French2/l06/b/home.htm">
                            cvičení 5</a>
      </p>
      <DragSource/>
      <div class="row">
         <div class="col-md-3 ">
            <img src="/schools/eaimgmp3/french2/img/coursebook/lesson06/page55/c647h0058.jpg"/>
         </div>
         <div class="col-md-9 ">
            <ListGroup IsStriped="true">
               <Noop>
            Elle est allée en ville acheter des fournitures scolaires. Elle <DragTarget id="g196" CorrectValue="y" Width="200"/> est restée tout l’après-midi. Elle <DragTarget id="g197" CorrectValue="en" Width="200"/> est revenue épuisée.
          </Noop>
               <Noop>
            Vous connaissez les Antilles? - Non, je n’<DragTarget id="g246" CorrectValue="y" Width="200"/> ai encore jamais mis les pieds. - Eh bien, moi, je veux <DragTarget id="g247" CorrectValue="y" Width="200"/> repartir le plus vite possible. La mer est magnifique. Je m’<DragTarget id="g248" CorrectValue="y" Width="200"/> suis baigné tous les jours.
          </Noop>
               <Noop>
            Mamadou est rentré du Sénégal? - Oui, il <DragTarget id="g297" CorrectValue="en" Width="200"/> est rentré hier soir. Il <DragTarget id="g298" CorrectValue="y" Width="200"/> est né, mais comme sa famille est restée là-bas, il <DragTarget id="g299" CorrectValue="y" Width="200"/> retourne le plus souvent possible.
          </Noop>
               <Noop>
            Tu es passé à la boulangerie? Non? Alors vas-<DragTarget id="g348" CorrectValue="y" Width="200"/> tout de suite! Et n’oublie pas de prendre l’argent sur la table de la cuisine. Il n’<DragTarget id="g349" CorrectValue="y" Width="200"/> est pas? Bizarre!
          </Noop>
            </ListGroup>
         </div>
      </div>
      <div class="col-md-6">
         <div class="panel panel-info">
            <div class="panel-heading">
               <h3>«en» et «y»: préposition + complément de lieu</h3>
            </div>
            <div class="panel-body">
               <p>
          Je viens <b>de la salle des ventes</b>. J’<b>en</b> ai rapporté un collier.
        </p>
               <p>
          de + nom de lieu -&gt; <b>en</b>
               </p>
               <p>
          J’ai vu un tableau <b>à la salle des ventes</b>. J’<b>y </b>suis retourné pour l’acheter.
        </p>
               <p>
          à, dans, en, sur, sous... + nom de lieu -&gt; <b>y</b>
               </p>
            </div>
         </div>
      </div>
   </Ex>
   <Ex id="hufex2_l06_b06"
       title="J’y pense ..."
       instr="Répondez aux questions et remplacez les éléments en italique par un pronom."
       tech_instr="FILLING_IN">
      <p>
         <a target="_blank"
            href="http://www.langmaster.cz/comcz/French2/l06/b/hufex2_l06_b06.htm">/French2/l06/b/hufex2_l06_b06.htm</a>
         <br/>
         <a target="_blank"
            href="http://www.langmaster.cz/comcz/French2/l06/b/home.htm">
                            cvičení 6</a>
      </p>
      <div class="row">
         <div class="col-md-3 ">
            <img src="/schools/eaimgmp3/french2/img/coursebook/lesson06/page56/c630h0028.jpg"/>
         </div>
         <div class="col-md-9 ">
            <div>
               <table class="table c-table">
                  <tr>
                     <td>
                        <b>{{Ttrans}}</b>
                        <br/>
                Les enfants avaient vraiment besoin <i>de nouveaux cartables</i>? - Oui, ils...<br/>
                        <GapFill id="g284"
                                 CorrectValue="Oui, ils en avaient vraiment besoin."
                                 InitValue="Oui, ils en avaient vraiment besoin."
                                 Example="true"/>
                     </td>
                  </tr>
               </table>
            </div>
            <table class="table c-table">
               <tr>
                  <td class=" middle"/>
                  <td class=" middle">
              Vous rêvez <i>d’une randonnée dans le désert</i>? - Oui, j’... depuis toujours.<br/>
                     <GapFill id="g384"
                              CorrectValue="Oui, j’en rêve depuis toujours."
                              Width="200"/>
                  </td>
               </tr>
               <tr>
                  <td class=" middle"/>
                  <td class=" middle">
              Est-ce que vous avez déjà parlé <i>de vos problèmes</i> avec quelqu’un? - Oui, j’... à mon psy ce matin.<br/>
                     <GapFill id="g482"
                              CorrectValue="Oui, j’en ai parlé à mon psy ce matin."
                              Width="200"/>
                  </td>
               </tr>
               <tr>
                  <td class=" middle"/>
                  <td class=" middle">
              Vous voulez bien réfléchir <i>à la question</i>? - Oui, je...<br/>
                     <GapFill id="g580" CorrectValue="Oui, je veux bien y réfléchir." Width="200"/>
                  </td>
               </tr>
               <tr>
                  <td class=" middle"/>
                  <td class=" middle">
              Est-ce que vous vous souvenez <i>de nos cousins</i> d’Auvergne? - Oui, je... parfaitement<br/>
                     <GapFill id="g678"
                              CorrectValue="Oui, je me souviens parfaitement d’eux."
                              Width="200"/>
                  </td>
               </tr>
               <tr>
                  <td class=" middle"/>
                  <td class=" middle">
              Ils sont arrivés <i>à finir ce travail</i>? - Oui, ils...<br/>
                     <GapFill id="g776" CorrectValue="Oui, ils y sont arrivés." Width="200"/>
                  </td>
               </tr>
               <tr>
                  <td class=" middle"/>
                  <td class=" middle">
              Est-ce que vous pensez souvent <i>à votre avenir</i>? - Non, je...<br/>
                     <GapFill id="g874" CorrectValue="Non, je n’y pense pas souvent." Width="200"/>
                  </td>
               </tr>
               <tr>
                  <td class=" middle"/>
                  <td class=" middle">
              Est-ce que vous avez besoin <i>de conseils</i>? - Non, je...<br/>
                     <GapFill id="g972" CorrectValue="Non, je n’en ai pas besoin." Width="200"/>
                  </td>
               </tr>
            </table>
         </div>
      </div>
      <div class="col-md-10">
         <div class="panel panel-info">
            <div class="panel-heading">
               <h3>«en» et «y»: préposition + objet ou idée</h3>
            </div>
            <div class="panel-body">
               <table class="table c-table">
                  <tr>
                     <td>
                        <p>
                Tu te souviens <b>de notre week-end à Paris?</b>
                           <br/>
                Oui, je m’<b>en</b> souviens.
              </p>
                        <table class="table c-table">
                           <tr>
                              <td>
                                 <p>
                      se souvenir<br/>
                      avoir besoin<br/>
                      parler<br/>
                      rêver<br/>
                      s’occuper
                    </p>
                              </td>
                              <td/>
                              <td>
                                 <p>
                                    <b>de</b> quelque chose -&gt; <b>en</b>
                                 </p>
                              </td>
                           </tr>
                        </table>
                        <p>
                Je me souviens du stage de yoga.<br/>
                Je m’<b>en</b> souviens.
              </p>
                        <p>
                Je me souviens du prof de yoga.<br/>
                Je me souviens <b>de</b>
                           <b>lui</b>.
              </p>
                     </td>
                     <td>
                        <p>
                Tu penses <b>aux vacances?</b>
                           <br/>
                Oui, j’<b>y</b> pense.
              </p>
                        <table class="table c-table">
                           <tr>
                              <td>
                                 <p>
                      penser<br/>
                      réfléchir<br/>
                      s’intéresser<br/>
                      arriver<br/>
                                 </p>
                              </td>
                              <td/>
                              <td>
                                 <p>
                                    <b>à </b>quelque chose -&gt; <b>y</b>
                                 </p>
                              </td>
                           </tr>
                        </table>
                        <p>
                Je pense souvent au Mas de Châtaniers.<br/>
                J’<b>y</b> pense souvent.
              </p>
                        <p>
                Je pense souvent à Florence.<br/>
                Je pense souvent <b>à elle</b>.
              </p>
                     </td>
                  </tr>
               </table>
            </div>
         </div>
      </div>
   </Ex>
   <Ex id="hufex2_l06_b07"
       title="Quel appétit!"
       instr="On parle des repas. Complétez le dialogue en utilisant «en»."
       tech_instr="FILLING_IN">
      <p>
         <a target="_blank"
            href="http://www.langmaster.cz/comcz/French2/l06/b/hufex2_l06_b07.htm">/French2/l06/b/hufex2_l06_b07.htm</a>
         <br/>
         <a target="_blank"
            href="http://www.langmaster.cz/comcz/French2/l06/b/home.htm">
                            cvičení 7</a>
      </p>
      <div class="row">
         <div class="col-md-2 ">
            <img src="/schools/eaimgmp3/french2/img/coursebook/lesson06/page57/1301h0040.jpg"/>
         </div>
         <div class="col-md-10 ">
            <div>
               <table class="table c-table">
                  <tr>
                     <td>
                        <b>{{Ttrans}}</b>
                        <br/>
                Au petit déjeuner, vous mangez des croissants? (deux)<br/>
                        <GapFill id="g284"
                                 CorrectValue="Oui, j’en mange deux."
                                 InitValue="Oui, j’en mange deux."
                                 Example="true"/>
                     </td>
                  </tr>
               </table>
            </div>
            <table class="table c-table">
               <tr>
                  <td class=" middle"/>
                  <td class=" middle">
              Et un œuf? (dimanche matin)<br/>
                     <GapFill id="g384" CorrectValue="Oui, j’en mange un le dimanche matin."/>
                  </td>
               </tr>
               <tr>
                  <td class=" middle"/>
                  <td class=" middle">
              Vous voulez un toast avec votre oeuf? (un)<br/>
                     <GapFill id="g482" CorrectValue="Oui, j’en veux un."/>
                  </td>
               </tr>
               <tr>
                  <td class=" middle"/>
                  <td class=" middle">
              Vous prenez aussi un jus d’orange? (un peu)<br/>
                     <GapFill id="g580" CorrectValue="Oui, j’en prends un peu."/>
                  </td>
               </tr>
            </table>
         </div>
      </div>
      <div class="col-md-5">
         <div class="panel panel-info">
            <div class="panel-heading">
               <h3>{{Aboxtitle}}</h3>
            </div>
            <div class="panel-body">
               <p>
          {{Ttrans1}}:
        </p>
               <p>
            Au petit déjeuner, vous mangez <b>des</b> croissants? =

          {{Ttrans2}}
          <br/>
            - Oui, j’ <b>en</b> mange.
          = {{Ttrans3}}
        </p>
               <p>
          {{Ttrans4}}
        </p>
               <p>
            Vous avez <b>des</b> enfants? =
          {{Ttrans5}}
          <br/>
            - Oui, j’en ai <b>deux</b>. =
          {{Ttrans6}}
        </p>
            </div>
         </div>
      </div>
   </Ex>
   <Ex id="hufex2_l06_b08"
       title="Pronom «en» + expression de la quantité"
       instr="Que remplace «en» dans les phrases suivantes? Devinez et complétez."
       tech_instr="FILLING_IN">
      <p>
         <a target="_blank"
            href="http://www.langmaster.cz/comcz/French2/l06/b/hufex2_l06_b08.htm">/French2/l06/b/hufex2_l06_b08.htm</a>
         <br/>
         <a target="_blank"
            href="http://www.langmaster.cz/comcz/French2/l06/b/home.htm">
                            cvičení 8</a>
      </p>
      <div class="row">
         <div class="col-md-2 ">
            <img src="/schools/eaimgmp3/french2/img/coursebook/lesson06/page57/0939h0071.gif"/>
         </div>
         <div class="col-md-10 ">
            <table class="table c-table">
               <tr>
                  <td class=" middle"/>
                  <td class=" middle">
              J’en bois avec du lait au petit déjeuner.<br/>
                     <GapFill id="g284"
                              CorrectValue="du thé|du café"
                              InitValue="du thé"
                              Width="200"/>
                  </td>
               </tr>
               <tr>
                  <td class=" middle"/>
                  <td class=" middle">
              Quand on en dépense trop, on est à découvert.<br/>
                     <GapFill id="g389" CorrectValue="de l’argent" Width="200"/>
                  </td>
               </tr>
               <tr>
                  <td class=" middle"/>
                  <td class=" middle">
              Pour gagner au loto, il faut en avoir.<br/>
                     <GapFill id="g487" CorrectValue="de la chance" Width="200"/>
                  </td>
               </tr>
               <tr>
                  <td class=" middle"/>
                  <td class=" middle">
              J’en achète à ma femme pour son anniversaire.<br/>
                     <GapFill id="g585"
                              CorrectValue="des fleurs|des bijoux|des cadeaux|des boucles d’oreilles"
                              Width="200"/>
                  </td>
               </tr>
            </table>
         </div>
      </div>
   </Ex>
   <Ex id="hufex2_l06_b09"
       title="Le pronom «y»"
       instr="Que peut remplacer «y» dans ces phrases? Lisez l’exemple et continuez en complétant avec des compléments de lieu."
       tech_instr="FILLING_IN">
      <p>
         <a target="_blank"
            href="http://www.langmaster.cz/comcz/French2/l06/b/hufex2_l06_b09.htm">/French2/l06/b/hufex2_l06_b09.htm</a>
         <br/>
         <a target="_blank"
            href="http://www.langmaster.cz/comcz/French2/l06/b/home.htm">
                            cvičení 9</a>
      </p>
      <div>
         <div>
            <table class="table c-table">
               <tr>
                  <td>
                     <b>{{Ttrans}}</b>
                     <br/>
              On y va quand on veut faire du ski. <GapFill id="g199"
                              CorrectValue="A la montagne"
                              InitValue="A la montagne"
                              Example="true"/>.
            </td>
               </tr>
            </table>
         </div>
         <table class="table c-table">
            <tr>
               <td class=" middle"/>
               <td class=" middle">
            On y achète des livres et des journaux. <GapFill id="g251"
                           CorrectValue="Dans une librairie|A la maison de la presse"
                           Width="200"/>.
          </td>
            </tr>
            <tr>
               <td class=" middle"/>
               <td class=" middle">
            On y prend l’avion. <GapFill id="g302" CorrectValue="A l’aéroport" Width="200"/>.
          </td>
            </tr>
            <tr>
               <td class=" middle"/>
               <td class=" middle">
            On s’y baigne en été. <GapFill id="g351" CorrectValue="Dans la mer" Width="200"/>.
          </td>
            </tr>
            <tr>
               <td class=" middle"/>
               <td class=" middle">
            On y trouve des objets et des vêtements pas chers. <GapFill id="g400" CorrectValue="Au marché aux Puces" Width="200"/>.
          </td>
            </tr>
            <tr>
               <td class=" middle"/>
               <td class=" middle">
            On y va quand le chat est malade. <GapFill id="g449" CorrectValue="Chez le vétérinaire" Width="200"/>.
          </td>
            </tr>
            <tr>
               <td class=" middle"/>
               <td class=" middle">
            Tous les enfants y vont. <GapFill id="g498" CorrectValue="A l’école" Width="200"/>.
          </td>
            </tr>
            <tr>
               <td class=" middle"/>
               <td class=" middle">
            On y met les produits surgelés. <GapFill id="g547" CorrectValue="Dans le congélateur" Width="200"/>.
          </td>
            </tr>
            <tr>
               <td class=" middle"/>
               <td class=" middle">
            On y va parce qu’on est obligé d’y aller. <GapFill id="g596" CorrectValue="Au travail" Width="200"/>.
          </td>
            </tr>
            <tr>
               <td class=" middle"/>
               <td class=" middle">
            On y change de l’argent. <GapFill id="g645" CorrectValue="Dans une banque" Width="200"/>.
          </td>
            </tr>
         </table>
         <div class="row">
            <div class="col-md-3 ">
               <img src="/schools/eaimgmp3/french2/img/homestudy/lesson06/page141/c647h0058.jpg"/>
            </div>
            <div class="col-md-9 ">
               <div class="panel panel-info">
                  <div class="panel-heading">
                     <h3>{{Aboxtitle}}</h3>
                  </div>
                  <div class="panel-body">
                     <p>
              
                {{Ttrans1}}
            </p>
                     <p>
                        <i>
                Elle est revenue <b>de</b> la ville.
                <br/>
                Elle <b>en</b> est revenue épuisée.
              </i>
                     </p>
                     <p>
              
                {{Ttrans2}}
            </p>
                     <p>
                        <i>
                Elle est allée <b>à</b> Paris.<br/>
                Elle <b>y</b> est allée seule.
              </i>
                     </p>
                  </div>
               </div>
            </div>
         </div>
      </div>
   </Ex>
</Module>
