﻿<?xml version="1.0" encoding="utf-8"?>
<Page id="hufex2_l05_c05">
  <p>
    <a href="http://www.langmaster.cz/comcz/French2/l05/c/hufex2_l05_c05.htm">/French2/l05/c/hufex2_l05_c05.htm</a>
    <br />
    <a href="http://www.langmaster.cz/comcz/French2/l05/c/home.htm">
                            cvičení 5</a>
  </p>
  <div class="row">
    <div class="col-md-2 ">
      <img src="/schools/eaimgmp3/french2/img/coursebook/lesson05/page46/1757h0007.jpg" />
    </div>
    <div class="col-md-10 ">
            Comment écrit-on le son [k]?<br /><GapFill id="g197" Width="200" CorrectValue="c|qu" InitValue="" /><br /><GapFill id="g250" Width="200" CorrectValue="qu|c" InitValue="" /></div>
  </div>
  <info title="La question" instrTitle="Comment écrit-on le son [k]?" instrs="FILLING_IN" />
</Page>