﻿<?xml version="1.0" encoding="utf-8"?>
<Page id="hufex2_l05_c07">
  <p>
    <a href="http://www.langmaster.cz/comcz/French2/l05/c/hufex2_l05_c07.htm">/French2/l05/c/hufex2_l05_c07.htm</a>
    <br />
    <a href="http://www.langmaster.cz/comcz/French2/l05/c/home.htm">
                            cvičení 7</a>
  </p>
  <table class="table table-bordered c-table">
    <tr>
      <td class="c-table-default middle">profession</td>
      <td>
        <WordSelection id="ce339" CorrectValue="0" Words="le|#la" />
      </td>
    </tr>
    <tr>
      <td class="c-table-default middle">chaise</td>
      <td>
        <WordSelection id="ce331" CorrectValue="0" Words="le|#la" />
      </td>
    </tr>
    <tr>
      <td class="c-table-default middle">roman</td>
      <td>
        <WordSelection id="ce230" CorrectValue="0" Words="#le|la" />
      </td>
    </tr>
    <tr>
      <td class="c-table-default middle">table</td>
      <td>
        <WordSelection id="ce323" CorrectValue="0" Words="le|#la" />
      </td>
    </tr>
    <tr>
      <td class="c-table-default middle">groupe</td>
      <td>
        <WordSelection id="ce214" CorrectValue="0" Words="#le|la" />
      </td>
    </tr>
    <tr>
      <td class="c-table-default middle">violence</td>
      <td>
        <WordSelection id="ce347" CorrectValue="0" Words="le|#la" />
      </td>
    </tr>
    <tr>
      <td class="c-table-default middle">chocolat</td>
      <td>
        <WordSelection id="ce198" CorrectValue="0" Words="#le|la" />
      </td>
    </tr>
    <tr>
      <td class="c-table-default middle">tasse</td>
      <td>
        <WordSelection id="ce355" CorrectValue="0" Words="le|#la" />
      </td>
    </tr>
    <tr>
      <td class="c-table-default middle">beurre</td>
      <td>
        <WordSelection id="ce206" CorrectValue="0" Words="#le|la" />
      </td>
    </tr>
    <tr>
      <td class="c-table-default middle">Volvo</td>
      <td>
        <WordSelection id="ce315" CorrectValue="0" Words="le|#la" />
      </td>
    </tr>
    <tr>
      <td class="c-table-default middle">marché</td>
      <td>
        <WordSelection id="ce238" CorrectValue="0" Words="#le|la" />
      </td>
    </tr>
    <tr>
      <td class="c-table-default middle">souvenir</td>
      <td>
        <WordSelection id="ce222" CorrectValue="0" Words="#le|la" />
      </td>
    </tr>
    <tr>
      <td class="c-table-default middle">nom</td>
      <td>
        <WordSelection id="ce246" CorrectValue="0" Words="#le|la" />
      </td>
    </tr>
    <tr>
      <td class="c-table-default middle">saison</td>
      <td>
        <WordSelection id="ce363" CorrectValue="0" Words="le|#la" />
      </td>
    </tr>
  </table>
  <img src="/schools/eaimgmp3/french2/img/vocabulary/lesson05/page57/0710h0002.gif" />
  <info title="Le ou la?" instrTitle="Complétez les mots dans le tableau d’après l’article." instrs="SORTING_INTO_GROUPS_DRAG_AND_DROP" />
</Page>