﻿<?xml version="1.0" encoding="utf-8"?>
<Module title="Chapitre C">
   <Ex id="hufex2_l05_c01"
       title="Les sons [k] et [g]"
       instr="Cochez la phrase que vous entendez."
       tech_instr="SINGLE_CHOICE SOUND_PLAYBACK">
      <p>
         <a target="_blank"
            href="http://www.langmaster.cz/comcz/French2/l05/c/hufex2_l05_c01.htm">/French2/l05/c/hufex2_l05_c01.htm</a>
         <br/>
         <a target="_blank"
            href="http://www.langmaster.cz/comcz/French2/l05/c/home.htm">
                            cvičení 1</a>
      </p>
      <div>
         <img src="/schools/eaimgmp3/french2/img/coursebook/lesson05/page46/05_044_01.gif"/>
      </div>
      <div class="row">
         <div class="col-md-1 ">
            <MediaBigMark Url="/schools/eaimgmp3/french2wma/lesson05/hufex2_l05_c01.mp3"
                          Sequence=""/>
         </div>
         <div class="col-md-11 ">
            <table class="table c-table">
               <tr>
                  <td class=" middle">
                     <div class="panel panel-default c-panel" Width="400-800">
                        <div class="panel-heading">a.</div>
                        <div class="panel-body">
                           <SingleChoice id="t119">
                              <Data>
                                 <string>Quelle glace!</string>
                                 <string>#Quelle classe!</string>
                              </Data>
                           </SingleChoice>
                        </div>
                     </div>
                  </td>
                  <td class=" middle">
                     <div class="panel panel-default c-panel" Width="400-800">
                        <div class="panel-heading">b.</div>
                        <div class="panel-body">
                           <SingleChoice id="t266">
                              <Data>
                                 <string>#Il a un drôle de goût!</string>
                                 <string>Il a un drôle de cou!</string>
                              </Data>
                           </SingleChoice>
                        </div>
                     </div>
                  </td>
               </tr>
               <tr>
                  <td class=" middle">
                     <div class="panel panel-default c-panel" Width="400-800">
                        <div class="panel-heading">c.</div>
                        <div class="panel-body">
                           <SingleChoice id="t413">
                              <Data>
                                 <string>#Vous partez quand pour Caen?</string>
                                 <string>Vous partez quand pour Gand?</string>
                              </Data>
                           </SingleChoice>
                        </div>
                     </div>
                  </td>
                  <td class=" middle">
                     <div class="panel panel-default c-panel" Width="400-800">
                        <div class="panel-heading">d.</div>
                        <div class="panel-body">
                           <SingleChoice id="t560">
                              <Data>
                                 <string>#C’est un gars compliqué.</string>
                                 <string>C’est un cas compliqué.</string>
                              </Data>
                           </SingleChoice>
                        </div>
                     </div>
                  </td>
               </tr>
               <tr>
                  <td class=" middle">
                     <div class="panel panel-default c-panel" Width="400-800">
                        <div class="panel-heading">e.</div>
                        <div class="panel-body">
                           <SingleChoice id="t707">
                              <Data>
                                 <string>Le car n’est pas loin.</string>
                                 <string>#Le Gard n’est pas loin.</string>
                              </Data>
                           </SingleChoice>
                        </div>
                     </div>
                  </td>
                  <td class=" middle">
                     <div class="panel panel-default c-panel" Width="400-800">
                        <div class="panel-heading">f.</div>
                        <div class="panel-body">
                           <SingleChoice id="t854">
                              <Data>
                                 <string>On achète des gâteaux?</string>
                                 <string>#On achète des cadeaux?</string>
                              </Data>
                           </SingleChoice>
                        </div>
                     </div>
                  </td>
               </tr>
               <tr>
                  <td class=" middle">
                     <div class="panel panel-default c-panel" Width="400-800">
                        <div class="panel-heading">g.</div>
                        <div class="panel-body">
                           <SingleChoice id="t1001">
                              <Data>
                                 <string>Il est gris.</string>
                                 <string>#Il écrit.</string>
                              </Data>
                           </SingleChoice>
                        </div>
                     </div>
                  </td>
                  <td class=" middle">
                     <div class="panel panel-default c-panel" Width="400-800">
                        <div class="panel-heading">h.</div>
                        <div class="panel-body">
                           <SingleChoice id="t1148">
                              <Data>
                                 <string>Elle cache son argent.</string>
                                 <string>#Elle gâche son argent.</string>
                              </Data>
                           </SingleChoice>
                        </div>
                     </div>
                  </td>
               </tr>
            </table>
         </div>
      </div>
   </Ex>
   <Ex id="hufex2_l05_c02"
       title="Les sons différents"
       instr="Ecoutez les phrases et cochez quand vous entendez ...."
       tech_instr="SINGLE_CHOICE SOUND_PLAYBACK">
      <p>
         <a target="_blank"
            href="http://www.langmaster.cz/comcz/French2/l05/c/hufex2_l05_c02.htm">/French2/l05/c/hufex2_l05_c02.htm</a>
         <br/>
         <a target="_blank"
            href="http://www.langmaster.cz/comcz/French2/l05/c/home.htm">
                            cvičení 2</a>
      </p>
      <div class="row">
         <div class="col-md-3 ">
            <MediaBigMark Url="/schools/eaimgmp3/french2wma/lesson05/hufex2_l05_c02.mp3"
                          Sequence=""/>
            <br/>
            <br/>
            <br/>
            <img src="/schools/eaimgmp3/french2/img/coursebook/lesson05/page46/0199h0153.jpg"/>
         </div>
         <div class="col-md-9 ">
            <table class="table table-bordered c-table">
               <tr>
                  <td class="c-table middle">
                     <b>a.</b>
                  </td>
                  <td>
                     <WordSelection id="o507" Words="[k] / [k]|[k] / [g]|[g] / [k]|#[g] / [g]"/>
                  </td>
               </tr>
               <tr>
                  <td class="c-table middle">
                     <b>b.</b>
                  </td>
                  <td>
                     <WordSelection id="o756" Words="[k] / [k]|#[k] / [g]|[g] / [k]|[g] / [g]"/>
                  </td>
               </tr>
               <tr>
                  <td class="c-table middle">
                     <b>c.</b>
                  </td>
                  <td>
                     <WordSelection id="o1005" Words="#[k] / [k]|[k] / [g]|[g] / [k]|[g] / [g]"/>
                  </td>
               </tr>
               <tr>
                  <td class="c-table middle">
                     <b>d.</b>
                  </td>
                  <td>
                     <WordSelection id="o1254" Words="[k] / [k]|[k] / [g]|#[g] / [k]|[g] / [g]"/>
                  </td>
               </tr>
               <tr>
                  <td class="c-table middle">
                     <b>e.</b>
                  </td>
                  <td>
                     <WordSelection id="o1503" Words="#[k] / [k]|[k] / [g]|[g] / [k]|[g] / [g]"/>
                  </td>
               </tr>
               <tr>
                  <td class="c-table middle">
                     <b>f.</b>
                  </td>
                  <td>
                     <WordSelection id="o1752" Words="[k] / [k]|[k] / [g]|[g] / [k]|#[g] / [g]"/>
                  </td>
               </tr>
               <tr>
                  <td class="c-table middle">
                     <b>g.</b>
                  </td>
                  <td>
                     <WordSelection id="o2001" Words="[k] / [k]|#[k] / [g]|[g] / [k]|[g] / [g]"/>
                  </td>
               </tr>
               <tr>
                  <td class="c-table middle">
                     <b>h.</b>
                  </td>
                  <td>
                     <WordSelection id="o2250" Words="[k] / [k]|[k] / [g]|#[g] / [k]|[g] / [g]"/>
                  </td>
               </tr>
            </table>
         </div>
      </div>
   </Ex>
   <Ex id="hufex2_l05_c03"
       title="Le son [g]"
       instr="Lisez les phrases suivantes pour vous. Faites attention au son [g]."
       tech_instr="">
      <p>
         <a target="_blank"
            href="http://www.langmaster.cz/comcz/French2/l05/c/hufex2_l05_c03.htm">/French2/l05/c/hufex2_l05_c03.htm</a>
         <br/>
         <a target="_blank"
            href="http://www.langmaster.cz/comcz/French2/l05/c/home.htm">
                            cvičení 3</a>
      </p>
      <div>
         <img src="/schools/eaimgmp3/french2/img/coursebook/lesson05/page46/0265h0001.jpg"/>
      </div>
      <div>
      Gaspard quitte Agathe sur le quai de la gare de Gap.<br/>
      Un gros cargo congolais zigzague dans le golfe du Bengale.<br/>
      Auguste déguste un kilo d’escargots gris dans une gargote en Gascogne.<br/>
      Aglaë glissait sur la glace quand elle a croisé le gros Grégoire qui skiait.<br/>
      </div>
   </Ex>
   <Ex id="hufex2_l05_c04"
       title="Divertissement"
       instr="Lisez le poème qui peut vous aider avec les sons [g] et [k]."
       tech_instr="SOUND_PLAYBACK">
      <p>
         <a target="_blank"
            href="http://www.langmaster.cz/comcz/French2/l05/c/hufex2_l05_c04.htm">/French2/l05/c/hufex2_l05_c04.htm</a>
         <br/>
         <a target="_blank"
            href="http://www.langmaster.cz/comcz/French2/l05/c/home.htm">
                            cvičení 4</a>
      </p>
      <div class="row">
         <div class="col-md-4 ">
            <img src="/schools/eaimgmp3/french2/img/coursebook/lesson05/page46/05_044_03.gif"/>
         </div>
         <div class="col-md-8 ">
            <MediaText id="snd0"
                       Url="/schools/eaimgmp3/french2wma/lesson05/hufex2_l05_c04.mp3"
                       Sequence="0"/>
            <br/>
            <MediaText id="snd1" Sequence="1" ContinueOf="snd0"/>
            <br/>
            <MediaText id="snd2" Sequence="2" ContinueOf="snd1"/>
            <br/>
            <MediaText id="snd3" Sequence="3" ContinueOf="snd2"/>
            <br/>
            <MediaText id="snd4" Sequence="4" ContinueOf="snd3"/>
            <br/>
            <MediaText id="snd5" Sequence="5" ContinueOf="snd4"/>
            <br/>
            <MediaText id="snd6" Sequence="6" ContinueOf="snd5"/>
            <br/>
            <MediaText id="snd7" Sequence="7" ContinueOf="snd6"/>
            <br/>
            <MediaText id="snd8" Sequence="8" ContinueOf="snd7"/>
            <br/>
            <MediaText id="snd9" Sequence="9" ContinueOf="snd8"/>
            <br/>
            <MediaText id="snd10" Sequence="10" ContinueOf="snd9"/>
            <br/>
         </div>
      </div>
   </Ex>
   <Ex id="hufex2_l05_c05"
       title="La question"
       instr="Comment écrit-on le son [k]?"
       tech_instr="FILLING_IN">
      <p>
         <a target="_blank"
            href="http://www.langmaster.cz/comcz/French2/l05/c/hufex2_l05_c05.htm">/French2/l05/c/hufex2_l05_c05.htm</a>
         <br/>
         <a target="_blank"
            href="http://www.langmaster.cz/comcz/French2/l05/c/home.htm">
                            cvičení 5</a>
      </p>
      <div class="row">
         <div class="col-md-2 ">
            <img src="/schools/eaimgmp3/french2/img/coursebook/lesson05/page46/1757h0007.jpg"/>
         </div>
         <div class="col-md-10 ">
            Comment écrit-on le son [k]?<br/>
            <GapFill id="g197" CorrectValue="c|qu" Width="200"/>
            <br/>
            <GapFill id="g250" CorrectValue="qu|c" Width="200"/>
         </div>
      </div>
   </Ex>
   <Ex id="hufex2_l05_c06"
       title="Mots croisés des professions"
       instr="Complétez les mots croisés. Toutes les professions contiennent le son [k] ou [g]!"
       tech_instr="FILLING_IN">
      <p>
         <a target="_blank"
            href="http://www.langmaster.cz/comcz/French2/l05/c/hufex2_l05_c06.htm">/French2/l05/c/hufex2_l05_c06.htm</a>
         <br/>
         <a target="_blank"
            href="http://www.langmaster.cz/comcz/French2/l05/c/home.htm">
                            cvičení 6</a>
      </p>
      <div class="row">
         <div class="col-md-3 ">
            <img src="/schools/eaimgmp3/french2/img/homestudy/lesson05/page138/1369h0025.jpg"/>
         </div>
         <div class="col-md-9 ">
            <b>a.</b> Il répare des machines, des voitures.<br/>
            <b>
          b.
        </b> Il fait rire les petits et les grands.<br/>
            <b>c.</b> Sans lui, les touristes sont perdus.<br/>
            <b>
          d.
        </b> De police, il fait respecter les règlements.<br/>
            <b>e. </b>Il vend des objets anciens.<br/>
            <b> g.</b> On ne le trouve qu’à Venise.<br/>
            <b>
          h.
        </b> Il joue dans un orchestre.<br/>
            <b>
          i.
        </b> Il sert au bistro.<br/>
            <b> j.</b> Il écrit des romans.<br/>
            <b>  k.</b> Il a des responsabilités dans l’entreprise.<br/>
            <b>
          l.
        </b> Il coupe les cheveux.<br/>
            <b> m.</b> Il tient un garage.<br/>
         </div>
      </div>
      <div>
        TODO osmisměrka/křížovka, co s ní? ysearch
    </div>
      <table class="table table-bordered c-table">
         <tr>
            <td>
        Les cases grises (dans l’ordre) vous donnent le titre d’un roman d’Alexandre Dumas: «Les 3 <GapFill id="g708" CorrectValue="Mousquetaires" Width="40"/>».
      </td>
         </tr>
      </table>
   </Ex>
   <Ex id="hufex2_l05_c07"
       title="Le ou la?"
       instr="Complétez les mots dans le tableau d’après l’article."
       tech_instr="SORTING_INTO_GROUPS_DRAG_AND_DROP">
      <p>
         <a target="_blank"
            href="http://www.langmaster.cz/comcz/French2/l05/c/hufex2_l05_c07.htm">/French2/l05/c/hufex2_l05_c07.htm</a>
         <br/>
         <a target="_blank"
            href="http://www.langmaster.cz/comcz/French2/l05/c/home.htm">
                            cvičení 7</a>
      </p>
      <table class="table table-bordered c-table">
         <tr>
            <td class="c-table-default middle">chaise</td>
            <td>
               <WordSelection id="ce331" Words="le|#la"/>
            </td>
         </tr>
         <tr>
            <td class="c-table-default middle">saison</td>
            <td>
               <WordSelection id="ce363" Words="le|#la"/>
            </td>
         </tr>
         <tr>
            <td class="c-table-default middle">beurre</td>
            <td>
               <WordSelection id="ce206" Words="#le|la"/>
            </td>
         </tr>
         <tr>
            <td class="c-table-default middle">souvenir</td>
            <td>
               <WordSelection id="ce222" Words="#le|la"/>
            </td>
         </tr>
         <tr>
            <td class="c-table-default middle">chocolat</td>
            <td>
               <WordSelection id="ce198" Words="#le|la"/>
            </td>
         </tr>
         <tr>
            <td class="c-table-default middle">tasse</td>
            <td>
               <WordSelection id="ce355" Words="le|#la"/>
            </td>
         </tr>
         <tr>
            <td class="c-table-default middle">nom</td>
            <td>
               <WordSelection id="ce246" Words="#le|la"/>
            </td>
         </tr>
         <tr>
            <td class="c-table-default middle">violence</td>
            <td>
               <WordSelection id="ce347" Words="le|#la"/>
            </td>
         </tr>
         <tr>
            <td class="c-table-default middle">Volvo</td>
            <td>
               <WordSelection id="ce315" Words="le|#la"/>
            </td>
         </tr>
         <tr>
            <td class="c-table-default middle">marché</td>
            <td>
               <WordSelection id="ce238" Words="#le|la"/>
            </td>
         </tr>
         <tr>
            <td class="c-table-default middle">table</td>
            <td>
               <WordSelection id="ce323" Words="le|#la"/>
            </td>
         </tr>
         <tr>
            <td class="c-table-default middle">roman</td>
            <td>
               <WordSelection id="ce230" Words="#le|la"/>
            </td>
         </tr>
         <tr>
            <td class="c-table-default middle">profession</td>
            <td>
               <WordSelection id="ce339" Words="le|#la"/>
            </td>
         </tr>
         <tr>
            <td class="c-table-default middle">groupe</td>
            <td>
               <WordSelection id="ce214" Words="#le|la"/>
            </td>
         </tr>
      </table>
      <img src="/schools/eaimgmp3/french2/img/vocabulary/lesson05/page57/0710h0002.gif"/>
   </Ex>
</Module>
