﻿<?xml version="1.0" encoding="utf-8"?>
<Page id="hufex1_l06_b03">
  <p>
    <a href="http://www.langmaster.cz/comcz/French1/l06/b/hufex1_l06_b03.htm">/French1/l06/b/hufex1_l06_b03.htm</a>
    <br />
    <a href="http://www.langmaster.cz/comcz/French1/l06/b/home.htm">
                            cvičení 3</a>
  </p>
  <DragSource />
  <div>
    <img src="/schools/eaimgmp3/french1/img/coursebook/lesson06/page47/tagesablauf.gif" />
  </div>
  <div>
    <table class="table table-bordered c-table">
      <tr>
        <td class=" middle">
            Comment allez-vous à Florac? <DragTarget id="g196" CorrectValue="En voiture." /></td>
      </tr>
      <tr>
        <td class=" middle">
            Qu’est-ce que tu fais l’après-midi? <DragTarget id="g245" CorrectValue="Du tennis." /></td>
      </tr>
      <tr>
        <td class=" middle">
            Quand est-ce que vous finissez? <DragTarget id="g294" CorrectValue="A neuf heures moins le quart." /></td>
      </tr>
      <tr>
        <td class=" middle">
            Vous allez bien? <DragTarget id="g343" CorrectValue="Oui." /></td>
      </tr>
      <tr>
        <td class=" middle">
            Aimez-vous Brahms? <DragTarget id="g392" CorrectValue="Oui." /></td>
      </tr>
      <tr>
        <td class=" middle">
            A quelle heure commence le stage? <DragTarget id="g441" CorrectValue="A neuf heures moins le quart." /></td>
      </tr>
      <tr>
        <td class=" middle">
            Est-ce que vous faites aussi de la randonnée? <DragTarget id="g490" CorrectValue="Oui." /></td>
      </tr>
      <tr>
        <td class=" middle">
            Comment est-ce que Matthieu rentre à Lyon? <DragTarget id="g539" CorrectValue="En voiture." /></td>
      </tr>
      <tr>
        <td class=" middle">
            Vous mangez quand? <DragTarget id="g588" CorrectValue="A neuf heures moins le quart." /></td>
      </tr>
      <tr>
        <td class=" middle">
            Vous venez comment? <DragTarget id="g637" CorrectValue="En voiture." /></td>
      </tr>
    </table>
  </div>
  <div class="row">
    <div class="col-md-4 ">
      <img src="/schools/eaimgmp3/french1/img/coursebook/lesson06/page48/diaboy.gif" />
    </div>
    <div class="col-md-8 ">
      <div class="panel panel-info">
        <div class="panel-heading">
          <h3>les jours de la semaine</h3>
        </div>
        <div class="panel-body">
          <p>
            <b>lundi </b>- {{Ttrans}}<br /><b>mardi</b> - {{Ttrans1}}<br /><b>mercredi</b> - {{Ttrans2}}<br /><b>jeudi</b> - {{Ttrans3}}<br /><b>vendredi</b> - {{Ttrans4}}<br /><b>samedi</b> - {{Ttrans5}}<br /><b>dimanche</b> - {{Ttrans6}}
          </p>
        </div>
      </div>
    </div>
  </div>
  <info title="Phrases interrogatives" instrTitle="{{Ahtmltitle}}" instrs="FILLING_IN_FROM_A_LIST" />
</Page>