﻿<?xml version="1.0" encoding="utf-8"?>
<Page id="hufex1_l06_b06">
  <p>
    <a href="http://www.langmaster.cz/comcz/French1/l06/b/hufex1_l06_b06.htm">/French1/l06/b/hufex1_l06_b06.htm</a>
    <br />
    <a href="http://www.langmaster.cz/comcz/French1/l06/b/home.htm">
                            cvičení 6</a>
  </p>
  <div class="row">
    <div class="col-md-2 ">
      <img src="/schools/eaimgmp3/french1/img/coursebook/lesson06/page49/1836h0064.jpg" />
    </div>
    <div class="col-md-10 ">
      <table class="table table-bordered c-table">
        <tr>
          <td class=" middle">
            <GapFill id="g155" Width="200" CorrectValue="Tu rentres en voiture?|Rentres-tu en voiture?|Est-ce que tu rentres en voiture?|Vous rentrez en voiture?|Rentrez-vous en voiture?|Est-ce que vous rentrez en voiture?" InitValue="" /> – Oui, je rentre en voiture.
            </td>
        </tr>
        <tr>
          <td class=" middle">
            <GapFill id="g206" Width="200" CorrectValue="Tu fais de la relaxation?|Fais-tu de la relaxation?|Est-ce que tu fais de la relaxation?|Vous faites de la relaxation?|Faites-vous de la relaxation?|Est-ce que vous faites de la relaxation?" InitValue="" /> – Oui, je fais de la relaxation.
            </td>
        </tr>
        <tr>
          <td class=" middle">
            <GapFill id="g257" Width="200" CorrectValue="Il est musicien?|Est-il musicien?|Est-ce qu’il est musicien?" InitValue="" /> – Oui, il est musicien.
            </td>
        </tr>
        <tr>
          <td class=" middle">
            <GapFill id="g308" Width="200" CorrectValue="C’est lui, le professeur de yoga?|Est-ce que c’est lui, le professeur de yoga?" InitValue="" /> – Oui, c’est lui, le professeur de yoga.
            </td>
        </tr>
        <tr>
          <td class=" middle">
            <GapFill id="g359" Width="200" CorrectValue="Elle est journaliste?|Est-elle journaliste?|Est-ce qu’elle est journaliste?" InitValue="" /> – Non, elle n’est pas journaliste.
            </td>
        </tr>
        <tr>
          <td class=" middle">
            <GapFill id="g410" Width="200" CorrectValue="Florac, c’est dans le Nord de la France?|Florac, est-ce que c’est dans le Nord de la France?" InitValue="" /> – Non, Florac, ce n’est pas dans le Nord de la France.
            </td>
        </tr>
      </table>
    </div>
  </div>
  <info title="Demandez ..." instrTitle="{{Ahtmltitle}}" instrs="FILLING_IN" />
</Page>