﻿<?xml version="1.0" encoding="utf-8"?>
<Page id="hufex1_l06_b09">
  <p>
    <a href="http://www.langmaster.cz/comcz/French1/l06/b/hufex1_l06_b09.htm">/French1/l06/b/hufex1_l06_b09.htm</a>
    <br />
    <a href="http://www.langmaster.cz/comcz/French1/l06/b/home.htm">
                            cvičení 9</a>
  </p>
  <div>
    <img src="/schools/eaimgmp3/french1/img/homestudy/lesson06/page123/1850h0034.jpg" />
  </div>
  <div>
    <Pairing id="E64">
      <PairingItem>Pourquoi faites-vous du yoga?<Right>Parce que c’est excellent pour la santé.</Right></PairingItem>
      <PairingItem>Pourquoi est-ce que tu vas au cinéma?<Right>Parce qu’il y a un film de Tavernier.</Right></PairingItem>
      <PairingItem>Pourquoi est-ce que tu ne veux pas venir avec nous?<Right>Parce que j’ai du travail.</Right></PairingItem>
      <PairingItem>Pourquoi est-ce qu’ils vont toujours en vacances à Londres?<Right>Parce qu’ils ont des amis là-bas.</Right></PairingItem>
      <PairingItem>Pourquoi est-ce que tu prends le bus?<Right>Parce qu’il est direct jusqu’à la gare.</Right></PairingItem>
      <PairingItem>Pourquoi habitez-vous si loin de Paris?<Right>Parce que c’est plus calme.</Right></PairingItem>
      <PairingItem>Pourquoi voulez-vous être reporter?<Right>Parce que j’adore voyager.</Right></PairingItem>
    </Pairing>
  </div>
  <info title="Questions et réponses" instrTitle="{{Ahtmltitle}}" instrs="PAIRING" />
</Page>