﻿<?xml version="1.0" encoding="utf-8"?>
<Page id="hufex1_l06_b10">
  <p>
    <a href="http://www.langmaster.cz/comcz/French1/l06/b/hufex1_l06_b10.htm">/French1/l06/b/hufex1_l06_b10.htm</a>
    <br />
    <a href="http://www.langmaster.cz/comcz/French1/l06/b/home.htm">
                            cvičení 10</a>
  </p>
  <table class="table table-bordered c-table">
    <tr>
      <td class="c-table-default middle">danser</td>
      <td>
        <WordSelection id="ce370" CorrectValue="0" Words="Je peux …|#Je sais …" />
      </td>
    </tr>
    <tr>
      <td class="c-table-default middle">parler français</td>
      <td>
        <WordSelection id="ce394" CorrectValue="0" Words="Je peux …|#Je sais …" />
      </td>
    </tr>
    <tr>
      <td class="c-table-default middle">faire la cuisine</td>
      <td>
        <WordSelection id="ce378" CorrectValue="0" Words="Je peux …|#Je sais …" />
      </td>
    </tr>
    <tr>
      <td class="c-table-default middle">arriver à trois heures</td>
      <td>
        <WordSelection id="ce301" CorrectValue="0" Words="#Je peux …|Je sais …" />
      </td>
    </tr>
    <tr>
      <td class="c-table-default middle">dessiner</td>
      <td>
        <WordSelection id="ce386" CorrectValue="0" Words="Je peux …|#Je sais …" />
      </td>
    </tr>
    <tr>
      <td class="c-table-default middle">faire du vélo</td>
      <td>
        <WordSelection id="ce410" CorrectValue="0" Words="Je peux …|#Je sais …" />
      </td>
    </tr>
    <tr>
      <td class="c-table-default middle">rencontrer des gens</td>
      <td>
        <WordSelection id="ce293" CorrectValue="0" Words="#Je peux …|Je sais …" />
      </td>
    </tr>
    <tr>
      <td class="c-table-default middle">aller au cinéma</td>
      <td>
        <WordSelection id="ce277" CorrectValue="0" Words="#Je peux …|Je sais …" />
      </td>
    </tr>
    <tr>
      <td class="c-table-default middle">faire du ski</td>
      <td>
        <WordSelection id="ce402" CorrectValue="0" Words="Je peux …|#Je sais …" />
      </td>
    </tr>
    <tr>
      <td class="c-table-default middle">rester</td>
      <td>
        <WordSelection id="ce261" CorrectValue="0" Words="#Je peux …|Je sais …" />
      </td>
    </tr>
    <tr>
      <td class="c-table-default middle">sortir</td>
      <td>
        <WordSelection id="ce245" CorrectValue="0" Words="#Je peux …|Je sais …" />
      </td>
    </tr>
    <tr>
      <td class="c-table-default middle">essayer</td>
      <td>
        <WordSelection id="ce269" CorrectValue="0" Words="#Je peux …|Je sais …" />
      </td>
    </tr>
    <tr>
      <td class="c-table-default middle">venir</td>
      <td>
        <WordSelection id="ce253" CorrectValue="0" Words="#Je peux …|Je sais …" />
      </td>
    </tr>
    <tr>
      <td class="c-table-default middle">choisir</td>
      <td>
        <WordSelection id="ce285" CorrectValue="0" Words="#Je peux …|Je sais …" />
      </td>
    </tr>
  </table>
  <img src="/schools/eaimgmp3/french1/img/vocabulary/lesson06/page48/dscf0861.jpg" />
  <info title="«Pouvoir» ou «savoir»?" instrTitle="{{Ahtmltitle}}" instrs="SORTING_INTO_GROUPS_DRAG_AND_DROP" />
</Page>