﻿<?xml version="1.0" encoding="utf-8"?>
<Module title="Chapitre B">
   <Ex id="hufex1_l06_b01"
       title="Coup de fil"
       instr="{{Ahtmltitle}}"
       tech_instr="MULTIPLE_CHOICE_TWO_STATES SOUND_PLAYBACK">
      <p>
         <a target="_blank"
            href="http://www.langmaster.cz/comcz/French1/l06/b/hufex1_l06_b01.htm">/French1/l06/b/hufex1_l06_b01.htm</a>
         <br/>
         <a target="_blank"
            href="http://www.langmaster.cz/comcz/French1/l06/b/home.htm">
                            cvičení 1</a>
      </p>
      <div>
         <img src="/schools/eaimgmp3/french1/img/coursebook/lesson06/page46/yoga.gif"/>
      </div>
      <div class="row">
         <div class="col-md-1 ">
            <MediaBigMark Url="/schools/eaimgmp3/french1wma/lesson06/hufex1_l06_b01.mp3"
                          Sequence=""/>
         </div>
         <div class="col-md-11 ">
            <CheckItem id="o107" TextId="TrueFalse" CorrectValue="false"/>Le matin, ils commencent par une petite séance de relaxation.<br/>
            <CheckItem id="o114" TextId="TrueFalse" CorrectValue="true"/>Ensuite, de dix heures à midi, ils font du yoga.<br/>
            <CheckItem id="o121" TextId="TrueFalse" CorrectValue="false"/>L’après-midi commence par une séance de méditation.<br/>
            <CheckItem id="o128" TextId="TrueFalse" CorrectValue="true"/>L’après-midi, ils peuvent choisir entre plusieurs activités.<br/>
            <CheckItem id="o135" TextId="TrueFalse" CorrectValue="true"/>Aujourd’hui, Matthieu ne fait pas de poterie.<br/>
            <CheckItem id="o142" TextId="TrueFalse" CorrectValue="false"/>Le stage finit dimanche vers midi.</div>
      </div>
      <div class="col-md-6">
         <div class="panel panel-info">
            <div class="panel-heading">
               <h3>Attention!</h3>
            </div>
            <div class="panel-body">
               <hr/>
               <p>
          {{Ttrans}}
        </p>
            </div>
         </div>
      </div>
   </Ex>
   <Ex id="hufex1_l06_b02"
       title="Matthieu et Cécile"
       instr="{{Ahtmltitle}}"
       tech_instr="SOUND_PLAYBACK">
      <p>
         <a target="_blank"
            href="http://www.langmaster.cz/comcz/French1/l06/b/hufex1_l06_b02.htm">/French1/l06/b/hufex1_l06_b02.htm</a>
         <br/>
         <a target="_blank"
            href="http://www.langmaster.cz/comcz/French1/l06/b/home.htm">
                            cvičení 2</a>
      </p>
      <div class="row">
         <div class="col-md-12 ">
            <MediaDialog Url="/schools/eaimgmp3/french1wma/lesson06/hufex1_l06_b01.mp3"
                         id="E112">
               <SndReplica Name="A" Sequence="0-2"/>
               <SndReplica Name="B" Sequence="3-4"/>
               <SndReplica Name="C" Sequence="5-8"/>
               <SndReplica Name="B" Sequence="9-11"/>
               <SndReplica Name="C" Sequence="12-14"/>
               <SndReplica Name="B" Sequence="15-17"/>
               <SndReplica Name="C" Sequence="18-20"/>
               <SndReplica Name="B" Sequence="21-30"/>
               <SndReplica Name="C" Sequence="31-"/>
            </MediaDialog>
         </div>
      </div>
      <div class="row">
         <div class="col-md-2 ">
            <img src="/schools/eaimgmp3/french1/img/coursebook/lesson06/page46/florence.jpg"/>
         </div>
         <div class="col-md-4 ">
            <div class="panel panel-info">
               <div class="panel-heading">
                  <h3>Finir</h3>
               </div>
               <div class="panel-body">
                  <table class="table c-table">
                     <tr>
                        <td>
                           <br/>
                je<br/>
                tu<br/>
                il/elle/on
                <p>
                  nous<br/>
                  vous<br/>
                  ils/elles
                </p>
                        </td>
                        <td>
                           <br/>
                fini <b>
                  s<br/>
                           </b>fini <b>s</b>
                           <br/>
                fini <b>t</b>
                           <p>
                  finiss <b>
                    ons<br/>
                              </b>finiss <b>
                    ez<br/>
                              </b>finiss <b>ent</b>
                           </p>
                        </td>
                     </tr>
                  </table>
                  <p>
            {{Ttrans}}
                
          </p>
               </div>
            </div>
         </div>
         <div class="col-md-2 ">
            <img src="/schools/eaimgmp3/french1/img/coursebook/lesson06/page46/malthien.jpg"/>
         </div>
      </div>
   </Ex>
   <Ex id="hufex1_l06_b03"
       title="Phrases interrogatives"
       instr="{{Ahtmltitle}}"
       tech_instr="FILLING_IN_FROM_A_LIST">
      <p>
         <a target="_blank"
            href="http://www.langmaster.cz/comcz/French1/l06/b/hufex1_l06_b03.htm">/French1/l06/b/hufex1_l06_b03.htm</a>
         <br/>
         <a target="_blank"
            href="http://www.langmaster.cz/comcz/French1/l06/b/home.htm">
                            cvičení 3</a>
      </p>
      <DragSource/>
      <div>
         <img src="/schools/eaimgmp3/french1/img/coursebook/lesson06/page47/tagesablauf.gif"/>
      </div>
      <div>
         <table class="table table-bordered c-table">
            <tr>
               <td class=" middle">
            Comment allez-vous à Florac? <DragTarget id="g196" CorrectValue="En voiture."/>
               </td>
            </tr>
            <tr>
               <td class=" middle">
            Qu’est-ce que tu fais l’après-midi? <DragTarget id="g245" CorrectValue="Du tennis."/>
               </td>
            </tr>
            <tr>
               <td class=" middle">
            Quand est-ce que vous finissez? <DragTarget id="g294" CorrectValue="A neuf heures moins le quart."/>
               </td>
            </tr>
            <tr>
               <td class=" middle">
            Vous allez bien? <DragTarget id="g343" CorrectValue="Oui."/>
               </td>
            </tr>
            <tr>
               <td class=" middle">
            Aimez-vous Brahms? <DragTarget id="g392" CorrectValue="Oui."/>
               </td>
            </tr>
            <tr>
               <td class=" middle">
            A quelle heure commence le stage? <DragTarget id="g441" CorrectValue="A neuf heures moins le quart."/>
               </td>
            </tr>
            <tr>
               <td class=" middle">
            Est-ce que vous faites aussi de la randonnée? <DragTarget id="g490" CorrectValue="Oui."/>
               </td>
            </tr>
            <tr>
               <td class=" middle">
            Comment est-ce que Matthieu rentre à Lyon? <DragTarget id="g539" CorrectValue="En voiture."/>
               </td>
            </tr>
            <tr>
               <td class=" middle">
            Vous mangez quand? <DragTarget id="g588" CorrectValue="A neuf heures moins le quart."/>
               </td>
            </tr>
            <tr>
               <td class=" middle">
            Vous venez comment? <DragTarget id="g637" CorrectValue="En voiture."/>
               </td>
            </tr>
         </table>
      </div>
      <div class="row">
         <div class="col-md-4 ">
            <img src="/schools/eaimgmp3/french1/img/coursebook/lesson06/page48/diaboy.gif"/>
         </div>
         <div class="col-md-8 ">
            <div class="panel panel-info">
               <div class="panel-heading">
                  <h3>les jours de la semaine</h3>
               </div>
               <div class="panel-body">
                  <p>
                     <b>lundi </b>- {{Ttrans}}<br/>
                     <b>mardi</b> - {{Ttrans1}}<br/>
                     <b>mercredi</b> - {{Ttrans2}}<br/>
                     <b>jeudi</b> - {{Ttrans3}}<br/>
                     <b>vendredi</b> - {{Ttrans4}}<br/>
                     <b>samedi</b> - {{Ttrans5}}<br/>
                     <b>dimanche</b> - {{Ttrans6}}
          </p>
               </div>
            </div>
         </div>
      </div>
   </Ex>
   <Ex id="hufex1_l06_b04"
       title="Classement"
       instr="{{Ahtmltitle}}"
       tech_instr="SORTING_INTO_GROUPS_DRAG_AND_DROP">
      <p>
         <a target="_blank"
            href="http://www.langmaster.cz/comcz/French1/l06/b/hufex1_l06_b04.htm">/French1/l06/b/hufex1_l06_b04.htm</a>
         <br/>
         <a target="_blank"
            href="http://www.langmaster.cz/comcz/French1/l06/b/home.htm">
                            cvičení 4</a>
      </p>
      <table class="table table-bordered c-table">
         <tr>
            <td class="c-table-default middle">Le stage se passe comment?</td>
            <td>
               <WordSelection id="ce197"
                              Words="#Vous allez bien?|Est-ce que vous avez des enfants?|Aimez-vous Brahms?"/>
            </td>
         </tr>
         <tr>
            <td class="c-table-default middle">Qu’est-ce que tu fais l’après-midi?</td>
            <td>
               <WordSelection id="ce290"
                              Words="Vous allez bien?|#Est-ce que vous avez des enfants?|Aimez-vous Brahms?"/>
            </td>
         </tr>
         <tr>
            <td class="c-table-default middle">Vous venez comment?</td>
            <td>
               <WordSelection id="ce213"
                              Words="#Vous allez bien?|Est-ce que vous avez des enfants?|Aimez-vous Brahms?"/>
            </td>
         </tr>
         <tr>
            <td class="c-table-default middle">Comment allez-vous à Florac?</td>
            <td>
               <WordSelection id="ce383"
                              Words="Vous allez bien?|Est-ce que vous avez des enfants?|#Aimez-vous Brahms?"/>
            </td>
         </tr>
         <tr>
            <td class="c-table-default middle">A quelle heure commence le stage?</td>
            <td>
               <WordSelection id="ce221"
                              Words="#Vous allez bien?|Est-ce que vous avez des enfants?|Aimez-vous Brahms?"/>
            </td>
         </tr>
         <tr>
            <td class="c-table-default middle">Comment est-ce que Matthieu rentre à Lyon?</td>
            <td>
               <WordSelection id="ce314"
                              Words="Vous allez bien?|#Est-ce que vous avez des enfants?|Aimez-vous Brahms?"/>
            </td>
         </tr>
         <tr>
            <td class="c-table-default middle">Quand est-ce que vous finissez?</td>
            <td>
               <WordSelection id="ce298"
                              Words="Vous allez bien?|#Est-ce que vous avez des enfants?|Aimez-vous Brahms?"/>
            </td>
         </tr>
         <tr>
            <td class="c-table-default middle">Est-ce que vous faites aussi de la randonnée?</td>
            <td>
               <WordSelection id="ce306"
                              Words="Vous allez bien?|#Est-ce que vous avez des enfants?|Aimez-vous Brahms?"/>
            </td>
         </tr>
         <tr>
            <td class="c-table-default middle">Vous mangez quand?</td>
            <td>
               <WordSelection id="ce205"
                              Words="#Vous allez bien?|Est-ce que vous avez des enfants?|Aimez-vous Brahms?"/>
            </td>
         </tr>
      </table>
      <img src="/schools/eaimgmp3/french1/img/coursebook/lesson06/page48/p8090172.jpg"/>
   </Ex>
   <Ex id="hufex1_l06_b05"
       title="C’est votre tour!"
       instr="{{Ahtmltitle}}"
       tech_instr="FILLING_IN">
      <p>
         <a target="_blank"
            href="http://www.langmaster.cz/comcz/French1/l06/b/hufex1_l06_b05.htm">/French1/l06/b/hufex1_l06_b05.htm</a>
         <br/>
         <a target="_blank"
            href="http://www.langmaster.cz/comcz/French1/l06/b/home.htm">
                            cvičení 5</a>
      </p>
      <div class="row">
         <div class="col-md-2 ">
            <img src="/schools/eaimgmp3/french1/img/coursebook/lesson06/page48/0800h3579.jpg"/>
         </div>
         <div class="col-md-10 ">
            <div>
               <table class="table c-table">
                  <tr>
                     <td>
                        <b>
                  {{Ttrans}}
                </b>
                Vous êtes journaliste?<br/>
                        <GapFill id="g283"
                                 CorrectValue="Est-ce que vous êtes journaliste?/Etes-vous journaliste?"
                                 InitValue="Est-ce que vous êtes journaliste?/Etes-vous journaliste?"
                                 Example="true"
                                 Width="200"/>
                     </td>
                  </tr>
               </table>
            </div>
            <table class="table table-bordered c-table">
               <tr>
                  <td class=" middle">
              Vous ne faites pas de VTT?<br/>
                     <GapFill id="g383"
                              CorrectValue="Est-ce que vous ne faites pas de VTT?|Ne faites-vous pas de VTT?"
                              Width="200"/>
                     <br/>
                     <GapFill id="g436"
                              CorrectValue="Ne faites-vous pas de VTT?|Est-ce que vous ne faites pas de VTT?"
                              Width="200"/>
                  </td>
               </tr>
               <tr>
                  <td class=" middle">
              Quand venez-vous?<br/>
                     <GapFill id="g541"
                              CorrectValue="Quand est-ce que vous venez?|Vous venez quand?"
                              Width="200"/>
                     <br/>
                     <GapFill id="g594"
                              CorrectValue="Vous venez quand?|Quand est-ce que vous venez?"
                              Width="200"/>
                  </td>
               </tr>
               <tr>
                  <td class=" middle">
              Où est-ce que vous habitez?<br/>
                     <GapFill id="g699"
                              CorrectValue="Où habitez-vous?|Vous habitez où?"
                              Width="200"/>
                     <br/>
                     <GapFill id="g752"
                              CorrectValue="Vous habitez où?|Où habitez-vous?"
                              Width="200"/>
                  </td>
               </tr>
               <tr>
                  <td class=" middle">
              Comment se passe le stage?<br/>
                     <GapFill id="g857"
                              CorrectValue="Comment est-ce que le stage se passe?|Le stage se passe comment?"
                              Width="200"/>
                     <br/>
                     <GapFill id="g910"
                              CorrectValue="Le stage se passe comment?|Comment est-ce que le stage se passe?"
                              Width="200"/>
                  </td>
               </tr>
               <tr>
                  <td class=" middle">
              Combien de jours restez-vous dans les Cévennes?<br/>
                     <GapFill id="g1015"
                              CorrectValue="Combien de jours est-ce que vous restez dans les Cévennes?|Vous restez combien de jours dans les Cévennes?"
                              Width="200"/>
                     <br/>
                     <GapFill id="g1068"
                              CorrectValue="Vous restez combien de jours dans les Cévennes?|Combien de jours est-ce que vous restez dans les Cévennes?"
                              Width="200"/>
                  </td>
               </tr>
               <tr>
                  <td class=" middle">
              Tu arrives à Lyon à quelle heure?<br/>
                     <GapFill id="g1173"
                              CorrectValue="A quelle heure arrives-tu à Lyon?|A quelle heure est-ce que tu arrives à Lyon?"
                              Width="200"/>
                     <br/>
                     <GapFill id="g1226"
                              CorrectValue="A quelle heure est-ce que tu arrives à Lyon?|A quelle heure arrives-tu à Lyon?"
                              Width="200"/>
                  </td>
               </tr>
            </table>
         </div>
      </div>
   </Ex>
   <Ex id="hufex1_l06_b06"
       title="Demandez ..."
       instr="{{Ahtmltitle}}"
       tech_instr="FILLING_IN">
      <p>
         <a target="_blank"
            href="http://www.langmaster.cz/comcz/French1/l06/b/hufex1_l06_b06.htm">/French1/l06/b/hufex1_l06_b06.htm</a>
         <br/>
         <a target="_blank"
            href="http://www.langmaster.cz/comcz/French1/l06/b/home.htm">
                            cvičení 6</a>
      </p>
      <div class="row">
         <div class="col-md-2 ">
            <img src="/schools/eaimgmp3/french1/img/coursebook/lesson06/page49/1836h0064.jpg"/>
         </div>
         <div class="col-md-10 ">
            <table class="table table-bordered c-table">
               <tr>
                  <td class=" middle">
                     <GapFill id="g155"
                              CorrectValue="Tu rentres en voiture?|Rentres-tu en voiture?|Est-ce que tu rentres en voiture?|Vous rentrez en voiture?|Rentrez-vous en voiture?|Est-ce que vous rentrez en voiture?"
                              Width="200"/> – Oui, je rentre en voiture.
            </td>
               </tr>
               <tr>
                  <td class=" middle">
                     <GapFill id="g206"
                              CorrectValue="Tu fais de la relaxation?|Fais-tu de la relaxation?|Est-ce que tu fais de la relaxation?|Vous faites de la relaxation?|Faites-vous de la relaxation?|Est-ce que vous faites de la relaxation?"
                              Width="200"/> – Oui, je fais de la relaxation.
            </td>
               </tr>
               <tr>
                  <td class=" middle">
                     <GapFill id="g257"
                              CorrectValue="Il est musicien?|Est-il musicien?|Est-ce qu’il est musicien?"
                              Width="200"/> – Oui, il est musicien.
            </td>
               </tr>
               <tr>
                  <td class=" middle">
                     <GapFill id="g308"
                              CorrectValue="C’est lui, le professeur de yoga?|Est-ce que c’est lui, le professeur de yoga?"
                              Width="200"/> – Oui, c’est lui, le professeur de yoga.
            </td>
               </tr>
               <tr>
                  <td class=" middle">
                     <GapFill id="g359"
                              CorrectValue="Elle est journaliste?|Est-elle journaliste?|Est-ce qu’elle est journaliste?"
                              Width="200"/> – Non, elle n’est pas journaliste.
            </td>
               </tr>
               <tr>
                  <td class=" middle">
                     <GapFill id="g410"
                              CorrectValue="Florac, c’est dans le Nord de la France?|Florac, est-ce que c’est dans le Nord de la France?"
                              Width="200"/> – Non, Florac, ce n’est pas dans le Nord de la France.
            </td>
               </tr>
            </table>
         </div>
      </div>
   </Ex>
   <Ex id="hufex1_l06_b07"
       title="«Savoir», «pouvoir» et «vouloir»"
       instr="{{Ahtmltitle}}"
       tech_instr="FILLING_IN">
      <p>
         <a target="_blank"
            href="http://www.langmaster.cz/comcz/French1/l06/b/hufex1_l06_b07.htm">/French1/l06/b/hufex1_l06_b07.htm</a>
         <br/>
         <a target="_blank"
            href="http://www.langmaster.cz/comcz/French1/l06/b/home.htm">
                            cvičení 7</a>
      </p>
      <Possibilities Words="pouvoir|vouloir|savoir"/>
      <div>
         <img src="/schools/eaimgmp3/french1/img/coursebook/lesson06/page49/schwimmbad.gif"/>
      </div>
      <div>
         <table class="table table-bordered c-table">
            <tr>
               <td class=" middle">
            Je ne <GapFill id="g205" CorrectValue="sais" Width="200"/> pas l’allemand, je ne <GapFill id="g206" CorrectValue="sais" Width="200"/> pas faire la cuisine, je ne <GapFill id="g207" CorrectValue="sais" Width="200"/> pas faire de ski, mais je <GapFill id="g208" CorrectValue="peux" Width="200"/> essayer.
          </td>
            </tr>
            <tr>
               <td class=" middle">
            Je <GapFill id="g257" CorrectValue="peux" Width="200"/> sortir jusqu’à minuit? - Bien sûr!
          </td>
            </tr>
            <tr>
               <td class=" middle">
            Il <GapFill id="g306" CorrectValue="sait" Width="200"/> jouer au tennis. Moi pas, mais je <GapFill id="g604" CorrectValue="veux|peux" Width="200"/> apprendre.
          </td>
            </tr>
            <tr>
               <td class=" middle">
            Qu’est-ce que tu <GapFill id="g356" CorrectValue="veux" Width="200"/> manger? Un sandwich?
          </td>
            </tr>
            <tr>
               <td class=" middle">
            Le saxophone, c’est facile. Quand on <GapFill id="g405" CorrectValue="veut" Width="200"/>, on <GapFill id="g406" CorrectValue="peut" Width="200"/>.
          </td>
            </tr>
            <tr>
               <td class=" middle">
            Vous ne <GapFill id="g455" CorrectValue="voulez" Width="200"/> pas faire un stage de relaxation en Provence? – Non merci, vous <GapFill id="g456" CorrectValue="savez" Width="200"/>, je déteste les groupes.
          </td>
            </tr>
            <tr>
               <td class=" middle">
            On prend l’apéritif, vous <GapFill id="g505" CorrectValue="voulez" Width="200"/> bien?
          </td>
            </tr>
            <tr>
               <td class=" middle">
            Vous <GapFill id="g554" CorrectValue="voulez" Width="200"/> faire une pause? – D’accord.
          </td>
            </tr>
         </table>
      </div>
   </Ex>
   <Ex id="hufex1_l06_b08"
       title="Pourquoi?"
       instr="{{Ahtmltitle}}"
       tech_instr="FILLING_IN_FROM_A_LIST">
      <p>
         <a target="_blank"
            href="http://www.langmaster.cz/comcz/French1/l06/b/hufex1_l06_b08.htm">/French1/l06/b/hufex1_l06_b08.htm</a>
         <br/>
         <a target="_blank"
            href="http://www.langmaster.cz/comcz/French1/l06/b/home.htm">
                            cvičení 8</a>
      </p>
      <DragSource/>
      <div class="row">
         <div class="col-md-3 ">
            <img src="/schools/eaimgmp3/french1/img/homestudy/lesson06/page123/dscf0821.jpg"/>
         </div>
         <div class="col-md-9 ">
            <div>
               <table class="table c-table">
                  <tr>
                     <td>
                        <b>
                  {{Ttrans}}
                </b>
                Je fais du yoga <DragTarget id="g239"
                                    CorrectValue="pour rester en forme"
                                    InitValue="pour rester en forme"
                                    Example="true"
                                    Width="200"/>.
              </td>
                  </tr>
               </table>
            </div>
            <table class="table table-bordered c-table">
               <tr>
                  <td class=" middle">
              Je prends le métro pour <DragTarget id="g291" CorrectValue="aller au bureau"/>.
            </td>
               </tr>
               <tr>
                  <td class=" middle">
              Nous allons dans les Alpes pour <DragTarget id="g340" CorrectValue="faire du ski"/>.
            </td>
               </tr>
               <tr>
                  <td class=" middle">
              J’achète une télécarte pour <DragTarget id="g389" CorrectValue="téléphoner"/>.
            </td>
               </tr>
               <tr>
                  <td class=" middle">
              Ils vont à la boulangerie pour <DragTarget id="g438" CorrectValue="acheter des croissants"/>.
            </td>
               </tr>
               <tr>
                  <td class=" middle">
              Elle veut être journaliste pour <DragTarget id="g487" CorrectValue="voyager"/>.
            </td>
               </tr>
               <tr>
                  <td class=" middle">
              Je vais à la banque pour <DragTarget id="g536" CorrectValue="changer de l’argent"/>.
            </td>
               </tr>
               <tr>
                  <td class=" middle">
              Vous allez à l’université pour <DragTarget id="g585" CorrectValue="apprendre le français"/>.
            </td>
               </tr>
            </table>
         </div>
      </div>
   </Ex>
   <Ex id="hufex1_l06_b09"
       title="Questions et réponses"
       instr="{{Ahtmltitle}}"
       tech_instr="PAIRING">
      <p>
         <a target="_blank"
            href="http://www.langmaster.cz/comcz/French1/l06/b/hufex1_l06_b09.htm">/French1/l06/b/hufex1_l06_b09.htm</a>
         <br/>
         <a target="_blank"
            href="http://www.langmaster.cz/comcz/French1/l06/b/home.htm">
                            cvičení 9</a>
      </p>
      <div>
         <img src="/schools/eaimgmp3/french1/img/homestudy/lesson06/page123/1850h0034.jpg"/>
      </div>
      <div>
         <Pairing id="E64">
            <PairingItem>Pourquoi faites-vous du yoga?<Right>Parce que c’est excellent pour la santé.</Right>
            </PairingItem>
            <PairingItem>Pourquoi est-ce que tu vas au cinéma?<Right>Parce qu’il y a un film de Tavernier.</Right>
            </PairingItem>
            <PairingItem>Pourquoi est-ce que tu ne veux pas venir avec nous?<Right>Parce que j’ai du travail.</Right>
            </PairingItem>
            <PairingItem>Pourquoi est-ce qu’ils vont toujours en vacances à Londres?<Right>Parce qu’ils ont des amis là-bas.</Right>
            </PairingItem>
            <PairingItem>Pourquoi est-ce que tu prends le bus?<Right>Parce qu’il est direct jusqu’à la gare.</Right>
            </PairingItem>
            <PairingItem>Pourquoi habitez-vous si loin de Paris?<Right>Parce que c’est plus calme.</Right>
            </PairingItem>
            <PairingItem>Pourquoi voulez-vous être reporter?<Right>Parce que j’adore voyager.</Right>
            </PairingItem>
         </Pairing>
      </div>
   </Ex>
   <Ex id="hufex1_l06_b10"
       title="«Pouvoir» ou «savoir»?"
       instr="{{Ahtmltitle}}"
       tech_instr="SORTING_INTO_GROUPS_DRAG_AND_DROP">
      <p>
         <a target="_blank"
            href="http://www.langmaster.cz/comcz/French1/l06/b/hufex1_l06_b10.htm">/French1/l06/b/hufex1_l06_b10.htm</a>
         <br/>
         <a target="_blank"
            href="http://www.langmaster.cz/comcz/French1/l06/b/home.htm">
                            cvičení 10</a>
      </p>
      <table class="table table-bordered c-table">
         <tr>
            <td class="c-table-default middle">venir</td>
            <td>
               <WordSelection id="ce253" Words="#Je peux …|Je sais …"/>
            </td>
         </tr>
         <tr>
            <td class="c-table-default middle">faire du vélo</td>
            <td>
               <WordSelection id="ce410" Words="Je peux …|#Je sais …"/>
            </td>
         </tr>
         <tr>
            <td class="c-table-default middle">danser</td>
            <td>
               <WordSelection id="ce370" Words="Je peux …|#Je sais …"/>
            </td>
         </tr>
         <tr>
            <td class="c-table-default middle">parler français</td>
            <td>
               <WordSelection id="ce394" Words="Je peux …|#Je sais …"/>
            </td>
         </tr>
         <tr>
            <td class="c-table-default middle">aller au cinéma</td>
            <td>
               <WordSelection id="ce277" Words="#Je peux …|Je sais …"/>
            </td>
         </tr>
         <tr>
            <td class="c-table-default middle">sortir</td>
            <td>
               <WordSelection id="ce245" Words="#Je peux …|Je sais …"/>
            </td>
         </tr>
         <tr>
            <td class="c-table-default middle">dessiner</td>
            <td>
               <WordSelection id="ce386" Words="Je peux …|#Je sais …"/>
            </td>
         </tr>
         <tr>
            <td class="c-table-default middle">choisir</td>
            <td>
               <WordSelection id="ce285" Words="#Je peux …|Je sais …"/>
            </td>
         </tr>
         <tr>
            <td class="c-table-default middle">rencontrer des gens</td>
            <td>
               <WordSelection id="ce293" Words="#Je peux …|Je sais …"/>
            </td>
         </tr>
         <tr>
            <td class="c-table-default middle">faire la cuisine</td>
            <td>
               <WordSelection id="ce378" Words="Je peux …|#Je sais …"/>
            </td>
         </tr>
         <tr>
            <td class="c-table-default middle">rester</td>
            <td>
               <WordSelection id="ce261" Words="#Je peux …|Je sais …"/>
            </td>
         </tr>
         <tr>
            <td class="c-table-default middle">essayer</td>
            <td>
               <WordSelection id="ce269" Words="#Je peux …|Je sais …"/>
            </td>
         </tr>
         <tr>
            <td class="c-table-default middle">arriver à trois heures</td>
            <td>
               <WordSelection id="ce301" Words="#Je peux …|Je sais …"/>
            </td>
         </tr>
         <tr>
            <td class="c-table-default middle">faire du ski</td>
            <td>
               <WordSelection id="ce402" Words="Je peux …|#Je sais …"/>
            </td>
         </tr>
      </table>
      <img src="/schools/eaimgmp3/french1/img/vocabulary/lesson06/page48/dscf0861.jpg"/>
   </Ex>
</Module>
