﻿<?xml version="1.0" encoding="utf-8"?>
<Module title="Characteristics of Economic Integration">
   <Ex id="ex1"
       title="Phases of integration"
       instr="{{:~CSLocalize(null,'Fill in the missing words to complete the phrases taken from the previous exercise.')}}"
       tech_instr="FILLING_IN_FROM_A_LIST">
      <div>
         <DragSource/>
      </div>
      <div class="row">
         <div class="col-md-12">
            <table class="table table-bordered c-table">
               <tr>
                  <td class=" middle">
                     <DragTarget id="d1e36" CorrectValue="integration" InitValue="" Example=""/>
                  </td>
                  <td class=" middle">
              was accomplished
            </td>
                  <td class=" middle">
                     <DragTarget id="d1e411" CorrectValue="in stages" InitValue="" Example=""/>
                  </td>
               </tr>
               <tr>
                  <td class=" middle">
                     <DragTarget id="d1e362"
                                 CorrectValue="to accelerate"
                                 InitValue=""
                                 Example=""/>
                  </td>
                  <td class=" middle">
                     <DragTarget id="d1e413" CorrectValue="growth" InitValue="" Example=""/>
                  </td>
                  <td class=" middle">
              in the economy
            </td>
               </tr>
               <tr>
                  <td class=" middle">
                     <DragTarget id="d1e365" CorrectValue="decisions" InitValue="" Example=""/>
                  </td>
                  <td class=" middle">
              to reduce
            </td>
                  <td class=" middle">
                     <DragTarget id="d1e417" CorrectValue="sovereignty" InitValue="" Example=""/>
                  </td>
               </tr>
               <tr>
                  <td class=" middle">
                     <DragTarget id="d1e3652"
                                 CorrectValue="to strengthen"
                                 InitValue=""
                                 Example=""/>
                  </td>
                  <td class=" middle">
                     <DragTarget id="d1e4171" CorrectValue="economic" InitValue="" Example=""/>
                  </td>
                  <td class=" middle">
              ties
            </td>
               </tr>
            </table>
         </div>
      </div>
      <div class="row">
         <div class="col-md-12">
            <img src="img/15970187.jpg"/>
         </div>
      </div>
   </Ex>
   <Ex id="ex2"
       title="What happens when ..."
       instr="{{:~CSLocalize(null,'Fill in the numbers of the questions to the answers.')}}"
       tech_instr="FILLING_IN">
      <div class="row">
         <div class="col-md-12">
            <table class="table table-bordered c-table">
               <tr>
                  <td class="c-table-default middle center">
                     <b>1. </b>
                  </td>
                  <td class=" middle">
              What happens when a company expands?
            </td>
               </tr>
               <tr>
                  <td class="c-table-default middle center">
                     <b>2. </b>
                  </td>
                  <td class=" middle">
              What happens when the sovereignty of a country is reduced?
            </td>
               </tr>
               <tr>
                  <td class="c-table-default middle center">
                     <b>3. </b>
                  </td>
                  <td class=" middle">
              What happens during periods of accelerated growth in the economy?
            </td>
               </tr>
               <tr>
                  <td class="c-table-default middle center">
                     <b>4. </b>
                  </td>
                  <td class=" middle">
              What happens when economic ties between Poland and the Czech Republic are strengthened?
            </td>
               </tr>
               <tr>
                  <td class="c-table-default middle center">
                     <b>5. </b>
                  </td>
                  <td class=" middle">
              What happens when legal requirements are formulated at a national level?
            </td>
               </tr>
            </table>
         </div>
      </div>
      <div class="row">
         <div class="col-md-12">
            <table class="table table-bordered c-table">
               <tr>
                  <td class=" middle">
                     <GapFill id="d1e49" CorrectValue="1" InitValue="" Example=""/>
                  </td>
                  <td class=" middle">More employees are hired, new departments are created and new branches are opened.</td>
               </tr>
               <tr>
                  <td class=" middle">
                     <GapFill id="d1we49" CorrectValue="4" InitValue="" Example=""/>
                  </td>
                  <td class=" middle">There is a greater exchange of goods and services.</td>
               </tr>
               <tr>
                  <td class=" middle">
                     <GapFill id="d1e4d9" CorrectValue="5" InitValue="" Example=""/>
                  </td>
                  <td class=" middle">
              National governments say what they want or would like.
            </td>
               </tr>
               <tr>
                  <td class=" middle">
                     <GapFill id="d1ef49" CorrectValue="3" InitValue="" Example=""/>
                  </td>
                  <td class=" middle">More money is made.</td>
               </tr>
               <tr>
                  <td class=" middle">
                     <GapFill id="d1se49" CorrectValue="2" InitValue="" Example=""/>
                  </td>
                  <td class=" middle">The government has to discuss its decisions with other governments.</td>
               </tr>
            </table>
         </div>
      </div>
   </Ex>
   <Ex id="ex3"
       title="Project management"
       instr="{{:~CSLocalize(null,'Read the dialogue between company director Mrs Prescott and department manager, Mr Anderson and fill in the gaps with the most appropriate word.')}}"
       tech_instr="FILLING_IN_FROM_A_LIST">
      <div>
         <DragSource/>
      </div>
      <div>
         <div>
            <PassiveDialog file="" id="silentDlg">
               <Replica Name="Mrs. Prescott">
            Mr. Anderson, what is the time-frame for the new project? When should it be  <DragTarget id="d1e27" CorrectValue="completed" InitValue="" Example=""/> by?
          </Replica>
               <Replica Name="Mr. Anderson">
            I’m not sure of the exact date, Mrs. Prescott. We've only just started. The project was only <DragTarget id="d1e35" CorrectValue="launched" InitValue="" Example=""/> last month.
          </Replica>
            </PassiveDialog>
         </div>
         <div>
            <PassiveDialog file="" id="silentDlg2">
               <Replica Name="Mrs. Prescott">
          That’s true. I’m only concerned because I’ll have to make sure that it’s objectively 
          <DragTarget id="d1e271" CorrectValue="evaluated" InitValue="" Example=""/>
          before we can <DragTarget id="d1e2d71" CorrectValue="expand" InitValue="" Example=""/> abroad.
        </Replica>
               <Replica Name="Mr. Anderson">
          Abroad?!
        </Replica>
            </PassiveDialog>
         </div>
         <div>
            <PassiveDialog file="" id="silentDlg3">
               <Replica Name="Mrs. Prescott">
          Yes, I think we’ll start with Austria. We need to <DragTarget id="d1e273" CorrectValue="strengthen" InitValue="" Example=""/>
          economic <DragTarget id="d1e354" CorrectValue="ties" InitValue="" Example=""/>
          with our neighbouring countries. That’s the only way we can <DragTarget id="d1e27d3" CorrectValue="accelerate" InitValue="" Example=""/>
          our economic <DragTarget id="d1dfe354" CorrectValue="growth" InitValue="" Example=""/> . As you know we haven’t been doing very well in on the domestic market.
        </Replica>
               <Replica Name="Mr. Anderson">
          Right. Well, I’ll make sure it's completed on time.
        </Replica>
            </PassiveDialog>
         </div>
      </div>
   </Ex>
   <Ex id="ex4"
       title="The Funds in brief"
       instr="{{:~CSLocalize(null,'Listen to the first part of a lecture on EU structural funds and complete the full names of the funds mentioned. ')}}"
       tech_instr="FILLING_IN SOUND_PLAYBACK">
      <div class="row">
         <div class="col-md-1">
            <img src="/jslib/ea/img/sdmarkbig.gif" alt="Play"/>
        TODO Sound
        <!--~/EuroEnglishWma/Chapter4/thefundsinbrief.wma-->
        TODO Sound
        </div>
         <div class="col-md-11">
            <table class="table table-bordered c-table">
               <tr>
                  <td class="c-table-default middle center">
                     <b>1. </b>
                  </td>
                  <td class=" middle">ERDF</td>
                  <td class="c-table-default middle center">
                     <b>1. </b>
                  </td>
                  <td class=" middle">= </td>
                  <td class="c-table-default middle center">
                     <b>1. </b>
                  </td>
                  <td class=" middle">
              The <GapFill id="d1e49"
                              CorrectValue="European Regional Development"
                              InitValue=""
                              Example=""/> Fund
            </td>
               </tr>
               <tr>
                  <td class="c-table-default middle center">
                     <b>2. </b>
                  </td>
                  <td class=" middle">ESF</td>
                  <td class="c-table-default middle center">
                     <b>2. </b>
                  </td>
                  <td class=" middle">= </td>
                  <td class="c-table-default middle center">
                     <b>2. </b>
                  </td>
                  <td class=" middle">
              The <GapFill id="d1e492"
                              CorrectValue="European Social"
                              InitValue=""
                              Example=""/> Fund
            </td>
               </tr>
               <tr>
                  <td class="c-table-default middle center">
                     <b>3. </b>
                  </td>
                  <td class=" middle">EAGGF</td>
                  <td class="c-table-default middle center">
                     <b>3. </b>
                  </td>
                  <td class=" middle">= </td>
                  <td class="c-table-default middle center">
                     <b>3. </b>
                  </td>
                  <td class=" middle">
              The <GapFill id="d1e493"
                              CorrectValue="European Agricultural Guidance and Guarantee"
                              InitValue=""
                              Example=""/> Fund
            </td>
               </tr>
               <tr>
                  <td class="c-table-default middle center">
                     <b>4. </b>
                  </td>
                  <td class=" middle">FIFG</td>
                  <td class="c-table-default middle center">
                     <b>4. </b>
                  </td>
                  <td class=" middle">= </td>
                  <td class="c-table-default middle center">
                     <b>4. </b>
                  </td>
                  <td class=" middle">
              The <GapFill id="d1e494"
                              CorrectValue="Financial Instrument for Fisheries Guidance"
                              InitValue=""
                              Example=""/>
                  </td>
               </tr>
            </table>
         </div>
      </div>
      <div class="row">
         <div class="col-md-12">
            <img src="img/seno2.jpg"/>
         </div>
      </div>
   </Ex>
   <Ex id="ex5"
       title="Fund objectives"
       instr="{{:~CSLocalize(null,'Listen to the second part of the lecture on EU structural funds and put the objectives of these funds in the right order.')}}"
       tech_instr="SENTENCE_SEQUENCING SOUND_PLAYBACK">
      <div class="row">
         <div class="col-md-1">
            <img src="/jslib/ea/img/sdmarkbig.gif" alt="Play"/>
        TODO Sound
        <!--~/EuroEnglishWma/Chapter4/fundobjectives.wma-->
        TODO Sound
        </div>
         <div class="col-md-11">
            <MacroTable Width="600-800" InlineType="GapFill"><![CDATA[
{1}\helping regions which are underdeveloped
{2}\helping regions affected by industrial decline
{4}\helping workers adapt to changes in industry
{5}\promoting rural development
{3}\dealing with employment issues
]]></MacroTable>
         </div>
      </div>
   </Ex>
   <Ex id="ex6"
       title="Expressing objectives and aims"
       instr="{{:~CSLocalize(null,'Listen to the second part of the lecture on EU structural funds again and fill in the verbs which express objectives or aims. The first letters and one example have been given.')}}"
       tech_instr="FILLING_IN SOUND_PLAYBACK">
      <div class="row">
         <div class="col-md-4">
            <img src="/jslib/ea/img/sdmarkbig.gif" alt="Play"/>
        TODO Sound
        <!--~/EuroEnglishWma/Chapter4/fundobjectives.wma-->
        TODO Sound
        </div>
         <div class="col-md-4">
        OUR OBJECTIVE IS . . . 
        <br/>
          to s<b>peed up</b>
            <br/>
          to i<GapFill id="d1e231" CorrectValue="ntegrate" InitValue="" Example=""/>
            <br/>
          to r<GapFill id="d1e232" CorrectValue="educe" InitValue="" Example=""/>
            <br/>
          to c<GapFill id="d1e233" CorrectValue="ombat" InitValue="" Example=""/>
            <br/>
          to p<GapFill id="d1e234" CorrectValue="romote" InitValue="" Example=""/>
            <br/>
          to f<GapFill id="d1e235" CorrectValue="acilitate" InitValue="" Example=""/>
            <br/>
          to c<GapFill id="d1e236" CorrectValue="onvert" InitValue="" Example=""/>
         </div>
         <div class="col-md-2">
            <img src="img/divadlo.jpg"/>
         </div>
      </div>
   </Ex>
   <Ex id="ex7"
       title="Noun formation"
       instr="{{:~CSLocalize(null,'Change each verb/adjective below into a noun and fill in the table.')}}"
       tech_instr="FILLING_IN">
      <div>
         <Possibilities Words="exclude|equal|develop|employ|adjust|industrial|integrate|decline|social|reduce|adapt"/>
      </div>
      <div>
         <table class="table table-bordered c-table">
            <tr>
               <td class=" middle">-sion</td>
               <td class=" middle">-tion</td>
               <td class=" middle">-ment</td>
               <td class=" middle">-ty / -ry</td>
               <td class=" middle">same form</td>
            </tr>
            <tr>
               <td class=" middle">
                  <GapFill id="d1e25" CorrectValue="exclusion" InitValue="" Example=""/>
               </td>
               <td class=" middle">
                  <GapFill id="d1e251" CorrectValue="adaptation" InitValue="" Example=""/>
               </td>
               <td class=" middle">
                  <GapFill id="d1e252" CorrectValue="adjustment" InitValue="" Example=""/>
               </td>
               <td class=" middle">
                  <GapFill id="d1e253" CorrectValue="society" InitValue="" Example=""/>
               </td>
               <td class=" middle">
                  <GapFill id="d1e254" CorrectValue="decline" InitValue="" Example=""/>
               </td>
            </tr>
            <tr>
               <td class=" middle"> </td>
               <td class=" middle">
                  <GapFill id="d1e255" CorrectValue="reduction" InitValue="" Example=""/>
               </td>
               <td class=" middle">
                  <GapFill id="d1e256" CorrectValue="development" InitValue="" Example=""/>
               </td>
               <td class=" middle">
                  <GapFill id="d1e257" CorrectValue="equality" InitValue="" Example=""/>
               </td>
               <td class=" middle"> </td>
            </tr>
            <tr>
               <td class=" middle"> </td>
               <td class=" middle">
                  <GapFill id="d1e258" CorrectValue="integration" InitValue="" Example=""/>
               </td>
               <td class=" middle">
                  <GapFill id="d1e259" CorrectValue="employment" InitValue="" Example=""/>
               </td>
               <td class=" middle">
                  <GapFill id="d1e2510" CorrectValue="industry" InitValue="" Example=""/>
               </td>
               <td class=" middle"> </td>
            </tr>
         </table>
      </div>
      <div class="row">
         <div class="col-md-12">
            <img src="img/kamaradi2.jpg"/>
         </div>
      </div>
   </Ex>
   <Ex id="ex8"
       title="Complaints"
       instr="{{:~CSLocalize(null,'Below are some complaints politicians have made. A new project has been designed to address these complaints. Put the words in the correct order to show the objectives of these projects.')}}"
       tech_instr="WORD_SEQUENCING">
      <div class="row">
         <div class="col-md-12">
            <b>Complaints:</b>
            <br/>
        “The process of borrowing money is too complicated!”
        <br/>
      “The financial situation is not very good!”
      <br/>
        “There is too much crime!”
        <br/>
        “No one knows about the product range!”
        <br/>
        “The transformation is too slow!”
        <br/>
        “Our ethnic minorities don’t feel part of society!”
      </div>
      </div>
      <div>
         <table class="table table-bordered c-table">
            <tr>
               <td>
                  <MacroListWordOrdering Width="600-800" InlineType="GapFill"><![CDATA[
of|borrowing|process|money|make|the|easier|to
to make the process of borrowing money easier]]></MacroListWordOrdering>
               </td>
            </tr>
            <tr>
               <td>
                  <MacroListWordOrdering Width="600-800" InlineType="GapFill"><![CDATA[
improve|situation|financial|to|the
to improve the financial situation]]></MacroListWordOrdering>
               </td>
            </tr>
            <tr>
               <td>
                  <MacroListWordOrdering Width="600-800" InlineType="GapFill"><![CDATA[
to|amount|of|reduce|crime|the
to reduce the amount of crime]]></MacroListWordOrdering>
               </td>
            </tr>
            <tr>
               <td>
                  <MacroListWordOrdering Width="600-800" InlineType="GapFill"><![CDATA[
the|promote|product|range|to
to promote the product range]]></MacroListWordOrdering>
               </td>
            </tr>
            <tr>
               <td>
                  <MacroListWordOrdering Width="600-800" InlineType="GapFill"><![CDATA[
up|speed|the|to|transformation
to speed up the transformation]]></MacroListWordOrdering>
               </td>
            </tr>
            <tr>
               <td>
                  <MacroListWordOrdering Width="600-800" InlineType="GapFill"><![CDATA[
ethnic|integrate|society|into|minorities|to
to integrate ethnic minorities into society]]></MacroListWordOrdering>
               </td>
            </tr>
         </table>
      </div>
   </Ex>
   <Ex id="ex9"
       title="Verbs and nouns in action"
       instr="{{:~CSLocalize(null,'Complete the sentences with the correct word in the correct form.')}}"
       tech_instr="FILLING_IN">
      <div>
         <Possibilities Words="exclude|adapt|industrial|equal|decline"/>
      </div>
      <div>
         <table class="table table-bordered c-table">
            <tr>
               <td class="c-table-default middle center">
                  <b>1. </b>
               </td>
               <td class=" middle">
            Since 1990 the party’s influence has <GapFill id="d1e25" CorrectValue="declined" InitValue="" Example=""/>.
          </td>
            </tr>
            <tr>
               <td class="c-table-default middle center">
                  <b>2. </b>
               </td>
               <td class=" middle">
            We need to <GapFill id="d1e30" CorrectValue="adapt" InitValue="" Example=""/> our plans to the new situation.
          </td>
            </tr>
            <tr>
               <td class="c-table-default middle center">
                  <b>3. </b>
               </td>
               <td class=" middle">
                  <GapFill id="d1e303" CorrectValue="Equality" InitValue="" Example=""/> between men and women is our aim.
          </td>
            </tr>
            <tr>
               <td class="c-table-default middle center">
                  <b>4. </b>
               </td>
               <td class=" middle">
            Rural areas with very little <GapFill id="d1e304" CorrectValue="industry" InitValue="" Example=""/> need more factories.
          </td>
            </tr>
            <tr>
               <td class="c-table-default middle center">
                  <b>5. </b>
               </td>
               <td class=" middle">
            This is not a good law. It will only mean further <GapFill id="d1e305" CorrectValue="exclusion" InitValue="" Example=""/> of ethnic minorities.
          </td>
            </tr>
         </table>
      </div>
      <div class="row">
         <div class="col-md-3">
            <img src="img/happy.jpg"/>
         </div>
         <div class="col-md-3">
            <img src="img/miminko.jpg"/>
         </div>
      </div>
   </Ex>
</Module>
