﻿<?xml version="1.0" encoding="utf-8"?>
<Page id="hufex2_l08_d03">
  <p>
    <a href="http://www.langmaster.cz/comcz/French2/l08/d/hufex2_l08_d03.htm">/French2/l08/d/hufex2_l08_d03.htm</a>
    <br />
    <a href="http://www.langmaster.cz/comcz/French2/l08/d/home.htm">
                            cvičení 3</a>
  </p>
  <DragSource />
  <div>
    <img src="/schools/eaimgmp3/french2/img/homestudy/lesson08/page160/1608h0046.jpg" />
  </div>
  <div>
    <ListGroup IsStriped="true">
      <Noop>
          Elles sont belles! Tu les as achetées où? - Aux Puces<br /><DragTarget id="g246" Width="200" CorrectValue="les tasses" /></Noop>
      <Noop>
        Tiens! Salut! Qu’est-ce que tu deviens? - Il y a longtemps que je ne t’ai pas vue!<br /><DragTarget id="g694" Width="200" CorrectValue="une amie" /></Noop>
      <Noop>
        Zut! Je les ai oubliées sur mon bureau. – Comment on va faire pour rentrer à la maison?<br /><DragTarget id="g695" Width="200" CorrectValue="les clés" /></Noop>
      <Noop>
        Tu me le donnes pour faire les mots croisés? – Non, je ne l’ai pas encore lu.<br /><DragTarget id="g696" Width="200" CorrectValue="le journal" /></Noop>
      <Noop>
          Elle est encore rentrée tard hier soir! – Ah oui? J’ai bien dormi. Je ne l’ai pas entendue.<br /><DragTarget id="g697" Width="200" CorrectValue="leur fille" /></Noop>
      <Noop>
          Tu dis qu’elle a disparu? – Oui, je l’ai prise pour aller faire les courses et... j’ai oublié de fermer l’antivol.<br /><DragTarget id="g698" Width="200" CorrectValue="la bicyclette" /></Noop>
      <Noop>
        Tu les a trouvés? – Non, pourtant je les ai mis dans mon sac avant de partir. J’en suis sûr!<br /><DragTarget id="g699" Width="200" CorrectValue="les passeports" /></Noop>
      <Noop>
          Tu l’as reçue seulement ce matin! – Oui, tu sais bien qu’il y avait une grève.<br /><DragTarget id="g700" Width="200" CorrectValue="la lettre" /></Noop>
      <Noop>
        On vous a vus hier après-midi au zoo. – Au zoo! Ce n’est pas possible, nous étions à la maison.<br /><DragTarget id="g701" Width="200" CorrectValue="les voisins" /></Noop>
    </ListGroup>
  </div>
  <info title="Devinettes" instrTitle="De qui ou quoi peuvent-ils parler? Reliez les expressions suivantes aux pronoms compléments qui correspondent." instrs="FILLING_IN_FROM_A_LIST" />
</Page>