﻿<?xml version="1.0" encoding="utf-8"?>
<Page id="hufex2_l08_d07">
  <p>
    <a href="http://www.langmaster.cz/comcz/French2/l08/d/hufex2_l08_d07.htm">/French2/l08/d/hufex2_l08_d07.htm</a>
    <br />
    <a href="http://www.langmaster.cz/comcz/French2/l08/d/home.htm">
                            cvičení 7</a>
  </p>
  <div class="row">
    <div class="col-md-4 ">
      <img src="/schools/eaimgmp3/french2/img/homestudy/lesson08/page163/1620h0051.gif" />
    </div>
    <div class="col-md-8 ">
      <Pairing id="E65">
        <PairingItem>propre<Right>sale</Right></PairingItem>
        <PairingItem>naturel<Right>pollué</Right></PairingItem>
        <PairingItem>gai<Right>triste</Right></PairingItem>
        <PairingItem>vivant<Right>mort</Right></PairingItem>
        <PairingItem>dynamique<Right>apathique</Right></PairingItem>
        <PairingItem>calme<Right>bruyant</Right></PairingItem>
        <PairingItem>tendre<Right>cruel</Right></PairingItem>
      </Pairing>
    </div>
  </div>
  <info title="La publicité" instrTitle="Observez la publicité. Etes-vous d’accord avec le slogan? Reliez chaque adjectif à son contraire." instrs="PAIRING" />
</Page>