﻿<?xml version="1.0" encoding="utf-8"?>
<Page id="hufex2_l08_d10">
  <p>
    <a href="http://www.langmaster.cz/comcz/French2/l08/d/hufex2_l08_d10.htm">/French2/l08/d/hufex2_l08_d10.htm</a>
    <br />
    <a href="http://www.langmaster.cz/comcz/French2/l08/d/home.htm">
                            cvičení 10</a>
  </p>
  <div>
    <img src="/schools/eaimgmp3/french2/img/vocabulary/lesson08/page95/0087h0115.jpg" />
  </div>
  <div>
    <table class="table table-bordered c-table">
      <tr>
        <td class=" middle">
          <b>habitable</b>
        </td>
        <td class=" middle">habiter</td>
        <td class=" middle">
          <b>vivable</b>
        </td>
        <td class=" middle">
          <GapFill id="g160" Width="200" CorrectValue="vivre" InitValue="" />
        </td>
      </tr>
      <tr>
        <td class=" middle">
          <b>utilisable</b>
        </td>
        <td class=" middle">
          <GapFill id="g164" Width="200" CorrectValue="utiliser" InitValue="" />
        </td>
        <td class=" middle">
          <b>souhaitable</b>
        </td>
        <td class=" middle">
          <GapFill id="g167" Width="200" CorrectValue="souhaiter" InitValue="" />
        </td>
      </tr>
      <tr>
        <td class=" middle">
          <b>louable</b>
        </td>
        <td class=" middle">
          <GapFill id="g171" Width="200" CorrectValue="louer" InitValue="" />
        </td>
        <td class=" middle">
          <b>buvable</b>
        </td>
        <td class=" middle">
          <GapFill id="g174" Width="200" CorrectValue="boire" InitValue="" />
        </td>
      </tr>
      <tr>
        <td class=" middle">
          <b>recyclable</b>
        </td>
        <td class=" middle">
          <GapFill id="g178" Width="200" CorrectValue="recycler" InitValue="" />
        </td>
        <td class=" middle">
          <b>mangeable</b>
        </td>
        <td class=" middle">
          <GapFill id="g181" Width="200" CorrectValue="manger" InitValue="" />
        </td>
      </tr>
      <tr>
        <td class=" middle">
          <b>recommandable</b>
        </td>
        <td class=" middle">
          <GapFill id="g185" Width="200" CorrectValue="recommander" InitValue="" />
        </td>
        <td class=" middle">
          <b>aimable</b>
        </td>
        <td class=" middle">
          <GapFill id="g188" Width="200" CorrectValue="aimer" InitValue="" />
        </td>
      </tr>
    </table>
  </div>
  <info title="Formation des mots" instrTitle="Voici une liste d’adjectifs. Formez les verbes selon le modèle." instrs="FILLING_IN" />
</Page>