﻿<?xml version="1.0" encoding="utf-8"?>
<Page id="hufex1_l08_b01">
  <p>
    <a href="http://www.langmaster.cz/comcz/French1/l08/b/hufex1_l08_b01.htm">/French1/l08/b/hufex1_l08_b01.htm</a>
    <br />
    <a href="http://www.langmaster.cz/comcz/French1/l08/b/home.htm">
                            cvičení 1</a>
  </p>
  <div class="row">
    <div class="col-md-2 ">
      <img src="/schools/eaimgmp3/french1/img/coursebook/lesson08/page70/1022h0052.gif" />
    </div>
    <div class="col-md-10 ">
      <Pairing id="E65">
        <PairingItem>Elle a quel âge?<Right>Elle a 21 ans.</Right></PairingItem>
        <PairingItem>Elle vient de quel pays?<Right>Elle vient des Etats-Unis.</Right></PairingItem>
        <PairingItem>Quelle est sa profession?<Right>Elle est jeune fille au pair.</Right></PairingItem>
        <PairingItem>Dans quel pays vit-elle?<Right>Elle vit en Allemagne.</Right></PairingItem>
        <PairingItem>De quelle ville est-ce qu’elle vient exactement?<Right>Elle vient de Houston.</Right></PairingItem>
      </Pairing>
    </div>
  </div>
  <div class="col-md-5">
    <div class="panel panel-info">
      <div class="panel-heading">
        <h3>Questions avec quel</h3>
      </div>
      <div class="panel-body">
        <p>
          <b>Quel type</b> d’hébergement avez-vous choisi?<br />
          Et pour l’année prochaine, <b>quels</b> sont vos <b>projets</b>?<br /><b>Quelle</b> est la <b>nationalité</b> de Jean?<br /><b>Quelles langues</b> parlez-vous?
        </p>
      </div>
    </div>
  </div>
  <info title="Elle a quel âge?" instrTitle="{{Ahtmltitle}}" instrs="PAIRING" />
</Page>