﻿<?xml version="1.0" encoding="utf-8"?>
<Page id="hufex1_l08_b02">
  <p>
    <a href="http://www.langmaster.cz/comcz/French1/l08/b/hufex1_l08_b02.htm">/French1/l08/b/hufex1_l08_b02.htm</a>
    <br />
    <a href="http://www.langmaster.cz/comcz/French1/l08/b/home.htm">
                            cvičení 2</a>
  </p>
  <div class="row">
    <div class="col-md-2 ">
      <img src="/schools/eaimgmp3/french1/img/coursebook/lesson08/page70/0684h0273.gif" />
    </div>
    <div class="col-md-10 ">
      <div>
        <table class="table c-table">
          <tr>
            <td>
              <b>{{Ttrans}}</b>
              <br />
                Helen vient d’Angleterre.<br /><GapFill id="g283" Width="200" CorrectValue="De quel pays vient Helen?" InitValue="De quel pays vient Helen?" /></td>
          </tr>
        </table>
      </div>
      <table class="table table-bordered c-table">
        <tr>
          <td class=" middle">
              Ils ont appris l’allemand et l’anglais.Ils ont appris <br /><GapFill id="g383" Width="200" CorrectValue="quelles langues" InitValue="" />?
            </td>
        </tr>
        <tr>
          <td class=" middle">
              Nous avons vécu en Autriche pendant cinq ans.Vous avez vécu <br /><GapFill id="g481" Width="200" CorrectValue="dans quel pays" InitValue="" />?
            </td>
        </tr>
        <tr>
          <td class=" middle">
              Je viens de Dijon.Tu viens <br /><GapFill id="g581" Width="200" CorrectValue="de quelle ville" InitValue="" />?
            </td>
        </tr>
        <tr>
          <td class=" middle">
              Elle a fêté ses vingt ans la semaine dernière.Elle a <br /><GapFill id="g704" Width="200" CorrectValue="quel âge" InitValue="" />?
            </td>
        </tr>
        <tr>
          <td class=" middle">
              J’adore les romans policiers.<br /><GapFill id="g809" Width="200" CorrectValue="Quels livres" InitValue="" /> est-ce que tu aimes?
            </td>
        </tr>
        <tr>
          <td class=" middle">
              Pierre et Gérard font du squash.<br /><GapFill id="g907" Width="200" CorrectValue="Quel sport" InitValue="" /> font Pierre et Gérard?
            </td>
        </tr>
      </table>
    </div>
  </div>
  <div class="col-md-6">
    <div class="panel panel-info">
      <div class="panel-heading">
        <h3>Quel?</h3>
      </div>
      <div class="panel-body">
        <table class="table c-table">
          <tr>
            <td>
              <p>
                <b>
                  Quel ...?<br />
                  Quels ...?<br />
                  Quelle ...?<br />
                  Quelles ...?
                </b>
              </p>
            </td>
            <td>
              <p>
                Quel sport?<br />
                Quels hôtels?<br />
                Quelle croisière?<br />
                Quelles activités?
              </p>
            </td>
            <td>
              <p>
                {{Ttrans1}}
                <br />
                {{Ttrans2}}
                <br />
                {{Ttrans3}}
                <br />
                {{Ttrans4}}
              </p>
            </td>
          </tr>
        </table>
      </div>
    </div>
  </div>
  <info title="Questions avec «quel»" instrTitle="{{Ahtmltitle}}" instrs="FILLING_IN" />
</Page>