﻿<?xml version="1.0" encoding="utf-8"?>
<Page id="hufex1_l08_b03">
  <p>
    <a href="http://www.langmaster.cz/comcz/French1/l08/b/hufex1_l08_b03.htm">/French1/l08/b/hufex1_l08_b03.htm</a>
    <br />
    <a href="http://www.langmaster.cz/comcz/French1/l08/b/home.htm">
                            cvičení 3</a>
  </p>
  <div>
    <img src="/schools/eaimgmp3/french1/img/coursebook/lesson08/page70/karta.gif" />
  </div>
  <div>
    <div>
      <table class="table c-table">
        <tr>
          <td>
            <b>
                {{Ttrans}}
              </b>
            <br />
              nom<br /><GapFill id="g200" Width="200" CorrectValue="Quel est votre nom?" InitValue="Quel est votre nom?" /></td>
        </tr>
      </table>
    </div>
    <table class="table table-bordered c-table">
      <tr>
        <td class=" middle">
            prénom<br /><GapFill id="g298" Width="200" CorrectValue="Quel est votre prénom?" InitValue="" /></td>
      </tr>
      <tr>
        <td class=" middle">
            téléphone<br /><GapFill id="g396" Width="200" CorrectValue="Quel est votre numéro de téléphone?" InitValue="" /></td>
      </tr>
      <tr>
        <td class=" middle">
            adresse<br /><GapFill id="g494" Width="200" CorrectValue="Quelle est votre adresse?" InitValue="" /></td>
      </tr>
      <tr>
        <td class=" middle">
            nationalité<br /><GapFill id="g592" Width="200" CorrectValue="Quelle est votre nationalité?" InitValue="" /></td>
      </tr>
    </table>
  </div>
  <info title="Une fiche" instrTitle="{{Ahtmltitle}}" instrs="FILLING_IN" />
</Page>