﻿<?xml version="1.0" encoding="utf-8"?>
<Page id="hufex1_l08_b04">
  <p>
    <a href="http://www.langmaster.cz/comcz/French1/l08/b/hufex1_l08_b04.htm">/French1/l08/b/hufex1_l08_b04.htm</a>
    <br />
    <a href="http://www.langmaster.cz/comcz/French1/l08/b/home.htm">
                            cvičení 4</a>
  </p>
  <img src="/schools/eaimgmp3/french1/img/vocabulary/lesson08/page77/flohmarkt_frei.gif" />
  <table class="table table-bordered c-table">
    <tr>
      <td class="c-table-default middle">profession</td>
      <td>
        <WordSelection id="ce384" CorrectValue="0" Words="quel|quels|#quelle|quelles" />
      </td>
    </tr>
    <tr>
      <td class="c-table-default middle">copains</td>
      <td>
        <WordSelection id="ce299" CorrectValue="0" Words="quel|#quels|quelle|quelles" />
      </td>
    </tr>
    <tr>
      <td class="c-table-default middle">pays</td>
      <td>
        <WordSelection id="ce307" CorrectValue="0" Words="quel|#quels|quelle|quelles" />
      </td>
    </tr>
    <tr>
      <td class="c-table-default middle">langues</td>
      <td>
        <WordSelection id="ce469" CorrectValue="0" Words="quel|quels|quelle|#quelles" />
      </td>
    </tr>
    <tr>
      <td class="c-table-default middle">villages</td>
      <td>
        <WordSelection id="ce291" CorrectValue="0" Words="quel|#quels|quelle|quelles" />
      </td>
    </tr>
    <tr>
      <td class="c-table-default middle">copine</td>
      <td>
        <WordSelection id="ce376" CorrectValue="0" Words="quel|quels|#quelle|quelles" />
      </td>
    </tr>
    <tr>
      <td class="c-table-default middle">actrices</td>
      <td>
        <WordSelection id="ce477" CorrectValue="0" Words="quel|quels|quelle|#quelles" />
      </td>
    </tr>
    <tr>
      <td class="c-table-default middle">âge</td>
      <td>
        <WordSelection id="ce198" CorrectValue="0" Words="#quel|quels|quelle|quelles" />
      </td>
    </tr>
    <tr>
      <td class="c-table-default middle">nationalité</td>
      <td>
        <WordSelection id="ce392" CorrectValue="0" Words="quel|quels|#quelle|quelles" />
      </td>
    </tr>
    <tr>
      <td class="c-table-default middle">stage</td>
      <td>
        <WordSelection id="ce206" CorrectValue="0" Words="#quel|quels|quelle|quelles" />
      </td>
    </tr>
    <tr>
      <td class="c-table-default middle">pays</td>
      <td>
        <WordSelection id="ce214" CorrectValue="0" Words="#quel|quels|quelle|quelles" />
      </td>
    </tr>
    <tr>
      <td class="c-table-default middle">sports</td>
      <td>
        <WordSelection id="ce283" CorrectValue="0" Words="quel|#quels|quelle|quelles" />
      </td>
    </tr>
    <tr>
      <td class="c-table-default middle">villes</td>
      <td>
        <WordSelection id="ce461" CorrectValue="0" Words="quel|quels|quelle|#quelles" />
      </td>
    </tr>
  </table>
  <info title="Quel ou quels?" instrTitle="{{Ahtmltitle}}" instrs="SORTING_INTO_GROUPS_DRAG_AND_DROP" />
</Page>