﻿<?xml version="1.0" encoding="utf-8"?>
<Page id="hufex1_l08_b05">
  <p>
    <a href="http://www.langmaster.cz/comcz/French1/l08/b/hufex1_l08_b05.htm">/French1/l08/b/hufex1_l08_b05.htm</a>
    <br />
    <a href="http://www.langmaster.cz/comcz/French1/l08/b/home.htm">
                            cvičení 5</a>
  </p>
  <div class="row">
    <div class="col-md-3 ">
      <img src="/schools/eaimgmp3/french1/img/homestudy/lesson08/page134/wanderer2.gif" />
    </div>
    <div class="col-md-9 ">
      <div>
        <table class="table c-table">
          <tr>
            <td>
              <b>
                  {{Ttrans}}
                </b>
              <br />
                Bibliothécaire.<br /><GapFill id="g1127" Width="200" CorrectValue="Quelle est votre profession?" InitValue="Quelle est votre profession?" /></td>
          </tr>
        </table>
      </div>
      <table class="table table-bordered c-table">
        <tr>
          <td class=" middle">
              36 ans.<br /><GapFill id="g1029" Width="200" CorrectValue="Quel âge avez-vous?" InitValue="" /></td>
        </tr>
        <tr>
          <td class=" middle">
              Dans le Marais.<br /><GapFill id="g200" Width="200" CorrectValue="Dans quel quartier de Paris habitez-vous?|Dans quel quartier habitez-vous?|Dans quel quartier de Paris vous habitez?|Dans quel quartier vous habitez?" InitValue="" /></td>
        </tr>
        <tr>
          <td class=" middle">
              18, rue des Jasmins.<br /><GapFill id="g315" Width="200" CorrectValue="Quelle est votre adresse?" InitValue="" /></td>
        </tr>
        <tr>
          <td class=" middle">
              C’est le 04 92 78 25 76.<br /><GapFill id="g413" Width="200" CorrectValue="Quel est votre numéro de téléphone?" InitValue="" /></td>
        </tr>
        <tr>
          <td class=" middle">
              Le bleu. (préférée)<br /><GapFill id="g511" Width="200" CorrectValue="Quelle est votre couleur préférée?" InitValue="" /></td>
        </tr>
        <tr>
          <td class=" middle">
              Le portugais et l’italien. (parler)<br /><GapFill id="g609" Width="200" CorrectValue="Quelles langues étrangères parlez-vous?|Quelles langues étrangères vous parlez?" InitValue="" /></td>
        </tr>
        <tr>
          <td class=" middle">
              Venise et Rome. (connaître)<br /><GapFill id="g714" Width="200" CorrectValue="Quelles villes italiennes connaissez-vous?|Quelles villes italiennes vous connaissez?" InitValue="" /></td>
        </tr>
        <tr>
          <td class=" middle">
              Surtout les films de science-fiction. (aimer)<br /><GapFill id="g819" Width="200" CorrectValue="Quels films aimez-vous?|Quels films vous aimez?" InitValue="" /></td>
        </tr>
        <tr>
          <td class=" middle">
              Du parapente et de la randonnée. (faire)<br /><GapFill id="g924" Width="200" CorrectValue="Quels sports faites-vous?|Quels sports vous faites?" InitValue="" /></td>
        </tr>
      </table>
    </div>
  </div>
  <info title="Précisions" instrTitle="{{Ahtmltitle}}" instrs="FILLING_IN" />
</Page>