﻿<?xml version="1.0" encoding="utf-8"?>
<Page id="hufex1_l08_b06">
  <p>
    <a href="http://www.langmaster.cz/comcz/French1/l08/b/hufex1_l08_b06.htm">/French1/l08/b/hufex1_l08_b06.htm</a>
    <br />
    <a href="http://www.langmaster.cz/comcz/French1/l08/b/home.htm">
                            cvičení 6</a>
  </p>
  <div class="row">
    <div class="col-md-3 ">
      <img src="/schools/eaimgmp3/french1/img/vocabulary/lesson08/page76/c889h0008.jpg" />
    </div>
    <div class="col-md-3 ">
      <img src="/schools/eaimgmp3/french1/img/vocabulary/lesson08/page76/1692h0073.jpg" />
    </div>
  </div>
  <div>
    <Pairing id="E112">
      <PairingItem>commencer<Right>finir</Right></PairingItem>
      <PairingItem>la naissance<Right>la mort</Right></PairingItem>
      <PairingItem>la ville<Right>la campagne</Right></PairingItem>
      <PairingItem>petit<Right>grand</Right></PairingItem>
      <PairingItem>dernier<Right>premier</Right></PairingItem>
      <PairingItem>l’année dernière<Right>l’année prochaine</Right></PairingItem>
      <PairingItem>il fait chaud<Right>il fait froid</Right></PairingItem>
    </Pairing>
  </div>
  <info title="Les contraires" instrTitle="{{Ahtmltitle}}" instrs="PAIRING" />
</Page>