﻿<?xml version="1.0" encoding="utf-8"?>
<Page id="hufex1_l08_b09">
  <p>
    <a href="http://www.langmaster.cz/comcz/French1/l08/b/hufex1_l08_b09.htm">/French1/l08/b/hufex1_l08_b09.htm</a>
    <br />
    <a href="http://www.langmaster.cz/comcz/French1/l08/b/home.htm">
                            cvičení 9</a>
  </p>
  <img src="/schools/eaimgmp3/french1/img/vocabulary/lesson08/page79/p243_london_naturalhistorymuseum14.jpg" />
  <table class="table table-bordered c-table">
    <tr>
      <td class="c-table-default middle">se détendre</td>
      <td>
        <WordSelection id="ce198" CorrectValue="0" Words="#à la campagne|en ville|dans un pays étranger" />
      </td>
    </tr>
    <tr>
      <td class="c-table-default middle">aller au cinéma</td>
      <td>
        <WordSelection id="ce283" CorrectValue="0" Words="à la campagne|#en ville|dans un pays étranger" />
      </td>
    </tr>
    <tr>
      <td class="c-table-default middle">aimer l’aventure</td>
      <td>
        <WordSelection id="ce384" CorrectValue="0" Words="à la campagne|en ville|#dans un pays étranger" />
      </td>
    </tr>
    <tr>
      <td class="c-table-default middle">visiter des musées</td>
      <td>
        <WordSelection id="ce299" CorrectValue="0" Words="à la campagne|#en ville|dans un pays étranger" />
      </td>
    </tr>
    <tr>
      <td class="c-table-default middle">aimer le calme</td>
      <td>
        <WordSelection id="ce206" CorrectValue="0" Words="#à la campagne|en ville|dans un pays étranger" />
      </td>
    </tr>
    <tr>
      <td class="c-table-default middle">apprendre une langue</td>
      <td>
        <WordSelection id="ce368" CorrectValue="0" Words="à la campagne|en ville|#dans un pays étranger" />
      </td>
    </tr>
    <tr>
      <td class="c-table-default middle">faire des randonnées</td>
      <td>
        <WordSelection id="ce214" CorrectValue="0" Words="#à la campagne|en ville|dans un pays étranger" />
      </td>
    </tr>
    <tr>
      <td class="c-table-default middle">découvrir une autre culture</td>
      <td>
        <WordSelection id="ce376" CorrectValue="0" Words="à la campagne|en ville|#dans un pays étranger" />
      </td>
    </tr>
    <tr>
      <td class="c-table-default middle">marcher dans les rues</td>
      <td>
        <WordSelection id="ce291" CorrectValue="0" Words="à la campagne|#en ville|dans un pays étranger" />
      </td>
    </tr>
  </table>
  <info title="Quel style de vacances?" instrTitle="{{Ahtmltitle}}" instrs="SORTING_INTO_GROUPS_DRAG_AND_DROP" />
</Page>