﻿<?xml version="1.0" encoding="utf-8"?>
<Module title="Chapitre B">
   <Ex id="hufex1_l08_b01"
       title="Elle a quel âge?"
       instr="{{Ahtmltitle}}"
       tech_instr="PAIRING">
      <p>
         <a target="_blank"
            href="http://www.langmaster.cz/comcz/French1/l08/b/hufex1_l08_b01.htm">/French1/l08/b/hufex1_l08_b01.htm</a>
         <br/>
         <a target="_blank"
            href="http://www.langmaster.cz/comcz/French1/l08/b/home.htm">
                            cvičení 1</a>
      </p>
      <div class="row">
         <div class="col-md-2 ">
            <img src="/schools/eaimgmp3/french1/img/coursebook/lesson08/page70/1022h0052.gif"/>
         </div>
         <div class="col-md-10 ">
            <Pairing id="E65">
               <PairingItem>Elle a quel âge?<Right>Elle a 21 ans.</Right>
               </PairingItem>
               <PairingItem>Elle vient de quel pays?<Right>Elle vient des Etats-Unis.</Right>
               </PairingItem>
               <PairingItem>Quelle est sa profession?<Right>Elle est jeune fille au pair.</Right>
               </PairingItem>
               <PairingItem>Dans quel pays vit-elle?<Right>Elle vit en Allemagne.</Right>
               </PairingItem>
               <PairingItem>De quelle ville est-ce qu’elle vient exactement?<Right>Elle vient de Houston.</Right>
               </PairingItem>
            </Pairing>
         </div>
      </div>
      <div class="col-md-6">
         <div class="panel panel-info">
            <div class="panel-heading">
               <h3>Questions avec quel</h3>
            </div>
            <div class="panel-body">
               <p>
                  <b>Quel type</b> d’hébergement avez-vous choisi?<br/>
          Et pour l’année prochaine, <b>quels</b> sont vos <b>projets</b>?<br/>
                  <b>Quelle</b> est la <b>nationalité</b> de Jean?<br/>
                  <b>Quelles langues</b> parlez-vous?
        </p>
            </div>
         </div>
      </div>
   </Ex>
   <Ex id="hufex1_l08_b02"
       title="Questions avec «quel»"
       instr="{{Ahtmltitle}}"
       tech_instr="FILLING_IN">
      <p>
         <a target="_blank"
            href="http://www.langmaster.cz/comcz/French1/l08/b/hufex1_l08_b02.htm">/French1/l08/b/hufex1_l08_b02.htm</a>
         <br/>
         <a target="_blank"
            href="http://www.langmaster.cz/comcz/French1/l08/b/home.htm">
                            cvičení 2</a>
      </p>
      <div class="row">
         <div class="col-md-2 ">
            <img src="/schools/eaimgmp3/french1/img/coursebook/lesson08/page70/0684h0273.gif"/>
         </div>
         <div class="col-md-10 ">
            <div>
               <table class="table c-table">
                  <tr>
                     <td>
                        <b>{{Ttrans}}</b>
                        <br/>
                Helen vient d’Angleterre.<br/>
                        <GapFill id="g283"
                                 CorrectValue="De quel pays vient Helen?"
                                 InitValue="De quel pays vient Helen?"
                                 Example="true"
                                 Width="200"/>
                     </td>
                  </tr>
               </table>
            </div>
            <table class="table table-bordered c-table">
               <tr>
                  <td class=" middle">
              Ils ont appris l’allemand et l’anglais.Ils ont appris <br/>
                     <GapFill id="g383" CorrectValue="quelles langues" Width="200"/>?
            </td>
               </tr>
               <tr>
                  <td class=" middle">
              Nous avons vécu en Autriche pendant cinq ans.Vous avez vécu <br/>
                     <GapFill id="g481" CorrectValue="dans quel pays" Width="200"/>?
            </td>
               </tr>
               <tr>
                  <td class=" middle">
              Je viens de Dijon.Tu viens <br/>
                     <GapFill id="g581" CorrectValue="de quelle ville" Width="200"/>?
            </td>
               </tr>
               <tr>
                  <td class=" middle">
              Elle a fêté ses vingt ans la semaine dernière.Elle a <br/>
                     <GapFill id="g704" CorrectValue="quel âge" Width="200"/>?
            </td>
               </tr>
               <tr>
                  <td class=" middle">
              J’adore les romans policiers.<br/>
                     <GapFill id="g809" CorrectValue="Quels livres" Width="200"/> est-ce que tu aimes?
            </td>
               </tr>
               <tr>
                  <td class=" middle">
              Pierre et Gérard font du squash.<br/>
                     <GapFill id="g907" CorrectValue="Quel sport" Width="200"/> font Pierre et Gérard?
            </td>
               </tr>
            </table>
         </div>
      </div>
      <div class="col-md-7">
         <div class="panel panel-info">
            <div class="panel-heading">
               <h3>Quel?</h3>
            </div>
            <div class="panel-body">
               <table class="table c-table">
                  <tr>
                     <td>
                        <p>
                           <b>
                  Quel ...?<br/>
                  Quels ...?<br/>
                  Quelle ...?<br/>
                  Quelles ...?
                </b>
                        </p>
                     </td>
                     <td>
                        <p>
                Quel sport?<br/>
                Quels hôtels?<br/>
                Quelle croisière?<br/>
                Quelles activités?
              </p>
                     </td>
                     <td>
                        <p>
                {{Ttrans1}}
                <br/>
                {{Ttrans2}}
                <br/>
                {{Ttrans3}}
                <br/>
                {{Ttrans4}}
              </p>
                     </td>
                  </tr>
               </table>
            </div>
         </div>
      </div>
   </Ex>
   <Ex id="hufex1_l08_b03"
       title="Une fiche"
       instr="{{Ahtmltitle}}"
       tech_instr="FILLING_IN">
      <p>
         <a target="_blank"
            href="http://www.langmaster.cz/comcz/French1/l08/b/hufex1_l08_b03.htm">/French1/l08/b/hufex1_l08_b03.htm</a>
         <br/>
         <a target="_blank"
            href="http://www.langmaster.cz/comcz/French1/l08/b/home.htm">
                            cvičení 3</a>
      </p>
      <div>
         <img src="/schools/eaimgmp3/french1/img/coursebook/lesson08/page70/karta.gif"/>
      </div>
      <div>
         <div>
            <table class="table c-table">
               <tr>
                  <td>
                     <b>
                {{Ttrans}}
              </b>
                     <br/>
              nom<br/>
                     <GapFill id="g200"
                              CorrectValue="Quel est votre nom?"
                              InitValue="Quel est votre nom?"
                              Example="true"
                              Width="200"/>
                  </td>
               </tr>
            </table>
         </div>
         <table class="table table-bordered c-table">
            <tr>
               <td class=" middle">
            prénom<br/>
                  <GapFill id="g298" CorrectValue="Quel est votre prénom?" Width="200"/>
               </td>
            </tr>
            <tr>
               <td class=" middle">
            téléphone<br/>
                  <GapFill id="g396"
                           CorrectValue="Quel est votre numéro de téléphone?"
                           Width="200"/>
               </td>
            </tr>
            <tr>
               <td class=" middle">
            adresse<br/>
                  <GapFill id="g494" CorrectValue="Quelle est votre adresse?" Width="200"/>
               </td>
            </tr>
            <tr>
               <td class=" middle">
            nationalité<br/>
                  <GapFill id="g592" CorrectValue="Quelle est votre nationalité?" Width="200"/>
               </td>
            </tr>
         </table>
      </div>
   </Ex>
   <Ex id="hufex1_l08_b04"
       title="Quel ou quels?"
       instr="{{Ahtmltitle}}"
       tech_instr="SORTING_INTO_GROUPS_DRAG_AND_DROP">
      <p>
         <a target="_blank"
            href="http://www.langmaster.cz/comcz/French1/l08/b/hufex1_l08_b04.htm">/French1/l08/b/hufex1_l08_b04.htm</a>
         <br/>
         <a target="_blank"
            href="http://www.langmaster.cz/comcz/French1/l08/b/home.htm">
                            cvičení 4</a>
      </p>
      <div>
         <img src="/schools/eaimgmp3/french1/img/vocabulary/lesson08/page77/flohmarkt_frei.gif"/>
      </div>
      <table class="table table-bordered c-table">
         <tr>
            <td class="c-table-default middle">stage</td>
            <td>
               <WordSelection id="ce206" Words="#quel|quels|quelle|quelles"/>
            </td>
         </tr>
         <tr>
            <td class="c-table-default middle">âge</td>
            <td>
               <WordSelection id="ce198" Words="#quel|quels|quelle|quelles"/>
            </td>
         </tr>
         <tr>
            <td class="c-table-default middle">nationalité</td>
            <td>
               <WordSelection id="ce392" Words="quel|quels|#quelle|quelles"/>
            </td>
         </tr>
         <tr>
            <td class="c-table-default middle">profession</td>
            <td>
               <WordSelection id="ce384" Words="quel|quels|#quelle|quelles"/>
            </td>
         </tr>
         <tr>
            <td class="c-table-default middle">villes</td>
            <td>
               <WordSelection id="ce461" Words="quel|quels|quelle|#quelles"/>
            </td>
         </tr>
         <tr>
            <td class="c-table-default middle">sports</td>
            <td>
               <WordSelection id="ce283" Words="quel|#quels|quelle|quelles"/>
            </td>
         </tr>
         <tr>
            <td class="c-table-default middle">langues</td>
            <td>
               <WordSelection id="ce469" Words="quel|quels|quelle|#quelles"/>
            </td>
         </tr>
         <tr>
            <td class="c-table-default middle">copine</td>
            <td>
               <WordSelection id="ce376" Words="quel|quels|#quelle|quelles"/>
            </td>
         </tr>
         <tr>
            <td class="c-table-default middle">pays</td>
            <td>
               <WordSelection id="ce214" Words="#quel|quels|quelle|quelles"/>
            </td>
         </tr>
         <tr>
            <td class="c-table-default middle">pays</td>
            <td>
               <WordSelection id="ce307" Words="quel|#quels|quelle|quelles"/>
            </td>
         </tr>
         <tr>
            <td class="c-table-default middle">villages</td>
            <td>
               <WordSelection id="ce291" Words="quel|#quels|quelle|quelles"/>
            </td>
         </tr>
         <tr>
            <td class="c-table-default middle">actrices</td>
            <td>
               <WordSelection id="ce477" Words="quel|quels|quelle|#quelles"/>
            </td>
         </tr>
         <tr>
            <td class="c-table-default middle">copains</td>
            <td>
               <WordSelection id="ce299" Words="quel|#quels|quelle|quelles"/>
            </td>
         </tr>
      </table>
   </Ex>
   <Ex id="hufex1_l08_b05"
       title="Précisions"
       instr="{{Ahtmltitle}}"
       tech_instr="FILLING_IN">
      <p>
         <a target="_blank"
            href="http://www.langmaster.cz/comcz/French1/l08/b/hufex1_l08_b05.htm">/French1/l08/b/hufex1_l08_b05.htm</a>
         <br/>
         <a target="_blank"
            href="http://www.langmaster.cz/comcz/French1/l08/b/home.htm">
                            cvičení 5</a>
      </p>
      <div class="row">
         <div class="col-md-3 ">
            <img src="/schools/eaimgmp3/french1/img/homestudy/lesson08/page134/wanderer2.gif"/>
         </div>
         <div class="col-md-9 ">
            <div>
               <table class="table c-table">
                  <tr>
                     <td>
                        <b>
                  {{Ttrans}}
                </b>
                        <br/>
                Bibliothécaire.<br/>
                        <GapFill id="g1127"
                                 CorrectValue="Quelle est votre profession?"
                                 InitValue="Quelle est votre profession?"
                                 Example="true"
                                 Width="200"/>
                     </td>
                  </tr>
               </table>
            </div>
            <table class="table table-bordered c-table">
               <tr>
                  <td class=" middle">
              36 ans.<br/>
                     <GapFill id="g1029" CorrectValue="Quel âge avez-vous?" Width="200"/>
                  </td>
               </tr>
               <tr>
                  <td class=" middle">
              Dans le Marais.<br/>
                     <GapFill id="g200"
                              CorrectValue="Dans quel quartier de Paris habitez-vous?|Dans quel quartier habitez-vous?|Dans quel quartier de Paris vous habitez?|Dans quel quartier vous habitez?"
                              Width="200"/>
                  </td>
               </tr>
               <tr>
                  <td class=" middle">
              18, rue des Jasmins.<br/>
                     <GapFill id="g315" CorrectValue="Quelle est votre adresse?" Width="200"/>
                  </td>
               </tr>
               <tr>
                  <td class=" middle">
              C’est le 04 92 78 25 76.<br/>
                     <GapFill id="g413"
                              CorrectValue="Quel est votre numéro de téléphone?"
                              Width="200"/>
                  </td>
               </tr>
               <tr>
                  <td class=" middle">
              Le bleu. (préférée)<br/>
                     <GapFill id="g511"
                              CorrectValue="Quelle est votre couleur préférée?"
                              Width="200"/>
                  </td>
               </tr>
               <tr>
                  <td class=" middle">
              Le portugais et l’italien. (parler)<br/>
                     <GapFill id="g609"
                              CorrectValue="Quelles langues étrangères parlez-vous?|Quelles langues étrangères vous parlez?"
                              Width="200"/>
                  </td>
               </tr>
               <tr>
                  <td class=" middle">
              Venise et Rome. (connaître)<br/>
                     <GapFill id="g714"
                              CorrectValue="Quelles villes italiennes connaissez-vous?|Quelles villes italiennes vous connaissez?"
                              Width="200"/>
                  </td>
               </tr>
               <tr>
                  <td class=" middle">
              Surtout les films de science-fiction. (aimer)<br/>
                     <GapFill id="g819"
                              CorrectValue="Quels films aimez-vous?|Quels films vous aimez?"
                              Width="200"/>
                  </td>
               </tr>
               <tr>
                  <td class=" middle">
              Du parapente et de la randonnée. (faire)<br/>
                     <GapFill id="g924"
                              CorrectValue="Quels sports faites-vous?|Quels sports vous faites?"
                              Width="200"/>
                  </td>
               </tr>
            </table>
         </div>
      </div>
   </Ex>
   <Ex id="hufex1_l08_b06"
       title="Les contraires"
       instr="{{Ahtmltitle}}"
       tech_instr="PAIRING">
      <p>
         <a target="_blank"
            href="http://www.langmaster.cz/comcz/French1/l08/b/hufex1_l08_b06.htm">/French1/l08/b/hufex1_l08_b06.htm</a>
         <br/>
         <a target="_blank"
            href="http://www.langmaster.cz/comcz/French1/l08/b/home.htm">
                            cvičení 6</a>
      </p>
      <div class="row">
         <div class="col-md-3 ">
            <img src="/schools/eaimgmp3/french1/img/vocabulary/lesson08/page76/c889h0008.jpg"/>
         </div>
         <div class="col-md-3 ">
            <img src="/schools/eaimgmp3/french1/img/vocabulary/lesson08/page76/1692h0073.jpg"/>
         </div>
      </div>
      <div>
         <Pairing id="E112">
            <PairingItem>commencer<Right>finir</Right>
            </PairingItem>
            <PairingItem>la naissance<Right>la mort</Right>
            </PairingItem>
            <PairingItem>la ville<Right>la campagne</Right>
            </PairingItem>
            <PairingItem>petit<Right>grand</Right>
            </PairingItem>
            <PairingItem>dernier<Right>premier</Right>
            </PairingItem>
            <PairingItem>l’année dernière<Right>l’année prochaine</Right>
            </PairingItem>
            <PairingItem>il fait chaud<Right>il fait froid</Right>
            </PairingItem>
         </Pairing>
      </div>
   </Ex>
   <Ex id="hufex1_l08_b07"
       title="Vocabulaire"
       instr="{{Ahtmltitle}}"
       tech_instr="FILLING_IN">
      <p>
         <a target="_blank"
            href="http://www.langmaster.cz/comcz/French1/l08/b/hufex1_l08_b07.htm">/French1/l08/b/hufex1_l08_b07.htm</a>
         <br/>
         <a target="_blank"
            href="http://www.langmaster.cz/comcz/French1/l08/b/home.htm">
                            cvičení 7</a>
      </p>
      <div class="row">
         <div class="col-md-2 ">
            <img src="/schools/eaimgmp3/french1/img/coursebook/lesson08/page72/mussee_d_orsay.jpg"/>
         </div>
         <div class="col-md-10 ">
            <table class="table c-table">
               <tr>
                  <td class=" middle">
              {{Ttrans}}
              <br/>
                     <GapFill id="g202" CorrectValue="le thème" Width="200"/>
                  </td>
                  <td class=" middle">
              {{Ttrans1}}
              <br/>
                     <GapFill id="g302" CorrectValue="le cubisme" Width="200"/>
                  </td>
               </tr>
               <tr>
                  <td class=" middle">
              {{Ttrans2}}
              <br/>
                     <GapFill id="g402" CorrectValue="la cathédrale" Width="200"/>
                  </td>
                  <td class=" middle">
              {{Ttrans3}}
              <br/>
                     <GapFill id="g502" CorrectValue="la composition" Width="200"/>
                  </td>
               </tr>
               <tr>
                  <td class=" middle">
              {{Ttrans4}}
              <br/>
                     <GapFill id="g602" CorrectValue="l’atmosphère" Width="200"/>
                  </td>
                  <td class=" middle">
              {{Ttrans5}}
              <br/>
                     <GapFill id="g702" CorrectValue="l’interview" Width="200"/>
                  </td>
               </tr>
               <tr>
                  <td class=" middle">
              {{Ttrans6}}
              <br/>
                     <GapFill id="g802" CorrectValue="antique" Width="200"/>
                  </td>
                  <td class=" middle">
              {{Ttrans7}}
              <br/>
                     <GapFill id="g902" CorrectValue="classique" Width="200"/>
                  </td>
               </tr>
               <tr>
                  <td class=" middle">
              {{Ttrans8}}
              <br/>
                     <GapFill id="g1002" CorrectValue="lyrique" Width="200"/>
                  </td>
                  <td class=" middle">
              {{Ttrans9}}
              <br/>
                     <GapFill id="g1102" CorrectValue="baroque" Width="200"/>
                  </td>
               </tr>
               <tr>
                  <td class=" middle">
              {{Ttrans10}}
              <br/>
                     <GapFill id="g1202" CorrectValue="impressionniste" Width="200"/>
                  </td>
                  <td class=" middle">
              {{Ttrans11}}
              <br/>
                     <GapFill id="g1302" CorrectValue="inspirer" Width="200"/>
                  </td>
               </tr>
            </table>
         </div>
      </div>
   </Ex>
   <Ex id="hufex1_l08_b08"
       title="Familles de mots"
       instr="{{Ahtmltitle}}"
       tech_instr="PAIRING">
      <p>
         <a target="_blank"
            href="http://www.langmaster.cz/comcz/French1/l08/b/hufex1_l08_b08.htm">/French1/l08/b/hufex1_l08_b08.htm</a>
         <br/>
         <a target="_blank"
            href="http://www.langmaster.cz/comcz/French1/l08/b/home.htm">
                            cvičení 8</a>
      </p>
      <div class="row">
         <div class="col-md-3 ">
            <img src="/schools/eaimgmp3/french1/img/vocabulary/lesson08/page79/1831h0046.jpg"/>
         </div>
         <div class="col-md-9 ">
            <Pairing id="E65">
               <PairingItem>partir<Right>le départ</Right>
               </PairingItem>
               <PairingItem>vivre<Right>la vie</Right>
               </PairingItem>
               <PairingItem>interviewer<Right>l’interview</Right>
               </PairingItem>
               <PairingItem>mourir<Right>la mort</Right>
               </PairingItem>
               <PairingItem>rencontrer<Right>la rencontre</Right>
               </PairingItem>
               <PairingItem>étudier<Right>l’étudiant</Right>
               </PairingItem>
               <PairingItem>connaître<Right>la connaissance</Right>
               </PairingItem>
               <PairingItem>tourner un film<Right>le tournage</Right>
               </PairingItem>
               <PairingItem>naître<Right>la naissance</Right>
               </PairingItem>
               <PairingItem>le pays<Right>le paysage</Right>
               </PairingItem>
               <PairingItem>la culture<Right>culturel, le</Right>
               </PairingItem>
               <PairingItem>le charme<Right>charmant, e</Right>
               </PairingItem>
               <PairingItem>le sport<Right>sportif, -ve</Right>
               </PairingItem>
            </Pairing>
         </div>
      </div>
   </Ex>
   <Ex id="hufex1_l08_b09"
       title="Quel style de vacances?"
       instr="{{Ahtmltitle}}"
       tech_instr="SORTING_INTO_GROUPS_DRAG_AND_DROP">
      <p>
         <a target="_blank"
            href="http://www.langmaster.cz/comcz/French1/l08/b/hufex1_l08_b09.htm">/French1/l08/b/hufex1_l08_b09.htm</a>
         <br/>
         <a target="_blank"
            href="http://www.langmaster.cz/comcz/French1/l08/b/home.htm">
                            cvičení 9</a>
      </p>
      <div>
         <img src="/schools/eaimgmp3/french1/img/vocabulary/lesson08/page79/p243_london_naturalhistorymuseum14.jpg"/>
      </div>
      <table class="table table-bordered c-table">
         <tr>
            <td class="c-table-default middle">aimer le calme</td>
            <td>
               <WordSelection id="ce206" Words="#à la campagne|en ville|dans un pays étranger"/>
            </td>
         </tr>
         <tr>
            <td class="c-table-default middle">découvrir une autre culture</td>
            <td>
               <WordSelection id="ce376" Words="à la campagne|en ville|#dans un pays étranger"/>
            </td>
         </tr>
         <tr>
            <td class="c-table-default middle">aller au cinéma</td>
            <td>
               <WordSelection id="ce283" Words="à la campagne|#en ville|dans un pays étranger"/>
            </td>
         </tr>
         <tr>
            <td class="c-table-default middle">faire des randonnées</td>
            <td>
               <WordSelection id="ce214" Words="#à la campagne|en ville|dans un pays étranger"/>
            </td>
         </tr>
         <tr>
            <td class="c-table-default middle">visiter des musées</td>
            <td>
               <WordSelection id="ce299" Words="à la campagne|#en ville|dans un pays étranger"/>
            </td>
         </tr>
         <tr>
            <td class="c-table-default middle">aimer l’aventure</td>
            <td>
               <WordSelection id="ce384" Words="à la campagne|en ville|#dans un pays étranger"/>
            </td>
         </tr>
         <tr>
            <td class="c-table-default middle">marcher dans les rues</td>
            <td>
               <WordSelection id="ce291" Words="à la campagne|#en ville|dans un pays étranger"/>
            </td>
         </tr>
         <tr>
            <td class="c-table-default middle">apprendre une langue</td>
            <td>
               <WordSelection id="ce368" Words="à la campagne|en ville|#dans un pays étranger"/>
            </td>
         </tr>
         <tr>
            <td class="c-table-default middle">se détendre</td>
            <td>
               <WordSelection id="ce198" Words="#à la campagne|en ville|dans un pays étranger"/>
            </td>
         </tr>
      </table>
   </Ex>
</Module>
