﻿<?xml version="1.0" encoding="utf-8"?>
<Page id="hufex1_l05_c05">
  <p>
    <a href="http://www.langmaster.cz/comcz/French1/l05/c/hufex1_l05_c05.htm">/French1/l05/c/hufex1_l05_c05.htm</a>
    <br />
    <a href="http://www.langmaster.cz/comcz/French1/l05/c/home.htm">
                            cvičení 5</a>
  </p>
  <div class="row">
    <div class="col-md-2 ">
      <img src="/schools/eaimgmp3/french1/img/homestudy/lesson05/page118/0311h0006.jpg" />
    </div>
    <div class="col-md-10 ">
      <div>
        <table class="table c-table">
          <tr>
            <td>
              <b>
                  {{Ttrans}}
                </b>
              <br />
                Papa, on prend des bonbons? - Non, on <GapFill id="g198" Width="200" CorrectValue="ne prend pas de bonbons" InitValue="ne prend pas de bonbons" />.
              </td>
          </tr>
        </table>
      </div>
      <table class="table table-bordered c-table">
        <tr>
          <td class=" middle">Vous vendez de l’aspirine vitaminée? - Non, je <GapFill id="g250" Width="200" CorrectValue="ne vends pas d’aspirine vitaminée" InitValue="" />.
            </td>
        </tr>
        <tr>
          <td class=" middle">
              Vous avez encore des timbres? - Non, nous <GapFill id="g299" Width="200" CorrectValue="n’avons plus de timbres" InitValue="" />.
            </td>
        </tr>
        <tr>
          <td class=" middle">
              Vous faites du sport? - Non, je <GapFill id="g348" Width="200" CorrectValue="ne fais pas de sport" InitValue="" />.
            </td>
        </tr>
        <tr>
          <td class=" middle">
              Vous prenez un peu de vin? - Non merci, je <GapFill id="g397" Width="200" CorrectValue="ne prends pas de vin" InitValue="" />.
            </td>
        </tr>
        <tr>
          <td class=" middle">
              Je voudrais du pain. - Je suis désolé, mais je <GapFill id="g446" Width="200" CorrectValue="n’ai plus de pain" InitValue="" />.
            </td>
        </tr>
        <tr>
          <td class=" middle">
              On prend du champagne? - Non, on <GapFill id="g495" Width="200" CorrectValue="ne prend pas de champagne" InitValue="" />.
            </td>
        </tr>
      </table>
    </div>
  </div>
  <info title="Papa, on prend des bonbons?" instrTitle="{{Ahtmltitle}}" instrs="FILLING_IN" />
</Page>