﻿<?xml version="1.0" encoding="utf-8"?>
<Page id="hufex1_l05_c07">
  <p>
    <a href="http://www.langmaster.cz/comcz/French1/l05/c/hufex1_l05_c07.htm">/French1/l05/c/hufex1_l05_c07.htm</a>
    <br />
    <a href="http://www.langmaster.cz/comcz/French1/l05/c/home.htm">
                            cvičení 7</a>
  </p>
  <Possibilities Words="donner|habiter|faire|venir|acheter|prendre|adorer|avoir|aller|aimer|préférer|être" />
  <div>
    <img src="/schools/eaimgmp3/french1/img/homestudy/lesson05/page118/1350h0034.jpg" />
  </div>
  <div>
    <table class="table table-bordered c-table">
      <tr>
        <td class=" middle">
            Vous <GapFill id="g155" Width="200" CorrectValue="habitez" InitValue="" /> à Paris? - Moi, je <GapFill id="g156" Width="200" CorrectValue="viens" InitValue="" /> de Nice.
          </td>
      </tr>
      <tr>
        <td class=" middle">
            Elle <GapFill id="g205" Width="200" CorrectValue="achète" InitValue="" /> des tomates et des poivrons pour <GapFill id="g206" Width="200" CorrectValue="faire" InitValue="" /> une ratatouille.
          </td>
      </tr>
      <tr>
        <td class=" middle">Bonjour, Monsieur! <GapFill id="g255" Width="200" CorrectValue="Donnez" InitValue="" />-moi un peu de persil!
          </td>
      </tr>
      <tr>
        <td class=" middle">
          <GapFill id="g304" Width="200" CorrectValue="Prenez" InitValue="" /> la première rue à droite! Les Galeries Lafayette <GapFill id="g305" Width="200" CorrectValue="sont" InitValue="" /> là!
          </td>
      </tr>
      <tr>
        <td class=" middle">
            Aujourd’hui, je <GapFill id="g354" Width="200" CorrectValue="vais" InitValue="" /> au musée. Picasso, j’<GapFill id="g355" Width="200" CorrectValue="adore." InitValue="" /></td>
      </tr>
      <tr>
        <td class=" middle">
            Moi, j’<GapFill id="g404" Width="200" CorrectValue="aime" InitValue="" /> le vin rouge. Lui, il <GapFill id="g405" Width="200" CorrectValue="préfère" InitValue="" /> la bière.
          </td>
      </tr>
      <tr>
        <td class=" middle">
            Vous <GapFill id="g454" Width="200" CorrectValue="avez" InitValue="" /> «Le Monde»? - Non, j’<GapFill id="g455" Width="200" CorrectValue="ai" InitValue="" /> «Le Figaro» et «Libération».
          </td>
      </tr>
    </table>
  </div>
  <info title="La révision des verbes" instrTitle="{{Ahtmltitle}}" instrs="FILLING_IN" courseSeeAlsoStr="" />
</Page>