﻿<?xml version="1.0" encoding="utf-8"?>
<Module title="Chapitre C">
   <Ex id="hufex1_l05_c01"
       title="La bonne prononciation"
       instr="{{Ahtmltitle}}"
       tech_instr="SOUND_PLAYBACK">
      <p>
         <a target="_blank"
            href="http://www.langmaster.cz/comcz/French1/l05/c/hufex1_l05_c01.htm">/French1/l05/c/hufex1_l05_c01.htm</a>
         <br/>
         <a target="_blank"
            href="http://www.langmaster.cz/comcz/French1/l05/c/home.htm">
                            cvičení 1</a>
      </p>
      <div class="row">
         <div class="col-md-12 ">
            <MediaText id="snd0"
                       Url="/schools/eaimgmp3/french1wma/lesson05/hufex1_l05_c01.mp3"
                       Sequence="0"/>
            <br/>
            <MediaText id="snd1" Sequence="1" ContinueOf="snd0"/>
            <br/>
            <MediaText id="snd2" Sequence="2" ContinueOf="snd1"/>
            <br/>
            <MediaText id="snd3" Sequence="3" ContinueOf="snd2"/>
         </div>
      </div>
      <div class="row">
         <div class="col-md-2 ">
            <img src="/schools/eaimgmp3/french1/img/coursebook/lesson05/page42/mann_mit_blauenhaar.gif"/>
         </div>
         <div class="col-md-10 ">
            <div class="panel panel-info">
               <div class="panel-body">
                  <table class="table c-table">
                     <tr>
                        <td colspan="3">
                           <b>Attention !</b>
                        </td>
                     </tr>
                     <tr>
                        <td>
                [<span class="text-warning">«</span>]
              </td>
                        <td/>
                        <td>
                [e]
              </td>
                     </tr>
                     <tr>
                        <td>
                le<br/>
                de<br/>
                ne
              </td>
                        <td>
                           <br/>
                           <br/>
                        </td>
                        <td>
                les<br/>
                des<br/>
                nez
              </td>
                     </tr>
                  </table>
               </div>
            </div>
         </div>
      </div>
   </Ex>
   <Ex id="hufex1_l05_c02"
       title="Classification et prononciation"
       instr="{{Ahtmltitle}}"
       tech_instr="SORTING_INTO_GROUPS_DRAG_AND_DROP FILLING_IN_FROM_A_LIST SOUND_PLAYBACK">
      <p>
         <a target="_blank"
            href="http://www.langmaster.cz/comcz/French1/l05/c/hufex1_l05_c02.htm">/French1/l05/c/hufex1_l05_c02.htm</a>
         <br/>
         <a target="_blank"
            href="http://www.langmaster.cz/comcz/French1/l05/c/home.htm">
                            cvičení 2</a>
      </p>
      <table class="table table-bordered c-table">
         <tr>
            <td class="c-table-default middle">café</td>
            <td>
               <WordSelection id="ce456" Words="#bébé|petit deux"/>
            </td>
         </tr>
         <tr>
            <td class="c-table-default middle">étudiant</td>
            <td>
               <WordSelection id="ce448" Words="#bébé|petit deux"/>
            </td>
         </tr>
         <tr>
            <td class="c-table-default middle">écoutez</td>
            <td>
               <WordSelection id="ce432" Words="#bébé|petit deux"/>
            </td>
         </tr>
         <tr>
            <td class="c-table-default middle">demain</td>
            <td>
               <WordSelection id="ce573" Words="bébé|#petit deux"/>
            </td>
         </tr>
         <tr>
            <td class="c-table-default middle">monsieur</td>
            <td>
               <WordSelection id="ce549" Words="bébé|#petit deux"/>
            </td>
         </tr>
         <tr>
            <td class="c-table-default middle">éléphant</td>
            <td>
               <WordSelection id="ce440" Words="#bébé|petit deux"/>
            </td>
         </tr>
         <tr>
            <td class="c-table-default middle">regarde</td>
            <td>
               <WordSelection id="ce541" Words="bébé|#petit deux"/>
            </td>
         </tr>
         <tr>
            <td class="c-table-default middle">cheveux</td>
            <td>
               <WordSelection id="ce557" Words="bébé|#petit deux"/>
            </td>
         </tr>
         <tr>
            <td class="c-table-default middle">marché</td>
            <td>
               <WordSelection id="ce464" Words="#bébé|petit deux"/>
            </td>
         </tr>
         <tr>
            <td class="c-table-default middle">préférer</td>
            <td>
               <WordSelection id="ce472" Words="#bébé|petit deux"/>
            </td>
         </tr>
         <tr>
            <td class="c-table-default middle">Europe</td>
            <td>
               <WordSelection id="ce565" Words="bébé|#petit deux"/>
            </td>
         </tr>
      </table>
      <div class="row">
         <div class="col-md-4 ">
            <img src="/schools/eaimgmp3/french1/img/coursebook/lesson05/page42/korbe_bebe_petit.gif"/>
         </div>
         <div class="col-md-8 ">
          {{Ttrans}}
          <br/>
            <DragTarget id="g291" CorrectValue="secrétaire"/>
         </div>
      </div>
   </Ex>
   <Ex id="hufex1_l05_c03"
       title="L’accentuation"
       instr="{{Ahtmltitle}}"
       tech_instr="TEXT_SECTION_SELECTING_ONE_OR_MORE_CORRECT_ANSWERS SOUND_PLAYBACK">
      <p>
         <a target="_blank"
            href="http://www.langmaster.cz/comcz/French1/l05/c/hufex1_l05_c03.htm">/French1/l05/c/hufex1_l05_c03.htm</a>
         <br/>
         <a target="_blank"
            href="http://www.langmaster.cz/comcz/French1/l05/c/home.htm">
                            cvičení 3</a>
      </p>
      <div>
         <img src="/schools/eaimgmp3/french1/img/coursebook/lesson05/page42/1453h0025.gif"/>
      </div>
      <div class="row">
         <div class="col-md-1 ">
            <MediaBigMark Url="/schools/eaimgmp3/french1wma/lesson05/hufex1_l05_c03.mp3"
                          Sequence=""/>
         </div>
         <div class="col-md-11 ">
            <table class="table table-bordered c-table">
               <tr>
                  <td class=" middle">TODO POZOR, více správných hodnot, ruční předělávka ysearch<WordSelection id="o244"
                                    Words="Je|#vends.|Je|vends|#beaucoup.|Je|vends|beaucoup|de|#pommes."/>                 </td>
               </tr>
               <tr>
                  <td class=" middle">TODO POZOR, více správných hodnot, ruční předělávka ysearch<WordSelection id="o264"
                                    Words="Je|#fais.|Je|fais|les|#courses.|Je|fais|les|courses|au|centre|#commercial."/>                       </td>
               </tr>
               <tr>
                  <td class=" middle">TODO POZOR, více správných hodnot, ruční předělávka ysearch<WordSelection id="o287" Words="#Donnez!|Donnez-|#moi!|Donnez-|moi|deux|#baguettes!"/>       </td>
               </tr>
               <tr>
                  <td class=" middle">TODO POZOR, více správných hodnot, ruční předělávka ysearch<WordSelection id="o304"
                                    Words="J’|#adore!|J’|adore|le|#champagne!|J’|adore|le|champagne|en|#promotion!"/>               </td>
               </tr>
            </table>
         </div>
      </div>
   </Ex>
   <Ex id="hufex1_l05_c04"
       title="Qu’est-ce qui’ils font comme sport?"
       instr="{{Ahtmltitle}}"
       tech_instr="FILLING_IN">
      <p>
         <a target="_blank"
            href="http://www.langmaster.cz/comcz/French1/l05/c/hufex1_l05_c04.htm">/French1/l05/c/hufex1_l05_c04.htm</a>
         <br/>
         <a target="_blank"
            href="http://www.langmaster.cz/comcz/French1/l05/c/home.htm">
                            cvičení 4</a>
      </p>
      <div class="row">
         <div class="col-md-2 ">
            <img src="/schools/eaimgmp3/french1/img/homestudy/lesson05/page117/c361h0075.jpg"/>
         </div>
         <div class="col-md-3 ">
            <img src="/schools/eaimgmp3/french1/img/homestudy/lesson05/page117/le_ski.jpg"/>
         </div>
         <div class="col-md-2 ">
            <img src="/schools/eaimgmp3/french1/img/homestudy/lesson05/page117/15_segeln.jpg"/>
         </div>
      </div>
      <div>
         <table class="table table-bordered c-table">
            <tr>
               <td class=" middle">
                  <b>
              a.
            </b> Je <GapFill id="g156" CorrectValue="fais de" Width="200"/> l’équitation.
          </td>
            </tr>
            <tr>
               <td class=" middle">
                  <b>b.</b> Jacques et moi, nous <GapFill id="g205" CorrectValue="faisons" Width="200"/> du ski.
          </td>
            </tr>
            <tr>
               <td class=" middle">
                  <b>
              c.
            </b> Mais Jacques aime surtout <GapFill id="g254" CorrectValue="la voile." Width="200"/>
               </td>
            </tr>
            <tr>
               <td class=" middle">
                  <b>
              d.
            </b> Vous <GapFill id="g303" CorrectValue="faites de" Width="200"/> l’escalade?
          </td>
            </tr>
            <tr>
               <td class=" middle">
                  <b>
              e.
            </b> On fait <GapFill id="g352" CorrectValue="de la" Width="200"/> randonnée.
          </td>
            </tr>
            <tr>
               <td class=" middle">
                  <b>f.</b> Pierre et Gérard <GapFill id="g401" CorrectValue="font" Width="200"/> du tennis.
          </td>
            </tr>
         </table>
      </div>
      <div class="row">
         <div class="col-md-2 ">
            <img src="/schools/eaimgmp3/french1/img/homestudy/lesson05/page117/15_bergsteiger.jpg"/>
         </div>
         <div class="col-md-2 ">
            <img src="/schools/eaimgmp3/french1/img/homestudy/lesson05/page117/15_wanderer.jpg"/>
         </div>
         <div class="col-md-2 ">
            <img src="/schools/eaimgmp3/french1/img/homestudy/lesson05/page117/15_tennis.jpg"/>
         </div>
      </div>
   </Ex>
   <Ex id="hufex1_l05_c05"
       title="Papa, on prend des bonbons?"
       instr="{{Ahtmltitle}}"
       tech_instr="FILLING_IN">
      <p>
         <a target="_blank"
            href="http://www.langmaster.cz/comcz/French1/l05/c/hufex1_l05_c05.htm">/French1/l05/c/hufex1_l05_c05.htm</a>
         <br/>
         <a target="_blank"
            href="http://www.langmaster.cz/comcz/French1/l05/c/home.htm">
                            cvičení 5</a>
      </p>
      <div class="row">
         <div class="col-md-2 ">
            <img src="/schools/eaimgmp3/french1/img/homestudy/lesson05/page118/0311h0006.jpg"/>
         </div>
         <div class="col-md-10 ">
            <div>
               <table class="table c-table">
                  <tr>
                     <td>
                        <b>
                  {{Ttrans}}
                </b>
                        <br/>
                Papa, on prend des bonbons? - Non, on <GapFill id="g198"
                                 CorrectValue="ne prend pas de bonbons"
                                 InitValue="ne prend pas de bonbons"
                                 Example="true"
                                 Width="200"/>.
              </td>
                  </tr>
               </table>
            </div>
            <table class="table table-bordered c-table">
               <tr>
                  <td class=" middle">Vous vendez de l’aspirine vitaminée? - Non, je <GapFill id="g250"
                              CorrectValue="ne vends pas d’aspirine vitaminée"
                              Width="200"/>.
            </td>
               </tr>
               <tr>
                  <td class=" middle">
              Vous avez encore des timbres? - Non, nous <GapFill id="g299" CorrectValue="n’avons plus de timbres" Width="200"/>.
            </td>
               </tr>
               <tr>
                  <td class=" middle">
              Vous faites du sport? - Non, je <GapFill id="g348" CorrectValue="ne fais pas de sport" Width="200"/>.
            </td>
               </tr>
               <tr>
                  <td class=" middle">
              Vous prenez un peu de vin? - Non merci, je <GapFill id="g397" CorrectValue="ne prends pas de vin" Width="200"/>.
            </td>
               </tr>
               <tr>
                  <td class=" middle">
              Je voudrais du pain. - Je suis désolé, mais je <GapFill id="g446" CorrectValue="n’ai plus de pain" Width="200"/>.
            </td>
               </tr>
               <tr>
                  <td class=" middle">
              On prend du champagne? - Non, on <GapFill id="g495" CorrectValue="ne prend pas de champagne" Width="200"/>.
            </td>
               </tr>
            </table>
         </div>
      </div>
   </Ex>
   <Ex id="hufex1_l05_c06"
       title="Pardon, Monsieur, il y a un camping ici?"
       instr="{{Ahtmltitle}}"
       tech_instr="FILLING_IN">
      <p>
         <a target="_blank"
            href="http://www.langmaster.cz/comcz/French1/l05/c/hufex1_l05_c06.htm">/French1/l05/c/hufex1_l05_c06.htm</a>
         <br/>
         <a target="_blank"
            href="http://www.langmaster.cz/comcz/French1/l05/c/home.htm">
                            cvičení 6</a>
      </p>
      <div class="row">
         <div class="col-md-3 ">
            <img src="/schools/eaimgmp3/french1/img/homestudy/lesson05/page118/16.gif"/>
         </div>
         <div class="col-md-9 ">
            <b>
          {{Ttrans}}
        </b>
            <i>un camping:</i>
            <br/>Pardon, Monsieur, il y a un camping ici?<br/>
            <GapFill id="g290"
                     CorrectValue="Non, Monsieur, il n’y a pas de camping."
                     InitValue="Non, Monsieur, il n’y a pas de camping."
                     Example="true"
                     Width="200"/>
            <br/>
            <br/>
            <i>un café:</i>
            <br/>
          Pardon Monsieur, <GapFill id="g383" CorrectValue="il y a un café ici?" Width="200"/>
            <br/>
          - Non, il <GapFill id="g430" CorrectValue="n’y a pas de café." Width="200"/>
            <br/>
            <br/>
            <i>un hôtel:</i>
            <br/>Il y a un hôtel ?<br/>
          - Non, <GapFill id="g569" CorrectValue="il n’y a pas d’hôtel." Width="200"/>
            <br/>
            <br/>
            <i>une boulangerie:</i>
            <br/>
            <GapFill id="g662" CorrectValue="Il y a une boulangerie?" Width="200"/>
            <br/>
          - Non, <GapFill id="g709" CorrectValue="il n’y a pas de boulangerie." Width="200"/>
            <br/>
            <br/>
            <i>des toilettes:</i>
            <br/>
            <GapFill id="g802" CorrectValue="Il y a des toilettes?" Width="200"/>
            <br/>
          - Non, <GapFill id="g849" CorrectValue="il n’y a pas de toilettes." Width="200"/>
            <br/>
            <br/>Vous habitez ici?<br/>- Non, j’habite à 3 km.<br/>
            <br/>Vous avez une voiture?<br/>
          - Non, <GapFill id="g1034" CorrectValue="je n’ai pas de voiture." Width="200"/>
            <br/>
            <br/>Vous avez un vélo?<br/>
          Non, <GapFill id="g1127" CorrectValue="je n’ai pas de vélo." Width="200"/> Je suis à pied, comme vous.
        <br/>Vous avez du courage!</div>
      </div>
   </Ex>
   <Ex id="hufex1_l05_c07"
       title="La révision des verbes"
       instr="{{Ahtmltitle}}"
       tech_instr="FILLING_IN">
      <p>
         <a target="_blank"
            href="http://www.langmaster.cz/comcz/French1/l05/c/hufex1_l05_c07.htm">/French1/l05/c/hufex1_l05_c07.htm</a>
         <br/>
         <a target="_blank"
            href="http://www.langmaster.cz/comcz/French1/l05/c/home.htm">
                            cvičení 7</a>
      </p>
      <Possibilities Words="faire|prendre|acheter|aller|habiter|avoir|être|aimer|préférer|donner|venir|adorer"/>
      <div>
         <img src="/schools/eaimgmp3/french1/img/homestudy/lesson05/page118/1350h0034.jpg"/>
      </div>
      <div>
         <table class="table table-bordered c-table">
            <tr>
               <td class=" middle">
            Vous <GapFill id="g155" CorrectValue="habitez" Width="200"/> à Paris? - Moi, je <GapFill id="g156" CorrectValue="viens" Width="200"/> de Nice.
          </td>
            </tr>
            <tr>
               <td class=" middle">
            Elle <GapFill id="g205" CorrectValue="achète" Width="200"/> des tomates et des poivrons pour <GapFill id="g206" CorrectValue="faire" Width="200"/> une ratatouille.
          </td>
            </tr>
            <tr>
               <td class=" middle">Bonjour, Monsieur! <GapFill id="g255" CorrectValue="Donnez" Width="200"/>-moi un peu de persil!
          </td>
            </tr>
            <tr>
               <td class=" middle">
                  <GapFill id="g304" CorrectValue="Prenez" Width="200"/> la première rue à droite! Les Galeries Lafayette <GapFill id="g305" CorrectValue="sont" Width="200"/> là!
          </td>
            </tr>
            <tr>
               <td class=" middle">
            Aujourd’hui, je <GapFill id="g354" CorrectValue="vais" Width="200"/> au musée. Picasso, j’<GapFill id="g355" CorrectValue="adore." Width="200"/>
               </td>
            </tr>
            <tr>
               <td class=" middle">
            Moi, j’<GapFill id="g404" CorrectValue="aime" Width="200"/> le vin rouge. Lui, il <GapFill id="g405" CorrectValue="préfère" Width="200"/> la bière.
          </td>
            </tr>
            <tr>
               <td class=" middle">
            Vous <GapFill id="g454" CorrectValue="avez" Width="200"/> «Le Monde»? - Non, j’<GapFill id="g455" CorrectValue="ai" Width="200"/> «Le Figaro» et «Libération».
          </td>
            </tr>
         </table>
      </div>
   </Ex>
   <Ex id="hufex1_l05_c08"
       title="N’ayez pas peur de la dictée!"
       instr="{{Ahtmltitle}}"
       tech_instr="DICTATION SOUND_PLAYBACK">
      <p>
         <a target="_blank"
            href="http://www.langmaster.cz/comcz/French1/l05/c/hufex1_l05_c08.htm">/French1/l05/c/hufex1_l05_c08.htm</a>
         <br/>
         <a target="_blank"
            href="http://www.langmaster.cz/comcz/French1/l05/c/home.htm">
                            cvičení 8</a>
      </p>
      <div class="row">
         <div class="col-md-3 ">
            <img src="/schools/eaimgmp3/french1/img/homestudy/lesson05/page119/17_1.gif"/>
         </div>
         <div class="col-md-4 ">
            <img src="/schools/eaimgmp3/french1/img/homestudy/lesson05/page119/17_2.gif"/>
         </div>
         <div class="col-md-3 ">
            <img src="/schools/eaimgmp3/french1/img/homestudy/lesson05/page119/17_3.gif"/>
         </div>
      </div>
      <div>
         <table class="table table-bordered c-table">
            <tr>
               <td class=" middle">
                  <MediaText id="snd0"
                             Url="/schools/eaimgmp3/french1wma/lesson05/hufex1_l05_c08.mp3"
                             Sequence="0"/>
                  <br/>
                  <MediaText id="snd1" Sequence="1" ContinueOf="snd0"/>
               </td>
            </tr>
            <tr>
               <td class=" middle">
                  <MediaText id="snd2" Sequence="2" ContinueOf="snd1"/>
                  <br/>
                  <MediaText id="snd3" Sequence="3" ContinueOf="snd2"/>
               </td>
            </tr>
            <tr>
               <td class=" middle">
                  <MediaText id="snd4" Sequence="4" ContinueOf="snd3"/>
                  <br/>
                  <MediaText id="snd5" Sequence="5" ContinueOf="snd4"/>
               </td>
            </tr>
         </table>
      </div>
   </Ex>
   <Ex id="hufex1_l05_c09"
       title="Aux bonnes affaires chez Miniprix!"
       instr="{{Ahtmltitle}}"
       tech_instr="FILLING_IN SOUND_PLAYBACK">
      <p>
         <a target="_blank"
            href="http://www.langmaster.cz/comcz/French1/l05/c/hufex1_l05_c09.htm">/French1/l05/c/hufex1_l05_c09.htm</a>
         <br/>
         <a target="_blank"
            href="http://www.langmaster.cz/comcz/French1/l05/c/home.htm">
                            cvičení 9</a>
      </p>
      <div class="row">
         <div class="col-md-3 ">
            <img src="/schools/eaimgmp3/french1/img/homestudy/lesson05/page119/cenovky.gif"/>
         </div>
         <div class="col-md-9 ">
            <div class="row">
               <div class="col-md-12 ">
                  <MediaBigMark Url="/schools/eaimgmp3/french1wma/lesson05/hufex1_l05_c09.mp3"
                                Sequence=""/>
               </div>
            </div>
            <div class="row">
               <div class="col-md-12 ">
                  <table class="table table-bordered c-table">
                     <tr>
                        <td class=" middle">
                  deux cent quatorze euros soixante-quinze<br/>
                           <GapFill id="g748" CorrectValue="un VTT|un super VTT" Width="200"/>
                        </td>
                     </tr>
                     <tr>
                        <td class=" middle">
                  dix-sept euros quatre-vingt-cinq<br/>
                           <GapFill id="g750"
                                    CorrectValue="un dictionnaire|un dictionnaire classique"
                                    Width="200"/>
                        </td>
                     </tr>
                     <tr>
                        <td class=" middle">
                  mille neuf cent quatre-vingt-dix-neuf euros<br/>
                           <GapFill id="g397" CorrectValue="un ordinateur" Width="200"/>
                        </td>
                     </tr>
                     <tr>
                        <td class=" middle">
                  cinq cent soixante-neuf euros<br/>
                           <GapFill id="g752"
                                    CorrectValue="une télévision|une télévision couleur"
                                    Width="200"/>
                        </td>
                     </tr>
                     <tr>
                        <td class=" middle">
                  soixante-douze euros quarante<br/>
                           <GapFill id="g593" CorrectValue="un téléphone sans fil" Width="200"/>
                        </td>
                     </tr>
                  </table>
               </div>
            </div>
         </div>
      </div>
   </Ex>
</Module>
