﻿<?xml version="1.0" encoding="utf-8"?>
<Page id="hufex1_l09_c03">
  <p>
    <a href="http://www.langmaster.cz/comcz/French1/l09/c/hufex1_l09_c03.htm">/French1/l09/c/hufex1_l09_c03.htm</a>
    <br />
    <a href="http://www.langmaster.cz/comcz/French1/l09/c/home.htm">
                            cvičení 3</a>
  </p>
  <div class="row">
    <div class="col-md-2 ">
      <img src="/schools/eaimgmp3/french1/img/vocabulary/lesson09/page88/0997h0066.gif" />
    </div>
    <div class="col-md-10 ">
      <table class="table table-bordered c-table">
        <tr>
          <td class=" middle">
              {{Ttrans}}
              <br /><GapFill id="g202" Width="200" CorrectValue="l’actrice" InitValue="" /></td>
        </tr>
        <tr>
          <td class=" middle">
              {{Ttrans1}}
              <br /><GapFill id="g302" Width="200" CorrectValue="le peintre" InitValue="" /></td>
        </tr>
        <tr>
          <td class=" middle">
              {{Ttrans2}}
              <br /><GapFill id="g402" Width="200" CorrectValue="la musicienne" InitValue="" /></td>
        </tr>
        <tr>
          <td class=" middle">
              {{Ttrans3}}
              <br /><GapFill id="g502" Width="200" CorrectValue="le chanteur" InitValue="" /></td>
        </tr>
        <tr>
          <td class=" middle">
              {{Ttrans4}}
              <br /><GapFill id="g602" Width="200" CorrectValue="le clown" InitValue="" /></td>
        </tr>
      </table>
    </div>
  </div>
  <info title="A vous!" instrTitle="{{Ahtmltitle}}" instrs="FILLING_IN" />
</Page>