﻿<?xml version="1.0" encoding="utf-8"?>
<Page id="hufex1_l09_c04">
  <p>
    <a href="http://www.langmaster.cz/comcz/French1/l09/c/hufex1_l09_c04.htm">/French1/l09/c/hufex1_l09_c04.htm</a>
    <br />
    <a href="http://www.langmaster.cz/comcz/French1/l09/c/home.htm">
                            cvičení 4</a>
  </p>
  <div class="row">
    <div class="col-md-2 ">
      <img src="/schools/eaimgmp3/french1/img/vocabulary/lesson09/page88/1597h0017.gif" />
    </div>
    <div class="col-md-10 ">
      <Pairing id="E65">
        <PairingItem>avoir faim<Right>être au régime</Right></PairingItem>
        <PairingItem>la fourchette<Right>le verre</Right></PairingItem>
        <PairingItem>l’artiste<Right>le peintre</Right></PairingItem>
        <PairingItem>génial<Right>formidable</Right></PairingItem>
        <PairingItem>avec<Right>sans</Right></PairingItem>
        <PairingItem>refuser<Right>accepter</Right></PairingItem>
        <PairingItem>fêter<Right>l’anniversaire</Right></PairingItem>
        <PairingItem>toi et moi<Right>ensemble</Right></PairingItem>
      </Pairing>
    </div>
  </div>
  <info title="Les rélations" instrTitle="{{Ahtmltitle}}" instrs="PAIRING" />
</Page>