﻿<?xml version="1.0" encoding="utf-8"?>
<Page id="hufex1_l09_c05">
  <p>
    <a href="http://www.langmaster.cz/comcz/French1/l09/c/hufex1_l09_c05.htm">/French1/l09/c/hufex1_l09_c05.htm</a>
    <br />
    <a href="http://www.langmaster.cz/comcz/French1/l09/c/home.htm">
                            cvičení 5</a>
  </p>
  <div class="row">
    <div class="col-md-3 ">
      <img src="/schools/eaimgmp3/french1/img/vocabulary/lesson09/page89/olympus32060.jpg" />
    </div>
    <div class="col-md-9 ">
      <table>
        <tr>
          <td class=" middle" />
          <td class=" middle">F</td>
          <td class=" middle">R</td>
          <td class=" middle">A</td>
          <td class=" middle">M</td>
          <td class=" middle">
            <GapFill id="g162" Width="200" CorrectValue="B" InitValue="" />
          </td>
          <td class=" middle">O</td>
          <td class=" middle">I</td>
          <td class=" middle">S</td>
          <td class=" middle">E</td>
          <td class=" middle" />
          <td class=" middle" />
          <td class=" middle" />
          <td class=" middle" />
        </tr>
        <tr>
          <td class=" middle" />
          <td class=" middle" />
          <td class=" middle" />
          <td class=" middle" />
          <td class=" middle">F</td>
          <td class=" middle">
            <GapFill id="g186" Width="200" CorrectValue="O" InitValue="" />
          </td>
          <td class=" middle">U</td>
          <td class=" middle">R</td>
          <td class=" middle">C</td>
          <td class=" middle">H</td>
          <td class=" middle">E</td>
          <td class=" middle">T</td>
          <td class=" middle">T</td>
          <td class=" middle">E</td>
        </tr>
        <tr>
          <td class=" middle" />
          <td class=" middle" />
          <td class=" middle" />
          <td class=" middle">A</td>
          <td class=" middle">G</td>
          <td class=" middle">
            <GapFill id="g205" Width="200" CorrectValue="N" InitValue="" />
          </td>
          <td class=" middle">E</td>
          <td class=" middle">A</td>
          <td class=" middle">U</td>
          <td class=" middle" />
          <td class=" middle" />
          <td class=" middle" />
          <td class=" middle" />
          <td class=" middle" />
        </tr>
        <tr>
          <td class=" middle" />
          <td class=" middle" />
          <td class=" middle" />
          <td class=" middle" />
          <td class=" middle" />
          <td class=" middle" />
          <td class=" middle" />
          <td class=" middle" />
          <td class=" middle" />
          <td class=" middle" />
          <td class=" middle" />
          <td class=" middle" />
          <td class=" middle" />
          <td class=" middle" />
        </tr>
        <tr>
          <td class=" middle" />
          <td class=" middle" />
          <td class=" middle">C</td>
          <td class=" middle">A</td>
          <td class=" middle">N</td>
          <td class=" middle">
            <GapFill id="g257" Width="200" CorrectValue="A" InitValue="" />
          </td>
          <td class=" middle">R</td>
          <td class=" middle">D</td>
          <td class=" middle" />
          <td class=" middle" />
          <td class=" middle" />
          <td class=" middle" />
          <td class=" middle" />
          <td class=" middle" />
        </tr>
        <tr>
          <td class=" middle" />
          <td class=" middle">P</td>
          <td class=" middle">L</td>
          <td class=" middle">A</td>
          <td class=" middle">T</td>
          <td class=" middle">
            <GapFill id="g280" Width="200" CorrectValue="P" InitValue="" />
          </td>
          <td class=" middle">R</td>
          <td class=" middle">I</td>
          <td class=" middle">N</td>
          <td class=" middle">C</td>
          <td class=" middle">I</td>
          <td class=" middle">P</td>
          <td class=" middle">A</td>
          <td class=" middle">L</td>
        </tr>
        <tr>
          <td class=" middle" />
          <td class=" middle" />
          <td class=" middle" />
          <td class=" middle">L</td>
          <td class=" middle">A</td>
          <td class=" middle">
            <GapFill id="g299" Width="200" CorrectValue="P" InitValue="" />
          </td>
          <td class=" middle">I</td>
          <td class=" middle">N</td>
          <td class=" middle" />
          <td class=" middle" />
          <td class=" middle" />
          <td class=" middle" />
          <td class=" middle" />
          <td class=" middle" />
        </tr>
        <tr>
          <td class=" middle" />
          <td class=" middle" />
          <td class=" middle" />
          <td class=" middle" />
          <td class=" middle">D</td>
          <td class=" middle">
            <GapFill id="g325" Width="200" CorrectValue="E" InitValue="" />
          </td>
          <td class=" middle">S</td>
          <td class=" middle">S</td>
          <td class=" middle">E</td>
          <td class=" middle">R</td>
          <td class=" middle">T</td>
          <td class=" middle" />
          <td class=" middle" />
          <td class=" middle" />
        </tr>
        <tr>
          <td class=" middle">O</td>
          <td class=" middle">M</td>
          <td class=" middle">E</td>
          <td class=" middle">L</td>
          <td class=" middle">E</td>
          <td class=" middle">
            <GapFill id="g344" Width="200" CorrectValue="T" InitValue="" />
          </td>
          <td class=" middle">T</td>
          <td class=" middle">E</td>
          <td class=" middle" />
          <td class=" middle" />
          <td class=" middle" />
          <td class=" middle" />
          <td class=" middle" />
          <td class=" middle" />
        </tr>
        <tr>
          <td class=" middle" />
          <td class=" middle" />
          <td class=" middle" />
          <td class=" middle">P</td>
          <td class=" middle">O</td>
          <td class=" middle">
            <GapFill id="g369" Width="200" CorrectValue="I" InitValue="" />
          </td>
          <td class=" middle">S</td>
          <td class=" middle">S</td>
          <td class=" middle">O</td>
          <td class=" middle">N</td>
          <td class=" middle" />
          <td class=" middle" />
          <td class=" middle" />
          <td class=" middle" />
        </tr>
        <tr>
          <td class=" middle" />
          <td class=" middle" />
          <td class=" middle" />
          <td class=" middle">L</td>
          <td class=" middle">O</td>
          <td class=" middle">
            <GapFill id="g392" Width="200" CorrectValue="T" InitValue="" />
          </td>
          <td class=" middle">T</td>
          <td class=" middle">E</td>
          <td class=" middle" />
          <td class=" middle" />
          <td class=" middle" />
          <td class=" middle" />
          <td class=" middle" />
          <td class=" middle" />
        </tr>
      </table>
    </div>
  </div>
  <info title="Les mots croisés" instrTitle="{{Ahtmltitle}}" instrs="FILLING_IN" />
</Page>