﻿<?xml version="1.0" encoding="utf-8"?>
<Page id="hufex1_l09_c08">
  <p>
    <a href="http://www.langmaster.cz/comcz/French1/l09/c/hufex1_l09_c08.htm">/French1/l09/c/hufex1_l09_c08.htm</a>
    <br />
    <a href="http://www.langmaster.cz/comcz/French1/l09/c/home.htm">
                            cvičení 8</a>
  </p>
  <Possibilities Words="huîtres|homme|tarte|assiettes|voiture|lapin à la moutarde|canapé|ordinateur|exercice" />
  <div class="row">
    <div class="col-md-2 ">
      <img src="/schools/eaimgmp3/french1/img/homestudy/lesson09/page141/1184h0005.jpg" />
    </div>
    <div class="col-md-10 ">
      <div>
        <table class="table c-table">
          <tr>
            <td>
              <b>
                  {{Ttrans}}
                </b>
              <br />
                Il est confortable, <GapFill id="g199" Width="200" CorrectValue="ce canapé" InitValue="ce canapé" />.
              </td>
          </tr>
        </table>
      </div>
      <table class="table table-bordered c-table">
        <tr>
          <td class=" middle">
              Il a un goût bizarre, <GapFill id="g251" Width="200" CorrectValue="ce lapin à la moutarde" InitValue="" />.
            </td>
        </tr>
        <tr>
          <td class=" middle">
              Elle est à vous, <GapFill id="g300" Width="200" CorrectValue="cette voiture" InitValue="" />?
            </td>
        </tr>
        <tr>
          <td class=" middle">
              Il est très cher, <GapFill id="g349" Width="200" CorrectValue="cet ordinateur" InitValue="" />.
            </td>
        </tr>
        <tr>
          <td class=" middle">
              Je les trouve magnifiques, <GapFill id="g398" Width="200" CorrectValue="ces assiettes" InitValue="" />.
            </td>
        </tr>
        <tr>
          <td class=" middle">
              Il est charmant, <GapFill id="g447" Width="200" CorrectValue="cet homme" InitValue="" />.
            </td>
        </tr>
        <tr>
          <td class=" middle">
              Elle est délicieuse, <GapFill id="g496" Width="200" CorrectValue="cette tarte" InitValue="" />.
            </td>
        </tr>
        <tr>
          <td class=" middle">
              Je le trouve difficile, <GapFill id="g545" Width="200" CorrectValue="cet exercice" InitValue="" />.
            </td>
        </tr>
        <tr>
          <td class=" middle">
              Elles ne sont pas fraîches, <GapFill id="g594" Width="200" CorrectValue="ces huîtres" InitValue="" />.
            </td>
        </tr>
      </table>
    </div>
  </div>
  <info title="Ce/cet/cette/ces" instrTitle="{{Ahtmltitle}}" instrs="FILLING_IN" />
</Page>