﻿<?xml version="1.0" encoding="utf-8"?>
<Page id="hufex1_l09_d02">
  <p>
    <a href="http://www.langmaster.cz/comcz/French1/l09/d/hufex1_l09_d02.htm">/French1/l09/d/hufex1_l09_d02.htm</a>
    <br />
    <a href="http://www.langmaster.cz/comcz/French1/l09/d/home.htm">
                            cvičení 1</a>
  </p>
  <div class="row">
    <div class="col-md-3 ">
      <img src="/schools/eaimgmp3/french1/img/homestudy/lesson09/page142/140.gif" />
    </div>
    <div class="col-md-9 ">
      <div>
        <table class="table c-table">
          <tr>
            <td>
              <b>
                  {{Ttrans}}
                </b>
              <br />
                Le dimanche, je le prends au lit.<br /><GapFill id="g284" Width="200" CorrectValue="le petit déjeuner" InitValue="le petit déjeuner" /></td>
          </tr>
        </table>
      </div>
      <table class="table table-bordered c-table">
        <tr>
          <td class=" middle">
              Je le bois avec du citron, mais sans sucre.<br /><GapFill id="g384" Width="200" CorrectValue="le thé" InitValue="" /></td>
        </tr>
        <tr>
          <td class=" middle">
              Je les passe toujours à l’étranger.<br /><GapFill id="g482" Width="200" CorrectValue="les vacances" InitValue="" /></td>
        </tr>
        <tr>
          <td class=" middle">
              Je l’achète au marché. Il est plus frais.<br /><GapFill id="g580" Width="200" CorrectValue="le poisson" InitValue="" /></td>
        </tr>
        <tr>
          <td class=" middle">
              Je la regarde souvent le soir, après le dîner.<br /><GapFill id="g1166" Width="200" CorrectValue="la télévision|la télé" InitValue="" /></td>
        </tr>
        <tr>
          <td class=" middle">
              Je les préfère avec du sucre et flambées au rhum.<br /><GapFill id="g776" Width="200" CorrectValue="les crêpes" InitValue="" /></td>
        </tr>
        <tr>
          <td class=" middle">
              Je les mets pour lire le journal.<br /><GapFill id="g874" Width="200" CorrectValue="les lunettes" InitValue="" /></td>
        </tr>
        <tr>
          <td class=" middle">
              Je le prends tous les matins pour aller au bureau.<br /><GapFill id="g1168" Width="200" CorrectValue="le bus|le métro|l’autobus|le tram" InitValue="" /></td>
        </tr>
        <tr>
          <td class=" middle">
              Je les achète une semaine avant Noël.<br /><GapFill id="g1070" Width="200" CorrectValue="les cadeaux" InitValue="" /></td>
        </tr>
      </table>
    </div>
  </div>
  <info title="Devinette" instrTitle="{{Ahtmltitle}}" instrs="FILLING_IN" />
</Page>