﻿<?xml version="1.0" encoding="utf-8"?>
<Page id="hufex1_l09_d03">
  <p>
    <a href="http://www.langmaster.cz/comcz/French1/l09/d/hufex1_l09_d03.htm">/French1/l09/d/hufex1_l09_d03.htm</a>
    <br />
    <a href="http://www.langmaster.cz/comcz/French1/l09/d/home.htm">
                            cvičení 2</a>
  </p>
  <DragSource />
  <div class="row">
    <div class="col-md-3 ">
      <img src="/schools/eaimgmp3/french1/img/homestudy/lesson09/page142/1691h0100.jpg" />
    </div>
    <div class="col-md-9 ">
      <div>
        <table class="table c-table">
          <tr>
            <td>
              <b>
                  {{Ttrans}}
                </b>
              <br />
                La quiche, je <DragTarget id="g238" Width="200" CorrectValue="la" /> coupe en quatre?
              </td>
          </tr>
        </table>
      </div>
      <table class="table table-bordered c-table">
        <tr>
          <td class=" middle">
              Ils arrivent! Je <DragTarget id="g290" CorrectValue="les" /> vois là-bas, au coin de la rue!
            </td>
        </tr>
        <tr>
          <td class=" middle">
              Où est Charlotte? Je <DragTarget id="g339" CorrectValue="la" /> cherche partout!
            </td>
        </tr>
        <tr>
          <td class=" middle">Mais qu’est-ce qu’il fait? Je <DragTarget id="g388" CorrectValue="l’" /> attends depuis une demi-heure!
            </td>
        </tr>
        <tr>
          <td class=" middle">
              Votre café, vous <DragTarget id="g437" CorrectValue="le" /> voulez comment? Avec ou sans sucre?
            </td>
        </tr>
        <tr>
          <td class=" middle">
              C’est mon fils. Tu <DragTarget id="g486" CorrectValue="le" /> connais?
            </td>
        </tr>
        <tr>
          <td class=" middle">
              Les Maury, je ne <DragTarget id="g535" CorrectValue="les" /> aime pas beaucoup.
            </td>
        </tr>
        <tr>
          <td class=" middle">
              Je <DragTarget id="g584" CorrectValue="la" /> rencontre souvent dans le bus. Elle travaille à la FNAC.
            </td>
        </tr>
        <tr>
          <td class=" middle">
              Ces croissants, je <DragTarget id="g633" CorrectValue="les" /> achète à la boulangerie en face de chez moi.
            </td>
        </tr>
        <tr>
          <td class=" middle">
              Ce travail est trop difficile. Je ne peux pas <DragTarget id="g682" CorrectValue="le" /> faire seul.
            </td>
        </tr>
        <tr>
          <td class=" middle">
              Mes enfants? Je <DragTarget id="g731" CorrectValue="les" /> adore.
            </td>
        </tr>
      </table>
    </div>
  </div>
  <info title="Révision!" instrTitle="{{Ahtmltitle}}" instrs="FILLING_IN_FROM_A_LIST" />
</Page>