﻿<?xml version="1.0" encoding="utf-8"?>
<Page id="hufex1_l09_d06">
  <p>
    <a href="http://www.langmaster.cz/comcz/French1/l09/d/hufex1_l09_d06.htm">/French1/l09/d/hufex1_l09_d06.htm</a>
    <br />
    <a href="http://www.langmaster.cz/comcz/French1/l09/d/home.htm">
                            cvičení 5</a>
  </p>
  <DragSource />
  <div>
    <table>
      <tr>
        <td class=" middle">
          <img src="/schools/eaimgmp3/french1/img/homestudy/lesson09/page144/143_3.gif" />
        </td>
        <td class=" middle">
          <img src="/schools/eaimgmp3/french1/img/homestudy/lesson09/page144/143_1.gif" />
        </td>
      </tr>
      <tr>
        <td class=" middle">
          <DragTarget id="g210" Width="200" CorrectValue="Tomber dans les pommes" />
        </td>
        <td class=" middle">
          <DragTarget id="g212" Width="200" CorrectValue="Mettre les pieds dans le plat" />
        </td>
      </tr>
      <tr>
        <td class=" middle">
          <img src="/schools/eaimgmp3/french1/img/homestudy/lesson09/page144/143_6.gif" />
        </td>
        <td class=" middle">
          <img src="/schools/eaimgmp3/french1/img/homestudy/lesson09/page144/143_4.gif" />
        </td>
      </tr>
      <tr>
        <td class=" middle">
          <DragTarget id="g228" Width="200" CorrectValue="Avoir un joli coup de fourchette" />
        </td>
        <td class=" middle">
          <DragTarget id="g230" Width="200" CorrectValue="Un pique-assiette" />
        </td>
      </tr>
      <tr>
        <td class=" middle">
          <img src="/schools/eaimgmp3/french1/img/homestudy/lesson09/page144/143_5.gif" />
        </td>
        <td class=" middle">
          <img src="/schools/eaimgmp3/french1/img/homestudy/lesson09/page144/143_2.gif" />
        </td>
      </tr>
      <tr>
        <td class=" middle">
          <DragTarget id="g246" Width="200" CorrectValue="Mettre tous ses œufs dans le même panier" />
        </td>
        <td class=" middle">
          <DragTarget id="g248" Width="200" CorrectValue="Avoir du pain sur la planche" />
        </td>
      </tr>
    </table>
  </div>
  <info title="Proverbes" instrTitle="{{Ahtmltitle}}" instrs="FILLING_IN_FROM_A_LIST" />
</Page>