﻿<?xml version="1.0" encoding="utf-8"?>
<Page id="hufex2_l03_d01">
  <p>
    <a href="http://www.langmaster.cz/comcz/French2/l03/d/hufex2_l03_d01.htm">/French2/l03/d/hufex2_l03_d01.htm</a>
    <br />
    <a href="http://www.langmaster.cz/comcz/French2/l03/d/home.htm">
                            cvičení 1</a>
  </p>
  <DragSource />
  <div class="row">
    <div class="col-md-3 ">
      <img src="/schools/eaimgmp3/french2/img/coursebook/lesson03/page30/1182h0003.jpg" />
    </div>
    <div class="col-md-9 ">
          Des cybercafés ouvrent dans presque toutes les villes françaises. Voilà enfin des lieux de rencontre pour les utilisateurs des nouvelles autoroutes de l’information. Mais attention! Ce ne sont pas des cafés dans le style traditionnel. Ici, on vient pour se brancher, pas pour se parler. Comment reconnaître un cybercafé? Il ressemble à un bistrot branché, «in» si vous préférez, dans le style des années 80. Sauf qu’il l’est vraiment, branché, le bistrot et qu’il n’est plus question de s’amuser.<br />
          L’atmosphère? Une absence totale de vie. Si vous n’entendez ni rires ni voix, c’est signe que vous approchez d’un cybercafé. La nourriture y est souvent du style outre-Atlantique. Vous grignotez des salades tex-mex à une petite table grise. Il ne s’agit plus de partager des plaisirs simples avec des copains comme dans un café à l’ancienne mais de faire exactement le contraire. Il faut rester interactif. Alors, renoncez aussi à l’alcool.<br />
          L’accueil? Sympathique. Un cyberjeune style gentil organisateur de Club Med vous demande si vous avez envie d’être connecté.<br />
          Les clients? Ils pianotent et s’occupent de leurs souris. Fini le tête-à-tête avec leur copine. Maintenant, on lui tourne le dos. D’ailleurs, 80 % des cyberfans sont des hommes. Pendant des décennies, leurs pères ont énervé les nanas avec leurs histoires de bagnole. Aujourd’hui, ils leur racontent des histoires de kilobits. Finies les conversations au comptoir. Ici, on surfe sur le net, on envoie et reçoit des e-mails, on participe à des news groups, on consulte des fichiers...<br /></div>
  </div>
  <div class="row">
    <div class="col-md-12 ">
      <table class="table table-bordered c-table">
        <tr>
          <td class="c-table-default middle">l’atmosphère</td>
          <td class="c-table-default middle">la nourriture</td>
        </tr>
        <tr>
          <td class=" middle">
            <DragTarget id="g266" Width="200" CorrectValue="une absence totale de vie" />
          </td>
          <td class=" middle">
            <DragTarget id="g269" CorrectValue="on grignote des salades tex-mex" />
            <DragTarget id="g270" CorrectValue="on ne boit pas d’alcool pour rester interactif" />
          </td>
        </tr>
      </table>
      <table class="table table-bordered c-table">
        <tr>
          <td class="c-table-default middle">l’accueil</td>
          <td class="c-table-default middle">les clients</td>
        </tr>
        <tr>
          <td class=" middle">
            <DragTarget id="g455" Width="200" CorrectValue="sympathique dans le style Club Med" />
          </td>
          <td class=" middle">
            <DragTarget id="g458" CorrectValue="des hommes qui se concernent sur l’ordinateur" />
            <DragTarget id="g459" CorrectValue="ils ne parlent pas" />
          </td>
        </tr>
      </table>
    </div>
  </div>
  <info title="Les cybercafés" instrTitle="Lisez le texte concernant les cybercafés et complétez le tableau ci-dessous." instrs="FILLING_IN_FROM_A_LIST" />
</Page>