﻿<?xml version="1.0" encoding="utf-8"?>
<Page id="hufex2_l03_d07">
  <p>
    <a href="http://www.langmaster.cz/comcz/French2/l03/d/hufex2_l03_d07.htm">/French2/l03/d/hufex2_l03_d07.htm</a>
    <br />
    <a href="http://www.langmaster.cz/comcz/French2/l03/d/home.htm">
                            cvičení 7</a>
  </p>
  <div class="row">
    <div class="col-md-2 ">
      <img src="/schools/eaimgmp3/french2/img/coursebook/lesson03/page30/1329h0110.jpg" />
    </div>
    <div class="col-md-10 ">
      <table class="table table-bordered c-table">
        <tr>
          <td>
            Vous avez <GapFill id="g156" Width="200" CorrectValue="lu" InitValue="bu" /> le journal ce matin?
          </td>
        </tr>
        <tr>
          <td>
            Il a eu beaucoup de chance, il a fait <GapFill id="g205" Width="200" CorrectValue="fortune" InitValue="faillite" /> aux USA.
          </td>
        </tr>
        <tr>
          <td>
            Internet, c’est un bon remède contre la <GapFill id="g254" Width="200" CorrectValue="solitude" InitValue="solution" />.
          </td>
        </tr>
        <tr>
          <td>
            Instituteur, c’est une <GapFill id="g303" Width="200" CorrectValue="profession" InitValue="publication" /> intéressante.
          </td>
        </tr>
        <tr>
          <td>
            Vous lisez un <GapFill id="g352" Width="200" CorrectValue="magazine" InitValue="magasin" /> de temps en temps?
          </td>
        </tr>
        <tr>
          <td>
            Il est en train de <GapFill id="g401" Width="200" CorrectValue="réparer" InitValue="préparer" /> la voiture qui est en panne.
          </td>
        </tr>
        <tr>
          <td>
            Il n’a pas eu de <GapFill id="g450" Width="200" CorrectValue="chance" InitValue="vacances" />: sa femme l’a quitté.
          </td>
        </tr>
      </table>
    </div>
  </div>
  <info title="Cherchez l’erreur" instrTitle="Dans les phrases suivantes il y a des erreurs. Corrigez-les." instrs="CORRECTION" />
</Page>