﻿<?xml version="1.0" encoding="utf-8"?>
<Page id="hufex1_l06_c01">
  <p>
    <a href="http://www.langmaster.cz/comcz/French1/l06/c/hufex1_l06_c01.htm">/French1/l06/c/hufex1_l06_c01.htm</a>
    <br />
    <a href="http://www.langmaster.cz/comcz/French1/l06/c/home.htm">
                            cvičení 1</a>
  </p>
  <div class="row">
    <div class="col-md-2 ">
      <img src="/schools/eaimgmp3/french1/img/coursebook/lesson06/page50/olympus32045.jpg" />
    </div>
    <div class="col-md-10 ">
      <table class="table table-bordered c-table">
        <tr>
          <td class="c-table-default middle">Il est …</td>
          <td class="c-table-default middle">Elle est …</td>
        </tr>
        <tr>
          <td class=" middle">
              photographe<br />
              journaliste<br />
              architecte<br /><GapFill id="g207" Width="200" CorrectValue="secrétaire" InitValue="" /><br />
              dentiste
            </td>
          <td class=" middle">
              photographe<br />
              journaliste<br /><GapFill id="g209" Width="200" CorrectValue="architecte" InitValue="" /><br />
              secrétaire<br /><GapFill id="g210" Width="200" CorrectValue="dentiste" InitValue="" /></td>
        </tr>
        <tr>
          <td class=" middle">
              musicien<br />
              informaticien<br /><GapFill id="g213" Width="200" CorrectValue="technicien" InitValue="" /></td>
          <td class=" middle">
              musicienne<br /><GapFill id="g215" Width="200" CorrectValue="informaticienne" InitValue="" /><br />
              technicienne
            </td>
        </tr>
        <tr>
          <td class=" middle">
              coiffeur<br />
              danseur<br /><GapFill id="g218" Width="200" CorrectValue="vendeur" InitValue="" /></td>
          <td class=" middle">
              coiffeuse<br /><GapFill id="g220" Width="200" CorrectValue="danseuse" InitValue="" /><br />
              vendeuse
            </td>
        </tr>
        <tr>
          <td class=" middle">
              enseignant<br />
              employé<br />
              étudiant<br /><GapFill id="g223" Width="200" CorrectValue="avocat" InitValue="" /></td>
          <td class=" middle">
              enseignante<br />
              employée<br /><GapFill id="g225" Width="200" CorrectValue="étudiante" InitValue="" /><br />
              avocate
            </td>
        </tr>
        <tr>
          <td class=" middle">cuisinier<br />
            boulanger<br />
            ouvrier</td>
          <td class=" middle">
              cuisinière<br />
              boulangère<br /><GapFill id="g229" Width="200" CorrectValue="ouvrière" InitValue="" /></td>
        </tr>
        <tr>
          <td class=" middle">
              acteur<br />
              directeur<br /><GapFill id="g232" Width="200" CorrectValue="illustrateur" InitValue="" /></td>
          <td class=" middle">
              actrice<br /><GapFill id="g234" Width="200" CorrectValue="directrice" InitValue="" /><br />
              illustratrice
            </td>
        </tr>
        <tr>
          <td class=" middle">chauffeur de taxi<br />
            professeur<br />
            ingénieur<br />
            médecin</td>
          <td class=" middle">chauffeur de taxi<br />
            professeur<br />
            ingénieur<br />
            médecin</td>
        </tr>
      </table>
    </div>
  </div>
  <div class="row">
    <div class="col-md-3 ">
      <img src="/schools/eaimgmp3/french1/img/vocabulary/lesson06/page50/1728h0012.jpg" />
    </div>
    <div class="col-md-9 ">
      <div class="panel panel-info">
        <div class="panel-heading">
          <h3>Attention!</h3>
        </div>
        <div class="panel-body">
          <p>
            <b>
              {{Ttrans}}
            </b>
          </p>
          <p>
            {{Ttrans1}}
              
            {{Ttrans2}}
          </p>
        </div>
      </div>
    </div>
  </div>
  <info title="Lui, il est dentiste et elle, elle est ..." instrTitle="{{Ahtmltitle}}" instrs="FILLING_IN" />
</Page>