﻿<?xml version="1.0" encoding="utf-8"?>
<Page id="hufex1_l06_c04">
  <p>
    <a href="http://www.langmaster.cz/comcz/French1/l06/c/hufex1_l06_c04.htm">/French1/l06/c/hufex1_l06_c04.htm</a>
    <br />
    <a href="http://www.langmaster.cz/comcz/French1/l06/c/home.htm">
                            cvičení 4</a>
  </p>
  <DragSource />
  <div class="row">
    <div class="col-md-2 ">
      <img src="/schools/eaimgmp3/french1/img/homestudy/lesson06/page123/1315h0037.jpg" />
    </div>
    <div class="col-md-2 ">
      <img src="/schools/eaimgmp3/french1/img/homestudy/lesson06/page123/1757h0064.jpg" />
    </div>
    <div class="col-md-2 ">
      <img src="/schools/eaimgmp3/french1/img/homestudy/lesson06/page123/1495h0050.jpg" />
    </div>
  </div>
  <div>
    <table class="table table-bordered c-table">
      <tr>
        <td class=" middle">
            «Et voilà cinq croissants pour Mme Chaban!»<br /><DragTarget id="g334" CorrectValue="boulanger" /></td>
      </tr>
      <tr>
        <td class=" middle">
            «Prenez le livre de géographie à la page 42!»<br /><DragTarget id="g432" CorrectValue="enseignant" /></td>
      </tr>
      <tr>
        <td class=" middle">
            «Vous désirez une bière pression ou une bière en bouteille?»<br /><DragTarget id="g530" CorrectValue="serveur" /></td>
      </tr>
      <tr>
        <td class=" middle">
            «Prenez de la vitamine C le matin et faites des inhalations.»<br /><DragTarget id="g628" CorrectValue="médecin" /></td>
      </tr>
      <tr>
        <td class=" middle">
            «Monsieur Lecomte, vous arrivez tous les matins en retard. Ce n’est pas normal!»<br /><DragTarget id="g726" CorrectValue="directeur" /></td>
      </tr>
      <tr>
        <td class=" middle">
            «Nous sommes sur le boulevard Saint-Michel. A droite, vous avez la Sorbonne, le musée de Cluny...»<br /><DragTarget id="g824" CorrectValue="guide" /></td>
      </tr>
      <tr>
        <td class=" middle">
            «Monsieur le Ministre, est-ce que je peux vous poser encore une question?»<br /><DragTarget id="g922" CorrectValue="journaliste" /></td>
      </tr>
      <tr>
        <td class=" middle">
            «Vous allez où, Madame?»<br /><DragTarget id="g1020" CorrectValue="chauffeur de taxi" /></td>
      </tr>
      <tr>
        <td class=" middle">
            «Henri, vous faites la sauce béchamel. Moi, je finis la quiche lorraine.»<br /><DragTarget id="g1118" CorrectValue="cuisinier" /></td>
      </tr>
      <tr>
        <td class=" middle">
            «Vous voulez une télécarte à combien d’unités?»<br /><DragTarget id="g1216" CorrectValue="employé à la Poste" /></td>
      </tr>
    </table>
  </div>
  <info title="Qui dit quoi?" instrTitle="{{Ahtmltitle}}" instrs="FILLING_IN_FROM_A_LIST" />
</Page>