﻿<?xml version="1.0" encoding="utf-8"?>
<Module title="Chapitre C">
   <Ex id="hufex1_l06_c01"
       title="Lui, il est dentiste et elle, elle est ..."
       instr="{{Ahtmltitle}}"
       tech_instr="FILLING_IN">
      <p>
         <a target="_blank"
            href="http://www.langmaster.cz/comcz/French1/l06/c/hufex1_l06_c01.htm">/French1/l06/c/hufex1_l06_c01.htm</a>
         <br/>
         <a target="_blank"
            href="http://www.langmaster.cz/comcz/French1/l06/c/home.htm">
                            cvičení 1</a>
      </p>
      <div class="row">
         <div class="col-md-2 ">
            <img src="/schools/eaimgmp3/french1/img/coursebook/lesson06/page50/olympus32045.jpg"/>
         </div>
         <div class="col-md-10 ">
            <table class="table table-bordered c-table">
               <tr>
                  <td class="c-table-default middle">Il est …</td>
                  <td class="c-table-default middle">Elle est …</td>
               </tr>
               <tr>
                  <td class=" middle">
              photographe<br/>
              journaliste<br/>
              architecte<br/>
                     <GapFill id="g207" CorrectValue="secrétaire" Width="200"/>
                     <br/>
              dentiste
            </td>
                  <td class=" middle">
              photographe<br/>
              journaliste<br/>
                     <GapFill id="g209" CorrectValue="architecte" Width="200"/>
                     <br/>
              secrétaire<br/>
                     <GapFill id="g210" CorrectValue="dentiste" Width="200"/>
                  </td>
               </tr>
               <tr>
                  <td class=" middle">
              musicien<br/>
              informaticien<br/>
                     <GapFill id="g213" CorrectValue="technicien" Width="200"/>
                  </td>
                  <td class=" middle">
              musicienne<br/>
                     <GapFill id="g215" CorrectValue="informaticienne" Width="200"/>
                     <br/>
              technicienne
            </td>
               </tr>
               <tr>
                  <td class=" middle">
              coiffeur<br/>
              danseur<br/>
                     <GapFill id="g218" CorrectValue="vendeur" Width="200"/>
                  </td>
                  <td class=" middle">
              coiffeuse<br/>
                     <GapFill id="g220" CorrectValue="danseuse" Width="200"/>
                     <br/>
              vendeuse
            </td>
               </tr>
               <tr>
                  <td class=" middle">
              enseignant<br/>
              employé<br/>
              étudiant<br/>
                     <GapFill id="g223" CorrectValue="avocat" Width="200"/>
                  </td>
                  <td class=" middle">
              enseignante<br/>
              employée<br/>
                     <GapFill id="g225" CorrectValue="étudiante" Width="200"/>
                     <br/>
              avocate
            </td>
               </tr>
               <tr>
                  <td class=" middle">cuisinier<br/>
            boulanger<br/>
            ouvrier</td>
                  <td class=" middle">
              cuisinière<br/>
              boulangère<br/>
                     <GapFill id="g229" CorrectValue="ouvrière" Width="200"/>
                  </td>
               </tr>
               <tr>
                  <td class=" middle">
              acteur<br/>
              directeur<br/>
                     <GapFill id="g232" CorrectValue="illustrateur" Width="200"/>
                  </td>
                  <td class=" middle">
              actrice<br/>
                     <GapFill id="g234" CorrectValue="directrice" Width="200"/>
                     <br/>
              illustratrice
            </td>
               </tr>
               <tr>
                  <td class=" middle">chauffeur de taxi<br/>
            professeur<br/>
            ingénieur<br/>
            médecin</td>
                  <td class=" middle">chauffeur de taxi<br/>
            professeur<br/>
            ingénieur<br/>
            médecin</td>
               </tr>
            </table>
         </div>
      </div>
      <div class="row">
         <div class="col-md-3 ">
            <img src="/schools/eaimgmp3/french1/img/vocabulary/lesson06/page50/1728h0012.jpg"/>
         </div>
         <div class="col-md-9 ">
            <div class="panel panel-info">
               <div class="panel-heading">
                  <h3>Attention!</h3>
               </div>
               <div class="panel-body">
                  <p>
                     <b>
              {{Ttrans}}
            </b>
                  </p>
                  <p>
            {{Ttrans1}}
              
            {{Ttrans2}}
          </p>
               </div>
            </div>
         </div>
      </div>
   </Ex>
   <Ex id="hufex1_l06_c02"
       title="Qu’est-ce qu’ils font dans la vie?"
       instr="{{Ahtmltitle}}"
       tech_instr="FILLING_IN_FROM_A_LIST SOUND_PLAYBACK">
      <p>
         <a target="_blank"
            href="http://www.langmaster.cz/comcz/French1/l06/c/hufex1_l06_c02.htm">/French1/l06/c/hufex1_l06_c02.htm</a>
         <br/>
         <a target="_blank"
            href="http://www.langmaster.cz/comcz/French1/l06/c/home.htm">
                            cvičení 2</a>
      </p>
      <DragSource/>
      <div class="row">
         <div class="col-md-1 ">
            <MediaBigMark Url="/schools/eaimgmp3/french1wma/lesson06/hufex1_l06_c02.mp3"
                          Sequence=""/>
         </div>
         <div class="col-md-11 ">
            <table class="table c-table">
               <tr>
                  <td class=" middle">
                     <img src="/schools/eaimgmp3/french1/img/coursebook/lesson06/page50/1842h0037.jpg"/>
                  </td>
                  <td class=" middle">
                     <img src="/schools/eaimgmp3/french1/img/coursebook/lesson06/page50/24950703a02.jpg"/>
                  </td>
                  <td class=" middle">
                     <img src="/schools/eaimgmp3/french1/img/coursebook/lesson06/page50/0309h0090.jpg"/>
                  </td>
               </tr>
               <tr>
                  <td class=" middle">
                     <DragTarget id="g341" CorrectValue="2." Width="200"/>
                     <DragTarget id="g342" CorrectValue="informaticien"/>
                  </td>
                  <td class=" middle">
                     <DragTarget id="g344" CorrectValue="4." Width="200"/>
                     <DragTarget id="g345" CorrectValue="musicienne"/>
                  </td>
                  <td class=" middle">
                     <DragTarget id="g361" CorrectValue="3." Width="200"/>
                     <DragTarget id="g362" CorrectValue="photographe"/>
                  </td>
               </tr>
               <tr>
                  <td class=" middle">
                     <img src="/schools/eaimgmp3/french1/img/coursebook/lesson06/page50/1818h0005.jpg"/>
                  </td>
                  <td class=" middle">
                     <img src="/schools/eaimgmp3/french1/img/coursebook/lesson06/page50/1504h0005.jpg"/>
                  </td>
                  <td class=" middle">
                     <img src="/schools/eaimgmp3/french1/img/coursebook/lesson06/page50/1409h0055.jpg"/>
                  </td>
               </tr>
               <tr>
                  <td class=" middle">
                     <DragTarget id="g364" CorrectValue="5." Width="200"/>
                     <DragTarget id="g365" CorrectValue="dentiste"/>
                  </td>
                  <td class=" middle">
                     <DragTarget id="g381" CorrectValue="1." Width="200"/>
                     <DragTarget id="g382" CorrectValue="coiffeur"/>
                  </td>
                  <td class=" middle">
                     <DragTarget id="g384" CorrectValue="cuisinier"/>
                  </td>
               </tr>
            </table>
         </div>
      </div>
   </Ex>
   <Ex id="hufex1_l06_c03"
       title="Pourquoi font-ils du yoga?"
       instr="{{Ahtmltitle}}"
       tech_instr="FILLING_IN SOUND_PLAYBACK">
      <p>
         <a target="_blank"
            href="http://www.langmaster.cz/comcz/French1/l06/c/hufex1_l06_c03.htm">/French1/l06/c/hufex1_l06_c03.htm</a>
         <br/>
         <a target="_blank"
            href="http://www.langmaster.cz/comcz/French1/l06/c/home.htm">
                            cvičení 3</a>
      </p>
      <div class="row">
         <div class="col-md-4 ">
            <img src="/schools/eaimgmp3/french1/img/coursebook/lesson06/page50/lupe.gif"/>
         </div>
         <div class="col-md-8 ">
            <MediaBigMark Url="/schools/eaimgmp3/french1wma/lesson06/hufex1_l06_c03.mp3"
                          Sequence=""/>
            <br/>
            <div>
               <table class="table table-bordered c-table">
                  <tr>
                     <td class=" middle">
                Assia:<br/>
                        <GapFill id="g201"
                                 CorrectValue="parce qu’elle a des problèmes de concentration"
                                 Width="200"/>
                     </td>
                  </tr>
                  <tr>
                     <td class=" middle">
                Mamadou:<br/>
                        <GapFill id="g299" CorrectValue="pour se détendre" Width="200"/>
                     </td>
                  </tr>
                  <tr>
                     <td class=" middle">
                Matthieu:<br/>
                        <GapFill id="g397" CorrectValue="pour retrouver l’équilibre" Width="200"/>
                     </td>
                  </tr>
                  <tr>
                     <td class=" middle">
                Florence:<br/>
                        <GapFill id="g495" CorrectValue="pour rencontrer des gens" Width="200"/>
                     </td>
                  </tr>
                  <tr>
                     <td class=" middle">
                Gilles:<br/>
                        <GapFill id="g593" CorrectValue="pour rester en forme" Width="200"/>
                     </td>
                  </tr>
               </table>
            </div>
         </div>
      </div>
   </Ex>
   <Ex id="hufex1_l06_c04"
       title="Qui dit quoi?"
       instr="{{Ahtmltitle}}"
       tech_instr="FILLING_IN_FROM_A_LIST">
      <p>
         <a target="_blank"
            href="http://www.langmaster.cz/comcz/French1/l06/c/hufex1_l06_c04.htm">/French1/l06/c/hufex1_l06_c04.htm</a>
         <br/>
         <a target="_blank"
            href="http://www.langmaster.cz/comcz/French1/l06/c/home.htm">
                            cvičení 4</a>
      </p>
      <DragSource/>
      <div class="row">
         <div class="col-md-2 ">
            <img src="/schools/eaimgmp3/french1/img/homestudy/lesson06/page123/1315h0037.jpg"/>
         </div>
         <div class="col-md-2 ">
            <img src="/schools/eaimgmp3/french1/img/homestudy/lesson06/page123/1757h0064.jpg"/>
         </div>
         <div class="col-md-2 ">
            <img src="/schools/eaimgmp3/french1/img/homestudy/lesson06/page123/1495h0050.jpg"/>
         </div>
      </div>
      <div>
         <table class="table table-bordered c-table">
            <tr>
               <td class=" middle">
            «Et voilà cinq croissants pour Mme Chaban!»<br/>
                  <DragTarget id="g334" CorrectValue="boulanger"/>
               </td>
            </tr>
            <tr>
               <td class=" middle">
            «Prenez le livre de géographie à la page 42!»<br/>
                  <DragTarget id="g432" CorrectValue="enseignant"/>
               </td>
            </tr>
            <tr>
               <td class=" middle">
            «Vous désirez une bière pression ou une bière en bouteille?»<br/>
                  <DragTarget id="g530" CorrectValue="serveur"/>
               </td>
            </tr>
            <tr>
               <td class=" middle">
            «Prenez de la vitamine C le matin et faites des inhalations.»<br/>
                  <DragTarget id="g628" CorrectValue="médecin"/>
               </td>
            </tr>
            <tr>
               <td class=" middle">
            «Monsieur Lecomte, vous arrivez tous les matins en retard. Ce n’est pas normal!»<br/>
                  <DragTarget id="g726" CorrectValue="directeur"/>
               </td>
            </tr>
            <tr>
               <td class=" middle">
            «Nous sommes sur le boulevard Saint-Michel. A droite, vous avez la Sorbonne, le musée de Cluny...»<br/>
                  <DragTarget id="g824" CorrectValue="guide"/>
               </td>
            </tr>
            <tr>
               <td class=" middle">
            «Monsieur le Ministre, est-ce que je peux vous poser encore une question?»<br/>
                  <DragTarget id="g922" CorrectValue="journaliste"/>
               </td>
            </tr>
            <tr>
               <td class=" middle">
            «Vous allez où, Madame?»<br/>
                  <DragTarget id="g1020" CorrectValue="chauffeur de taxi"/>
               </td>
            </tr>
            <tr>
               <td class=" middle">
            «Henri, vous faites la sauce béchamel. Moi, je finis la quiche lorraine.»<br/>
                  <DragTarget id="g1118" CorrectValue="cuisinier"/>
               </td>
            </tr>
            <tr>
               <td class=" middle">
            «Vous voulez une télécarte à combien d’unités?»<br/>
                  <DragTarget id="g1216" CorrectValue="employé à la Poste"/>
               </td>
            </tr>
         </table>
      </div>
   </Ex>
   <Ex id="hufex1_l06_c05"
       title="Les sons"
       instr="{{Ahtmltitle}}"
       tech_instr="MULTIPLE_CHOICE_TWO_STATES SOUND_PLAYBACK">
      <p>
         <a target="_blank"
            href="http://www.langmaster.cz/comcz/French1/l06/c/hufex1_l06_c05.htm">/French1/l06/c/hufex1_l06_c05.htm</a>
         <br/>
         <a target="_blank"
            href="http://www.langmaster.cz/comcz/French1/l06/c/home.htm">
                            cvičení 5</a>
      </p>
      <div class="row">
         <div class="col-md-3 ">
            <img src="/schools/eaimgmp3/french1/img/coursebook/lesson06/page51/8bonbon.gif"/>
         </div>
         <div class="col-md-9 ">
            <MediaText id="snd0"
                       Url="/schools/eaimgmp3/french1wma/lesson06/hufex1_l06_c05.mp3"
                       Sequence="0"/>
            <MediaText id="snd1" Sequence="1" ContinueOf="snd0"/>
            <br/>
            <MediaText id="snd2" Sequence="2" ContinueOf="snd1"/>
            <MediaText id="snd3" Sequence="3" ContinueOf="snd2"/>
            <br/>
            <MediaText id="snd4" Sequence="4" ContinueOf="snd3"/>
            <MediaText id="snd5" Sequence="5" ContinueOf="snd4"/>
            <br/>
            <MediaText id="snd6" Sequence="6" ContinueOf="snd5"/>
            <MediaText id="snd7" Sequence="7" ContinueOf="snd6"/>
            <br/>
            <MediaText id="snd8" Sequence="8" ContinueOf="snd7"/>
            <MediaText id="snd9" Sequence="9" ContinueOf="snd8"/>
            <br/>
            <MediaText id="snd10" Sequence="10" ContinueOf="snd9"/>
            <MediaText id="snd11" Sequence="11" ContinueOf="snd10"/>
            <br/>
            <MediaText id="snd12" Sequence="12" ContinueOf="snd11"/>
            <MediaText id="snd13" Sequence="13" ContinueOf="snd12"/>
            <br/>
            <MediaText id="snd14" Sequence="14" ContinueOf="snd13"/>
            <MediaText id="snd15" Sequence="15" ContinueOf="snd14"/>
            <br/>
            <MediaText id="snd16" Sequence="16" ContinueOf="snd15"/>
            <MediaText id="snd17" Sequence="17" ContinueOf="snd16"/>
            <br/>
            <MediaText id="snd18" Sequence="18" ContinueOf="snd17"/>
            <MediaText id="snd19" Sequence="19" ContinueOf="snd18"/>
         </div>
      </div>
      <div>
         <table class="table table-bordered c-table">
            <tr>
               <td class="c-table-default middle">
             
            </td>
               <td class="c-table-default middle">1</td>
               <td class="c-table-default middle">2</td>
               <td class="c-table-default middle">3</td>
               <td class="c-table-default middle">4</td>
               <td class="c-table-default middle">5</td>
               <td class="c-table-default middle">6</td>
               <td class="c-table-default middle">7</td>
               <td class="c-table-default middle">8</td>
               <td class="c-table-default middle">9</td>
               <td class="c-table-default middle">10</td>
            </tr>
            <tr>
               <td class=" middle">[ã]</td>
               <td class=" middle">
                  <CheckItem id="o591" TextId="TrueFalse" CorrectValue="false"/>
               </td>
               <td class=" middle">
                  <CheckItem id="o641" TextId="TrueFalse" CorrectValue="true"/>
               </td>
               <td class=" middle">
                  <CheckItem id="o691" TextId="TrueFalse" CorrectValue="true"/>
               </td>
               <td class=" middle">
                  <CheckItem id="o741" TextId="TrueFalse" CorrectValue="false"/>
               </td>
               <td class=" middle">
                  <CheckItem id="o791" TextId="TrueFalse" CorrectValue="true"/>
               </td>
               <td class=" middle">
                  <CheckItem id="o841" TextId="TrueFalse" CorrectValue="true"/>
               </td>
               <td class=" middle">
                  <CheckItem id="o891" TextId="TrueFalse" CorrectValue="false"/>
               </td>
               <td class=" middle">
                  <CheckItem id="o941" TextId="TrueFalse" CorrectValue="false"/>
               </td>
               <td class=" middle">
                  <CheckItem id="o991" TextId="TrueFalse" CorrectValue="true"/>
               </td>
               <td class=" middle">
                  <CheckItem id="o1041" TextId="TrueFalse" CorrectValue="true"/>
               </td>
            </tr>
            <tr>
               <td class=" middle">[õ]</td>
               <td class=" middle">
                  <CheckItem id="o1136" TextId="TrueFalse" CorrectValue="true"/>
               </td>
               <td class=" middle">
                  <CheckItem id="o1186" TextId="TrueFalse" CorrectValue="false"/>
               </td>
               <td class=" middle">
                  <CheckItem id="o1236" TextId="TrueFalse" CorrectValue="false"/>
               </td>
               <td class=" middle">
                  <CheckItem id="o1286" TextId="TrueFalse" CorrectValue="true"/>
               </td>
               <td class=" middle">
                  <CheckItem id="o1336" TextId="TrueFalse" CorrectValue="false"/>
               </td>
               <td class=" middle">
                  <CheckItem id="o1386" TextId="TrueFalse" CorrectValue="true"/>
               </td>
               <td class=" middle">
                  <CheckItem id="o1436" TextId="TrueFalse" CorrectValue="true"/>
               </td>
               <td class=" middle">
                  <CheckItem id="o1486" TextId="TrueFalse" CorrectValue="true"/>
               </td>
               <td class=" middle">
                  <CheckItem id="o1536" TextId="TrueFalse" CorrectValue="false"/>
               </td>
               <td class=" middle">
                  <CheckItem id="o1586" TextId="TrueFalse" CorrectValue="true"/>
               </td>
            </tr>
         </table>
      </div>
   </Ex>
   <Ex id="hufex1_l06_c06"
       title="Le son [ã]"
       instr="{{Ahtmltitle}}"
       tech_instr="TEXT_SECTION_SELECTING_ONE_OR_MORE_CORRECT_ANSWERS SOUND_PLAYBACK">
      <p>
         <a target="_blank"
            href="http://www.langmaster.cz/comcz/French1/l06/c/hufex1_l06_c06.htm">/French1/l06/c/hufex1_l06_c06.htm</a>
         <br/>
         <a target="_blank"
            href="http://www.langmaster.cz/comcz/French1/l06/c/home.htm">
                            cvičení 6</a>
      </p>
      <div>
         <table class="table table-bordered c-table">
            <tr>
               <td class=" middle">
                  <MediaText id="snd0"
                             Url="/schools/eaimgmp3/french1wma/lesson06/hufex1_l06_c06a.mp3"
                             Sequence="0"/>
                  <MediaText id="snd1" Sequence="1" ContinueOf="snd0">
                     <SndSent ReplacePtr="1">
                        <CheckItem id="o124" TextId="TrueFalse" CorrectValue="false"> Ar</CheckItem>
                        <CheckItem id="o125" TextId="TrueFalse" CorrectValue="true">mand</CheckItem>
                        <CheckItem id="o126" TextId="TrueFalse" CorrectValue="false"> est</CheckItem>
                        <CheckItem id="o127" TextId="TrueFalse" CorrectValue="true"> en</CheckItem>
                        <CheckItem id="o128" TextId="TrueFalse" CorrectValue="false">sei</CheckItem>
                        <CheckItem id="o129" TextId="TrueFalse" CorrectValue="true">gnant</CheckItem>
                        <CheckItem id="o130" TextId="TrueFalse" CorrectValue="true"> en</CheckItem>
                        <CheckItem id="o131" TextId="TrueFalse" CorrectValue="false"> Pro</CheckItem>
                        <CheckItem id="o132" TextId="TrueFalse" CorrectValue="true">vence.</CheckItem>
                     </SndSent>
                  </MediaText>
               </td>
            </tr>
            <tr>
               <td class=" middle">
                  <MediaText id="snd2" Sequence="2" ContinueOf="snd1"/>
                  <MediaText id="snd3" Sequence="3" ContinueOf="snd2">
                     <SndSent ReplacePtr="3">
                        <CheckItem id="o145" TextId="TrueFalse" CorrectValue="false"> Le</CheckItem>
                        <CheckItem id="o146" TextId="TrueFalse" CorrectValue="true"> cham</CheckItem>
                        <CheckItem id="o147" TextId="TrueFalse" CorrectValue="false">pagne</CheckItem>
                        <CheckItem id="o148" TextId="TrueFalse" CorrectValue="false"> et</CheckItem>
                        <CheckItem id="o149" TextId="TrueFalse" CorrectValue="false"> le</CheckItem>
                        <CheckItem id="o150" TextId="TrueFalse" CorrectValue="false"> ca</CheckItem>
                        <CheckItem id="o151" TextId="TrueFalse" CorrectValue="true">mem</CheckItem>
                        <CheckItem id="o152" TextId="TrueFalse" CorrectValue="false"> bert?</CheckItem>
                     </SndSent>
                  </MediaText>
                  <MediaText id="snd4" Sequence="4" ContinueOf="snd3">
                     <SndSent ReplacePtr="4">
                        <CheckItem id="o165" TextId="TrueFalse" CorrectValue="false"> Ça</CheckItem>
                        <CheckItem id="o166" TextId="TrueFalse" CorrectValue="false"> ne</CheckItem>
                        <CheckItem id="o167" TextId="TrueFalse" CorrectValue="false"> va</CheckItem>
                        <CheckItem id="o168" TextId="TrueFalse" CorrectValue="false"> pas</CheckItem>
                        <CheckItem id="o169" TextId="TrueFalse" CorrectValue="true"> en</CheckItem>
                        <CheckItem id="o170" TextId="TrueFalse" CorrectValue="true">sem</CheckItem>
                        <CheckItem id="o171" TextId="TrueFalse" CorrectValue="false">ble!</CheckItem>
                     </SndSent>
                  </MediaText>
               </td>
            </tr>
            <tr>
               <td class=" middle">
                  <MediaText id="snd5" Sequence="5" ContinueOf="snd4"/>
                  <MediaText id="snd6" Sequence="6" ContinueOf="snd5">
                     <SndSent ReplacePtr="6">
                        <CheckItem id="o184" TextId="TrueFalse" CorrectValue="false"> Les</CheckItem>
                        <CheckItem id="o185" TextId="TrueFalse" CorrectValue="false"> cli</CheckItem>
                        <CheckItem id="o186" TextId="TrueFalse" CorrectValue="true">ents</CheckItem>
                        <CheckItem id="o187" TextId="TrueFalse" CorrectValue="false"> at</CheckItem>
                        <CheckItem id="o188" TextId="TrueFalse" CorrectValue="true">ten</CheckItem>
                        <CheckItem id="o189" TextId="TrueFalse" CorrectValue="false">dent</CheckItem>
                        <CheckItem id="o190" TextId="TrueFalse" CorrectValue="false"> de</CheckItem>
                        <CheckItem id="o191" TextId="TrueFalse" CorrectValue="true">vant</CheckItem>
                        <CheckItem id="o192" TextId="TrueFalse" CorrectValue="false"> la</CheckItem>
                        <CheckItem id="o193" TextId="TrueFalse" CorrectValue="true"> banque.</CheckItem>
                     </SndSent>
                  </MediaText>
               </td>
            </tr>
         </table>
      </div>
      <div class="row">
         <div class="col-md-4 ">
            <img src="/schools/eaimgmp3/french1/img/coursebook/lesson06/page51/0357h0004.jpg"/>
         </div>
         <div class="col-md-8 ">
            <table class="table c-table">
               <tr>
                  <td class=" middle">
                     <img src="/schools/eaimgmp3/french1/img/general/mann_schreiber_frei.gif"/>
                  </td>
                  <td class=" middle">[ã]</td>
                  <td class=" middle">-an-: devant, banque-en-: client, Provence</td>
               </tr>
               <tr>
                  <td class=" middle"/>
                  <td class=" middle">devant p et b:</td>
                  <td class=" middle">-am-: champagne-em-: camembert, ensemble</td>
               </tr>
               <tr>
                  <td class=" middle">
                     <b>Attention!</b> attend ent<img src="/schools/eaimgmp3/french1/img/general/fisch.gif"/>
                  </td>
                  <td class=" middle"/>
                  <td class=" middle"/>
               </tr>
            </table>
         </div>
      </div>
   </Ex>
   <Ex id="hufex1_l06_c07"
       title="Le son [õ]"
       instr="{{Ahtmltitle}}"
       tech_instr="TEXT_SECTION_SELECTING_ONE_OR_MORE_CORRECT_ANSWERS SOUND_PLAYBACK">
      <p>
         <a target="_blank"
            href="http://www.langmaster.cz/comcz/French1/l06/c/hufex1_l06_c07.htm">/French1/l06/c/hufex1_l06_c07.htm</a>
         <br/>
         <a target="_blank"
            href="http://www.langmaster.cz/comcz/French1/l06/c/home.htm">
                            cvičení 7</a>
      </p>
      <div>
         <table class="table table-bordered c-table">
            <tr>
               <td class=" middle">
                  <MediaText id="snd0"
                             Url="/schools/eaimgmp3/french1wma/lesson06/hufex1_l06_c06b.mp3"
                             Sequence="0"/>
                  <MediaText id="snd1" Sequence="1" ContinueOf="snd0">
                     <SndSent ReplacePtr="1">
                        <CheckItem id="o124" TextId="TrueFalse" CorrectValue="false"> Si</CheckItem>
                        <CheckItem id="o125" TextId="TrueFalse" CorrectValue="true">mon</CheckItem>
                        <CheckItem id="o126" TextId="TrueFalse" CorrectValue="false"> ne</CheckItem>
                        <CheckItem id="o127" TextId="TrueFalse" CorrectValue="true"> com</CheckItem>
                        <CheckItem id="o128" TextId="TrueFalse" CorrectValue="false">prend</CheckItem>
                        <CheckItem id="o129" TextId="TrueFalse" CorrectValue="false"> pas</CheckItem>
                        <CheckItem id="o130" TextId="TrueFalse" CorrectValue="false"> le</CheckItem>
                        <CheckItem id="o131" TextId="TrueFalse" CorrectValue="false"> bre</CheckItem>
                        <CheckItem id="o132" TextId="TrueFalse" CorrectValue="true">ton.</CheckItem>
                     </SndSent>
                  </MediaText>
               </td>
            </tr>
            <tr>
               <td class=" middle">
                  <MediaText id="snd2" Sequence="2" ContinueOf="snd1"/>
                  <MediaText id="snd3" Sequence="3" ContinueOf="snd2">
                     <SndSent ReplacePtr="3">
                        <CheckItem id="o145" TextId="TrueFalse" CorrectValue="false"> Par</CheckItem>
                        <CheckItem id="o146" TextId="TrueFalse" CorrectValue="true">don,</CheckItem>
                        <CheckItem id="o147" TextId="TrueFalse" CorrectValue="false"> Mon</CheckItem>
                        <CheckItem id="o148" TextId="TrueFalse" CorrectValue="false">sieur,</CheckItem>
                     </SndSent>
                  </MediaText>
                  <MediaText id="snd4" Sequence="4" ContinueOf="snd3">
                     <SndSent ReplacePtr="4">
                        <CheckItem id="o149" TextId="TrueFalse" CorrectValue="false"> où</CheckItem>
                        <CheckItem id="o150" TextId="TrueFalse" CorrectValue="false"> se</CheckItem>
                        <CheckItem id="o151" TextId="TrueFalse" CorrectValue="false"> trouve</CheckItem>
                        <CheckItem id="o152" TextId="TrueFalse" CorrectValue="false"> le</CheckItem>
                        <CheckItem id="o153" TextId="TrueFalse" CorrectValue="true"> pont</CheckItem>
                        <CheckItem id="o154" TextId="TrueFalse" CorrectValue="false"> d’A</CheckItem>
                        <CheckItem id="o155" TextId="TrueFalse" CorrectValue="false">vi</CheckItem>
                        <CheckItem id="o156" TextId="TrueFalse" CorrectValue="true">gnon?</CheckItem>
                     </SndSent>
                  </MediaText>
               </td>
            </tr>
            <tr>
               <td class=" middle">
                  <MediaText id="snd5" Sequence="5" ContinueOf="snd4"/>
                  <MediaText id="snd6" Sequence="6" ContinueOf="snd5">
                     <SndSent ReplacePtr="6">
                        <CheckItem id="o169" TextId="TrueFalse" CorrectValue="true"> Com</CheckItem>
                        <CheckItem id="o170" TextId="TrueFalse" CorrectValue="false">bien</CheckItem>
                        <CheckItem id="o171" TextId="TrueFalse" CorrectValue="false"> coût</CheckItem>
                        <CheckItem id="o172" TextId="TrueFalse" CorrectValue="false">ent</CheckItem>
                        <CheckItem id="o173" TextId="TrueFalse" CorrectValue="false"> les</CheckItem>
                        <CheckItem id="o174" TextId="TrueFalse" CorrectValue="false"> poiv</CheckItem>
                        <CheckItem id="o175" TextId="TrueFalse" CorrectValue="true">rons?</CheckItem>
                     </SndSent>
                  </MediaText>
               </td>
            </tr>
         </table>
      </div>
      <div class="row">
         <div class="col-md-3 ">
            <img src="/schools/eaimgmp3/french1/img/coursebook/lesson06/page51/c792h0087.jpg"/>
         </div>
         <div class="col-md-9 ">
            <table class="table c-table">
               <tr>
                  <td class=" middle">
                     <img src="/schools/eaimgmp3/french1/img/general/mann_schreiber_frei.gif"/>
                  </td>
                  <td class=" middle">[õ]</td>
                  <td class=" middle">-on-: Simon, pont</td>
               </tr>
               <tr>
                  <td class=" middle"/>
                  <td class=" middle">devant p et b:</td>
                  <td class=" middle">-om-: combien, comprend</td>
               </tr>
               <tr>
                  <td class=" middle">
                     <b>Attention!</b> monsieur = [m«sjø]
            </td>
                  <td class=" middle"/>
                  <td class=" middle"/>
               </tr>
            </table>
         </div>
      </div>
   </Ex>
   <Ex id="hufex1_l06_c08"
       title="Divertissement"
       instr="{{Ahtmltitle}}"
       tech_instr="SOUND_PLAYBACK">
      <p>
         <a target="_blank"
            href="http://www.langmaster.cz/comcz/French1/l06/c/hufex1_l06_c08.htm">/French1/l06/c/hufex1_l06_c08.htm</a>
         <br/>
         <a target="_blank"
            href="http://www.langmaster.cz/comcz/French1/l06/c/home.htm">
                            cvičení 8</a>
      </p>
      <div class="row">
         <div class="col-md-6 ">
            <img src="/schools/eaimgmp3/french1/img/coursebook/lesson06/page52/burgbrucke.gif"/>
         </div>
         <div class="col-md-6 ">
            <MediaText id="snd0"
                       Url="/schools/eaimgmp3/french1wma/lesson06/hufex1_l06_c08.mp3"
                       Sequence="0"/>
            <br/>
            <MediaText id="snd1" Sequence="1" ContinueOf="snd0"/>
            <br/>
            <MediaText id="snd2" Sequence="2" ContinueOf="snd1"/>
            <br/>
            <MediaText id="snd3" Sequence="3" ContinueOf="snd2"/>
            <br/>
            <MediaText id="snd4" Sequence="4" ContinueOf="snd3"/>
            <br/>
            <MediaText id="snd5" Sequence="5" ContinueOf="snd4"/>
            <br/>
            <MediaText id="snd6" Sequence="6" ContinueOf="snd5"/>
            <br/>
            <MediaText id="snd7" Sequence="7" ContinueOf="snd6"/>
            <br/>
            <MediaText id="snd8" Sequence="8" ContinueOf="snd7"/>
            <MediaText id="snd9" Sequence="9" ContinueOf="snd8"/>
            <br/>
            <MediaText id="snd10" Sequence="10" ContinueOf="snd9"/>
            <br/>
            <MediaText id="snd11" Sequence="11" ContinueOf="snd10"/>
         </div>
      </div>
   </Ex>
   <Ex id="hufex1_l06_c09"
       title="Vous avez compris?"
       instr="{{Ahtmltitle}}"
       tech_instr="FILLING_IN SOUND_PLAYBACK">
      <p>
         <a target="_blank"
            href="http://www.langmaster.cz/comcz/French1/l06/c/hufex1_l06_c09.htm">/French1/l06/c/hufex1_l06_c09.htm</a>
         <br/>
         <a target="_blank"
            href="http://www.langmaster.cz/comcz/French1/l06/c/home.htm">
                            cvičení 9</a>
      </p>
      <div class="row">
         <div class="col-md-3 ">
            <img src="/schools/eaimgmp3/french1/img/homestudy/lesson06/page124/16_fisch.gif"/>
         </div>
         <div class="col-md-9 ">
            <table class="table table-bordered c-table">
               <tr>
                  <td class=" middle">
                     <MediaText id="snd0"
                                Url="/schools/eaimgmp3/french1wma/lesson06/hufex1_l06_c09.mp3"
                                Sequence="0"/>
                     <MediaText id="snd1" Sequence="1" ContinueOf="snd0">
                        <SndSent ReplacePtr="1">
                  Ils <GapFill id="g161" CorrectValue="sont" Width="200"/> enseignants
                </SndSent>
                     </MediaText>
                     <MediaText id="snd2" Sequence="2" ContinueOf="snd1">
                        <SndSent ReplacePtr="2">
                  dans la <GapFill id="g162" CorrectValue="région" Width="200"/> de Bordeaux.
                </SndSent>
                     </MediaText>
                  </td>
               </tr>
               <tr>
                  <td class=" middle">
                     <MediaText id="snd3" Sequence="3" ContinueOf="snd2"/>
                     <MediaText id="snd4" Sequence="4" ContinueOf="snd3">
                        <SndSent ReplacePtr="4">
                           <GapFill id="g213" CorrectValue="Simon" Width="200"/> et Marion <GapFill id="g214" CorrectValue="ont" Width="200"/> deux enfants.
                </SndSent>
                     </MediaText>
                     <MediaText id="snd5" Sequence="5" ContinueOf="snd4">
                        <SndSent ReplacePtr="5">
                  Ils <GapFill id="g215" CorrectValue="ont" Width="200"/> des prénoms <GapFill id="g216" CorrectValue="bretons" Width="200"/>.
                </SndSent>
                     </MediaText>
                  </td>
               </tr>
               <tr>
                  <td class=" middle">
                     <MediaText id="snd6" Sequence="6" ContinueOf="snd5"/>
                     <MediaText id="snd7" Sequence="7" ContinueOf="snd6">
                        <SndSent ReplacePtr="7">
                  Ils <GapFill id="g267" CorrectValue="vont" Width="200"/> à <GapFill id="g268" CorrectValue="Lyon" Width="200"/> en avion.
                </SndSent>
                     </MediaText>
                  </td>
               </tr>
               <tr>
                  <td class=" middle">
                     <MediaText id="snd8" Sequence="8" ContinueOf="snd7"/>
                     <MediaText id="snd9" Sequence="9" ContinueOf="snd8">
                        <SndSent ReplacePtr="9">
                  Ils <GapFill id="g319" CorrectValue="font" Width="200"/> une promenade à Fontainebleau
                </SndSent>
                     </MediaText>
                     <MediaText id="snd10" Sequence="10" ContinueOf="snd9">
                        <SndSent ReplacePtr="10">
                  et cherchent des <GapFill id="g320" CorrectValue="champignons" Width="200"/>.
                </SndSent>
                     </MediaText>
                  </td>
               </tr>
               <tr>
                  <td class=" middle">
                     <MediaText id="snd11" Sequence="11" ContinueOf="snd10"/>
                     <MediaText id="snd12" Sequence="12" ContinueOf="snd11">
                        <SndSent ReplacePtr="12">
                           <GapFill id="g371" CorrectValue="Combien" Width="200"/> coûte le <GapFill id="g372" CorrectValue="thon" Width="200"/>?
                </SndSent>
                     </MediaText>
                  </td>
               </tr>
               <tr>
                  <td class=" middle">
                     <MediaText id="snd13" Sequence="13" ContinueOf="snd12"/>
                     <MediaText id="snd14" Sequence="14" ContinueOf="snd13">
                        <SndSent ReplacePtr="14">
                  Au <GapFill id="g423" CorrectValue="Gabon," Width="200"/> 
                </SndSent>
                     </MediaText>
                     <MediaText id="snd15" Sequence="15" ContinueOf="snd14">
                        <SndSent ReplacePtr="15">
                           <GapFill id="g424" CorrectValue="on" Width="200"/> parle français.
                </SndSent>
                     </MediaText>
                  </td>
               </tr>
               <tr>
                  <td class=" middle">
                     <MediaText id="snd16" Sequence="16" ContinueOf="snd15"/>
                     <MediaText id="snd17" Sequence="17" ContinueOf="snd16">
                        <SndSent ReplacePtr="17">
                  Vous <GapFill id="g475" CorrectValue="continuez" Width="200"/>
                        </SndSent>
                     </MediaText>
                     <MediaText id="snd18" Sequence="18" ContinueOf="snd17">
                        <SndSent ReplacePtr="18">
                  jusqu’au <GapFill id="g476" CorrectValue="pont" Width="200"/>.
                </SndSent>
                     </MediaText>
                  </td>
               </tr>
            </table>
         </div>
      </div>
   </Ex>
</Module>
