﻿<?xml version="1.0" encoding="utf-8"?>
<Page id="hufex1_l10_b05">
  <p>
    <a href="http://www.langmaster.cz/comcz/French1/l10/b/hufex1_l10_b05.htm">/French1/l10/b/hufex1_l10_b05.htm</a>
    <br />
    <a href="http://www.langmaster.cz/comcz/French1/l10/b/home.htm">
                            cvičení 5</a>
  </p>
  <div class="row">
    <div class="col-md-3 ">
      <img src="/schools/eaimgmp3/french1/img/homestudy/lesson10/page145/1694h0024.jpg" />
    </div>
    <div class="col-md-9 ">
      <div>
        <table class="table c-table">
          <tr>
            <td>
              <b>
                  {{Ttrans}}
                </b>
              <br />
                Marie, tu as fini tes devoirs? - Oui, <GapFill id="g199" Width="200" CorrectValue="je viens de les finir" InitValue="je viens de les finir" />.
              </td>
          </tr>
        </table>
      </div>
      <table class="table table-bordered c-table">
        <tr>
          <td class=" middle">
              Marie, tu as mis la table? - Oui, <GapFill id="g251" Width="200" CorrectValue="je viens de la mettre" InitValue="mettre" />.
            </td>
        </tr>
        <tr>
          <td class=" middle">
              Ton père n’est pas encore là? - Si, <GapFill id="g300" Width="200" CorrectValue="il vient d’arriver" InitValue="arriver" />.
            </td>
        </tr>
        <tr>
          <td class=" middle">
              Il est à toi, ce livre? - Oui, <GapFill id="g349" Width="200" CorrectValue="je viens de l’acheter" InitValue="acheter" />.
            </td>
        </tr>
        <tr>
          <td class=" middle">
              Vous avez fait les courses, ton frère et toi? - Oui, <GapFill id="g398" Width="200" CorrectValue="on vient de les faire|nous venons de les faire" InitValue="faire" />.
            </td>
        </tr>
        <tr>
          <td class=" middle">
              Où est le chat? - <GapFill id="g449" Width="200" CorrectValue="Il vient de sortir" InitValue="sortir" />.
            </td>
        </tr>
        <tr>
          <td class=" middle">
              Bruno, tu n’as pas encore rangé ta chambre? - Si, <GapFill id="g498" Width="200" CorrectValue="je viens de la ranger" InitValue="ranger" />.
            </td>
        </tr>
      </table>
    </div>
  </div>
  <div class="col-md-4">
    <div class="panel panel-info">
      <div class="panel-heading">
        <h3>Le passé récent</h3>
      </div>
      <div class="panel-body">
        <hr />
        <p>
          Ils <b>viennent d’avoir </b>un enfant.
        </p>
        <p>
          Passé récent: <b>venir de + infinitif</b></p>
      </div>
    </div>
  </div>
  <info title="Madame Bouleau" instrTitle="{{Ahtmltitle}}" instrs="CORRECTION" />
</Page>