﻿<?xml version="1.0" encoding="utf-8"?>
<Page id="hufex1_l10_b06">
  <p>
    <a href="http://www.langmaster.cz/comcz/French1/l10/b/hufex1_l10_b06.htm">/French1/l10/b/hufex1_l10_b06.htm</a>
    <br />
    <a href="http://www.langmaster.cz/comcz/French1/l10/b/home.htm">
                            cvičení 6</a>
  </p>
  <Possibilities Words="le lire|faire des courses|chercher du travail|faire des études|regarder les informations à la télé|déménager|téléphoner|acheter une voiture neuve|faire un voyage" />
  <div>
    <table class="table table-bordered c-table">
      <tr>
        <td class="c-table-default middle">
          <b>{{Tb}}</b>
        </td>
        <td class="c-table-default middle" />
        <td class="c-table-default middle" />
      </tr>
      <tr>
        <td class=" middle">
          <img src="/schools/eaimgmp3/french1/img/vocabulary/lesson10/page101/museum1.gif" />
        </td>
        <td class=" middle">
          <img src="/schools/eaimgmp3/french1/img/vocabulary/lesson10/page101/museum0.gif" />
        </td>
        <td class=" middle">
          <img src="/schools/eaimgmp3/french1/img/vocabulary/lesson10/page101/museum2.gif" />
        </td>
      </tr>
      <tr>
        <td class=" middle">il va visiter un musée</td>
        <td class=" middle">il visite un musée</td>
        <td class=" middle">il vient de visiter un musée</td>
      </tr>
    </table>
  </div>
  <div class="row">
    <div class="col-md-3 ">
      <img src="/schools/eaimgmp3/french1/img/homestudy/lesson10/page145/dscn0075.jpg" />
    </div>
    <div class="col-md-9 ">
      <div>
        <table class="table c-table">
          <tr>
            <td>
              <b>
                  {{Ttrans}}
                </b>
              <br />
                Il vient de dîner.<br /><GapFill id="g506" Width="200" CorrectValue="Il va regarder les informations à la télé." InitValue="Il va regarder les informations à la télé." /></td>
          </tr>
        </table>
      </div>
      <table class="table table-bordered c-table">
        <tr>
          <td class=" middle">
              Elle vient de passer son bac.<br /><GapFill id="g606" Width="200" CorrectValue="Elle va faire des études." InitValue="" /></td>
        </tr>
        <tr>
          <td class=" middle">
              Le directeur vient d’arriver.<br /><GapFill id="g704" Width="200" CorrectValue="Il va téléphoner." InitValue="" /></td>
        </tr>
        <tr>
          <td class=" middle">Ils viennent de rentrer de vacances.<br /><GapFill id="g802" Width="200" CorrectValue="Ils vont faire des courses." InitValue="" /></td>
        </tr>
        <tr>
          <td class=" middle">
              Il vient de faire un stage dans une entreprise.<br /><GapFill id="g900" Width="200" CorrectValue="Il va chercher du travail." InitValue="" /></td>
        </tr>
        <tr>
          <td class=" middle">
              Ils viennent de se marier.<br /><GapFill id="g998" Width="200" CorrectValue="Ils vont faire un voyage." InitValue="" /></td>
        </tr>
        <tr>
          <td class=" middle">
              Elle vient de recevoir un faire-part de naissance.<br /><GapFill id="g1096" Width="200" CorrectValue="Elle va le lire." InitValue="" /></td>
        </tr>
        <tr>
          <td class=" middle">
              Elle vient de trouver un appartement au centre-ville.<br /><GapFill id="g1194" Width="200" CorrectValue="Elle va déménager." InitValue="" /></td>
        </tr>
        <tr>
          <td class=" middle">
              Il vient de gagner au loto.<br /><GapFill id="g1292" Width="200" CorrectValue="Il va acheter une voiture neuve." InitValue="" /></td>
        </tr>
      </table>
    </div>
  </div>
  <info title="Projets d’avenir" instrTitle="{{Ahtmltitle}}" instrs="FILLING_IN" />
</Page>