﻿<?xml version="1.0" encoding="utf-8"?>
<Module title="Chapitre B">
   <Ex id="hufex1_l10_b01"
       title="Recrutement"
       instr="{{Ahtmltitle}}"
       tech_instr="SINGLE_CHOICE">
      <p>
         <a target="_blank"
            href="http://www.langmaster.cz/comcz/French1/l10/b/hufex1_l10_b01.htm">/French1/l10/b/hufex1_l10_b01.htm</a>
         <br/>
         <a target="_blank"
            href="http://www.langmaster.cz/comcz/French1/l10/b/home.htm">
                            cvičení 1</a>
      </p>
      <div>
         <img src="/schools/eaimgmp3/french1/img/coursebook/lesson10/page84/inzerat.gif"/>
      </div>
      <div>
         <img src="/schools/eaimgmp3/french1/img/coursebook/lesson10/page84/dopis.gif"/>
      </div>
      <div class="row">
         <div class="col-md-2 ">
            <img src="/schools/eaimgmp3/french1/img/coursebook/lesson10/page84/1495h0039.jpg"/>
         </div>
         <div class="col-md-10 ">
            <table class="table table-bordered c-table">
               <tr>
                  <td>
                     <div class="panel panel-default c-panel" Width="400-800">
                        <div class="panel-heading">1.</div>
                        <div class="panel-body">
                           <SingleChoice id="t212">
                              <Data>
                                 <string>Cette lettre est une offre d’emploi.</string>
                                 <string>Cette lettre est une réponse négative.</string>
                                 <string>#Cette lettre est une réponse positive.</string>
                              </Data>
                           </SingleChoice>
                        </div>
                     </div>
                  </td>
               </tr>
               <tr>
                  <td>
                     <div class="panel panel-default c-panel" Width="400-800">
                        <div class="panel-heading">2.</div>
                        <div class="panel-body">
                           <SingleChoice id="t402">
                              <Data>
                                 <string>Benoît doit envoyer une autre lettre à M. Coursault.</string>
                                 <string>#Benoît doit téléphoner à M. Coursault.</string>
                                 <string>Benoît doit rencontrer M. Coursault à Paris.</string>
                              </Data>
                           </SingleChoice>
                        </div>
                     </div>
                  </td>
               </tr>
               <tr>
                  <td>
                     <div class="panel panel-default c-panel" Width="400-800">
                        <div class="panel-heading">3.</div>
                        <div class="panel-body">
                           <SingleChoice id="t592">
                              <Data>
                                 <string>Benoît a rendez-vous avec M. Coursault cette semaine.</string>
                                 <string>#Benoît a rendez-vous avec M. Coursault la semaine prochaine.</string>
                                 <string>Benoît a rendez-vous avec M. Coursault dans un mois.</string>
                              </Data>
                           </SingleChoice>
                        </div>
                     </div>
                  </td>
               </tr>
            </table>
         </div>
      </div>
   </Ex>
   <Ex id="hufex1_l10_b02"
       title="Une lettre de Strasbourg"
       instr="{{Ahtmltitle}}"
       tech_instr="SOUND_PLAYBACK">
      <p>
         <a target="_blank"
            href="http://www.langmaster.cz/comcz/French1/l10/b/hufex1_l10_b02.htm">/French1/l10/b/hufex1_l10_b02.htm</a>
         <br/>
         <a target="_blank"
            href="http://www.langmaster.cz/comcz/French1/l10/b/home.htm">
                            cvičení 2</a>
      </p>
      <div>
         <img src="/schools/eaimgmp3/french1/img/coursebook/lesson10/page85/3_vizitky.gif"/>
      </div>
      <div class="row">
         <div class="col-md-12 ">
            <MediaDialog Url="/schools/eaimgmp3/french1wma/lesson10/hufex1_l10_b02.mp3" id="E65">
               <SndReplica Name="A" Sequence="0-1"/>
               <SndReplica Name="B" Sequence="2"/>
               <SndReplica Name="A" Sequence="3-4"/>
               <SndReplica Name="B" Sequence="5-7"/>
               <SndReplica Name="A" Sequence="8-12"/>
               <SndReplica Name="B" Sequence="13-17"/>
               <SndReplica Name="A" Sequence="18-22"/>
               <SndReplica Name="B" Sequence="23-24"/>
            </MediaDialog>
         </div>
      </div>
      <div class="col-md-6">
         <div class="panel panel-info">
            <div class="panel-heading">
               <h3>Attention!</h3>
            </div>
            <div class="panel-body">
               <p>
          {{Ttrans}}
        </p>
            </div>
         </div>
      </div>
   </Ex>
   <Ex id="hufex1_l10_b03"
       title="Le futur proche"
       instr="{{Ahtmltitle}}"
       tech_instr="TEXT_SECTION_SELECTING_ONE_OR_MORE_CORRECT_ANSWERS">
      <p>
         <a target="_blank"
            href="http://www.langmaster.cz/comcz/French1/l10/b/hufex1_l10_b03.htm">/French1/l10/b/hufex1_l10_b03.htm</a>
         <br/>
         <a target="_blank"
            href="http://www.langmaster.cz/comcz/French1/l10/b/home.htm">
                            cvičení 3</a>
      </p>
      <div class="row">
         <div class="col-md-3 ">
            <img src="/schools/eaimgmp3/french1/img/coursebook/lesson10/page86/86_1.gif"/>
         </div>
         <div class="col-md-9 ">
            <div>
          Mlle Catherine Durand<br/>130, rue Lafayette<br/>63000 Clermont-Ferrand<br/>
               <br/>Paris, le 20/9/00
        </div>
            <br/>
            <div>Chère Catherine,<br/>
               <br/>
            Nous TODO POZOR, více správných hodnot, ruční předělávka ysearch<WordSelection id="o204"
                              Words="#allons|#partir|a|trouvé|eux,|#vont|#changer|ne|sont|pas|#allons|#visiter|#vais|#t’envoyer"/> à Strasbourg la semaine prochaine. Benoît   du travail là-bas. Les enfants,   d’école, mais ils   trop tristes. Nous   un appartement et une maison. Je   mon nouveau n° de téléphone.
          <br/>
               <br/>
               <CheckItem id="t219" TextId="TrueFalse" CorrectValue="false">va</CheckItem>
               <br/>
               <WordSelection id="o236" Words="Grosses|bises"/>
               <br/>
               <br/>Petra</div>
         </div>
      </div>
   </Ex>
   <Ex id="hufex1_l10_b04"
       title="Qu’est-ce qu’ils vont faire?"
       instr="{{Ahtmltitle}}"
       tech_instr="CORRECTION">
      <p>
         <a target="_blank"
            href="http://www.langmaster.cz/comcz/French1/l10/b/hufex1_l10_b04.htm">/French1/l10/b/hufex1_l10_b04.htm</a>
         <br/>
         <a target="_blank"
            href="http://www.langmaster.cz/comcz/French1/l10/b/home.htm">
                            cvičení 4</a>
      </p>
      <div>
         <img src="/schools/eaimgmp3/french1/img/coursebook/lesson10/page87/1853h0009.jpg"/>
      </div>
      <div>
         <div>
            <table class="table c-table">
               <tr>
                  <td>
                     <b>{{Ttrans}}</b>
                     <br/>
              Benoît a téléphoné à Monsieur Coursault.<br/>
                     <GapFill id="g199"
                              CorrectValue="le rencontrer la semaine prochaine/Il va le rencontrer la semaine prochaine."
                              InitValue="le rencontrer la semaine prochaine/Il va le rencontrer la semaine prochaine."
                              Example="true"
                              Width="200"/>
                  </td>
               </tr>
            </table>
         </div>
         <table class="table table-bordered c-table">
            <tr>
               <td class=" middle">
            Benoît a reçu une réponse de SG2.<br/>
                  <GapFill id="g251"
                           CorrectValue="Il va passer un entretien."
                           InitValue="passer un entretien"
                           Width="200"/>
               </td>
            </tr>
            <tr>
               <td class=" middle">
            Nous avons faim.<br/>
                  <GapFill id="g300"
                           CorrectValue="Nous allons manger au restaurant."
                           InitValue="manger au restaurant"
                           Width="200"/>
               </td>
            </tr>
            <tr>
               <td class=" middle">
            Les Baudry ont vendu leur maison.<br/>
                  <GapFill id="g349"
                           CorrectValue="Ils vont chercher un appartement."
                           InitValue="chercher un appartement"
                           Width="200"/>
               </td>
            </tr>
            <tr>
               <td class=" middle">
            Anne et Guy ont rendez-vous devant le musée Picasso.<br/>
                  <GapFill id="g398"
                           CorrectValue="Ils vont le visiter."
                           InitValue="le visiter"
                           Width="200"/>
               </td>
            </tr>
            <tr>
               <td class=" middle">
            Julie Maugain a pris son billet d’avion.<br/>
                  <GapFill id="g447"
                           CorrectValue="Elle va partir aux Antilles."
                           InitValue="partir aux Antilles"
                           Width="200"/>
               </td>
            </tr>
            <tr>
               <td class=" middle">
            Sa voiture est en panne.<br/>
                  <GapFill id="g496"
                           CorrectValue="Il va prendre le métro.|Elle va prendre le métro."
                           InitValue="prendre le métro"
                           Width="200"/>
               </td>
            </tr>
         </table>
      </div>
   </Ex>
   <Ex id="hufex1_l10_b05"
       title="Madame Bouleau"
       instr="{{Ahtmltitle}}"
       tech_instr="CORRECTION">
      <p>
         <a target="_blank"
            href="http://www.langmaster.cz/comcz/French1/l10/b/hufex1_l10_b05.htm">/French1/l10/b/hufex1_l10_b05.htm</a>
         <br/>
         <a target="_blank"
            href="http://www.langmaster.cz/comcz/French1/l10/b/home.htm">
                            cvičení 5</a>
      </p>
      <div class="row">
         <div class="col-md-3 ">
            <img src="/schools/eaimgmp3/french1/img/homestudy/lesson10/page145/1694h0024.jpg"/>
         </div>
         <div class="col-md-9 ">
            <div>
               <table class="table c-table">
                  <tr>
                     <td>
                        <b>
                  {{Ttrans}}
                </b>
                        <br/>
                Marie, tu as fini tes devoirs? - Oui, <GapFill id="g199"
                                 CorrectValue="je viens de les finir"
                                 InitValue="je viens de les finir"
                                 Example="true"
                                 Width="200"/>.
              </td>
                  </tr>
               </table>
            </div>
            <table class="table table-bordered c-table">
               <tr>
                  <td class=" middle">
              Marie, tu as mis la table? - Oui, <GapFill id="g251"
                              CorrectValue="je viens de la mettre"
                              InitValue="mettre"
                              Width="200"/>.
            </td>
               </tr>
               <tr>
                  <td class=" middle">
              Ton père n’est pas encore là? - Si, <GapFill id="g300"
                              CorrectValue="il vient d’arriver"
                              InitValue="arriver"
                              Width="200"/>.
            </td>
               </tr>
               <tr>
                  <td class=" middle">
              Il est à toi, ce livre? - Oui, <GapFill id="g349"
                              CorrectValue="je viens de l’acheter"
                              InitValue="acheter"
                              Width="200"/>.
            </td>
               </tr>
               <tr>
                  <td class=" middle">
              Vous avez fait les courses, ton frère et toi? - Oui, <GapFill id="g398"
                              CorrectValue="on vient de les faire|nous venons de les faire"
                              InitValue="faire"
                              Width="200"/>.
            </td>
               </tr>
               <tr>
                  <td class=" middle">
              Où est le chat? - <GapFill id="g449"
                              CorrectValue="Il vient de sortir"
                              InitValue="sortir"
                              Width="200"/>.
            </td>
               </tr>
               <tr>
                  <td class=" middle">
              Bruno, tu n’as pas encore rangé ta chambre? - Si, <GapFill id="g498"
                              CorrectValue="je viens de la ranger"
                              InitValue="ranger"
                              Width="200"/>.
            </td>
               </tr>
            </table>
         </div>
      </div>
      <div class="col-md-4">
         <div class="panel panel-info">
            <div class="panel-heading">
               <h3>Le passé récent</h3>
            </div>
            <div class="panel-body">
               <hr/>
               <p>
          Ils <b>viennent d’avoir </b>un enfant.
        </p>
               <p>
          Passé récent: <b>venir de + infinitif</b>
               </p>
            </div>
         </div>
      </div>
   </Ex>
   <Ex id="hufex1_l10_b06"
       title="Projets d’avenir"
       instr="{{Ahtmltitle}}"
       tech_instr="FILLING_IN">
      <p>
         <a target="_blank"
            href="http://www.langmaster.cz/comcz/French1/l10/b/hufex1_l10_b06.htm">/French1/l10/b/hufex1_l10_b06.htm</a>
         <br/>
         <a target="_blank"
            href="http://www.langmaster.cz/comcz/French1/l10/b/home.htm">
                            cvičení 6</a>
      </p>
      <Possibilities Words="déménager|le lire|acheter une voiture neuve|faire des courses|faire un voyage|regarder les informations à la télé|chercher du travail|téléphoner|faire des études"/>
      <div>
         <table class="table table-bordered c-table">
            <tr>
               <td class="c-table-default middle">
                  <b>{{Tb}}</b>
               </td>
               <td class="c-table-default middle"/>
               <td class="c-table-default middle"/>
            </tr>
            <tr>
               <td class=" middle">
                  <img src="/schools/eaimgmp3/french1/img/vocabulary/lesson10/page101/museum1.gif"/>
               </td>
               <td class=" middle">
                  <img src="/schools/eaimgmp3/french1/img/vocabulary/lesson10/page101/museum0.gif"/>
               </td>
               <td class=" middle">
                  <img src="/schools/eaimgmp3/french1/img/vocabulary/lesson10/page101/museum2.gif"/>
               </td>
            </tr>
            <tr>
               <td class=" middle">il va visiter un musée</td>
               <td class=" middle">il visite un musée</td>
               <td class=" middle">il vient de visiter un musée</td>
            </tr>
         </table>
      </div>
      <div class="row">
         <div class="col-md-3 ">
            <img src="/schools/eaimgmp3/french1/img/homestudy/lesson10/page145/dscn0075.jpg"/>
         </div>
         <div class="col-md-9 ">
            <div>
               <table class="table c-table">
                  <tr>
                     <td>
                        <b>
                  {{Ttrans}}
                </b>
                        <br/>
                Il vient de dîner.<br/>
                        <GapFill id="g506"
                                 CorrectValue="Il va regarder les informations à la télé."
                                 InitValue="Il va regarder les informations à la télé."
                                 Example="true"
                                 Width="200"/>
                     </td>
                  </tr>
               </table>
            </div>
            <table class="table table-bordered c-table">
               <tr>
                  <td class=" middle">
              Elle vient de passer son bac.<br/>
                     <GapFill id="g606" CorrectValue="Elle va faire des études." Width="200"/>
                  </td>
               </tr>
               <tr>
                  <td class=" middle">
              Le directeur vient d’arriver.<br/>
                     <GapFill id="g704" CorrectValue="Il va téléphoner." Width="200"/>
                  </td>
               </tr>
               <tr>
                  <td class=" middle">Ils viennent de rentrer de vacances.<br/>
                     <GapFill id="g802" CorrectValue="Ils vont faire des courses." Width="200"/>
                  </td>
               </tr>
               <tr>
                  <td class=" middle">
              Il vient de faire un stage dans une entreprise.<br/>
                     <GapFill id="g900" CorrectValue="Il va chercher du travail." Width="200"/>
                  </td>
               </tr>
               <tr>
                  <td class=" middle">
              Ils viennent de se marier.<br/>
                     <GapFill id="g998" CorrectValue="Ils vont faire un voyage." Width="200"/>
                  </td>
               </tr>
               <tr>
                  <td class=" middle">
              Elle vient de recevoir un faire-part de naissance.<br/>
                     <GapFill id="g1096" CorrectValue="Elle va le lire." Width="200"/>
                  </td>
               </tr>
               <tr>
                  <td class=" middle">
              Elle vient de trouver un appartement au centre-ville.<br/>
                     <GapFill id="g1194" CorrectValue="Elle va déménager." Width="200"/>
                  </td>
               </tr>
               <tr>
                  <td class=" middle">
              Il vient de gagner au loto.<br/>
                     <GapFill id="g1292"
                              CorrectValue="Il va acheter une voiture neuve."
                              Width="200"/>
                  </td>
               </tr>
            </table>
         </div>
      </div>
   </Ex>
   <Ex id="hufex1_l10_b07"
       title="Situations"
       instr="{{Ahtmltitle}}"
       tech_instr="FILLING_IN SOUND_PLAYBACK">
      <p>
         <a target="_blank"
            href="http://www.langmaster.cz/comcz/French1/l10/b/hufex1_l10_b07.htm">/French1/l10/b/hufex1_l10_b07.htm</a>
         <br/>
         <a target="_blank"
            href="http://www.langmaster.cz/comcz/French1/l10/b/home.htm">
                            cvičení 7</a>
      </p>
      <div class="row">
         <div class="col-md-4 ">
            <img src="/schools/eaimgmp3/french1/img/coursebook/lesson10/page87/87_1.gif"/>
         </div>
         <div class="col-md-4 ">
            <img src="/schools/eaimgmp3/french1/img/coursebook/lesson10/page87/87_2.gif"/>
         </div>
      </div>
      <div class="row">
         <div class="col-md-1 ">
            <MediaBigMark Url="/schools/eaimgmp3/french1wma/lesson10/hufex1_l10_b07.mp3"
                          Sequence=""/>
         </div>
         <div class="col-md-11 ">
            <table class="table table-bordered c-table">
               <tr>
                  <td class=" middle">
              Désolée, <GapFill id="g298" CorrectValue="il vient de partir" Width="200"/>.
            </td>
               </tr>
               <tr>
                  <td class=" middle">
              Et maintenant, <GapFill id="g347"
                              CorrectValue="vous allez entendre une chanson de Patricia Kaas"
                              Width="200"/>.
            </td>
               </tr>
               <tr>
                  <td class=" middle">
              Ce week-end, il <GapFill id="g396" CorrectValue="va faire très beau en Bretagne" Width="200"/>!
            </td>
               </tr>
               <tr>
                  <td class=" middle">
              Demain, vous <GapFill id="g445"
                              CorrectValue="allez rencontrer le grand amour"
                              Width="200"/>!
            </td>
               </tr>
            </table>
         </div>
      </div>
      <div class="row">
         <div class="col-md-3 ">
            <img src="/schools/eaimgmp3/french1/img/coursebook/lesson10/page87/87_3.gif"/>
         </div>
         <div class="col-md-3 ">
            <img src="/schools/eaimgmp3/french1/img/coursebook/lesson10/page87/87_4.gif"/>
         </div>
      </div>
   </Ex>
   <Ex id="hufex1_l10_b08"
       title="Patrick, Brigitte, Sophie et Didier"
       instr="{{Ahtmltitle}}"
       tech_instr="FILLING_IN SOUND_PLAYBACK">
      <p>
         <a target="_blank"
            href="http://www.langmaster.cz/comcz/French1/l10/b/hufex1_l10_b08.htm">/French1/l10/b/hufex1_l10_b08.htm</a>
         <br/>
         <a target="_blank"
            href="http://www.langmaster.cz/comcz/French1/l10/b/home.htm">
                            cvičení 8</a>
      </p>
      <Possibilities Words="commencer des études d’architecture|chercher du travail|se marier|travailler avec son père|aller en Amérique du Sud|faire un voyage avec Bertrand|faire du judo plus souvent"/>
      <div class="row">
         <div class="col-md-6 ">
            <div class="row">
               <div class="col-md-12 ">
                  <MediaBigMark Url="/schools/eaimgmp3/french1wma/lesson10/hufex1_l10_b08.mp3"
                                Sequence=""/>
               </div>
            </div>
            <div class="row">
               <div class="col-md-12 ">
                  <img src="/schools/eaimgmp3/french1/img/homestudy/lesson10/page146/1838h0024.jpg"/>
               </div>
            </div>
         </div>
         <div class="col-md-6 ">
            <table class="table table-bordered c-table">
               <tr>
                  <td class=" middle">
              Patrick:<br/>
                     <GapFill id="g261"
                              CorrectValue="Il va chercher du travail.|Il va se marier."
                              Width="200"/>
                     <br/>
                     <GapFill id="g314"
                              CorrectValue="Il va se marier.|Il va chercher du travail."
                              Width="200"/>
                  </td>
               </tr>
               <tr>
                  <td class=" middle">
              Brigitte:<br/>
                     <GapFill id="g422"
                              CorrectValue="Elle va commencer des études d’architecture.|Elle va travailler avec son père."
                              Width="200"/>
                     <br/>
                     <GapFill id="g475"
                              CorrectValue="Elle va travailler avec son père.|Elle va commencer des études d’architecture."
                              Width="200"/>
                  </td>
               </tr>
               <tr>
                  <td class=" middle">
              Sophie:<br/>
                     <GapFill id="g583"
                              CorrectValue="Elle va faire un voyage avec Bertrand.|Ils vont aller en Amérique du Sud.|Elle va aller en Amérique du Sud."
                              Width="200"/>
                     <br/>
                     <GapFill id="g641"
                              CorrectValue="Ils vont aller en Amérique du Sud.|Elle va faire un voyage avec Bertrand.|Elle va aller en Amérique du Sud."
                              Width="200"/>
                  </td>
               </tr>
               <tr>
                  <td class=" middle">
              Didier:<br/>
                     <GapFill id="g754"
                              CorrectValue="Il va faire du judo plus souvent."
                              Width="200"/>
                  </td>
               </tr>
            </table>
         </div>
      </div>
   </Ex>
</Module>
